Product_ID,Material_Name,Package_Size,CAS_Number,New CAS,Price_THB_total,Price_THB/g,Notes,Is_Dilution,Active_Material,Solvent,Active_%,Supplier,Product_URL
3971,Ethyl Anthranilate (FEMA,1 g,87-25-2,,528.25,528.2500,,,,,,MySkinRecipes,https://www.myskinrecipes.com/shop/th/ungrouped/3971-ethyl-anthranilatefema-2421.html
2905,Evernyl (Veramoss),1 g,4707-47-5,,83.37,83.3700,,,,,,MySkinRecipes,https://www.myskinrecipes.com/shop/th/yeast-moss-ยีส-มอสส์/2905-veramoss.html
2877,Ethylene Brassylate,1 g,105-95-3,,44.46,44.4600,,,,,,MySkinRecipes,https://www.myskinrecipes.com/shop/th/musk-มัสก์/2877-ethylene-brassylate.html
2841,Longifolene,1 g,475-20-7,,41.47,41.4700,,,,,,MySkinRecipes,https://www.myskinrecipes.com/shop/th/wood-ไม้-เปลือกไม้/2841-longifolene.html
2819,Ethyl Maltol,1 g,4940-11-8,,48.75,48.7500,,,,,,MySkinRecipes,https://www.myskinrecipes.com/shop/th/vanilla-วานิลลา/2819-ethyl-maltol-fema-3487.html
2806,p‑Cresyl Phenyl Acetate,1 g,101-94-0,,73.99,73.9900,,,,,,MySkinRecipes,https://www.myskinrecipes.com/shop/th/animal-สัตว์/2806-para-cresyl-phenyl-acetate-fema-3077.html
2805,Rum Ether,1 g,8030-89-5,,45.76,45.7600,,,,,,MySkinRecipes,https://www.myskinrecipes.com/shop/th/tar-ควัน/2805-rum-ether-pyroligneous-acids-ethyl-esters.html
2783,Para,1 g,100-06-1,,48.45,48.4500,,,,,,MySkinRecipes,https://www.myskinrecipes.com/shop/th/spice-เผ็ดร้อน/2783-para-acetanisole.html
2756,Ethyl Phenyl Acetate,1 g,101-97-3,,48.45,48.4500,,,,,,MySkinRecipes,https://www.myskinrecipes.com/shop/th/rose-กุหลาบ/2756-ethyl-phenyl-acetate.html
2739,Methyl Cinnamate (FEMA‑2698),1 g,103-26-4,,43.47,43.4700,,,,,,MySkinRecipes,https://www.myskinrecipes.com/shop/th/frankincense-กำยาน/2739-methyl-cinnamate-fema-2698.html
2730,Methyl Phenyl Acetate,1 g,101-41-7,,42.03,42.0300,,,,,,MySkinRecipes,https://www.myskinrecipes.com/shop/th/phenolic-ยา/2730-methyl-phenyl-acetate.html
2726,Amyl Salicylate,1 g,2050-08-0,,38.44,38.4400,,,,,,MySkinRecipes,https://www.myskinrecipes.com/shop/th/orchid-กล้วยไม้/2726-amyl-salicylate.html
2720,p‑Methyl Acetophenone,1 g,122-00-9,,44.66,44.6600,,,,,,MySkinRecipes,https://www.myskinrecipes.com/shop/th/narcotic-ยาเสพติด/2720-para-methyl-acetophenone.html
2705,Floral Pyranol,1 g,63500-71-0,,48.95,48.9500,,,,,,MySkinRecipes,https://www.myskinrecipes.com/shop/th/lily-of-the-valley/2705-floral-pyranol.html
2684,Dimethyl Benzyl Carbinol,1 g,,,48.45,48.4500,,,,,,MySkinRecipes,https://www.myskinrecipes.com/shop/th/linalool-ฟรีเซีย/2684-dimethyl-benzyl-carbinol.html
2676,Beta,1 g,,,48.45,48.4500,,,,,,MySkinRecipes,https://www.myskinrecipes.com/shop/th/konifer-ต้นสน/2676-beta-pinene-fema-2903.html
2663,Alpha,1 g,,,40.47,40.4700,,,,,,MySkinRecipes,https://www.myskinrecipes.com/shop/th/jasmine-มะลิ/2663-alpha-hexyl-cinnamaldehyde-fema-2569.html
2655,Alpha,1 g,,,69.40,69.4000,,,,,,MySkinRecipes,https://www.myskinrecipes.com/shop/th/iris-ไอริส/2655-alpha-ionone.html
2650,Gamma,1 g,,,100.92,100.9200,,,,,,MySkinRecipes,https://www.myskinrecipes.com/shop/th/herb-สมุนไพร/2650-gamma-valerolactone-fema-3103.html
2600,Styralyl Alcohol (FEMA‑2685),1 g,98-85-1,,44.36,44.3600,,,,,,MySkinRecipes,https://www.myskinrecipes.com/shop/th/green-พืช-ใบไม้เขียว/2600-styralyl-alcohol-fema-2685-.html
2550,Ethyl Lactate,1 g,97-64-3,,39.48,39.4800,,,,,,MySkinRecipes,https://www.myskinrecipes.com/shop/th/fruit-ผลไม้/2550-ethyl-lactate-fema-2440.html
2520,2‑Methyl Pyrazine,1 g,109-08-0,,69.40,69.4000,,,,,,MySkinRecipes,https://www.myskinrecipes.com/shop/th/edible-อาหาร/2520-2-methyl-pyrazine-fema-3309.html
2503,Gamma‑Octalactone,1 g,104-50-7,,47.36,47.3600,,,,,,MySkinRecipes,https://www.myskinrecipes.com/shop/th/dairy-นม-เนย/2503-gamma-octalactone-fema-2796.html
2482,Citronellal,1 g,106-23-0,,48.72,48.7200,,,,,,MySkinRecipes,https://www.myskinrecipes.com/shop/th/citrus-ส้ม-เปรี้ยว-สดชื่น/2482-citronellal.html
2468,Ethyl Salicylate,1 g,118-61-6,,52.44,52.4400,,,,,,MySkinRecipes,https://www.myskinrecipes.com/shop/th/ice-cold-เย็น/2468-ethyl-salicylate.html
2425,Anisyl Acetate (FEMA,1 g,104-21-2,,69.40,69.4000,,,,,,MySkinRecipes,https://www.myskinrecipes.com/shop/th/aldehyde-ไขมัน/2425-anisyl-acetate-fema-2098.html
33647,Isopropyl Myristate,1 g,110-27-0,,35.99,35.9900,,,,,,MySkinRecipes,https://www.myskinrecipes.com/shop/th/solvent/33647-isopropyl-myristate-fema-3556.html
5846,Virginia Tobacco Absolute,1 g,,,378.63,378.6300,,,,,,MySkinRecipes,https://www.myskinrecipes.com/shop/th/tar-ควัน/5846-virginia-tobacco-absolute.html
3894,Isobutyraldehyde,1 g,78-84-2,,35.00,35.0000,,,,,,MySkinRecipes,https://www.myskinrecipes.com/shop/th/ungrouped/3894-isobutyraldehydefema-2220.html
2906,Floralozone,1 g,67634-15-5,,59.43,59.4300,,,,,,MySkinRecipes,https://www.myskinrecipes.com/shop/th/yeast-moss-ยีส-มอสส์/2906-ozone-propanal-floralozone.html
2878,Cashmeran,1 g,33704-61-9,,127.76,127.7600,,,,,,MySkinRecipes,https://www.myskinrecipes.com/shop/th/musk-มัสก์/2878-musk-indanone-cashmeran.html
2842,Bacdanol (Sandalrome/Sandenol 208),1 g,28219-61-6,,63.22,63.2200,,,,,,MySkinRecipes,https://www.myskinrecipes.com/shop/th/wood-ไม้-เปลือกไม้/2842-sandalrome-bacdanol-sandenol-208.html
2820,Propenyl Guaiethol (Vaniatrope),1 g,94-86-0,,426.01,426.0100,,,,,,MySkinRecipes,https://www.myskinrecipes.com/shop/th/vanilla-วานิลลา/2820-propenyl-guaethol-vaniatrope.html
2807,Indole,1 g,120-72-9,,59.93,59.9300,,,,,,MySkinRecipes,https://www.myskinrecipes.com/shop/th/animal-สัตว์/2807-indole-fema-2593.html
2784,Eugenol (FEMA,1 g,97-53-0,,50.65,50.6500,,,,,,MySkinRecipes,https://www.myskinrecipes.com/shop/th/spice-เผ็ดร้อน/2784-eugenol-fema-2467.html
2757,Phenethyl Propionate (FEMA,1 g,122-70-3,,45.26,45.2600,,,,,,MySkinRecipes,https://www.myskinrecipes.com/shop/th/rose-กุหลาบ/2757-phenethyl-propionate-fema-2867.html
2740,Phenethyl Salicylate,1 g,87-22-9,,52.44,52.4400,,,,,,MySkinRecipes,https://www.myskinrecipes.com/shop/th/frankincense-กำยาน/2740-phenethyl-salicylate.html
2731,p‑Methyl Anisole,1 g,104-93-8,,52.44,52.4400,,,,,,MySkinRecipes,https://www.myskinrecipes.com/shop/th/phenolic-ยา/2731-para-methyl-anisole.html
2727,Butyl Salicylate,1 g,2052-14-4,,69.40,69.4000,,,,,,MySkinRecipes,https://www.myskinrecipes.com/shop/th/orchid-กล้วยไม้/2727-butyl-salicylate.html
2721,Gardenia Acetal (Floropal),1 g,5182-36-5,,78.38,78.3800,,,,,,MySkinRecipes,https://www.myskinrecipes.com/shop/th/narcotic-ยาเสพติด/2721-gardenia-acetal.html
2706,Cyclamen Aldehyde,1 g,103-95-7,,59.43,59.4300,,,,,,MySkinRecipes,https://www.myskinrecipes.com/shop/th/lily-of-the-valley/2706-cyclamen-aldehyde-fema-2743.html
2685,Linalool (FEMA,1 g,78-70-6,,49.45,49.4500,,,,,,MySkinRecipes,https://www.myskinrecipes.com/shop/th/linalool-ฟรีเซีย/2685-linalool-fema-2635.html
2677,Fenchol,1 g,,,54.64,54.6400,,,,,,MySkinRecipes,https://www.myskinrecipes.com/shop/th/konifer-ต้นสน/2677-fenchol-fenchyl-alcohol-fema-2480.html
2664,Cis,1 g,,,184.61,184.6100,,,,,,MySkinRecipes,https://www.myskinrecipes.com/shop/th/jasmine-มะลิ/2664-jasmone-cis-fema-3196.html
2651,Cyclabute,1 g,,,56.93,56.9300,,,,,,MySkinRecipes,https://www.myskinrecipes.com/shop/th/herb-สมุนไพร/2651-tricyclodecenyl-isobutyrate-cyclabute.html
2601,Hexyl Hexanoate (FEMA‑2572),1 g,6378-65-0,,46.16,46.1600,,,,,,MySkinRecipes,https://www.myskinrecipes.com/shop/th/green-พืช-ใบไม้เขียว/2601-hexyl-hexanoate-fema-2572.html
2551,Amyl Butyrate,1 g,540-18-1,,58.43,58.4300,,,,,,MySkinRecipes,https://www.myskinrecipes.com/shop/th/fruit-ผลไม้/2551-amyl-butyrate-fema-2059.html
2504,2‑Methyl Valeric Acid,1 g,97-61-0,,73.99,73.9900,,,,,,MySkinRecipes,https://www.myskinrecipes.com/shop/th/dairy-นม-เนย/2504-2-methyl-valeric-acid-fema-2754.html
2483,β‑Naphthyl Ethyl Ether,1 g,93-18-5,,44.66,44.6600,,,,,,MySkinRecipes,https://www.myskinrecipes.com/shop/th/citrus-ส้ม-เปรี้ยว-สดชื่น/2483-beta-naphthyl-ethyl-ether.html
2469,Isopulegol,1 g,89-79-2,,208.55,208.5500,,,,,,MySkinRecipes,https://www.myskinrecipes.com/shop/th/ice-cold-เย็น/2469-isopulegol.html
2426,"Nonanal, aldehyde C",6 g,124-19-6,,67.71,11.2850,,,,,,MySkinRecipes,https://www.myskinrecipes.com/shop/th/aldehyde-ไขมัน/2426-nonanal-aldehyde-c-9-fema-2782.html
33771,Tabanon,1 g,13215-88-8,,727.75,727.7500,,,,,,MySkinRecipes,https://www.myskinrecipes.com/shop/th/tar-ควัน/33771-eeez-tobacco-cyclohexenone-fema-4663.html
2907,Scentenal,1 g,86803-90-9,,136.65,136.6500,,,,,,MySkinRecipes,https://www.myskinrecipes.com/shop/th/yeast-moss-ยีส-มอสส์/2907-ocean-carboxaldehyde-scentenal.html
2843,Methyl Cedryl Ketone,1 g,32388-55-9,,50.65,50.6500,,,,,,MySkinRecipes,https://www.myskinrecipes.com/shop/th/wood-ไม้-เปลือกไม้/2843-methyl-cedryl-ketone.html
2821,Coumarin,1 g,91-64-5,,43.47,43.4700,,,,,,MySkinRecipes,https://www.myskinrecipes.com/shop/th/vanilla-วานิลลา/2821-coumarin.html
2808,Ambrox DL (Cetalox),1 g,3738-00-9,,776.13,776.1300,,,,,,MySkinRecipes,https://www.myskinrecipes.com/shop/th/animal-สัตว์/2808-amber-naphthofuran.html
2785,Isoeugenyl Acetate (FEMA,1 g,93-29-8,,110.80,110.8000,,,,,,MySkinRecipes,https://www.myskinrecipes.com/shop/th/spice-เผ็ดร้อน/2785-isoeugenyl-acetate-fema-2470.html
2758,9,1 g,13019-22-2,,95.34,95.3400,,,,,,MySkinRecipes,https://www.myskinrecipes.com/shop/th/rose-กุหลาบ/2758-9-decen-1-ol.html
2741,Bornyl Acetate (FEMA,1 g,76-49-3,,61.42,61.4200,,,,,,MySkinRecipes,https://www.myskinrecipes.com/shop/th/frankincense-กำยาน/2741-bornyl-acetate-fema-2159.html
2732,p‑Cresyl Acetate (FEMA‑3073),1 g,140-39-6,,52.44,52.4400,,,,,,MySkinRecipes,https://www.myskinrecipes.com/shop/th/phenolic-ยา/2732-para-cresyl-acetate-fema-3073.html
2728,Hexyl Salicylate,1 g,6259-76-3,,41.47,41.4700,,,,,,MySkinRecipes,https://www.myskinrecipes.com/shop/th/orchid-กล้วยไม้/2728-hexyl-salicylate.html
2722,Dimethyl Anthranilate,1 g,85-91-6,,106.49,106.4900,,,,,,MySkinRecipes,https://www.myskinrecipes.com/shop/th/narcotic-ยาเสพติด/2722-dimethyl-anthranilate.html
2707,Hydroxycitronellal,1 g,107-75-5,,52.74,52.7400,,,,,,MySkinRecipes,https://www.myskinrecipes.com/shop/th/lily-of-the-valley/2707-hydroxycitronellal-fema-2583.html
2686,Tetrahydro Linalool,1 g,78-69-3,,47.96,47.9600,,,,,,MySkinRecipes,https://www.myskinrecipes.com/shop/th/linalool-ฟรีเซีย/2686-tetrahydro-linalool-tetrahydro-muguol-citrus-ocimenol.html
2678,Terpinolene 60%,1 g,,,42.47,42.4700,,,,,,MySkinRecipes,https://www.myskinrecipes.com/shop/th/konifer-ต้นสน/2678-terpinolene-60-fema-3046.html
2665,Hedione,1 g,,,57.43,57.4300,,,,,,MySkinRecipes,https://www.myskinrecipes.com/shop/th/jasmine-มะลิ/2665-methyl-dihydrojasmonate-hedione.html
2657,Beta,1 g,,,64.91,64.9100,,,,,,MySkinRecipes,https://www.myskinrecipes.com/shop/th/iris-ไอริส/2657-beta-ionone-fema-2595.html
2652,Elintaal,1 g,,,304.77,304.7700,,,,,,MySkinRecipes,https://www.myskinrecipes.com/shop/th/herb-สมุนไพร/2652-acetaldehyde-ethyl-linalyl-acetal-elintaal.html
2602,Galbascone (Dynascone),1 g,56973-85-4,,487.45,487.4500,,,,,,MySkinRecipes,https://www.myskinrecipes.com/shop/th/green-พืช-ใบไม้เขียว/2602-galbascone-dynascone.html
2552,cis‑3‑Hexenyl Isobutyrate,1 g,41519-23-7,,279.18,279.1800,,,,,,MySkinRecipes,https://www.myskinrecipes.com/shop/th/fruit-ผลไม้/2552-cis-3-hexenyl-isobutyrate-fema-3929.html
2521,Nutty Quinoxaline,1 g,34413-35-9,,344.21,344.2100,,,,,,MySkinRecipes,https://www.myskinrecipes.com/shop/th/edible-อาหาร/2521-nutty-quinoxaline.html
2505,6‑Methyl Coumarin,1 g,92-48-8,,94.46,94.4600,,,,,,MySkinRecipes,https://www.myskinrecipes.com/shop/th/dairy-นม-เนย/2505-6-methyl-coumarin-fema-2699.html
2484,β‑Naphthyl Methyl Ether,1 g,93-04-9,,38.08,38.0800,,,,,,MySkinRecipes,https://www.myskinrecipes.com/shop/th/citrus-ส้ม-เปรี้ยว-สดชื่น/2484-beta-naphthyl-methyl-ether.html
2470,Camphor,1 g,76-22-2,,42.17,42.1700,,,,,,MySkinRecipes,https://www.myskinrecipes.com/shop/th/ice-cold-เย็น/2470-camphor.html
32346,Natural Propyl Propionate (FEMA,1 g,106-36-5,,129.25,129.2500,,,,,,MySkinRecipes,https://www.myskinrecipes.com/shop/th/ungrouped/32346-natural-propyl-propionate-fema-2958.html
2908,2‑Ethyl Fenchol (Terrasol),1 g,18368-91-7,,711.48,711.4800,,,,,,MySkinRecipes,https://www.myskinrecipes.com/shop/th/yeast-moss-ยีส-มอสส์/2908-2-ethyl-fenchol-terrasol.html
2844,Kephalis,1 g,36306-87-3,,107.31,107.3100,,,,,,MySkinRecipes,https://www.myskinrecipes.com/shop/th/wood-ไม้-เปลือกไม้/2844-woody-cyclohexanone-kephalis.html
2809,Isobutyl Quinoline,1 g,65442-31-1,,428.50,428.5000,,,,,,MySkinRecipes,https://www.myskinrecipes.com/shop/th/animal-สัตว์/2809-isobutyl-quinoline.html
2786,Eugenyl Acetate (FEMA,1 g,93-28-7,,109.30,109.3000,,,,,,MySkinRecipes,https://www.myskinrecipes.com/shop/th/spice-เผ็ดร้อน/2786-eugenyl-acetate-fema-2469.html
2759,Neryl Acetate (FEMA,1 g,141-12-8,,99.63,99.6300,,,,,,MySkinRecipes,https://www.myskinrecipes.com/shop/th/rose-กุหลาบ/2759-neryl-acetate-fema-2773.html
2742,Cinnamic Acid (FEMA,1 g,621-82-9,,42.57,42.5700,,,,,,MySkinRecipes,https://www.myskinrecipes.com/shop/th/frankincense-กำยาน/2742-cinnamic-acid-fema-2288.html
2733,Thymol (crystal),1 g,89-83-8,,49.75,49.7500,,,,,,MySkinRecipes,https://www.myskinrecipes.com/shop/th/สารฆ่าเชื้อ-disinfectant/2733-thymol.html
2729,Isoamyl Salicylate,1 g,87-20-7,,39.48,39.4800,,,,,,MySkinRecipes,https://www.myskinrecipes.com/shop/th/orchid-กล้วยไม้/2729-isoamyl-salicylate.html
2723,Aurantiol,1 g,89-43-0,,65.01,65.0100,,,,,,MySkinRecipes,https://www.myskinrecipes.com/shop/th/narcotic-ยาเสพติด/2723-aurantiol-schiffs-base-ma-hydroxy.html
2708,Bourgeonal,1 g,18127-01-0,,119.24,119.2400,,,,,,MySkinRecipes,https://www.myskinrecipes.com/shop/th/lily-of-the-valley/2708-cyclamen-propanal-bourgeonal.html
2687,Nerolidol (FEMA,1 g,7212-44-4,,73.69,73.6900,,,,,,MySkinRecipes,https://www.myskinrecipes.com/shop/th/linalool-ฟรีเซีย/2687-nerolidol-fema-2772.html
2666,Hedione high cis,1 g,,,168.65,168.6500,,,,,,MySkinRecipes,https://www.myskinrecipes.com/shop/th/jasmine-มะลิ/2666-methyl-dihydrojasmonate-hedione.html
2658,Delta,1 g,,,104.81,104.8100,,,,,,MySkinRecipes,https://www.myskinrecipes.com/shop/th/iris-ไอริส/2658-delta-damascone-fema-3622.html
2603,Thiogeraniol,1 g,39067-80-6,,873.89,873.8900,,,,,,MySkinRecipes,https://www.myskinrecipes.com/shop/th/green-พืช-ใบไม้เขียว/2603-thiogeraniol.html
2553,cis‑6‑Nonenol,1 g,35854-86-5,,628.25,628.2500,,,,,,MySkinRecipes,https://www.myskinrecipes.com/shop/th/fruit-ผลไม้/2553-cis-6-nonenol.html
2522,Dimethyl Trisulfide,1 g,3658-80-8,,528.25,528.2500,,,,,,MySkinRecipes,https://www.myskinrecipes.com/shop/th/edible-อาหาร/2522-dimethyl-trisulfide.html
2506,Isobutyric Acid,1 g,79-31-2,,45.46,45.4600,,,,,,MySkinRecipes,https://www.myskinrecipes.com/shop/th/dairy-นม-เนย/2506-isobutyric-acid-fema-2222.html
2485,Lime Pyran,1 g,73018-51-6,,189.10,189.1000,,,,,,MySkinRecipes,https://www.myskinrecipes.com/shop/th/citrus-ส้ม-เปรี้ยว-สดชื่น/2485-lime-pyran.html
2471,Carvone L,1 g,6485-40-1,,69.70,69.7000,,,,,,MySkinRecipes,https://www.myskinrecipes.com/shop/th/ice-cold-เย็น/2471-carvone-l.html
2428,Alpha,1 g,127-42-4,,51.15,51.1500,,,,,,MySkinRecipes,https://www.myskinrecipes.com/shop/th/aldehyde-ไขมัน/2428-alpha-methyl-ionone-74-80.html
2909,Vetimoss,1 g,21112-37-8,,89.85,89.8500,,,,,,MySkinRecipes,https://www.myskinrecipes.com/shop/th/yeast-moss-ยีส-มอสส์/2909-vetimoss.html
2881,Muscone,1 g,541-91-3,,2723.25,2723.2500,,,,,,MySkinRecipes,https://www.myskinrecipes.com/shop/th/musk-มัสก์/2881-muscone-fema-3434.html
2845,Iso E Super,1 g,54464-57-2,,46.46,46.4600,,,,,,MySkinRecipes,https://www.myskinrecipes.com/shop/th/wood-ไม้-เปลือกไม้/2845-iso-e-super.html
2823,Gamma,1 g,695-06-7,,66.41,66.4100,,,,,,MySkinRecipes,https://www.myskinrecipes.com/shop/th/vanilla-วานิลลา/2823-gamma-hexalactone-fema-2556.html
2810,Ambroxan,1 g,6790-58-5,,618.53,618.5300,,,,,,MySkinRecipes,https://www.myskinrecipes.com/shop/th/animal-สัตว์/2810-ambroxan.html
2787,Methyl Isoeugenol (FEMA,1 g,93-16-3,,89.35,89.3500,,,,,,MySkinRecipes,https://www.myskinrecipes.com/shop/th/spice-เผ็ดร้อน/2787-methyl-isoeugenol-fema-2476.html
2760,Rhodinol,1 g,141-25-3,,69.40,69.4000,,,,,,MySkinRecipes,https://www.myskinrecipes.com/shop/th/rose-กุหลาบ/2760-rhodinol.html
2743,Isobornyl Acetate (FEMA,1 g,125-12-2,,42.47,42.4700,,,,,,MySkinRecipes,https://www.myskinrecipes.com/shop/th/frankincense-กำยาน/2743-isobornyl-acetate-fema-2160.html
2734,Guaiacol,1 g,90-05-1,,48.15,48.1500,,,,,,MySkinRecipes,https://www.myskinrecipes.com/shop/th/phenolic-ยา/2734-ortho-guaiacol-guaiacol-fema-2532.html
2724,Oranger Crystal,1 g,93-08-3,,58.93,58.9300,,,,,,MySkinRecipes,https://www.myskinrecipes.com/shop/th/narcotic-ยาเสพติด/2724-oranger-crystal-beta-naphthyl-methyl-ketone-fema-2723.html
2688,Verdyl Acetate (Cyclacet),1 g,5413-60-5,,37.48,37.4800,,,,,,MySkinRecipes,https://www.myskinrecipes.com/shop/th/linalool-ฟรีเซีย/2688-verdyl-acetate-tricyclodecenyl-acetate-cyclacet.html
2680,Alpha,1 g,,,48.45,48.4500,,,,,,MySkinRecipes,https://www.myskinrecipes.com/shop/th/konifer-ต้นสน/2680-alpha-pinene-fema-2902.html
2667,Herbal Pyran,1 g,,,45.26,45.2600,,,,,,MySkinRecipes,https://www.myskinrecipes.com/shop/th/jasmine-มะลิ/2667-herbal-pyran.html
2604,cis‑3‑Hexenyl Acetate,1 g,3681-71-8,,159.18,159.1800,,,,,,MySkinRecipes,https://www.myskinrecipes.com/shop/th/green-พืช-ใบไม้เขียว/2604-hexenyl-cis-3-acetate.html
2554,1‑Octen‑3‑ol,1 g,3391-86-4,,132.34,132.3400,,,,,,MySkinRecipes,https://www.myskinrecipes.com/shop/th/fruit-ผลไม้/2554-1-octen-3-ol-amyl-vinyl-carbinol.html
2523,Buchu Mercaptan,1 g,38462-22-5,,1681.86,1681.8600,,,,,,MySkinRecipes,https://www.myskinrecipes.com/shop/th/edible-อาหาร/2523-buchu-mercaptan-fema-3177.html
2486,D‑Limonene,1 g,5989-27-5,,44.83,44.8300,,,,,,MySkinRecipes,https://www.myskinrecipes.com/shop/th/citrus-ส้ม-เปรี้ยว-สดชื่น/2486-limonene-d-limonene-fema-2633-china.html
2472,Ethyl Benzoate (FEMA 2422),1 g,93-89-0,,49.45,49.4500,,,,,,MySkinRecipes,https://www.myskinrecipes.com/shop/th/ice-cold-เย็น/2472-ethyl-benzoate-fema-2422.html
2429,"Hexanoic Acid, Caproic acid (FEMA",1 g,142-62-1,,46.46,46.4600,,,,,,MySkinRecipes,https://www.myskinrecipes.com/shop/th/fatty-acids-fatty-alcohols/2429-hexanoic-acid-caproic-acid-fema-2559.html
32349,Pentyl Propanoate (FEMA,1 g,624-54-4,,129.25,129.2500,,,,,,MySkinRecipes,https://www.myskinrecipes.com/shop/th/ungrouped/32349-pentyl-propanoate-amyl-propionate-fema-2082.html
8014,"Clary propionate, Sclareolate",1 g,319002-92-1,,2024.50,2024.5000,,,,,,MySkinRecipes,https://www.myskinrecipes.com/shop/th/herb-สมุนไพร/8014-clary-propionate-sclareolate.html
2910,Marine Formate (Aphermate),1 g,25225-08-5,,104.66,104.6600,,,,,,MySkinRecipes,https://www.myskinrecipes.com/shop/th/yeast-moss-ยีส-มอสส์/2910-marine-formate-aphermate.html
2882,Tonalide/Fixolide,1 g,,,54.44,54.4400,,,,,,MySkinRecipes,https://www.myskinrecipes.com/shop/th/musk-มัสก์/2882-musk-tetralin-tonalide-fixolide-tetralide.html
2846,Sandalore,1 g,65113-99-7,,63.54,63.5400,,,,,,MySkinRecipes,https://www.myskinrecipes.com/shop/th/เร่งการงอก-ลดการร่วง/2846-sandal-pentanol-sandalore.html
2824,Maltyl Isobutyrate,1 g,65416-14-0,,117.98,117.9800,,,,,,MySkinRecipes,https://www.myskinrecipes.com/shop/th/vanilla-วานิลลา/2824-maltyl-isobutyrate.html
2811,Amber Decane (Bois Ambrene Forte),1 g,58567-11-6,,299.33,299.3300,,,,,,MySkinRecipes,https://www.myskinrecipes.com/shop/th/animal-สัตว์/2811-amber-decane-bois-ambrene-amberwood-forte.html
2788,Methyl Eugenol (FEMA,1 g,93-15-2,,85.66,85.6600,,,,,,MySkinRecipes,https://www.myskinrecipes.com/shop/th/spice-เผ็ดร้อน/2788-methyl-eugenol-fema-2475.html
2761,Citronellyl Acetate (FEMA,1 g,150-84-5,,56.21,56.2100,,,,,,MySkinRecipes,https://www.myskinrecipes.com/shop/th/rose-กุหลาบ/2761-citronellyl-acetate-fema-2311.html
2744,Phenyl Propyl Alcohol (Hydrocinnamyl),1 g,122-97-4,,54.24,54.2400,,,,,,MySkinRecipes,https://www.myskinrecipes.com/shop/th/frankincense-กำยาน/2744-phenyl-propyl-alcohol-hydrocinnamyl-alcohol.html
2735,Methyl Benzoate (FEMA‑2683),1 g,93-58-3,,42.47,42.4700,,,,,,MySkinRecipes,https://www.myskinrecipes.com/shop/th/phenolic-ยา/2735-methyl-benzoate-fema-2683.html
2725,Acetophenone,1 g,98-86-2,,38.28,38.2800,,,,,,MySkinRecipes,https://www.myskinrecipes.com/shop/th/narcotic-ยาเสพติด/2725-acetophenone.html
2689,Farnesol,1 g,4602-84-0,,129.21,129.2100,,,,,,MySkinRecipes,https://www.myskinrecipes.com/shop/th/สารดับกลิ่น/2689-farnesol.html
2681,Alpha,9 g,,,45.46,5.0511,,,,,,MySkinRecipes,https://www.myskinrecipes.com/shop/th/konifer-ต้นสน/2681-alpha-terpineol-fema-3045-.html
2668,Benzyl Acetate,1 g,,,39.48,39.4800,,,,,,MySkinRecipes,https://www.myskinrecipes.com/shop/th/jasmine-มะลิ/2668-benzyl-acetate-fema-2135.html
2660,Methyl Ionone Gamma 70,1 g,,,48.95,48.9500,,,,,,MySkinRecipes,https://www.myskinrecipes.com/shop/th/iris-ไอริส/2660-methyl-ionone-gamma-isoraldeine-70.html
2555,2‑Methyl‑2‑pentenoic Acid,1 g,3142-72-1,,88.35,88.3500,,,,,,MySkinRecipes,https://www.myskinrecipes.com/shop/th/fruit-ผลไม้/2555-2-methyl-2-pentenoic-acid-fema-3195.html
2524,"2,3‑Dimethyl Pyrazine",1 g,5910-89-4,,110.80,110.8000,,,,,,MySkinRecipes,https://www.myskinrecipes.com/shop/th/edible-อาหาร/2524-2-3-dimethyl-pyrazine.html
2508,Delta‑Dodecalactone,1 g,713-95-1,,49.55,49.5500,,,,,,MySkinRecipes,https://www.myskinrecipes.com/shop/th/dairy-นม-เนย/2508-delta-dodecalactone-fema-2401.html
2473,Isomenthone,1 g,491-07-6,,159.28,159.2800,,,,,,MySkinRecipes,https://www.myskinrecipes.com/shop/th/ice-cold-เย็น/2473-isomenthone.html
32350,Isoamyl Propionate (FEMA,1 g,105-68-0,,129.25,129.2500,,,,,,MySkinRecipes,https://www.myskinrecipes.com/shop/th/ungrouped/32350-3-methylbutyl-propanoate-isoamyl-propionate-fema-2082.html
3702,Plicatone,1 g,41724-19-0,,778.00,778.0000,,,,,,MySkinRecipes,https://www.myskinrecipes.com/shop/th/herb-สมุนไพร/3702-herbal-undecanone-plicatone.html
3590,Marine Hexane (Ozofleur),1 g,181258-87-7,,217.19,217.1900,,,,,,MySkinRecipes,https://www.myskinrecipes.com/shop/th/yeast-moss-ยีส-มอสส์/3590-marine-hexane-ozofleur.html
2883,Musk Ketone,1 g,81-14-1,,56.03,56.0300,,,,,,MySkinRecipes,https://www.myskinrecipes.com/shop/th/musk-มัสก์/2883-musk-ketone.html
2847,Ebanol,1 g,67801-20-1,,146.71,146.7100,,,,,,MySkinRecipes,https://www.myskinrecipes.com/shop/th/wood-ไม้-เปลือกไม้/2847-sandal-pentenol-ebanol.html
2825,5,1 g,620-02-0,,137.73,137.7300,,,,,,MySkinRecipes,https://www.myskinrecipes.com/shop/th/vanilla-วานิลลา/2825-5-methyl-furfural-fema-2702.html
2812,Amber Furan (Grisalva),1 g,68611-23-4,,1688.11,1688.1100,,,,,,MySkinRecipes,https://www.myskinrecipes.com/shop/th/animal-สัตว์/2812-amber-furan-grisalva.html
2789,Isoamyl Cinnamate (FEMA,1 g,7779-65-9,,67.71,67.7100,,,,,,MySkinRecipes,https://www.myskinrecipes.com/shop/th/spice-เผ็ดร้อน/2789-isoamyl-cinnamate-fema-2063.html
2762,Rose Oxide,1 g,16409-43-1,,106.37,106.3700,,,,,,MySkinRecipes,https://www.myskinrecipes.com/shop/th/rose-กุหลาบ/2762-rose-oxide.html
2745,Cinnamyl Cinnamate (FEMA,1 g,122-69-0,,141.32,141.3200,,,,,,MySkinRecipes,https://www.myskinrecipes.com/shop/th/frankincense-กำยาน/2745-cinnamyl-cinnamate-fema-2298.html
2711,Carbinol Muguet,1 g,103-05-9,,77.38,77.3800,,,,,,MySkinRecipes,https://www.myskinrecipes.com/shop/th/lily-of-the-valley/2711-carbinol-muguet-dimethyl-phenylethyl-carbinol.html
2690,Isononyl Acetate,1 g,40379-24-6,,46.46,46.4600,,,,,,MySkinRecipes,https://www.myskinrecipes.com/shop/th/linalool-ฟรีเซีย/2690-isononyl-acetate.html
2682,Gamma,1 g,,,45.46,45.4600,,,,,,MySkinRecipes,https://www.myskinrecipes.com/shop/th/konifer-ต้นสน/2682-gamma-terpinene-fema-3559.html
2669,Alpha,1 g,,,46.46,46.4600,,,,,,MySkinRecipes,https://www.myskinrecipes.com/shop/th/jasmine-มะลิ/2669-alpha-amyl-cinnamaldehyde.html
2661,Methyl Ionone Gamma 95,1 g,,,304.77,304.7700,,,,,,MySkinRecipes,https://www.myskinrecipes.com/shop/th/iris-ไอริส/2661-methyl-ionone-gamma-isoraldeine-95.html
2606,Chrysanthemum Oxide,1 g,3558-60-9,,528.25,528.2500,,,,,,MySkinRecipes,https://www.myskinrecipes.com/shop/th/green-พืช-ใบไม้เขียว/2606-chrysanthemum-oxide.html
2509,Delta‑Undecalactone,1 g,710-04-3,,89.35,89.3500,,,,,,MySkinRecipes,https://www.myskinrecipes.com/shop/th/dairy-นม-เนย/2509-delta-undecalactone.html
2487,Citral,1 g,5392-40-5,,50.45,50.4500,,,,,,MySkinRecipes,https://www.myskinrecipes.com/shop/th/citrus-ส้ม-เปรี้ยว-สดชื่น/2487-citral-fema-2303.html
2474,Eucalyptol (FEMA 2465),1 g,470-82-6,,44.46,44.4600,,,,,,MySkinRecipes,https://www.myskinrecipes.com/shop/th/ice-cold-เย็น/2474-eucalyptol-1-8-cineole.html
2431,Nonanol,1 g,143-08-8,,70.76,70.7600,,,,,,MySkinRecipes,https://www.myskinrecipes.com/shop/th/aldehyde-ไขมัน/2431-nonanol.html
32351,Isobornyl Propionate (FEMA,1 g,2756-56-1,,129.25,129.2500,,,,,,MySkinRecipes,https://www.myskinrecipes.com/shop/th/ungrouped/32351-isobornyl-propionate-fema-2163.html
3991,"Verdantiol, Lilyall / Methyl Anthranilate Schiffs Base",1 g,91-51-0,,254.25,254.2500,,,,,,MySkinRecipes,https://www.myskinrecipes.com/shop/th/narcotic-ยาเสพติด/3991-verdantiol-lilyall-methyl-anthranilate-schiffs-base.html
3877,Styralyl Alcohol,1 g,7549-33-9,,5980.00,5980.0000,,,,,,MySkinRecipes,https://www.myskinrecipes.com/shop/th/herb-สมุนไพร/3877-styralyl-alcohol-fema-2685-.html
3837,Treemoss Resinoid,1 g,68917-40-8,,35.00,35.0000,,,,,,MySkinRecipes,https://www.myskinrecipes.com/shop/th/yeast-moss-ยีส-มอสส์/3837-treemoss-resinoid.html
2884,Galaxolide,1 g,1222-05-5,,44.60,44.6000,,,,,,MySkinRecipes,https://www.myskinrecipes.com/shop/th/musk-มัสก์/2884-galaxolide-musk-gx.html
2848,Timber Propanol (Karmawood),1 g,70788-30-6,,110.80,110.8000,,,,,,MySkinRecipes,https://www.myskinrecipes.com/shop/th/wood-ไม้-เปลือกไม้/2848-timber-propanol-karmawood.html
2826,Strawberry Furanone,1 g,3658-77-3,,254.44,254.4400,,,,,,MySkinRecipes,https://www.myskinrecipes.com/shop/th/vanilla-วานิลลา/2826-strawberry-furanone.html
2813,Indolene 50,1 g,68908-82-7,,428.00,428.0000,,,,,,MySkinRecipes,https://www.myskinrecipes.com/shop/th/animal-สัตว์/2813-indolene-50.html
2790,Isoeugenol (FEMA,7 g,97-54-1,,67.41,9.6300,,,,,,MySkinRecipes,https://www.myskinrecipes.com/shop/th/spice-เผ็ดร้อน/2790-isoeugenol-fema-2468.html
2763,Damascenone Total (Damascenone 93%) (FEMA,1 g,23696-85-7,,627.50,627.5000,,,,,,MySkinRecipes,https://www.myskinrecipes.com/shop/th/rose-กุหลาบ/2763-damascenone-total-damascenone-93-fema-3420.html
2746,Benzyl Benzoate (FEMA,1 g,120-51-4,,37.48,37.4800,,,,,,MySkinRecipes,https://www.myskinrecipes.com/shop/th/frankincense-กำยาน/2746-benzyl-benzoate-fema-2138.html
2737,p‑Cresol,1 g,106-44-5,,65.91,65.9100,,,,,,MySkinRecipes,https://www.myskinrecipes.com/shop/th/phenolic-ยา/2737-para-cresol.html
2712,Magnolia Indene (Magnolan),1 g,27606-09-3,,148.15,148.1500,,,,,,MySkinRecipes,https://www.myskinrecipes.com/shop/th/lily-of-the-valley/2712-magnolia-indene-magnolan.html
2691,Woody Acetate (Vertenex),1 g,32210-23-4,,37.48,37.4800,,,,,,MySkinRecipes,https://www.myskinrecipes.com/shop/th/linalool-ฟรีเซีย/2691-woody-acetate-vertenex.html
2683,Para,1 g,,,50.95,50.9500,,,,,,MySkinRecipes,https://www.myskinrecipes.com/shop/th/konifer-ต้นสน/2683-para-cymene-fema-2356.html
2670,Dihydrojasmone,1 g,,,132.34,132.3400,,,,,,MySkinRecipes,https://www.myskinrecipes.com/shop/th/jasmine-มะลิ/2670-dihydrojasmone-fema-3763.html
2662,Violiff,1 g,,,401.88,401.8800,,,,,,MySkinRecipes,https://www.myskinrecipes.com/shop/th/iris-ไอริส/2662-violet-methyl-carbonate-violiff.html
2607,cis‑3‑Hexenyl Propionate,1 g,33467-74-2,,107.21,107.2100,,,,,,MySkinRecipes,https://www.myskinrecipes.com/shop/th/green-พืช-ใบไม้เขียว/2607-cis-3-hexenyl-propionate.html
2557,Calone,1 g,28940-11-6,,247.95,247.9500,,,,,,MySkinRecipes,https://www.myskinrecipes.com/shop/th/fruit-ผลไม้/2557-watermelon-ketone-calone.html
2510,Delta‑Decalactone,1 g,705-86-2,,58.73,58.7300,,,,,,MySkinRecipes,https://www.myskinrecipes.com/shop/th/dairy-นม-เนย/2510-delta-decalactone-fema-2361.html
2488,Geranyl Nitrile,1 g,5146-66-7,,73.09,73.0900,,,,,,MySkinRecipes,https://www.myskinrecipes.com/shop/th/citrus-ส้ม-เปรี้ยว-สดชื่น/2488-geranyl-nitrile.html
2475,Menthyl Acetate,1 g,2623-23-6,,64.83,64.8300,,,,,,MySkinRecipes,https://www.myskinrecipes.com/shop/th/ice-cold-เย็น/2475-menthyl-acetate.html
2432,Nonyl Acetate (FEMA,1 g,143-13-5,,73.09,73.0900,,,,,,MySkinRecipes,https://www.myskinrecipes.com/shop/th/aldehyde-ไขมัน/2432-nonyl-acetate-fema-2788.html
33680,Sclareolate,1 g,319002-92-1,,50.95,50.9500,,,,,,MySkinRecipes,https://www.myskinrecipes.com/shop/th/herb-สมุนไพร/33680-sclareolate-firmenich-.html
32380,Pentyl Octanoate (FEMA,1 g,638-25-5,,159.18,159.1800,,,,,,MySkinRecipes,https://www.myskinrecipes.com/shop/th/yeast-moss-ยีส-มอสส์/32380-pentyl-octanoatefema-2079.html
32352,Propyl Butyrate (FEMA,1 g,105-66-8,,129.25,129.2500,,,,,,MySkinRecipes,https://www.myskinrecipes.com/shop/th/ungrouped/32352-propyl-butyrate-fema-2934.html
9236,Damascenone (98%) (FEMA,1 g,23696-85-7,,209.71,209.7100,,,,,,MySkinRecipes,https://www.myskinrecipes.com/shop/th/rose-กุหลาบ/9236-damascenone-98-fema-3420.html
3435,Conifer Acetate (Coniferan),1 g,67874-72-0,,6030.00,6030.0000,,,,,,MySkinRecipes,https://www.myskinrecipes.com/shop/th/konifer-ต้นสน/3435-conifer-acetate-coniferan.html
2885,Musk Xylol,1 g,81-15-2,,46.46,46.4600,,,,,,MySkinRecipes,https://www.myskinrecipes.com/shop/th/musk-มัสก์/2885-musk-xylol.html
2849,Cedrol,1 g,77-53-2,,159.18,159.1800,,,,,,MySkinRecipes,https://www.myskinrecipes.com/shop/th/wood-ไม้-เปลือกไม้/2849-cedrol.html
2827,Vanillyl Isobutyrate (Isobutavan),1 g,20665-85-4,,198.08,198.0800,,,,,,MySkinRecipes,https://www.myskinrecipes.com/shop/th/vanilla-วานิลลา/2827-vanillyl-isobutyrate-isobutavan.html
2814,Indoflor (Indolarome),1 g,18096-62-3,,548.51,548.5100,,,,,,MySkinRecipes,https://www.myskinrecipes.com/shop/th/animal-สัตว์/2814-indoflor-indolarome.html
2791,Anethole,1 g,4180-23-8,,59.63,59.6300,,,,,,MySkinRecipes,https://www.myskinrecipes.com/shop/th/spice-เผ็ดร้อน/2791-anethole.html
2747,Benzophenone,1 g,119-61-9,,39.48,39.4800,,,,,,MySkinRecipes,https://www.myskinrecipes.com/shop/th/frankincense-กำยาน/2747-benzophenone.html
2692,Florocyclene,1 g,17511-60-3,,46.46,46.4600,,,,,,MySkinRecipes,https://www.myskinrecipes.com/shop/th/linalool-ฟรีเซีย/2692-tricyclodecenyl-propionate.html
2671,Benzyl Formate,1 g,,,47.06,47.0600,,,,,,MySkinRecipes,https://www.myskinrecipes.com/shop/th/jasmine-มะลิ/2671-benzyl-formate-fema-2145.html
2608,cis‑3‑Hexenyl Hexanoate (FEMA‑3403),1 g,31501-11-8,,112.59,112.5900,,,,,,MySkinRecipes,https://www.myskinrecipes.com/shop/th/green-พืช-ใบไม้เขียว/2608-cis-3-hexenyl-hexanoate-fema-3403.html
2558,Allyl Cyclohexyl Propionate,1 g,2705-87-5,,50.65,50.6500,,,,,,MySkinRecipes,https://www.myskinrecipes.com/shop/th/fruit-ผลไม้/2558-allyl-cyclohexyl-propionate-fema-2026.html
2526,Butyl Butyryl Lactate,1 g,7492-70-8,,42.57,42.5700,,,,,,MySkinRecipes,https://www.myskinrecipes.com/shop/th/edible-อาหาร/2526-butyl-butyryl-lactate-butyl-butyro-lactate-fema-2190.html
2511,Delta‑Octalactone,1 g,698-76-0,,263.42,263.4200,,,,,,MySkinRecipes,https://www.myskinrecipes.com/shop/th/dairy-นม-เนย/2511-delta-octalactone-fema-3214.html
2489,Dodecane Nitrile,1 g,2437-25-4,,69.40,69.4000,,,,,,MySkinRecipes,https://www.myskinrecipes.com/shop/th/citrus-ส้ม-เปรี้ยว-สดชื่น/2489-dodecane-nitrile.html
2433,"2,4",1 g,2363-88-4,,963.66,963.6600,,,,,,MySkinRecipes,https://www.myskinrecipes.com/shop/th/aldehyde-ไขมัน/2433-24-decadienal-fema-3135.html
33761,trans‑2‑Dodecenal,1 g,20407-84-5,,179.63,179.6300,,,,,,MySkinRecipes,https://www.myskinrecipes.com/shop/th/herb-สมุนไพร/33761-e-dodec-2-enal-fema-2402.html
32501,3‑Methylthio Propyl Isothiocyanate,1 g,505-79-3,,3321.25,3321.2500,,,,,,MySkinRecipes,https://www.myskinrecipes.com/shop/th/yeast-moss-ยีส-มอสส์/32501-3-methylthio-propyl-isothiocyanate-fema-3312.html
32353,2,1 g,51115-64-1,,9955.13,9955.1300,,,,,,MySkinRecipes,https://www.myskinrecipes.com/shop/th/ungrouped/32353--2-methylbutyl-butyrate-fema-2934.html
3764,Dihydroterpinyl Acetate,1 g,58985-18-5,,142.31,142.3100,,,,,,MySkinRecipes,https://www.myskinrecipes.com/shop/th/konifer-ต้นสน/3764-dihydroterpinyl-acetate.html
2886,Musk Ambrette,1 g,83-66-9,,55.54,55.5400,,,,,,MySkinRecipes,https://www.myskinrecipes.com/shop/th/musk-มัสก์/2886-musk-ambrette.html
2850,Cedryl Acetate 50%,1 g,77-54-3,,52.44,52.4400,,,,,,MySkinRecipes,https://www.myskinrecipes.com/shop/th/wood-ไม้-เปลือกไม้/2850-cedryl-acetate.html
2828,Vanillin,1 g,121-33-5,,44.66,44.6600,,,,,,MySkinRecipes,https://www.myskinrecipes.com/shop/th/vanilla-วานิลลา/2828-vanillin-fema-3107.html
2792,4‑Ethyl Guaiacol,1 g,2785-89-9,,189.10,189.1000,,,,,,MySkinRecipes,https://www.myskinrecipes.com/shop/th/spice-เผ็ดร้อน/2792-4-ethyl-guaiacol-fema-2436.html
2764,"Rose Carboxylate, Givescone",1 g,57934-97-1,,269.40,269.4000,,,,,,MySkinRecipes,https://www.myskinrecipes.com/shop/th/rose-กุหลาบ/2764-rose-carboxylate.html
2748,2,1 g,1192-62-7,,228.01,228.0100,,,,,,MySkinRecipes,https://www.myskinrecipes.com/shop/th/frankincense-กำยาน/2748-2-acetyl-furan.html
2714,Muguet Aldehyde 50%,1 g,7492-67-3,,467.17,467.1700,,,,,,MySkinRecipes,https://www.myskinrecipes.com/shop/th/lily-of-the-valley/2714-citronellyl-oxyacetaldehyde-muguet-aldehyde.html
2693,DMBCA (FEMA,1 g,151-05-3,,47.76,47.7600,,,,,,MySkinRecipes,https://www.myskinrecipes.com/shop/th/linalool-ฟรีเซีย/2693-dimethyl-benzyl-carbinyl-acetate-fema-2392.html
2672,Benzyl Isobutyrate,1 g,,,179.43,179.4300,,,,,,MySkinRecipes,https://www.myskinrecipes.com/shop/th/jasmine-มะลิ/2672-benzyl-isobutyrate-fema-2141.html
2609,Hexyl Butyrate (FEMA‑2568),1 g,2639-63-6,,49.75,49.7500,,,,,,MySkinRecipes,https://www.myskinrecipes.com/shop/th/green-พืช-ใบไม้เขียว/2609-hexyl-butyrate-fema-2568.html
2559,Alpha‑Damascone,1 g,24720-09-0,,239.48,239.4800,,,,,,MySkinRecipes,https://www.myskinrecipes.com/shop/th/fruit-ผลไม้/2559-alpha-damascone-fema-3659.html
2512,Acetyl Propionyl,1 g,600-14-6,,87.36,87.3600,,,,,,MySkinRecipes,https://www.myskinrecipes.com/shop/th/dairy-นม-เนย/2512-acetyl-propionyl-fema-2841.html
2490,Alpha‑methylene Citronellal,1 g,22418-66-2,,100.92,100.9200,,,,,,MySkinRecipes,https://www.myskinrecipes.com/shop/th/citrus-ส้ม-เปรี้ยว-สดชื่น/2490-alpha-methylene-citronellal.html
2477,Methyl Salicylate,1 g,119-36-8,,35.00,35.0000,,,,,,MySkinRecipes,https://www.myskinrecipes.com/shop/th/ice-cold-เย็น/2477-methyl-salicylate.html
2434,"Decanoic Acid, C10, Capric Acid, (FEMA",1 g,334-48-5,,49.45,49.4500,,,,,,MySkinRecipes,https://www.myskinrecipes.com/shop/th/fatty-acids-fatty-alcohols/2434-decanoic-acid-c10-capric-acid-fema-2364.html
253576,Carveol (FEMA,1 g,99-48-9,,486.71,486.7100,,,,,,MySkinRecipes,https://www.myskinrecipes.com/shop/th/herb-สมุนไพร/253576-carveol-fema-2247.html
32356,Benzyl Butyrate (FEMA,1 g,103-37-7,,129.25,129.2500,,,,,,MySkinRecipes,https://www.myskinrecipes.com/shop/th/ungrouped/32356-benzyl-butyrate-fema-2140-.html
5814,Honeysuckle Oil,1 g,,,269.40,269.4000,,,,,,MySkinRecipes,https://www.myskinrecipes.com/shop/th/phenolic-ยา/5814-honeysuckle-oil-lonicera-caprifolium-oil.html
3765,3‑Octanol,1 g,589-98-0,,47.60,47.6000,,,,,,MySkinRecipes,https://www.myskinrecipes.com/shop/th/yeast-moss-ยีส-มอสส์/3765-3-octanol-fema-3581.html
3551,Pine Hexanol (Verdol),1 g,13491-79-7,,56.58,56.5800,,,,,,MySkinRecipes,https://www.myskinrecipes.com/shop/th/konifer-ต้นสน/3551-pine-hexanol-verdol.html
2887,2‑Acetylpyrrole,1 g,1072-83-9,,407.06,407.0600,,,,,,MySkinRecipes,https://www.myskinrecipes.com/shop/th/musk-มัสก์/2887-2-acetyl-pyrrole.html
2851,β‑Caryophyllene,1 g,87-44-5,,49.45,49.4500,,,,,,MySkinRecipes,https://www.myskinrecipes.com/shop/th/wood-ไม้-เปลือกไม้/2851-beta-caryophyllene-fema-2252.html
2829,Isobutyl Phenyl Acetate,1 g,102-13-6,,54.64,54.6400,,,,,,MySkinRecipes,https://www.myskinrecipes.com/shop/th/vanilla-วานิลลา/2829-isobutyl-phenyl-acetate.html
2793,Para‑anisaldehyde,1 g,123-11-5,,47.06,47.0600,,,,,,MySkinRecipes,https://www.myskinrecipes.com/shop/th/spice-เผ็ดร้อน/2793-para-anisaldehyde-fema-2670.html
2765,"Phenethyl Alcohol, Phenyl Ethyl Alcohol (FEMA",1 g,60-12-8,,42.77,42.7700,,,,,,MySkinRecipes,https://www.myskinrecipes.com/shop/th/rose-กุหลาบ/2765-phenethyl-alcohol-phenyl-ethyl-alcohol-fema-2858.html
2749,Benzyl Salicylate,1 g,118-58-1,,40.47,40.4700,,,,,,MySkinRecipes,https://www.myskinrecipes.com/shop/th/frankincense-กำยาน/2749-benzyl-salicylate.html
2715,Myrcenal,1 g,52474-60-9,,61.82,61.8200,,,,,,MySkinRecipes,https://www.myskinrecipes.com/shop/th/lily-of-the-valley/2715-myrmac-aldehyde-precyclemone-b-myrcenal.html
2694,Alpha‑Terpinyl Acetate (FEMA,1 g,80-26-2,,45.76,45.7600,,,,,,MySkinRecipes,https://www.myskinrecipes.com/shop/th/linalool-ฟรีเซีย/2694-alpha-terpinyl-acetate-fema-3047.html
2673,Jasmatone,1 g,,,646.19,646.1900,,,,,,MySkinRecipes,https://www.myskinrecipes.com/shop/th/jasmine-มะลิ/2673-jasmin-cyclopentanone-jasmatone.html
2610,cis‑3‑Hexenyl Salicylate,1 g,65405-77-8,,166.46,166.4600,,,,,,MySkinRecipes,https://www.myskinrecipes.com/shop/th/green-พืช-ใบไม้เขียว/2610-hexenyl-salicylate-cis-3.html
2560,Hexyl Propionate,9 g,2445-76-3,,58.43,6.4922,,,,,,MySkinRecipes,https://www.myskinrecipes.com/shop/th/fruit-ผลไม้/2560-hexyl-propionate-fema-2576.html
2513,Acetoin,1 g,513-86-0,,59.33,59.3300,,,,,,MySkinRecipes,https://www.myskinrecipes.com/shop/th/dairy-นม-เนย/2513-acetoin-fema-2008.html
2491,Nerol,1 g,106-25-2,,62.32,62.3200,,,,,,MySkinRecipes,https://www.myskinrecipes.com/shop/th/citrus-ส้ม-เปรี้ยว-สดชื่น/2491-nerol-fema-2770.html
2478,Menthone (FEMA 2667),1 g,89-80-5,,67.71,67.7100,,,,,,MySkinRecipes,https://www.myskinrecipes.com/shop/th/ice-cold-เย็น/2478-menthone-fema-2667.html
2435,Citrus Carbaldehyde,1 g,37677-14-8,,52.44,52.4400,,,,,,MySkinRecipes,https://www.myskinrecipes.com/shop/th/aldehyde-ไขมัน/2435-citrus-carbaldehyde.html
32357,Octyl Butyrate,1 g,110-39-4,,189.10,189.1000,,,,,,MySkinRecipes,https://www.myskinrecipes.com/shop/th/ungrouped/32357-octyl-butyrate.html
3583,Violet Dienyne (Violettyne MIP),1 g,166432-52-6,,119.28,119.2800,,,,,,MySkinRecipes,https://www.myskinrecipes.com/shop/th/iris-ไอริส/3583-violet-dienyne.html
3557,Fenchyl Acetate,1 g,13851-11-1,,51.45,51.4500,,,,,,MySkinRecipes,https://www.myskinrecipes.com/shop/th/konifer-ต้นสน/3557-fenchyl-acetate.html
3483,Para‑cresyl Isobutyrate,1 g,103-93-5,,14980.00,14980.0000,,,,,,MySkinRecipes,https://www.myskinrecipes.com/shop/th/phenolic-ยา/3483-para-cresyl-isobutyrate-fema-3075.html
2888,Exaltolide,1 g,106-02-5,,89.35,89.3500,,,,,,MySkinRecipes,https://www.myskinrecipes.com/shop/th/musk-มัสก์/2888-exaltolide-pentadecanolide-exaltolide-total.html
2852,Isolongifolene Ketone,1 g,23787-90-8,,42.47,42.4700,,,,,,MySkinRecipes,https://www.myskinrecipes.com/shop/th/wood-ไม้-เปลือกไม้/2852-isolongifolene-ketone.html
2830,Dihydrocoumarin,1 g,119-84-6,,51.55,51.5500,,,,,,MySkinRecipes,https://www.myskinrecipes.com/shop/th/vanilla-วานิลลา/2830-dihydrocoumarin-fema-2381.html
2817,Skatole,1 g,83-34-1,,5875.13,5875.1300,,,,,,MySkinRecipes,https://www.myskinrecipes.com/shop/th/animal-สัตว์/2817-skatole-fema-3019.html
2794,Estragole,1 g,140-67-0,,99.03,99.0300,,,,,,MySkinRecipes,https://www.myskinrecipes.com/shop/th/spice-เผ็ดร้อน/2794-estragole-fema-2157.html
2766,Butyric Acid (FEMA,1 g,107-92-6,,35.49,35.4900,,,,,,MySkinRecipes,https://www.myskinrecipes.com/shop/th/fatty-acids-fatty-alcohols/2766-butyric-acid-fema-2221.html
2750,Cinnamyl Alcohol (FEMA,1 g,104-54-1,,42.75,42.7500,,,,,,MySkinRecipes,https://www.myskinrecipes.com/shop/th/frankincense-กำยาน/2750-cinnamyl-alcohol-fema-2294.html
2716,Silvial,1 g,6658-48-6,,104.31,104.3100,,,,,,MySkinRecipes,https://www.myskinrecipes.com/shop/th/lily-of-the-valley/2716-cyclamen-homoaldehyde-silvial.html
2695,Linalool Oxide (FEMA,1 g,1365-19-1,,80.37,80.3700,,,,,,MySkinRecipes,https://www.myskinrecipes.com/shop/th/linalool-ฟรีเซีย/2695-linalool-oxide-fema-3746.html
2674,Freesia Acetate,1 g,,,467.17,467.1700,,,,,,MySkinRecipes,https://www.myskinrecipes.com/shop/th/jasmine-มะลิ/2674-freesia-acetate-myraldyl-acetate.html
2611,Hexanal (C‑6),1 g,66-25-1,,56.03,56.0300,,,,,,MySkinRecipes,https://www.myskinrecipes.com/shop/th/green-พืช-ใบไม้เขียว/2611-hexanal-aldehyde-c-6-fema-2557.html
2561,Isoamyl Hexanoate,1 g,2198-61-0,,45.26,45.2600,,,,,,MySkinRecipes,https://www.myskinrecipes.com/shop/th/fruit-ผลไม้/2561-isoamyl-hexanoate.html
2492,2‑Methyl Decanal,1 g,19009-56-4,,124.08,124.0800,,,,,,MySkinRecipes,https://www.myskinrecipes.com/shop/th/citrus-ส้ม-เปรี้ยว-สดชื่น/2492-2-methyl-decanal-aldehyde-c-11-moa.html
2437,Isovaleraldehyde (FEMA,1 g,590-86-3,,58.43,58.4300,,,,,,MySkinRecipes,https://www.myskinrecipes.com/shop/th/aldehyde-ไขมัน/2437-isovaleraldehyde-fema-2692.html
33733,Vionil,1 g,67019-89-0,,404.06,404.0600,,,,,,MySkinRecipes,https://www.myskinrecipes.com/shop/th/iris-ไอริส/33733-violet-nitrile-vionil.html
31027,3,1 g,541-47-9,,372.94,372.9400,,,,,,MySkinRecipes,https://www.myskinrecipes.com/shop/th/phenolic-ยา/31027-3-methylcrotonic-acid-fema-3187.html
4021,Alpha,1 g,99-86-5,,35.00,35.0000,,,,,,MySkinRecipes,https://www.myskinrecipes.com/shop/th/konifer-ต้นสน/4021-alpha-terpinene.html
2853,Cedramber,1 g,19870-74-7,,67.71,67.7100,,,,,,MySkinRecipes,https://www.myskinrecipes.com/shop/th/wood-ไม้-เปลือกไม้/2853-cedrol-methyl-ether.html
2831,Isoamyl Phenyl Acetate,1 g,102-19-2,,59.73,59.7300,,,,,,MySkinRecipes,https://www.myskinrecipes.com/shop/th/vanilla-วานิลลา/2831-isoamyl-phenyl-acetate.html
2818,Skatole 1% in DPG,1 g,83-34-1,,78.58,78.5800,,,,,,MySkinRecipes,https://www.myskinrecipes.com/shop/th/animal-สัตว์/2818-skatole.html
2795,Alpha‑methyl Cinnamaldehyde,1 g,101-39-3,,44.00,44.0000,,,,,,MySkinRecipes,https://www.myskinrecipes.com/shop/th/spice-เผ็ดร้อน/2795-alpha-methyl-cinnamaldehyde.html
2767,Geraniol (98%) (FEMA,1 g,106-24-1,,58.73,58.7300,,,,,,MySkinRecipes,https://www.myskinrecipes.com/shop/th/rose-กุหลาบ/2767-geraniol-98-fema-2507.html
2751,Ethyl Cinnamate (FEMA,1 g,103-36-6,,42.57,42.5700,,,,,,MySkinRecipes,https://www.myskinrecipes.com/shop/th/frankincense-กำยาน/2751-ethyl-cinnamate-fema-2430.html
2717,Muguet Butanol (Muguesia),1 g,56836-93-2,,377.67,377.6700,,,,,,MySkinRecipes,https://www.myskinrecipes.com/shop/th/lily-of-the-valley/2717-muguet-butanol-muguesia.html
2696,Dimetol,1 g,13254-34-7,,59.23,59.2300,,,,,,MySkinRecipes,https://www.myskinrecipes.com/shop/th/linalool-ฟรีเซีย/2696-freesia-heptanol.html
2612,trans‑2‑Hexenal,1 g,6728-26-3,,74.39,74.3900,,,,,,MySkinRecipes,https://www.myskinrecipes.com/shop/th/green-พืช-ใบไม้เขียว/2612-trans-2-hexenal-fema-2560.html
2562,Amyl Valerate,1 g,2173-56-0,,49.45,49.4500,,,,,,MySkinRecipes,https://www.myskinrecipes.com/shop/th/fruit-ผลไม้/2562-amyl-valerate.html
2530,Furfural,1 g,98-01-1,,54.44,54.4400,,,,,,MySkinRecipes,https://www.myskinrecipes.com/shop/th/edible-อาหาร/2530-furfural-fema-2489.html
2514,Diacetyl,1 g,431-03-8,,45.26,45.2600,,,,,,MySkinRecipes,https://www.myskinrecipes.com/shop/th/dairy-นม-เนย/2514-diacetyl.html
2493,Dihydromyrcenol,1 g,18479-58-8,,49.45,49.4500,,,,,,MySkinRecipes,https://www.myskinrecipes.com/shop/th/citrus-ส้ม-เปรี้ยว-สดชื่น/2493-dihydromyrcenol.html
2480,Borneol,400 g,507-70-0,,47.46,0.1187,,,,,,MySkinRecipes,https://www.myskinrecipes.com/shop/th/ice-cold-เย็น/2480-borneol-พิมเสน.html
2438,Ethyl Palmitate (FEMA,1 g,628-97-7,,38.98,38.9800,,,,,,MySkinRecipes,https://www.myskinrecipes.com/shop/th/aldehyde-ไขมัน/2438-ethyl-palmitate-fema-2451.html
32360,Octyl Butyrate,1 g,110-39-4,,129.25,129.2500,,,,,,MySkinRecipes,https://www.myskinrecipes.com/shop/th/ungrouped/32360-octyl-butyrate-.html
3721,Carvacrol,1 g,499-75-2,,338.73,338.7300,,,,,,MySkinRecipes,https://www.myskinrecipes.com/shop/th/phenolic-ยา/3721-carvacrol.html
3432,Leather Cyclohexanol,1 g,4621-04-9,,328.75,328.7500,,,,,,MySkinRecipes,https://www.myskinrecipes.com/shop/th/animal-สัตว์/3432-leather-cyclohexanol-apo-patchone-coeur-folrosia.html
2854,Polysantol,1 g,107898-54-4,,157.68,157.6800,,,,,,MySkinRecipes,https://www.myskinrecipes.com/shop/th/wood-ไม้-เปลือกไม้/2854-santol-pentenol.html
2832,Maltol,1 g,118-71-8,,39.68,39.6800,,,,,,MySkinRecipes,https://www.myskinrecipes.com/shop/th/vanilla-วานิลลา/2832-maltol-fema-2656.html
2796,Cinnamyl Acetate,1 g,103-54-8,,56.03,56.0300,,,,,,MySkinRecipes,https://www.myskinrecipes.com/shop/th/spice-เผ็ดร้อน/2796-cinnamyl-acetate-fema-2293.html
2768,"Citronellol (96%, DL",1 g,106-22-9,,52.44,52.4400,,,,,,MySkinRecipes,https://www.myskinrecipes.com/shop/th/rose-กุหลาบ/2768-citronellol-96-dl-fema-2309.html
2752,Phenethyl Cinnamate (FEMA,1 g,103-53-7,,55.14,55.1400,,,,,,MySkinRecipes,https://www.myskinrecipes.com/shop/th/frankincense-กำยาน/2752-phenethyl-cinnamate-fema-2863.html
2697,Nopyl Acetate,5 g,128-51-8,,53.94,10.7880,,,,,,MySkinRecipes,https://www.myskinrecipes.com/shop/th/linalool-ฟรีเซีย/2697-nopyl-acetate.html
2613,Styralyl Acetate (FEMA‑2684),1 g,93-92-5,,42.47,42.4700,,,,,,MySkinRecipes,https://www.myskinrecipes.com/shop/th/green-พืช-ใบไม้เขียว/2613-styralyl-acetate-fema-2684.html
2563,Isoamyl Octanoate,1 g,2035-99-6,,45.26,45.2600,,,,,,MySkinRecipes,https://www.myskinrecipes.com/shop/th/fruit-ผลไม้/2563-isoamyl-octanoate-fema-2080.html
2531,Methional (FEMA,1 g,3268-49-3,,79.38,79.3800,,,,,,MySkinRecipes,https://www.myskinrecipes.com/shop/th/edible-อาหาร/2531-methional-fema-2747.html
2515,Butyl Lactate,1 g,138-22-7,,43.47,43.4700,,,,,,MySkinRecipes,https://www.myskinrecipes.com/shop/th/dairy-นม-เนย/2515-butyl-lactate-fema-2205.html
2494,Dipentene (DL‑Limonene),1 g,138-86-3,,45.46,45.4600,,,,,,MySkinRecipes,https://www.myskinrecipes.com/shop/th/citrus-ส้ม-เปรี้ยว-สดชื่น/2494-dipentene-dl-limonene.html
2481,beta,1 g,,,1458.32,1458.3200,,,,,,MySkinRecipes,https://www.myskinrecipes.com/shop/th/ice-cold-เย็น/2481-beta-homocyclocitral-fema-3474.html
2439,4,1 g,65405-70-1,,688.35,688.3500,,,,,,MySkinRecipes,https://www.myskinrecipes.com/shop/th/aldehyde-ไขมัน/2439-4-decenal-fema-3264.html
33768,Cyclohexenyl pentanal,1 g,65405-84-7,,108030.00,108030.0000,,,,,,MySkinRecipes,https://www.myskinrecipes.com/shop/th/iris-ไอริส/33768-4-266-trimethyl-1-cyclohex-2-enylpentanal-.html
32361,Heptyl Butyrate,1 g,5870-93-9,,129.25,129.2500,,,,,,MySkinRecipes,https://www.myskinrecipes.com/shop/th/ungrouped/32361-heptyl-butyrate-.html
9239,Monomenthyl Succinate (FEMA,1 g,77341-67-4,,1227.00,1227.0000,,,,,,MySkinRecipes,https://www.myskinrecipes.com/shop/th/ice-cold-เย็น/9239-monomenthyl-succinate-menthyl-succinate-fema-3810.html
8015,"Dihydrojasmone lactone, gamma",1 g,7011-83-8,,64.41,64.4100,,,,,,MySkinRecipes,https://www.myskinrecipes.com/shop/th/jasmine-มะลิ/8015-dihydrojasmone-lactone-gamma-methyl-decalacton-fema-3786.html
3989,Naphthalene,1 g,91-20-3,,35.00,35.0000,,,,,,MySkinRecipes,https://www.myskinrecipes.com/shop/th/phenolic-ยา/3989-naphthalene.html
2891,Celestolide,1 g,13171-00-1,,74.55,74.5500,,,,,,MySkinRecipes,https://www.myskinrecipes.com/shop/th/musk-มัสก์/2891-celestolide.html
2855,Santalol,1 g,11031-45-1,,69.40,69.4000,,,,,,MySkinRecipes,https://www.myskinrecipes.com/shop/th/wood-ไม้-เปลือกไม้/2855-santalol-fema-3006.html
2797,Cinnamaldehyde,1 g,104-55-2,,42.47,42.4700,,,,,,MySkinRecipes,https://www.myskinrecipes.com/shop/th/spice-เผ็ดร้อน/2797-cinnamaldehyde-cinnamic-aldehyde.html
2769,Benzyl Phenyl Acetate,1 g,102-16-9,,47.96,47.9600,,,,,,MySkinRecipes,https://www.myskinrecipes.com/shop/th/rose-กุหลาบ/2769-benzyl-phenyl-acetate.html
2753,Benzyl Cinnamate (FEMA,1 g,103-41-3,,55.86,55.8600,,,,,,MySkinRecipes,https://www.myskinrecipes.com/shop/th/frankincense-กำยาน/2753-benzyl-cinnamate-fema-2142.html
2698,Linalyl Acetate (FEMA,1 g,115-95-7,,44.60,44.6000,,,,,,MySkinRecipes,https://www.myskinrecipes.com/shop/th/linalool-ฟรีเซีย/2698-linalyl-acetate-fema-2636.html
2614,cis‑3‑Hexen‑1‑ol (Leaf Alcohol),1 g,928-96-1,,109.30,109.3000,,,,,,MySkinRecipes,https://www.myskinrecipes.com/shop/th/green-พืช-ใบไม้เขียว/2614-hexenol-cis-3.html
2564,Tropical Thiazole,1 g,15679-13-7,,326.26,326.2600,,,,,,MySkinRecipes,https://www.myskinrecipes.com/shop/th/fruit-ผลไม้/2564-tropical-thiazole.html
2532,Fish Thiol (2,1 g,28588-74-1,,407.06,407.0600,,,,,,MySkinRecipes,https://www.myskinrecipes.com/shop/th/edible-อาหาร/2532-fish-thiol-2-methyl-3-furanthiol-fema-3188.html
2516,Gamma‑Nonalactone (C‑18),1 g,104-61-0,,48.85,48.8500,,,,,,MySkinRecipes,https://www.myskinrecipes.com/shop/th/dairy-นม-เนย/2516-gamma-nonalactone-aldehyde-c-18.html
2495,Methyl Heptenone,1 g,110-93-0,,47.78,47.7800,,,,,,MySkinRecipes,https://www.myskinrecipes.com/shop/th/citrus-ส้ม-เปรี้ยว-สดชื่น/2495-methyl-heptenone-fema-2707.html
33730,Dihydrocarveol,1 g,619-01-2,,151.20,151.2000,,,,,,MySkinRecipes,https://www.myskinrecipes.com/shop/th/ice-cold-เย็น/33730-2-methyl-5-prop-1-en-2-ylcyclohexan-1-ol-fema-2379.html
32362,Methyl Isobutyrate (FEMA,1 g,547-63-7,,129.25,129.2500,,,,,,MySkinRecipes,https://www.myskinrecipes.com/shop/th/ungrouped/32362-methyl-isobutyrate-fema-2694.html
3885,Cuminyl Acetaldehyde,1 g,7775-00-0,,142.31,142.3100,,,,,,MySkinRecipes,https://www.myskinrecipes.com/shop/th/lily-of-the-valley/3885-cuminyl-acetaldehyde-cyclemax.html
3688,Jasmin Pyranol (Jessemal),1 g,38285-49-3,,66.31,66.3100,,,,,,MySkinRecipes,https://www.myskinrecipes.com/shop/th/jasmine-มะลิ/3688-jasmin-pyranol-jessemal.html
2892,Cosmone,1 g,10461-98-0,,927.25,927.2500,,,,,,MySkinRecipes,https://www.myskinrecipes.com/shop/th/musk-มัสก์/2892-cosmone.html
2856,Patchouli Hexanol (Patchone),1 g,98-52-2,,47.06,47.0600,,,,,,MySkinRecipes,https://www.myskinrecipes.com/shop/th/wood-ไม้-เปลือกไม้/2856-patchouli-hexanol-patchone.html
2834,Shoyu Furanone 20% in PG,1 g,27538-09-6,,929.10,929.1000,,,,,,MySkinRecipes,https://www.myskinrecipes.com/shop/th/vanilla-วานิลลา/2834-shoyu-furanone-homofuronol.html
2798,Benzyl Isoeugenol,1 g,120-11-6,,135.93,135.9300,,,,,,MySkinRecipes,https://www.myskinrecipes.com/shop/th/spice-เผ็ดร้อน/2798-benzyl-isoeugenol.html
2770,Phenethyl Phenyl Acetate,1 g,102-20-5,,47.06,47.0600,,,,,,MySkinRecipes,https://www.myskinrecipes.com/shop/th/rose-กุหลาบ/2770-phenethyl-phenyl-acetate.html
2754,Phenethyl Benzoate,1 g,94-47-3,,59.43,59.4300,,,,,,MySkinRecipes,https://www.myskinrecipes.com/shop/th/frankincense-กำยาน/2754-phenethyl-benzoate.html
2699,DMBCB (FEMA,1 g,10094-34-5,,52.09,52.0900,,,,,,MySkinRecipes,https://www.myskinrecipes.com/shop/th/linalool-ฟรีเซีย/2699-dimethyl-benzyl-carbinyl-butyrate-dmbcb-fema-2394.html
2565,Hexyl Acetate,1 g,142-92-7,,45.76,45.7600,,,,,,MySkinRecipes,https://www.myskinrecipes.com/shop/th/fruit-ผลไม้/2565-hexyl-acetate-fema-2565.html
2533,2‑Acetylpyrazine,1 g,22047-25-2,,328.75,328.7500,,,,,,MySkinRecipes,https://www.myskinrecipes.com/shop/th/edible-อาหาร/2533-2-acetyl-pyrazine.html
2517,Octahydrocoumarin,1 g,4430-31-3,,299.33,299.3300,,,,,,MySkinRecipes,https://www.myskinrecipes.com/shop/th/dairy-นม-เนย/2517-octahydrocoumarin-bicyclonona-lactone-fema-3791-.html
2496,Dimethyl Octenone,1 g,2550-11-0,,428.50,428.5000,,,,,,MySkinRecipes,https://www.myskinrecipes.com/shop/th/citrus-ส้ม-เปรี้ยว-สดชื่น/2496-dimethyl-octenone.html
2441,Octanal (aldehyde C,1 g,124-13-0,,46.46,46.4600,,,,,,MySkinRecipes,https://www.myskinrecipes.com/shop/th/aldehyde-ไขมัน/2441-octanal-aldehyde-c-8.html
33767,Cyclohexenyl acetaldehyde,1 g,472-66-2,,329.25,329.2500,,,,,,MySkinRecipes,https://www.myskinrecipes.com/shop/th/ice-cold-เย็น/33767-2-266-trimethyl-1-cyclohexenylacetaldehyde-fema-3474.html
32363,Propyl Isobutyrate (FEMA,1 g,644-49-5,,129.25,129.2500,,,,,,MySkinRecipes,https://www.myskinrecipes.com/shop/th/ungrouped/32363-propyl-isobutyrate-fema-2936.html
8021,Benzyl Butyrate (FEMA,1 g,103-37-7,,41.23,41.2300,,,,,,MySkinRecipes,https://www.myskinrecipes.com/shop/th/jasmine-มะลิ/8021-benzyl-butyrate-fema-2140.html
3560,Amber Butanol (Ambercore),1 g,139504-68-0,,35.00,35.0000,,,,,,MySkinRecipes,https://www.myskinrecipes.com/shop/th/animal-สัตว์/3560-amber-butanol-ambercore.html
2893,Globanone,1 g,37609-25-9,,459.84,459.8400,,,,,,MySkinRecipes,https://www.myskinrecipes.com/shop/th/musk-มัสก์/2893-globanone.html
2857,Okoumal,1 g,131812-67-4,,416.03,416.0300,,,,,,MySkinRecipes,https://www.myskinrecipes.com/shop/th/wood-ไม้-เปลือกไม้/2857-woody-dioxolane-okoumal.html
2799,Isobutyl Salicylate,1 g,87-19-4,,304.77,304.7700,,,,,,MySkinRecipes,https://www.myskinrecipes.com/shop/th/spice-เผ็ดร้อน/2799-isobutyl-salicylate.html
2771,Phenethyl Acetate (FEMA,1 g,103-45-7,,43.47,43.4700,,,,,,MySkinRecipes,https://www.myskinrecipes.com/shop/th/rose-กุหลาบ/2771-phenethyl-acetate-fema-2857.html
2700,Ethyl Linalool,1 g,10339-55-6,,57.43,57.4300,,,,,,MySkinRecipes,https://www.myskinrecipes.com/shop/th/linalool-ฟรีเซีย/2700-ethyl-linalool.html
2616,trans‑2‑Hexen‑1‑ol,1 g,928-95-0,,152.09,152.0900,,,,,,MySkinRecipes,https://www.myskinrecipes.com/shop/th/green-พืช-ใบไม้เขียว/2616-trans-2-hexenol-fema-2562.html
2566,Allyl Heptanoate,1 g,142-19-8,,38.98,38.9800,,,,,,MySkinRecipes,https://www.myskinrecipes.com/shop/th/fruit-ผลไม้/2566-allyl-heptanoate-fema-2031.html
2534,Shoyu Pyrazine,1 g,15707-24-1,,25699.00,25699.0000,,,,,,MySkinRecipes,https://www.myskinrecipes.com/shop/th/edible-อาหาร/2534-shoyu-pyrazine.html
2497,Homogeranyl Nitrile (Lemonile),1 g,61792-11-8,,63.69,63.6900,,,,,,MySkinRecipes,https://www.myskinrecipes.com/shop/th/citrus-ส้ม-เปรี้ยว-สดชื่น/2497-homogeranyl-nitrile-lemonile.html
125625,"Menthol Crystal (Low Bitter, ไม่ขม)",1 g,,,35.00,35.0000,,,,,,MySkinRecipes,https://www.myskinrecipes.com/shop/th/ice-cold-เย็น/125625-menthol-crystal-low-bitter-ไม่ขม.html
32885,Jessemal (Jasmonyl),1 g,1322-17-4,,52.09,52.0900,,,,,,MySkinRecipes,https://www.myskinrecipes.com/shop/th/jasmine-มะลิ/32885-jessemal-jasmonyl-fema-2783.html
32364,Butyl Isobutyrate (FEMA,1 g,97-87-0,,129.25,129.2500,,,,,,MySkinRecipes,https://www.myskinrecipes.com/shop/th/ungrouped/32364-butyl-isobutyrate-fema-2188-.html
4001,2,1 g,93-19-6,,827.50,827.5000,,,,,,MySkinRecipes,https://www.myskinrecipes.com/shop/th/animal-สัตว์/4001-2-isobutyl-quinoline.html
3845,Muguet Carboxaldehyde,1 g,68991-97-9,,66.41,66.4100,,,,,,MySkinRecipes,https://www.myskinrecipes.com/shop/th/lily-of-the-valley/3845-muguet-carboxaldehyde-cyclomugual-cyclomyral-melafleur.html
3440,Hercolyn D,1 g,8050-15-5,,56.43,56.4300,,,,,,MySkinRecipes,https://www.myskinrecipes.com/shop/th/frankincense-กำยาน/3440-methyl-hydrogenated-rosinate.html
2894,Habanolide,1 g,3796-70-1,,104.31,104.3100,,,,,,MySkinRecipes,https://www.myskinrecipes.com/shop/th/musk-มัสก์/2894-habanolide.html
2858,Camphene,1 g,79-92-5,,51.55,51.5500,,,,,,MySkinRecipes,https://www.myskinrecipes.com/shop/th/wood-ไม้-เปลือกไม้/2858-camphene.html
2800,Methyl Diantilis,1 g,5595-79-9,,760.17,760.1700,,,,,,MySkinRecipes,https://www.myskinrecipes.com/shop/th/spice-เผ็ดร้อน/2800-dianthus-ethone-methyl-diantilis.html
2772,Phenethyl Isobutyrate (FEMA,1 g,103-48-0,,47.06,47.0600,,,,,,MySkinRecipes,https://www.myskinrecipes.com/shop/th/rose-กุหลาบ/2772-phenethyl-isobutyrate-fema-2862.html
2701,Ethyl Linalyl Acetate,1 g,61931-80-4,,74.89,74.8900,,,,,,MySkinRecipes,https://www.myskinrecipes.com/shop/th/linalool-ฟรีเซีย/2701-ethyl-linalyl-acetate.html
2567,Raspberry Ketone,1 g,5471-51-2,,55.14,55.1400,,,,,,MySkinRecipes,https://www.myskinrecipes.com/shop/th/fruit-ผลไม้/2567-raspberry-ketone-fema-2588.html
2535,"2,3,5‑Trimethylpyrazine",1 g,14667-55-1,,159.18,159.1800,,,,,,MySkinRecipes,https://www.myskinrecipes.com/shop/th/edible-อาหาร/2535-235-trimethyl-pyrazine-fema-3244.html
2519,Methyl Laitone 10%,1 g,94201-19-1,,130.71,130.7100,,,,,,MySkinRecipes,https://www.myskinrecipes.com/shop/th/dairy-นม-เนย/2519-coconut-decanone-methyl-methyl-laitone.html
2498,Lime Oxide (Limetol),1 g,7392-19-0,,467.17,467.1700,,,,,,MySkinRecipes,https://www.myskinrecipes.com/shop/th/citrus-ส้ม-เปรี้ยว-สดชื่น/2498-lime-oxide-limetol.html
2443,"Octanoic Acid, C8, Caprylic Acid (FEMA",1 g,124-07-2,,41.67,41.6700,,,,,,MySkinRecipes,https://www.myskinrecipes.com/shop/th/fatty-acids-fatty-alcohols/2443-octanoic-acid-c8-caprylic-acid-fema-2799.html
32365,Isobutyl Isobutyrate (FEMA,1 g,97-85-8,,129.25,129.2500,,,,,,MySkinRecipes,https://www.myskinrecipes.com/shop/th/ungrouped/32365-isobutyl-isobutyrate-fema-2189-.html
3717,2‑Pentyl Cyclopentanone,1 g,4819-67-4,,35.00,35.0000,,,,,,MySkinRecipes,https://www.myskinrecipes.com/shop/th/jasmine-มะลิ/3717-2-pentyl-cyclopentanone.html
3667,δ‑Nonalactone,1 g,3301-94-8,,142.31,142.3100,,,,,,MySkinRecipes,https://www.myskinrecipes.com/shop/th/dairy-นม-เนย/3667-delta-nonalactone-fema-3356.html
2895,Helvetolide,1 g,141773-73-1,,593.59,593.5900,,,,,,MySkinRecipes,https://www.myskinrecipes.com/shop/th/musk-มัสก์/2895-musk-propanoate-helvetolide.html
2859,Dihydro‑β‑ionone,8 g,17283-81-7,,80.27,10.0337,,,,,,MySkinRecipes,https://www.myskinrecipes.com/shop/th/wood-ไม้-เปลือกไม้/2859-dihydro-beta-ionone.html
2801,Toscanol,1 g,16510-27-3,,711.21,711.2100,,,,,,MySkinRecipes,https://www.myskinrecipes.com/shop/th/spice-เผ็ดร้อน/2801-sassafras-acetate-toscanol.html
2773,"Peony Acetonitrile, Peonile",1 g,10461-98-0,,48.45,48.4500,,,,,,MySkinRecipes,https://www.myskinrecipes.com/shop/th/rose-กุหลาบ/2773-peony-acetonitrile.html
2702,2‑Octanone,1 g,111-13-7,,59.73,59.7300,,,,,,MySkinRecipes,https://www.myskinrecipes.com/shop/th/linalool-ฟรีเซีย/2702-2-octanone-methyl-hexyl-ketone-fema-2802.html
2618,Galbanum Resinoid,1 g,9000-24-2,,97.33,97.3300,,,,,,MySkinRecipes,https://www.myskinrecipes.com/shop/th/green-พืช-ใบไม้เขียว/2618-galbanum-resinoid.html
2568,Methyl Isovalerate,1 g,556-24-1,,58.43,58.4300,,,,,,MySkinRecipes,https://www.myskinrecipes.com/shop/th/fruit-ผลไม้/2568-methyl-isovalerate.html
2536,"3,5‑Cocoa Pyrazine",1 g,13925-07-0,,723.26,723.2600,,,,,,MySkinRecipes,https://www.myskinrecipes.com/shop/th/edible-อาหาร/2536-3-5-cocoa-pyrazine.html
2444,Ethyl Nonanoate (FEMA,1 g,123-29-5,,48.45,48.4500,,,,,,MySkinRecipes,https://www.myskinrecipes.com/shop/th/aldehyde-ไขมัน/2444-ethyl-nonanoate-fema-2447.html
33720,"Lily Propanol, Majantol",1 g,103694-68-4,,74.89,74.8900,,,,,,MySkinRecipes,https://www.myskinrecipes.com/shop/th/lily-of-the-valley/33720-lily-propanol-majantol.html
32366,2,1 g,2445-69-4,,727.75,727.7500,,,,,,MySkinRecipes,https://www.myskinrecipes.com/shop/th/ungrouped/32366-2-methylbutyl-isobutyrate.html
3696,Methyl Jasmonate,1 g,39924-52-2,,2423.50,2423.5000,,,,,,MySkinRecipes,https://www.myskinrecipes.com/shop/th/jasmine-มะลิ/3696-methyl-jasmonatefema-3410.html
3496,Gamma‑Heptalactone,1 g,105-21-5,,41.83,41.8300,,,,,,MySkinRecipes,https://www.myskinrecipes.com/shop/th/dairy-นม-เนย/3496-gamma-heptalactone-fema-2539.html
3447,Ocimene,1 g,13877-91-3,,98.33,98.3300,,,,,,MySkinRecipes,https://www.myskinrecipes.com/shop/th/frankincense-กำยาน/3447-beta-ocimene.html
2860,Orris Hexanone (Orivone),1 g,16587-71-6,,104.13,104.1300,,,,,,MySkinRecipes,https://www.myskinrecipes.com/shop/th/wood-ไม้-เปลือกไม้/2860-orris-hexanone-orivone.html
2838,Ethyl Vanillin,1 g,121-32-4,,44.46,44.4600,,,,,,MySkinRecipes,https://www.myskinrecipes.com/shop/th/vanilla-วานิลลา/2838-ethyl-vanillin-fema-2464-.html
2802,4‑Methyl Guaiacol,1 g,93-51-6,,129.25,129.2500,,,,,,MySkinRecipes,https://www.myskinrecipes.com/shop/th/spice-เผ็ดร้อน/2802-valspice-4-methyl-guaiacol-fema-2671-.html
2774,Phenethyl Formate,1 g,104-62-1,,48.85,48.8500,,,,,,MySkinRecipes,https://www.myskinrecipes.com/shop/th/rose-กุหลาบ/2774-phenethyl-formate.html
2703,Linalyl Propionate,1 g,144-39-8,,328.95,328.9500,,,,,,MySkinRecipes,https://www.myskinrecipes.com/shop/th/linalool-ฟรีเซีย/2703-linalyl-propionate.html
2619,Undecavertol (Violet Decenol),1 g,81782-77-6,,68.60,68.6000,,,,,,MySkinRecipes,https://www.myskinrecipes.com/shop/th/green-พืช-ใบไม้เขียว/2619-violet-decenol-undecavertol.html
2569,Methyl Butyrate,1 g,623-42-7,,42.93,42.9300,,,,,,MySkinRecipes,https://www.myskinrecipes.com/shop/th/fruit-ผลไม้/2569-methyl-butyrate-fema-2693.html
2537,Sulfurol (FEMA 3204),1 g,137-00-8,,105.31,105.3100,,,,,,MySkinRecipes,https://www.myskinrecipes.com/shop/th/edible-อาหาร/2537-sulfurol-4-methyl-5-thiazoleethanol-milk-fema-3204.html
2500,Mandarine Aldehyde 10%,1 g,20407-84-5,,629.85,629.8500,,,,,,MySkinRecipes,https://www.myskinrecipes.com/shop/th/citrus-ส้ม-เปรี้ยว-สดชื่น/2500-mandarine-aldehyde-10.html
2445,Para,1 g,105-13-5,,52.44,52.4400,,,,,,MySkinRecipes,https://www.myskinrecipes.com/shop/th/aldehyde-ไขมัน/2445-para-anisyl-alcohol.html
33418,Sulfurol (Bean Curd),1 g,137-00-8,,105.31,105.3100,,,,,,MySkinRecipes,https://www.myskinrecipes.com/shop/th/edible-อาหาร/33418-sulfurol-4-methyl-5-thiazoleethanol-bean-curd-fema-3204.html
32504,5(6),1 g,72881-27-7,,129.25,129.2500,,,,,,MySkinRecipes,https://www.myskinrecipes.com/shop/th/dairy-นม-เนย/32504-56-decenoic-acid-fema-3742.html
32368,Butyl 2,1 g,15706-73-7,,129.25,129.2500,,,,,,MySkinRecipes,https://www.myskinrecipes.com/shop/th/ungrouped/32368--butyl-2-methylbutyrate-fema-3393.html
4009,Isoamyl Benzoate (FEMA,1 g,94-46-2,,35.00,35.0000,,,,,,MySkinRecipes,https://www.myskinrecipes.com/shop/th/frankincense-กำยาน/4009-isoamyl-benzoate-fema-2058.html
2897,iso‑Muscone 50% in IPM,1 g,,,179.63,179.6300,,,,,,MySkinRecipes,https://www.myskinrecipes.com/shop/th/musk-มัสก์/2897-cyclohexadecanone-muscone-iso.html
2803,Bisabolene,1 g,495-62-5,,248.95,248.9500,,,,,,MySkinRecipes,https://www.myskinrecipes.com/shop/th/spice-เผ็ดร้อน/2803-bisabolene-fema-3331-jecfa-1336.html
2775,Geranyl Formate (FEMA,1 g,105-86-2,,56.93,56.9300,,,,,,MySkinRecipes,https://www.myskinrecipes.com/shop/th/rose-กุหลาบ/2775-geranyl-formate-fema-2514.html
2620,Cyclogalbanate (Cyclogalbaniff),1 g,68901-15-5,,92.84,92.8400,,,,,,MySkinRecipes,https://www.myskinrecipes.com/shop/th/green-พืช-ใบไม้เขียว/2620-cyclogalbanate-cyclogalbaniff.html
2570,Ethyl Isobutyrate,1 g,97-62-1,,65.41,65.4100,,,,,,MySkinRecipes,https://www.myskinrecipes.com/shop/th/fruit-ผลไม้/2570-ethyl-isobutyrate-fema-2428.html
2501,Pamplefleur,1 g,92585-24-5,,441.05,441.0500,,,,,,MySkinRecipes,https://www.myskinrecipes.com/shop/th/citrus-ส้ม-เปรี้ยว-สดชื่น/2501-pamplefleur.html
2446,Ethyl Octanoate (FEMA,1 g,106-32-1,,39.68,39.6800,,,,,,MySkinRecipes,https://www.myskinrecipes.com/shop/th/aldehyde-ไขมัน/2446-ethyl-octanoate-fema-2449.html
252973,L‑Ambregrisox,1 g,6790-58-5,,2950.13,2950.1300,,,,,,MySkinRecipes,https://www.myskinrecipes.com/shop/th/animal-สัตว์/252973-l-ambregrisox.html
32370,Isoamyl 2,1 g,27625-35-0,,219.03,219.0300,,,,,,MySkinRecipes,https://www.myskinrecipes.com/shop/th/ungrouped/32370-isoamyl-2-methylbutyrate-fema-3505-.html
3846,Ocimene Oxirane,1 g,69103-20-4,,777.63,777.6300,,,,,,MySkinRecipes,https://www.myskinrecipes.com/shop/th/ไม่มีสาร/3846-ocimene-oxirane.html
3593,Dihydrolinalool,1 g,18479-51-1,,119.48,119.4800,,,,,,MySkinRecipes,https://www.myskinrecipes.com/shop/th/linalool-ฟรีเซีย/3593-dihydrolinalool-dihydro-linalool.html
2898,Ambretone (Velvione),1 g,37609-25-9,,944.41,944.4100,,,,,,MySkinRecipes,https://www.myskinrecipes.com/shop/th/musk-มัสก์/2898-ambretone-velvione.html
2804,Cuminyl Nitrile,1 g,13816-33-6,,854.01,854.0100,,,,,,MySkinRecipes,https://www.myskinrecipes.com/shop/th/spice-เผ็ดร้อน/2804-cuminyl-nitrile.html
2776,Geranyl Acetate (FEMA,1 g,105-87-3,,53.70,53.7000,,,,,,MySkinRecipes,https://www.myskinrecipes.com/shop/th/rose-กุหลาบ/2776-geranyl-acetate-fema-2509.html
2621,Triplal,1 g,68039-49-6,,44.96,44.9600,,,,,,MySkinRecipes,https://www.myskinrecipes.com/shop/th/green-พืช-ใบไม้เขียว/2621-triplal.html
2571,Peach Cyclopentanone,1 g,95962-14-4,,103.62,103.6200,,,,,,MySkinRecipes,https://www.myskinrecipes.com/shop/th/fruit-ผลไม้/2571-peach-cyclopentanone.html
2502,Citrathal,1 g,7492-66-2,,89.35,89.3500,,,,,,MySkinRecipes,https://www.myskinrecipes.com/shop/th/citrus-ส้ม-เปรี้ยว-สดชื่น/2502-pamplefleur.html
2447,Ethyl Laurate (FEMA,1 g,106-33-2,,138.23,138.2300,,,,,,MySkinRecipes,https://www.myskinrecipes.com/shop/th/aldehyde-ไขมัน/2447-ethyl-laurate-fema-2441.html
33702,Dihydrocarvyl acetate (FEMA,1 g,20777-49-5,,209.55,209.5500,,,,,,MySkinRecipes,https://www.myskinrecipes.com/shop/th/linalool-ฟรีเซีย/33702-dihydrocarvyl-acetate-fema-2380.html
32371,Hexyl isovalerate (FEMA,1 g,10032-13-0,,12980.00,12980.0000,,,,,,MySkinRecipes,https://www.myskinrecipes.com/shop/th/ungrouped/32371--hexyl-isovalerate-hexyl-3-methylbutanoate-fema-3500.html
3876,Grapefruit Nitrile,1 g,75490-39-0,,254.63,254.6300,,,,,,MySkinRecipes,https://www.myskinrecipes.com/shop/th/citrus-ส้ม-เปรี้ยว-สดชื่น/3876-grapefruit-nitrile-khusinil.html
3725,Isovaleric Acid,1 g,503-74-2,,35.00,35.0000,,,,,,MySkinRecipes,https://www.myskinrecipes.com/shop/th/dairy-นม-เนย/3725-isovaleric-acid-fema-3102.html
3427,Terpinen‑4‑ol,1 g,562-74-3,,49.65,49.6500,,,,,,MySkinRecipes,https://www.myskinrecipes.com/shop/th/spice-เผ็ดร้อน/3427-4-carvomenthenol-terpinen-4-ol-fema-2248.html
3272,Cocoa Absolute,1 g,,,104.81,104.8100,,,,,,MySkinRecipes,https://www.myskinrecipes.com/shop/th/absolute-solvent-extract/3272-cocoa-absolute-100.html
2899,Applelide,1 g,478695-70-4,,428.50,428.5000,,,,,,MySkinRecipes,https://www.myskinrecipes.com/shop/th/musk-มัสก์/2899-applelide.html
2863,Guaiyl Acetate,1 g,134-28-1,,428.80,428.8000,,,,,,MySkinRecipes,https://www.myskinrecipes.com/shop/th/wood-ไม้-เปลือกไม้/2863-guaiyl-acetate.html
2777,Dimethyl Octanol,1 g,106-21-8,,61.42,61.4200,,,,,,MySkinRecipes,https://www.myskinrecipes.com/shop/th/rose-กุหลาบ/2777-dimethyl-octanol.html
2572,Verdox (Green Acetate),1 g,88-41-5,,37.48,37.4800,,,,,,MySkinRecipes,https://www.myskinrecipes.com/shop/th/fruit-ผลไม้/2572-2-tert-butylcyclohexylacetate.html
2538,Pyridine (FEMA 2966),1 g,110-86-1,,68.60,68.6000,,,,,,MySkinRecipes,https://www.myskinrecipes.com/shop/th/edible-อาหาร/2538-pyridine-fema-2966.html
2448,Ethyl Decanoate (FEMA,1 g,110-38-3,,49.45,49.4500,,,,,,MySkinRecipes,https://www.myskinrecipes.com/shop/th/aldehyde-ไขมัน/2448-ethyl-decanoate-fema-2432.html
33710,Methyl 2,1 g,3549-23-3,,448.45,448.4500,,,,,,MySkinRecipes,https://www.myskinrecipes.com/shop/th/dairy-นม-เนย/33710-methyl-2-4-tert-butylphenylacetate-fema-2690.html
32376,Propyl Caproate (FEMA,1 g,626-77-7,,129.25,129.2500,,,,,,MySkinRecipes,https://www.myskinrecipes.com/shop/th/ungrouped/32376-propyl-caproatefema-2949.html
3617,Waxy Nitrile (Ozonil),1 g,22629-49-8,,329.50,329.5000,,,,,,MySkinRecipes,https://www.myskinrecipes.com/shop/th/citrus-ส้ม-เปรี้ยว-สดชื่น/3617-waxy-nitrile-ozonil.html
3614,Ethyl Cyclopentenolone (ECP),1 g,21835-01-8,,484.36,484.3600,,,,,,MySkinRecipes,https://www.myskinrecipes.com/shop/th/vanilla-วานิลลา/3614-ethyl-cyclopentenolone.html
3466,Para‑anisyl Propanal (Canthoxal),1 g,5462-06-6,,52.09,52.0900,,,,,,MySkinRecipes,https://www.myskinrecipes.com/shop/th/spice-เผ็ดร้อน/3466-para-anisyl-propanal-canthoxal.html
2900,Silvanone Supra,1 g,109-29-5,,981.08,981.0800,,,,,,MySkinRecipes,https://www.myskinrecipes.com/shop/th/musk-มัสก์/2900-silvanone-supra.html
2864,Sandal Cyclopropane (Javanol),1 g,198404-98-7,,1851.09,1851.0900,,,,,,MySkinRecipes,https://www.myskinrecipes.com/shop/th/wood-ไม้-เปลือกไม้/2864-sandal-cyclopropane-javanol.html
2778,Rose Acetate,1 g,90-17-5,,44.46,44.4600,,,,,,MySkinRecipes,https://www.myskinrecipes.com/shop/th/rose-กุหลาบ/2778-rose-acetate.html
2623,cis‑3‑Hexenyl Benzoate (FEMA‑3688),1 g,25152-85-6,,727.75,727.7500,,,,,,MySkinRecipes,https://www.myskinrecipes.com/shop/th/green-พืช-ใบไม้เขียว/2623-cis-3-hexenyl-benzoate-fema-3688.html
2573,Methyl 2‑methylbutyrate,1 g,868-57-5,,249.38,249.3800,,,,,,MySkinRecipes,https://www.myskinrecipes.com/shop/th/fruit-ผลไม้/2573-methyl-2-methyl-butyrate-fema-2719.html
2539,Butyl Phenyl Acetate,1 g,122-43-0,,47.06,47.0600,,,,,,MySkinRecipes,https://www.myskinrecipes.com/shop/th/edible-อาหาร/2539-butyl-phenyl-acetate.html
2449,2,1 g,110-41-8,,50.45,50.4500,,,,,,MySkinRecipes,https://www.myskinrecipes.com/shop/th/aldehyde-ไขมัน/2449-2-methyl-undecanal-aldehyde-c-12-mna.html
32378,2,1 g,2601-13-0,,15985.01,15985.0100,,,,,,MySkinRecipes,https://www.myskinrecipes.com/shop/th/ungrouped/32378-2-methyl-butyl-hexanoate.html
8011,"Methyl Cyclopentenolone (MCP, Cyclotene, Maple Lactone)",1 g,80-71-7,,45.46,45.4600,,,,,,MySkinRecipes,https://www.myskinrecipes.com/shop/th/vanilla-วานิลลา/8011-methyl-cyclopentenolone-mcp-cyclotene-maple-lactone.html
3713,Nootkatone,1 g,4674-50-4,,1027.00,1027.0000,,,,,,MySkinRecipes,https://www.myskinrecipes.com/shop/th/citrus-ส้ม-เปรี้ยว-สดชื่น/3713-nootkatone-fema-3166.html
3527,Cuminaldehyde,1 g,122-03-2,,141.94,141.9400,,,,,,MySkinRecipes,https://www.myskinrecipes.com/shop/th/spice-เผ็ดร้อน/3527-cuminaldehyde-fema-2341.html
2901,Zenolide,1 g,54982-83-1,,101.32,101.3200,,,,,,MySkinRecipes,https://www.myskinrecipes.com/shop/th/musk-มัสก์/2901-zenolide.html
2865,Woody Amylene (Koavone),1 g,81786-73-4,,207.16,207.1600,,,,,,MySkinRecipes,https://www.myskinrecipes.com/shop/th/wood-ไม้-เปลือกไม้/2865-woody-amylene-koavone.html
2779,Beta Damascone (FEMA,1 g,23726-91-2,,604.56,604.5600,,,,,,MySkinRecipes,https://www.myskinrecipes.com/shop/th/rose-กุหลาบ/2779-beta-damascone-fema-3243.html
2624,2‑Isobutyl‑3‑methoxypyrazine (IBMP),1 g,24683-00-9,,1556.18,1556.1800,,,,,,MySkinRecipes,https://www.myskinrecipes.com/shop/th/green-พืช-ใบไม้เขียว/2624-2-isobutyl-3-methoxypyrazine.html
2574,Tropical Ionone,1 g,79-78-7,,282.37,282.3700,,,,,,MySkinRecipes,https://www.myskinrecipes.com/shop/th/fruit-ผลไม้/2574-tropical-ionone-allyl-alpha-ionone-cetone-v.html
2540,Tetramethyl Pyrazine,8 g,1124-11-4,,173.64,21.7050,,,,,,MySkinRecipes,https://www.myskinrecipes.com/shop/th/edible-อาหาร/2540-tetramethyl-pyrazine-2-3-5-6.html
2450,"Methyl Octanoate, Methyl Caprylate (FEMA",1 g,111-11-5,,44.76,44.7600,,,,,,MySkinRecipes,https://www.myskinrecipes.com/shop/th/aldehyde-ไขมัน/2450-methyl-octanoate-methyl-caprylate-fema-2728.html
32379,Propyl Octanoate (Propyl Caprylate),7 g,624-13-5,,458.43,65.4900,,,,,,MySkinRecipes,https://www.myskinrecipes.com/shop/th/ungrouped/32379-propyl-octanoate.html
3694,Methyl Octalactone,1 g,39212-23-2,,129.25,129.2500,,,,,,MySkinRecipes,https://www.myskinrecipes.com/shop/th/vanilla-วานิลลา/3694-methyl-octalactone-whiskey-lactone-fema-3803.html
3534,Myrcene,1 g,123-35-3,,57.43,57.4300,,,,,,MySkinRecipes,https://www.myskinrecipes.com/shop/th/citrus-ส้ม-เปรี้ยว-สดชื่น/3534-myrcene-fema-2762.html
3481,Cinnamyl Butyrate,1 g,103-61-7,,54.71,54.7100,,,,,,MySkinRecipes,https://www.myskinrecipes.com/shop/th/spice-เผ็ดร้อน/3481-cinnamyl-butyrate-fema-2296.html
2902,Ambrettolide (99%),1 g,7779-50-2,,404.06,404.0600,,,,,,MySkinRecipes,https://www.myskinrecipes.com/shop/th/musk-มัสก์/2902-ambrettolide-99-fema-2555.html
2866,Kohinool (Amber Carbinol),1 g,87118-95-4,,353.19,353.1900,,,,,,MySkinRecipes,https://www.myskinrecipes.com/shop/th/wood-ไม้-เปลือกไม้/2866-kohinool-amber-carbinol.html
2780,"Floral Pyran, Rosyrane Super",1 g,60335-71-9,,104.81,104.8100,,,,,,MySkinRecipes,https://www.myskinrecipes.com/shop/th/rose-กุหลาบ/2780-floral-pyran-rosyrane-super.html
2625,Styralyl Propionate (FEMA‑2689),1 g,120-45-6,,52.44,52.4400,,,,,,MySkinRecipes,https://www.myskinrecipes.com/shop/th/green-พืช-ใบไม้เขียว/2625-styralyl-propionate-fema-2689.html
2575,Isobutyl Alcohol,1 g,78-83-1,,39.28,39.2800,,,,,,MySkinRecipes,https://www.myskinrecipes.com/shop/th/fruit-ผลไม้/2575-isobutyl-alcohol.html
2541,2‑Acetylpyridine,1 g,1122-62-9,,183.12,183.1200,,,,,,MySkinRecipes,https://www.myskinrecipes.com/shop/th/edible-อาหาร/2541-2-acetyl-pyridine-fema-3251.html
2451,Octanol,3 g,111-87-5,,58.43,19.4767,,,,,,MySkinRecipes,https://www.myskinrecipes.com/shop/th/aldehyde-ไขมัน/2451-octanol.html
32382,Propyl Decanoate,1 g,30673-60-0,,129.25,129.2500,,,,,,MySkinRecipes,https://www.myskinrecipes.com/shop/th/ungrouped/32382-propyl-decanoate.html
3732,Citronellyl Nitrile,1 g,51566-62-2,,49.09,49.0900,,,,,,MySkinRecipes,https://www.myskinrecipes.com/shop/th/citrus-ส้ม-เปรี้ยว-สดชื่น/3732-citronellyl-nitrile.html
2867,Oxyoctaline Formate (Amber Formate),1 g,65405-72-3,,662.49,662.4900,,,,,,MySkinRecipes,https://www.myskinrecipes.com/shop/th/wood-ไม้-เปลือกไม้/2867-amber-formate-oxyoctaline-formate.html
2781,"Phenoxanol, Mefrosol, Rose Absolute Pentalol",1 g,55066-48-3,,54.44,54.4400,,,,,,MySkinRecipes,https://www.myskinrecipes.com/shop/th/rose-กุหลาบ/2781-phenoxanol-mefrosol-rose-absolute-pentalol.html
2626,Octyl Acetate (FEMA‑2806),1 g,112-14-1,,45.26,45.2600,,,,,,MySkinRecipes,https://www.myskinrecipes.com/shop/th/green-พืช-ใบไม้เขียว/2626-octyl-acetate-fema-2806.html
2576,Strawberry Aldehyde,1 g,77-83-8,,46.46,46.4600,,,,,,MySkinRecipes,https://www.myskinrecipes.com/shop/th/fruit-ผลไม้/2576-aldehyde-c-16-strawberry-fema-2444.html
2452,Nonanoic Acid,1 g,112-05-0,,48.25,48.2500,,,,,,MySkinRecipes,https://www.myskinrecipes.com/shop/th/fatty-acids-fatty-alcohols/2452-nonanoic-acid.html
32385,Methyl Heptanoate (FEMA,1 g,106-73-0,,159.18,159.1800,,,,,,MySkinRecipes,https://www.myskinrecipes.com/shop/th/ungrouped/32385-methyl-heptanoatefema-2705.html
8174,Vanillin Propylene Glycol Acetal (FEMA,1 g,68527-74-2,,59.43,59.4300,,,,,,MySkinRecipes,https://www.myskinrecipes.com/shop/th/vanilla-วานิลลา/8174-vanillin-propylene-glycol-acetal-fema-3905.html
3835,Lemon Oil Terpenes,1 g,68917-33-9,,37.11,37.1100,,,,,,MySkinRecipes,https://www.myskinrecipes.com/shop/th/citrus-ส้ม-เปรี้ยว-สดชื่น/3835-lemon-oil-terpenes.html
3455,Sucrose Acetate Isobutyrate (SAIB),1 g,,,49.45,49.4500,,,,,,MySkinRecipes,https://www.myskinrecipes.com/shop/th/musk-มัสก์/3455-sucrose-acetate-isobutyrate.html
2782,"Green Ether, Anther, Phenyl Ethyl Isoamyl Ether",1 g,56011-02-0,,107.81,107.8100,,,,,,MySkinRecipes,https://www.myskinrecipes.com/shop/th/rose-กุหลาบ/2782-green-ether-anther-phenyl-ethyl-isoamyl-ether.html
2627,Methyl Octine Carbonate (FEMA‑2726),1 g,111-80-8,,352.99,352.9900,,,,,,MySkinRecipes,https://www.myskinrecipes.com/shop/th/green-พืช-ใบไม้เขียว/2627-methyl-octine-carbonate-fema-2726-.html
2577,Ethyl 2‑methylbutyrate,1 g,7452-79-1,,50.75,50.7500,,,,,,MySkinRecipes,https://www.myskinrecipes.com/shop/th/fruit-ผลไม้/2577-ethyl-2-methyl-butyrate-fema-2443.html
2453,Decyl Acetate (FEMA,1 g,112-17-4,,48.45,48.4500,,,,,,MySkinRecipes,https://www.myskinrecipes.com/shop/th/aldehyde-ไขมัน/2453-decyl-acetate-fema-2367.html
33797,Zingerone (vanillyl acetone),1 g,122-48-5,,328.75,328.7500,,,,,,MySkinRecipes,https://www.myskinrecipes.com/shop/th/spice-เผ็ดร้อน/33797-4-4-hydroxy-3-methoxyphenylbutan-2-one-fema-3124.html
32386,Propyl Heptanoate (FEMA,1 g,7778-87-2,,129.25,129.2500,,,,,,MySkinRecipes,https://www.myskinrecipes.com/shop/th/ungrouped/32386-propyl-heptanoatefema-2948.html
3744,2‑Heptanol,1 g,543-49-7,,35.00,35.0000,,,,,,MySkinRecipes,https://www.myskinrecipes.com/shop/th/citrus-ส้ม-เปรี้ยว-สดชื่น/3744-2-heptanolfema-3288.html
3536,Levulinic Acid,1 g,123-76-2,,3186.25,3186.2500,,,,,,MySkinRecipes,https://www.myskinrecipes.com/shop/th/vanilla-วานิลลา/3536-levulinic-acid-fema-2627.html
2869,Vetiveryl Acetate,1 g,117-98-6,,528.25,528.2500,,,,,,MySkinRecipes,https://www.myskinrecipes.com/shop/th/wood-ไม้-เปลือกไม้/2869-vetiveryl-acetate.html
2628,Melon Nonenoate,1 g,111-79-5,,117.98,117.9800,,,,,,MySkinRecipes,https://www.myskinrecipes.com/shop/th/green-พืช-ใบไม้เขียว/2628-melon-nonenoate.html
2578,Gamma‑Decalactone,1 g,706-14-9,,38.48,38.4800,,,,,,MySkinRecipes,https://www.myskinrecipes.com/shop/th/fruit-ผลไม้/2578-gamma-decalactone-fema-2360.html
2544,Methylbutyraldehyde,1 g,96-17-3,,2767.50,2767.5000,,,,,,MySkinRecipes,https://www.myskinrecipes.com/shop/th/edible-อาหาร/2544-methylbutyraldehyde-fema-2691-.html
2454,Decanol (1,1 g,112-30-1,,144.08,144.0800,,,,,,MySkinRecipes,https://www.myskinrecipes.com/shop/th/aldehyde-ไขมัน/2454-decanol.html
32375,Cinnamyl Isovalerate (FEMA,1 g,140-27-2,,199.08,199.0800,,,,,,MySkinRecipes,https://www.myskinrecipes.com/shop/th/spice-เผ็ดร้อน/32375-cinnamyl-isovaleratefema-2302.html
3619,Romandolide,1 g,236391-76-7,,129.25,129.2500,,,,,,MySkinRecipes,https://www.myskinrecipes.com/shop/th/musk-มัสก์/3619-romandolide-musk-methyl-propionate.html
3618,Geranyl Isobutyrate,1 g,2345-26-8,,192.41,192.4100,,,,,,MySkinRecipes,https://www.myskinrecipes.com/shop/th/rose-กุหลาบ/3618-geranyl-isobutyrate-fema-2513.html
2629,Methyl Heptine Carbonate,1 g,111-12-6,,326.26,326.2600,,,,,,MySkinRecipes,https://www.myskinrecipes.com/shop/th/green-พืช-ใบไม้เขียว/2629-methyl-heptine-carbonate-fema-2729.html
2579,Grapefruit Acetal,1 g,67674-46-8,,110.80,110.8000,,,,,,MySkinRecipes,https://www.myskinrecipes.com/shop/th/fruit-ผลไม้/2579-grapefruit-acetal-methyl-pamplemousse.html
2545,Methylbutyraldehyde 1% in PG,1 g,96-17-3,,304.77,304.7700,,,,,,MySkinRecipes,https://www.myskinrecipes.com/shop/th/edible-อาหาร/2545-methylbutyraldehyde-1-in-pg.html
2455,"Decanal, aldehyde C",1 g,112-31-2,,48.45,48.4500,,,,,,MySkinRecipes,https://www.myskinrecipes.com/shop/th/aldehyde-ไขมัน/2455-decanal-aldehyde-c-10-fema-2362.html
32439,Toffee Furanone (Methyl Furaneol),1 g,19322-27-1,,1226.50,1226.5000,,,,,,MySkinRecipes,https://www.myskinrecipes.com/shop/th/vanilla-วานิลลา/32439-4-hydroxy-5-methyl-32h-furanone-fema-3635.html
32403,Pyrazinyl methyl sulfide (FEMA,1 g,21948-70-9,,129.25,129.2500,,,,,,MySkinRecipes,https://www.myskinrecipes.com/shop/th/ungrouped/32403-pyrazinyl-methyl-sulfide-fema-3231.html
3954,Delta‑Muscenone,1 g,82356-51-2,,488.35,488.3500,,,,,,MySkinRecipes,https://www.myskinrecipes.com/shop/th/musk-มัสก์/3954-delta-muscenone.html
3706,Geranodyle,1 g,42822-86-6,,119.28,119.2800,,,,,,MySkinRecipes,https://www.myskinrecipes.com/shop/th/rose-กุหลาบ/3706-geranium-cyclohexane.html
2630,Isoamyl Formate,1 g,110-45-2,,46.16,46.1600,,,,,,MySkinRecipes,https://www.myskinrecipes.com/shop/th/green-พืช-ใบไม้เขียว/2630-isoamyl-formate-fema-2069.html
2580,Allyl Amyl Glycolate,1 g,67634-00-8,,79.38,79.3800,,,,,,MySkinRecipes,https://www.myskinrecipes.com/shop/th/fruit-ผลไม้/2580-allyl-amyl-glycolate.html
2546,Ethyl Safranate,1 g,35044-59-8,,428.50,428.5000,,,,,,MySkinRecipes,https://www.myskinrecipes.com/shop/th/edible-อาหาร/2546-ethyl-safranate.html
252975,Romanone Flakes (Cyclopentadecanone),1 g,502-72-7,,1212.06,1212.0600,,,,,,MySkinRecipes,https://www.myskinrecipes.com/shop/th/musk-มัสก์/252975-romanone-flakes.html
32441,Strawberry Furanone Methyl Ether,1 g,4077-47-8,,2024.50,2024.5000,,,,,,MySkinRecipes,https://www.myskinrecipes.com/shop/th/vanilla-วานิลลา/32441-4-methoxy-25-dimethyl-32h-furanone-fema-3664.html
32410,Pyrazine Ethanethiol (FEMA,1 g,35250-53-4,,2224.00,2224.0000,,,,,,MySkinRecipes,https://www.myskinrecipes.com/shop/th/ungrouped/32410-pyrazine-ethanethiol-fema-3230.html
2872,Clearwood (Firmenich),1 g,,,99.33,99.3300,,,,,,MySkinRecipes,https://www.myskinrecipes.com/shop/th/wood-ไม้-เปลือกไม้/2872-clearwood-firmenich.html
2631,Phenoxyethyl Isobutyrate,1 g,103-60-6,,43.47,43.4700,,,,,,MySkinRecipes,https://www.myskinrecipes.com/shop/th/green-พืช-ใบไม้เขียว/2631-phenoxyethyl-isobutyrate-fema-2873.html
2581,Isopropyl 2‑methylbutyrate,1 g,66576-71-4,,85.66,85.6600,,,,,,MySkinRecipes,https://www.myskinrecipes.com/shop/th/fruit-ผลไม้/2581-isopropyl-2-methyl-butyrate-fema-3699.html
2457,"Undecanal, aldehyde C",1 g,112-44-7,,65.91,65.9100,,,,,,MySkinRecipes,https://www.myskinrecipes.com/shop/th/aldehyde-ไขมัน/2457-undecanal-aldehyde-c-11-undecylic-fema-3092.html
127455,5‑Hydroxymethylfurfural,1 g,67-47-0,,3811.00,3811.0000,,,,,,MySkinRecipes,https://www.myskinrecipes.com/shop/th/vanilla-วานิลลา/127455-5-hydroxymethyl-2-furaldehyde-hmf-95-gc.html
33830,Rose pyran (Doremox),1 g,94201-73-7,,71.90,71.9000,,,,,,MySkinRecipes,https://www.myskinrecipes.com/shop/th/rose-กุหลาบ/33830-rose-pyran-doremox-4-methyl-2-phenyloxane.html
32419,Thiazole (FEMA,1 g,288-47-1,,767.65,767.6500,,,,,,MySkinRecipes,https://www.myskinrecipes.com/shop/th/ungrouped/32419-thiazolefema-3615-.html
2873,Santaliff / Sandaxol / Sandalmysore,1 g,28219-60-5,,599.92,599.9200,,,,,,MySkinRecipes,https://www.myskinrecipes.com/shop/th/wood-ไม้-เปลือกไม้/2873-santaliff-sandaxol-sandalmysore.html
2632,Diphenyl Oxide,1 g,101-84-8,,39.48,39.4800,,,,,,MySkinRecipes,https://www.myskinrecipes.com/shop/th/green-พืช-ใบไม้เขียว/2632-diphenyl-oxide.html
2582,Isoamyl Isovalerate,1 g,659-70-1,,49.45,49.4500,,,,,,MySkinRecipes,https://www.myskinrecipes.com/shop/th/fruit-ผลไม้/2582-isoamyl-isovalerate-fema-2085.html
2458,Intreleven Aldehyde (Aldehyde C,1 g,112-45-8,,79.38,79.3800,,,,,,MySkinRecipes,https://www.myskinrecipes.com/shop/th/aldehyde-ไขมัน/2458-intreleven-aldehyde-aldehyde-c-11-undecylenic.html
32424,"4,5",1 g,65894-83-9,,258.93,258.9300,,,,,,MySkinRecipes,https://www.myskinrecipes.com/shop/th/ungrouped/32424-45-dimethyl-2-isobutyl-thiazoline-fema-3621-.html
2874,Firsantol,1 g,104864-90-6,,628.00,628.0000,,,,,,MySkinRecipes,https://www.myskinrecipes.com/shop/th/wood-ไม้-เปลือกไม้/2874-firsantol.html
2633,Phenyl Acetaldehyde Dimethyl Acetal,1 g,101-48-4,,56.93,56.9300,,,,,,MySkinRecipes,https://www.myskinrecipes.com/shop/th/green-พืช-ใบไม้เขียว/2633-phenyl-acetaldehyde-dimethyl-acetal.html
2583,Veloutone,1 g,65443-14-3,,236.48,236.4800,,,,,,MySkinRecipes,https://www.myskinrecipes.com/shop/th/fruit-ผลไม้/2583-fruity-cyclopentanone-veloutone.html
32435,2,1 g,28588-75-2,,727.75,727.7500,,,,,,MySkinRecipes,https://www.myskinrecipes.com/shop/th/ungrouped/32435-2-methyl-3-furyl-disulfide-fema-3259-.html
3431,Furfuryl Mercaptan,1 g,98-02-2,,2730.00,2730.0000,,,,,,MySkinRecipes,https://www.myskinrecipes.com/shop/th/edible-อาหาร/3431-furfuryl-mercaptan.html
2875,Caryophyllene Oxide (FEMA,1 g,,,2473.38,2473.3800,,,,,,MySkinRecipes,https://www.myskinrecipes.com/shop/th/wood-ไม้-เปลือกไม้/2875-caryophyllene-oxide-fema-4085.html
2634,Helional,1 g,1205-17-0,,65.01,65.0100,,,,,,MySkinRecipes,https://www.myskinrecipes.com/shop/th/green-พืช-ใบไม้เขียว/2634-ocean-propanal-helional.html
2584,Fructone,1 g,6290-17-1,,55.44,55.4400,,,,,,MySkinRecipes,https://www.myskinrecipes.com/shop/th/fruit-ผลไม้/2584-fruity-ketal-fructone-b-fraistone-fema-4294.html
2460,"Dodecanal, aldehyde C",1 g,112-54-9,,52.44,52.4400,,,,,,MySkinRecipes,https://www.myskinrecipes.com/shop/th/aldehyde-ไขมัน/2460-dodecanal-aldehyde-c-12-lauric-fema-2615-.html
32436,Methyl,1 g,65505-17-1,,1426.00,1426.0000,,,,,,MySkinRecipes,https://www.myskinrecipes.com/shop/th/ungrouped/32436-methyl-2-methyl-3-furyl-disulfide-fema-3573-.html
3430,Furfuryl Alcohol,1 g,98-00-0,,43.47,43.4700,,,,,,MySkinRecipes,https://www.myskinrecipes.com/shop/th/edible-อาหาร/3430-furfuryl-alcohol-fema-2491.html
2876,Sandenol 803,1 g,66068-84-6,,46.46,46.4600,,,,,,MySkinRecipes,https://www.myskinrecipes.com/shop/th/wood-ไม้-เปลือกไม้/2876-sandenol-803-synthetic-sandalwood.html
2635,Phenyl Acetaldehyde 50% in PEA,6 g,122-78-1,,47.96,7.9933,,,,,,MySkinRecipes,https://www.myskinrecipes.com/shop/th/green-พืช-ใบไม้เขียว/2635-phenyl-acetaldehyde-fema-2874.html
2585,Amyl Acetate,1 g,628-63-7,,39.48,39.4800,,,,,,MySkinRecipes,https://www.myskinrecipes.com/shop/th/fruit-ผลไม้/2585-amyl-acetate.html
32437,Propyl,1 g,61197-09-9,,927.25,927.2500,,,,,,MySkinRecipes,https://www.myskinrecipes.com/shop/th/ungrouped/32437-propyl-2-methyl-3-furyl-disulfide-fema-3607-.html
8106,Sandela 803,1 g,66068-84-6,,79.38,79.3800,,,,,,MySkinRecipes,https://www.myskinrecipes.com/shop/th/wood-ไม้-เปลือกไม้/8106-sandela-803-givaudan-synthetic-sandalwood.html
2636,Florhydral,1 g,125109-85-5,,154.79,154.7900,,,,,,MySkinRecipes,https://www.myskinrecipes.com/shop/th/green-พืช-ใบไม้เขียว/2636-floral-butanal.html
2586,Ethyl Acetoacetate,1 g,141-97-9,,39.48,39.4800,,,,,,MySkinRecipes,https://www.myskinrecipes.com/shop/th/fruit-ผลไม้/2586-ethyl-acetoacetate-fema-2415.html
32440,Difurfuryl Ether,1 g,4437-22-3,,65865.00,65865.0000,,,,,,MySkinRecipes,https://www.myskinrecipes.com/shop/th/ungrouped/32440-difurfuryl-ether-fema-3337.html
3438,Osyrol (Sandalwood Ether),1 g,41890-92-0,,508.80,508.8000,,,,,,MySkinRecipes,https://www.myskinrecipes.com/shop/th/wood-ไม้-เปลือกไม้/3438-sandal-octanol.html
2637,Leafy Oxime (Stemone),1 g,22457-23-4,,82.97,82.9700,,,,,,MySkinRecipes,https://www.myskinrecipes.com/shop/th/green-พืช-ใบไม้เขียว/2637-leafy-oxime-stemone.html
2587,Ethyl Acetate,1 g,141-78-6,,38.48,38.4800,,,,,,MySkinRecipes,https://www.myskinrecipes.com/shop/th/fruit-ผลไม้/2587-ethyl-acetate.html
2463,Mandarine Undecenal (Aldehyde Supra),1 g,143-14-6,,727.25,727.2500,,,,,,MySkinRecipes,https://www.myskinrecipes.com/shop/th/aldehyde-ไขมัน/2463-mandarine-undecenal.html
2588,Phenethyl Isovalerate,1 g,140-26-1,,49.75,49.7500,,,,,,MySkinRecipes,https://www.myskinrecipes.com/shop/th/fruit-ผลไม้/2588-phenethyl-isovalerate-fema-2871.html
2464,Heptanal (aldehyde C,1 g,111-71-7,,85.36,85.3600,,,,,,MySkinRecipes,https://www.myskinrecipes.com/shop/th/aldehyde-ไขมัน/2464-heptanal-aldehyde-c-7.html
32443,4,1 g,4166-20-5,,129.25,129.2500,,,,,,MySkinRecipes,https://www.myskinrecipes.com/shop/th/ungrouped/32443-4-acetoxy-25-dimethyl-32h-furanone-fema-3797.html
7925,"2,6",1 g,91-10-1,,528.25,528.2500,,,,,,MySkinRecipes,https://www.myskinrecipes.com/shop/th/edible-อาหาร/7925-26-dimethoxyphenol-fema-3137.html
2639,Manzanate,1 g,,,89.25,89.2500,,,,,,MySkinRecipes,https://www.myskinrecipes.com/shop/th/green-พืช-ใบไม้เขียว/2639-manzanate.html
2589,Methyl Hexanoate,1 g,106-70-7,,44.36,44.3600,,,,,,MySkinRecipes,https://www.myskinrecipes.com/shop/th/fruit-ผลไม้/2589-methyl-hexanoate-fema-2708.html
2465,Alcohol C,1 g,112-53-8,,41.47,41.4700,,,,,,MySkinRecipes,https://www.myskinrecipes.com/shop/th/aldehyde-ไขมัน/2465-alcohol-c-12-lauryl-alcohol.html
32444,Ethyl 2,1 g,614-99-3,,159.18,159.1800,,,,,,MySkinRecipes,https://www.myskinrecipes.com/shop/th/ungrouped/32444-ethyl-2-furoate.html
7974,Furfuryl Thioacetate,1 g,13678-68-7,,229.50,229.5000,,,,,,MySkinRecipes,https://www.myskinrecipes.com/shop/th/edible-อาหาร/7974-furfuryl-alcohol.html
2640,Cis,1 g,,,101.82,101.8200,,,,,,MySkinRecipes,https://www.myskinrecipes.com/shop/th/green-พืช-ใบไม้เขียว/2640-cis-3-hexenyl-butyrate.html
2590,Ethyl Heptanoate,1 g,106-30-9,,49.45,49.4500,,,,,,MySkinRecipes,https://www.myskinrecipes.com/shop/th/fruit-ผลไม้/2590-ethyl-heptanoate-fema-2437.html
2466,Propionic Acid (FEMA 2924),1 g,79-09-4,,44.46,44.4600,,,,,,MySkinRecipes,https://www.myskinrecipes.com/shop/th/fatty-acids-fatty-alcohols/2466-propionic-acid-propanoic-acid-fema-2924.html
32445,"2,5",1 g,55764-23-3,,4119.25,4119.2500,,,,,,MySkinRecipes,https://www.myskinrecipes.com/shop/th/ungrouped/32445-25-dimethyl-3-furanthiol-fema-3451.html
8057,Teaalcohol / Teaketone,1 g,14203-59-9,,328.75,328.7500,,,,,,MySkinRecipes,https://www.myskinrecipes.com/shop/th/edible-อาหาร/8057-teaalcohol-teaketone.html
3565,Amber Decatriene (Trimofix O),1 g,144020-22-4,,126.96,126.9600,,,,,,MySkinRecipes,https://www.myskinrecipes.com/shop/th/wood-ไม้-เปลือกไม้/3565-amber-decatriene-trimofix-o-fixamber.html
2641,Para,1 g,,,54.24,54.2400,,,,,,MySkinRecipes,https://www.myskinrecipes.com/shop/th/green-พืช-ใบไม้เขียว/2641-para-dimethyl-hydroquinone.html
2591,Geranyl Butyrate,1 g,106-29-6,,69.50,69.5000,,,,,,MySkinRecipes,https://www.myskinrecipes.com/shop/th/fruit-ผลไม้/2591-geranyl-butyrate-fema-2512.html
2467,Valeric Acid (FEMA 3101),1 g,109-52-4,,43.77,43.7700,,,,,,MySkinRecipes,https://www.myskinrecipes.com/shop/th/fatty-acids-fatty-alcohols/2467-valeric-acid-pentanoic-acid.html
33644,(E)‑5‑Tangerine Acetate,1 g,3239-35-8,,441.47,441.4700,,,,,,MySkinRecipes,https://www.myskinrecipes.com/shop/th/aldehyde-ไขมัน/33644-e-5-tangerine-acetate.html
32453,Tetrahydrothiophen,1 g,1003-04-9,,129.25,129.2500,,,,,,MySkinRecipes,https://www.myskinrecipes.com/shop/th/ungrouped/32453-tetrahydrothiophen-3-one-fema-3266.html
8013,"Woody epoxide, Cedroxyde",1 g,71735-79-0,,428.50,428.5000,,,,,,MySkinRecipes,https://www.myskinrecipes.com/shop/th/wood-ไม้-เปลือกไม้/8013-woody-epoxide-cedroxyde.html
3776,Ethyl Pyruvate (FEMA,1 g,617-35-6,,9980.00,9980.0000,,,,,,MySkinRecipes,https://www.myskinrecipes.com/shop/th/edible-อาหาร/3776-ethyl-pyruvate-fema-2457.html
2642,Citronellyl Propionate,1 g,,,78.48,78.4800,,,,,,MySkinRecipes,https://www.myskinrecipes.com/shop/th/green-พืช-ใบไม้เขียว/2642-citronellyl-propionate-fema-2316.html
2592,Isoamyl Butyrate,1 g,106-27-4,,39.48,39.4800,,,,,,MySkinRecipes,https://www.myskinrecipes.com/shop/th/fruit-ผลไม้/2592-isoamyl-butyrate-fema-2060.html
32526,Cocoa Aldehyde,1 g,21834-92-4,,149.20,149.2000,,,,,,MySkinRecipes,https://www.myskinrecipes.com/shop/th/edible-อาหาร/32526-cocoa-aldehyde-cocoa-hexenal-fema-3199.html
32454,2,1 g,7774-74-5,,628.00,628.0000,,,,,,MySkinRecipes,https://www.myskinrecipes.com/shop/th/ungrouped/32454-2-mercaptothiophene-fema-3062.html
3671,Trisamber,1 g,338735-71-0,,329.50,329.5000,,,,,,MySkinRecipes,https://www.myskinrecipes.com/shop/th/wood-ไม้-เปลือกไม้/3671-woody-furan-trisamber.html
3535,butyraldehyde,1 g,,,159.30,159.3000,,,,,,MySkinRecipes,https://www.myskinrecipes.com/shop/th/aldehyde-ไขมัน/3535-butyraldehyde.html
2643,Isocyclocitral,1 g,,,68.42,68.4200,,,,,,MySkinRecipes,https://www.myskinrecipes.com/shop/th/green-พืช-ใบไม้เขียว/2643-isocyclocitral.html
2593,Geranyl Propionate,1 g,105-90-8,,63.22,63.2200,,,,,,MySkinRecipes,https://www.myskinrecipes.com/shop/th/fruit-ผลไม้/2593-geranyl-propionate.html
33756,"2,4",1 g,4313-03-5,,723.26,723.2600,,,,,,MySkinRecipes,https://www.myskinrecipes.com/shop/th/aldehyde-ไขมัน/33756-ee-24-heptadienal-fema-3164.html
32804,Acetyl Butyryl,1 g,3848-24-6,,128.25,128.2500,,,,,,MySkinRecipes,https://www.myskinrecipes.com/shop/th/edible-อาหาร/32804-acetyl-butyryl-23-hexanedione-fema-2558.html
32456,3,1 g,2758-18-1,,628.00,628.0000,,,,,,MySkinRecipes,https://www.myskinrecipes.com/shop/th/ungrouped/32456-3-methyl-2-cyclopenten-1-one-fema-3435.html
3703,Rhubarb Oxirane (Rhubofix),1 g,41816-03-9,,478.88,478.8800,,,,,,MySkinRecipes,https://www.myskinrecipes.com/shop/th/wood-ไม้-เปลือกไม้/3703-rhubarb-oxirane.html
2644,Hyacinth Body Acetal,1 g,,,53.44,53.4400,,,,,,MySkinRecipes,https://www.myskinrecipes.com/shop/th/green-พืช-ใบไม้เขียว/2644-acetaldehyde-ethyl-phenethyl-acetal.html
2594,Citronellyl Formate,1 g,105-85-1,,79.38,79.3800,,,,,,MySkinRecipes,https://www.myskinrecipes.com/shop/th/fruit-ผลไม้/2594-citronellyl-formate-fema-2314.html
32805,"3,4‑hexanedione",1 g,4437-51-8,,128.25,128.2500,,,,,,MySkinRecipes,https://www.myskinrecipes.com/shop/th/edible-อาหาร/32805-34-hexanedione-fema-3768.html
32457,"2,3",1 g,3848-24-6,,927.25,927.2500,,,,,,MySkinRecipes,https://www.myskinrecipes.com/shop/th/ungrouped/32457-23-hexanedione-fema-2558.html
2645,Cucumber Aldehyde,1 g,,,528.25,528.2500,,,,,,MySkinRecipes,https://www.myskinrecipes.com/shop/th/green-พืช-ใบไม้เขียว/2645-cucumber-aldehyde-trans-2-nonenal-fema-3213.html
2595,Ethyl Butyrate,1 g,105-54-4,,37.48,37.4800,,,,,,MySkinRecipes,https://www.myskinrecipes.com/shop/th/fruit-ผลไม้/2595-ethyl-butyrate-fema-2427.html
32476,3,1 g,505-10-2,,89.35,89.3500,,,,,,MySkinRecipes,https://www.myskinrecipes.com/shop/th/edible-อาหาร/32476-3-methylthio-propanol-fema-3415.html
32460,"1,6",1 g,1191-43-1,,558.18,558.1800,,,,,,MySkinRecipes,https://www.myskinrecipes.com/shop/th/ungrouped/32460-16-hexanedithiol-fema-3495.html
3674,Sandal Hexanol (IBCH),1 g,3407-42-9,,85.78,85.7800,,,,,,MySkinRecipes,https://www.myskinrecipes.com/shop/th/wood-ไม้-เปลือกไม้/3674-sandal-hexanol-ibch.html
2646,Rhubafuran,1 g,,,711.48,711.4800,,,,,,MySkinRecipes,https://www.myskinrecipes.com/shop/th/green-พืช-ใบไม้เขียว/2646-rhubafuran.html
2596,Diethyl Malonate (FEMA,1 g,105-53-3,,43.47,43.4700,,,,,,MySkinRecipes,https://www.myskinrecipes.com/shop/th/fruit-ผลไม้/2596-diethyl-malonate-fema-2375.html
33723,Nonan,1 g,143-08-8,,48.45,48.4500,,,,,,MySkinRecipes,https://www.myskinrecipes.com/shop/th/aldehyde-ไขมัน/33723-nonan-1-ol-fema-2789.html
32484,Bis,1 g,1618-26-4,,398.58,398.5800,,,,,,MySkinRecipes,https://www.myskinrecipes.com/shop/th/edible-อาหาร/32484-bis-methylthiomethane-truffle-sulfide-fema-3878.html
32461,3‑Methylthio‑1‑hexanol (FEMA 3438),1 g,51755-66-9,,129.25,129.2500,,,,,,MySkinRecipes,https://www.myskinrecipes.com/shop/th/ungrouped/32461-3-methylthio-1-hexanol-fema-3438.html
2647,Spirogalbanone,1 g,,,1492.79,1492.7900,,,,,,MySkinRecipes,https://www.myskinrecipes.com/shop/th/green-พืช-ใบไม้เขียว/2647-spirogalbanone.html
2597,Ethyl Propionate,1 g,105-37-3,,42.47,42.4700,,,,,,MySkinRecipes,https://www.myskinrecipes.com/shop/th/fruit-ผลไม้/2597-ethyl-propionate.html
33679,Koumalactone,1 g,92015-65-1,,448.95,448.9500,,,,,,MySkinRecipes,https://www.myskinrecipes.com/shop/th/wood-ไม้-เปลือกไม้/33679-koumalactone-firmenich-fema-4032.html
32462,Methyl propyl disulfide (FEMA 3201),1 g,2179-60-4,,2024.50,2024.5000,,,,,,MySkinRecipes,https://www.myskinrecipes.com/shop/th/ungrouped/32462-methyl-propyl-disulfide-fema-3201.html
32392,Pyrrole (FEMA,1 g,109-97-7,,168.15,168.1500,,,,,,MySkinRecipes,https://www.myskinrecipes.com/shop/th/edible-อาหาร/32392-pyrrolefema-3386.html
8010,trans,1 g,557-48-2,,1828.20,1828.2000,,,,,,MySkinRecipes,https://www.myskinrecipes.com/shop/th/green-พืช-ใบไม้เขียว/8010-trans-2-cis-6-nonadienol.html
2598,Gamma‑Undecalactone (C‑14),1 g,104-67-6,,46.46,46.4600,,,,,,MySkinRecipes,https://www.myskinrecipes.com/shop/th/fruit-ผลไม้/2598-gamma-undecalactone-aldehyde-c-14-so-called.html
33827,Isolongifolene,1 g,1135-66-6,,44.46,44.4600,,,,,,MySkinRecipes,https://www.myskinrecipes.com/shop/th/wood-ไม้-เปลือกไม้/33827-2s-134567-hexahydro-1155-tetramethyl-2h-24a-methanonaphthalene.html
32463,Allyl methyl disulfide (FEMA 3127),1 g,2179-58-0,,2124.25,2124.2500,,,,,,MySkinRecipes,https://www.myskinrecipes.com/shop/th/ungrouped/32463-allyl-methyl-disulfide-fema-3127-.html
32452,2,2 g,88-15-3,,129.25,64.6250,,,,,,MySkinRecipes,https://www.myskinrecipes.com/shop/th/edible-อาหาร/32452-2-acetyl-thiophene-.html
2599,Raspberry Ketone Methyl Ether,1 g,104-20-1,,89.35,89.3500,,,,,,MySkinRecipes,https://www.myskinrecipes.com/shop/th/fruit-ผลไม้/2599-raspberry-ketone-methyl-ether-anisyl-acetone.html
32464,Allyl propyl disulfide (FEMA 4073),1 g,2179-59-1,,129.25,129.2500,,,,,,MySkinRecipes,https://www.myskinrecipes.com/shop/th/ungrouped/32464-allyl-propyl-disulfide-fema-4073.html
32451,3,1 g,350-03-8,,129.25,129.2500,,,,,,MySkinRecipes,https://www.myskinrecipes.com/shop/th/edible-อาหาร/32451-3-acetyl-pyridine-fema-3424.html
3301,Cinnamyl Isobutyrate,1 g,103-59-3,,97.33,97.3300,,,,,,MySkinRecipes,https://www.myskinrecipes.com/shop/th/fruit-ผลไม้/3301-cinnamyl-isobutyrate-fema-2297.html
2649,Hydratopic Aldehyde,1 g,,,373.24,373.2400,,,,,,MySkinRecipes,https://www.myskinrecipes.com/shop/th/green-พืช-ใบไม้เขียว/2649-hydratopic-aldehyde-2-phenyl-propionaldehyde.html
32477,Dimethyl Disulfide (FEMA,1 g,624-92-0,,97.33,97.3300,,,,,,MySkinRecipes,https://www.myskinrecipes.com/shop/th/edible-อาหาร/32477-dimethyl-disulfide-fema-3536.html
32465,Benzyl methyl disulfide (FEMA 3504),1 g,699-10-5,,129.25,129.2500,,,,,,MySkinRecipes,https://www.myskinrecipes.com/shop/th/ungrouped/32465-benzyl-methyl-disulfide-fema-3504.html
3342,Phenyl propyl aldehyde,1 g,104-53-0,,247.95,247.9500,,,,,,MySkinRecipes,https://www.myskinrecipes.com/shop/th/green-พืช-ใบไม้เขียว/3342-phenyl-propyl-aldehyde-fema-2887.html
3302,Phenethyl Butyrate,1 g,103-52-6,,49.75,49.7500,,,,,,MySkinRecipes,https://www.myskinrecipes.com/shop/th/fruit-ผลไม้/3302-phenethyl-butyrate-fema-2861.html
32487,Trithioacetone,1 g,828-26-2,,727.75,727.7500,,,,,,MySkinRecipes,https://www.myskinrecipes.com/shop/th/edible-อาหาร/32487-trithioacetone-fema-3475.html
32466,Allyl mercaptan (FEMA 2035) 75%,1 g,870-23-5,,1508.78,1508.7800,,,,,,MySkinRecipes,https://www.myskinrecipes.com/shop/th/ungrouped/32466-allyl-mercaptan-fema-2035.html
3343,Adoxal (Andrane),1 g,141-13-9,,344.21,344.2100,,,,,,MySkinRecipes,https://www.myskinrecipes.com/shop/th/green-พืช-ใบไม้เขียว/3343-adoxal-andrane-osyrol.html
3303,Triacetin,1 g,102-76-1,,35.48,35.4800,,,,,,MySkinRecipes,https://www.myskinrecipes.com/shop/th/ตัวทำละลาย-solvents-polyols/3303-triacetin-glycerol-triacetate-fema-2007-.html
32467,Ethyl thioacetate (FEMA 3282),1 g,625-60-5,,528.25,528.2500,,,,,,MySkinRecipes,https://www.myskinrecipes.com/shop/th/ungrouped/32467-ethyl-thioacetate-fema-3282.html
32447,"2,5",1 g,625-86-5,,179.13,179.1300,,,,,,MySkinRecipes,https://www.myskinrecipes.com/shop/th/edible-อาหาร/32447-25-dimethyl-furan-fema-4106.html
3769,Cis,1 g,59323-76-1,,374.05,374.0500,,,,,,MySkinRecipes,https://www.myskinrecipes.com/shop/th/green-พืช-ใบไม้เขียว/3769-cis-galbanum-oxathiane-oxane-fema-3578.html
3304,Benzaldehyde,1 g,100-52-7,,47.46,47.4600,,,,,,MySkinRecipes,https://www.myskinrecipes.com/shop/th/fruit-ผลไม้/3304-benzaldehyde-fema-2127.html
32496,Allyl Isothiocyanate,1 g,57-06-7,,229.00,229.0000,,,,,,MySkinRecipes,https://www.myskinrecipes.com/shop/th/edible-อาหาร/32496-allyl-isothiocyanate-fema-2034.html
32470,S‑Methyl thiofuroate (FEMA 3311),1 g,13679-61-3,,628.00,628.0000,,,,,,MySkinRecipes,https://www.myskinrecipes.com/shop/th/ungrouped/32470-s-methyl-thiofuroate-fema-3311.html
3579,Hyacinth Butanal (Trifernal),1 g,16251-77-7,,129.25,129.2500,,,,,,MySkinRecipes,https://www.myskinrecipes.com/shop/th/green-พืช-ใบไม้เขียว/3579-hyacinth-butanal-trifernal.html
32472,"2,3",1 g,590-86-3,,1585.60,1585.6000,,,,,,MySkinRecipes,https://www.myskinrecipes.com/shop/th/ungrouped/32472-23-butanedithiol-fema-3477.html
32455,"2,5",1 g,110-13-4,,129.25,129.2500,,,,,,MySkinRecipes,https://www.myskinrecipes.com/shop/th/edible-อาหาร/32455-25-hexanedione.html
3652,Farnesyl Acetate,1 g,29548-30-9,,22527.50,22527.5000,,,,,,MySkinRecipes,https://www.myskinrecipes.com/shop/th/green-พืช-ใบไม้เขียว/3652-farnesyl-acetate.html
3306,Apple Ketal (Fructone),1 g,6413-10-1,,41.47,41.4700,,,,,,MySkinRecipes,https://www.myskinrecipes.com/shop/th/fruit-ผลไม้/3306-apple-ketal-fructone.html
32473,3,1 g,40789-98-8,,199.08,199.0800,,,,,,MySkinRecipes,https://www.myskinrecipes.com/shop/th/ungrouped/32473-3-mercapto-2-butanone-fema-3298.html
3654,Hyacinth Acetals,1 g,29895-73-6,,209.05,209.0500,,,,,,MySkinRecipes,https://www.myskinrecipes.com/shop/th/green-พืช-ใบไม้เขียว/3654-hyacinth-acetals.html
3572,Filbert Pyrazine,1 g,15707-23-0,,318.78,318.7800,,,,,,MySkinRecipes,https://www.myskinrecipes.com/shop/th/edible-อาหาร/3572-filbert-pyrazine.html
3307,Gamma,1 g,2305-05-7,,317.78,317.7800,,,,,,MySkinRecipes,https://www.myskinrecipes.com/shop/th/fruit-ผลไม้/3307-gamma-dodecalactone-fema-2400.html
32474,2,1 g,37887-04-0,,458.43,458.4300,,,,,,MySkinRecipes,https://www.myskinrecipes.com/shop/th/ungrouped/32474-2-mercapto-3-butanol-fema-3502.html
32393,5,1 g,1193-79-9,,129.25,129.2500,,,,,,MySkinRecipes,https://www.myskinrecipes.com/shop/th/edible-อาหาร/32393-5-methyl-2-acetyl-furan-fema-3609.html
3475,Diphenyl Methane,1 g,101-81-5,,79.38,79.3800,,,,,,MySkinRecipes,https://www.myskinrecipes.com/shop/th/green-พืช-ใบไม้เขียว/3475-diphenyl-methane.html
3308,Melon Heptenal,1 g,106-72-9,,99.33,99.3300,,,,,,MySkinRecipes,https://www.myskinrecipes.com/shop/th/fruit-ผลไม้/3308-melon-heptenal-26-dimethyl-5-heptenal-fema-2389-.html
32481,"3,5",1 g,13494-07-0,,129.25,129.2500,,,,,,MySkinRecipes,https://www.myskinrecipes.com/shop/th/ungrouped/32481-35-dimethyl-2-hydroxy-2-cyclopentenyl-1-one-fema-3269.html
32431,Difurfuryl Disulfide,1 g,4437-20-1,,89.35,89.3500,,,,,,MySkinRecipes,https://www.myskinrecipes.com/shop/th/edible-อาหาร/32431-difurfuryl-disulfide-fema-3146-.html
3827,"Ivy Dioxolane, Glycolierral",7259 g,68901-32-6,,119.28,0.0164,,,,,,MySkinRecipes,https://www.myskinrecipes.com/shop/th/green-พืช-ใบไม้เขียว/3827-ivy-dioxolane.html
3309,Ethyl Isovalerate,1 g,108-64-5,,42.47,42.4700,,,,,,MySkinRecipes,https://www.myskinrecipes.com/shop/th/fruit-ผลไม้/3309-ethyl-isovalerate-fema-2463.html
32391,Pyrazine (FEMA,1 g,290-37-9,,268.85,268.8500,,,,,,MySkinRecipes,https://www.myskinrecipes.com/shop/th/edible-อาหาร/32391-pyrazinefema-4015.html
3581,Galbanum Decatriene,1 g,16356-11-9,,2014.53,2014.5300,,,,,,MySkinRecipes,https://www.myskinrecipes.com/shop/th/green-พืช-ใบไม้เขียว/3581-galbanum-decatriene-fema-3795.html
3310,Methyl Anthranilate,1 g,134-20-3,,46.46,46.4600,,,,,,MySkinRecipes,https://www.myskinrecipes.com/shop/th/fruit-ผลไม้/3310-methyl-anthranilate-fema-2682.html
32483,Ethyl 2‑Methylsulfanylacetate,1 g,4455-13-4,,248.95,248.9500,,,,,,MySkinRecipes,https://www.myskinrecipes.com/shop/th/ungrouped/32483-ethyl-2-methylsulfanylacetate-fema-3835.html
32396,"2,3",1 g,18138-04-0,,927.25,927.2500,,,,,,MySkinRecipes,https://www.myskinrecipes.com/shop/th/edible-อาหาร/32396-23-diethyl-5-methylpyrazine-fema-3336.html
4072,Cassis Base,1 g,,,126.96,126.9600,,,,,,MySkinRecipes,https://www.myskinrecipes.com/shop/th/green-พืช-ใบไม้เขียว/4072-cassis-specialty.html
3311,Isoamyl Acetate,1 g,123-92-2,,38.48,38.4800,,,,,,MySkinRecipes,https://www.myskinrecipes.com/shop/th/fruit-ผลไม้/3311-isoamyl-acetate-fema-2055.html
33773,Citral Diethyl Acetal,1 g,7492-66-2,,92.84,92.8400,,,,,,MySkinRecipes,https://www.myskinrecipes.com/shop/th/green-พืช-ใบไม้เขียว/33773-citral-diethyl-acetal-fema-2304.html
32490,4‑Methyl‑4‑Methylthio‑2‑Pentanone,1 g,23550-40-5,,129.25,129.2500,,,,,,MySkinRecipes,https://www.myskinrecipes.com/shop/th/ungrouped/32490-4-methyl-4-methylthio-2-pentanone-fema-3376.html
32485,3‑Methyl‑2‑Butanethiol,1 g,2084-18-6,,927.25,927.2500,,,,,,MySkinRecipes,https://www.myskinrecipes.com/shop/th/edible-อาหาร/32485-3-methyl-2-butanethiol-fema-3304.html
3312,Butyl Acetate,1 g,123-86-4,,38.48,38.4800,,,,,,MySkinRecipes,https://www.myskinrecipes.com/shop/th/fruit-ผลไม้/3312-butyl-acetate-fema-2174.html
32491,Furfuryl Propionate,1 g,623-19-8,,129.25,129.2500,,,,,,MySkinRecipes,https://www.myskinrecipes.com/shop/th/ungrouped/32491-furfuryl-propionate-fema-3346.html
32489,4‑Methyl‑4‑Mercapto‑2‑Pentanone,1 g,19872-52-7,,628.00,628.0000,,,,,,MySkinRecipes,https://www.myskinrecipes.com/shop/th/edible-อาหาร/32489-4-methyl-4-mercapto-2-pentanone-fema-3997.html
3313,Allyl Hexanoate,1 g,123-68-2,,39.88,39.8800,,,,,,MySkinRecipes,https://www.myskinrecipes.com/shop/th/fruit-ผลไม้/3313-allyl-hexanoate-allyl-caproate-fema-2032.html
32492,4‑Methyl‑4‑Furfurylthio‑2‑Pentanone,1 g,180031-78-1,,578.13,578.1300,,,,,,MySkinRecipes,https://www.myskinrecipes.com/shop/th/ungrouped/32492-4-methyl-4-furfurylthio-2-pentanone-fema-3840.html
32430,2,1 g,63012-97-5,,727.75,727.7500,,,,,,MySkinRecipes,https://www.myskinrecipes.com/shop/th/edible-อาหาร/32430-2-methyl-3-methylthio-furan-fema-3949-.html
3314,Ethyl Hexanoate,1 g,123-66-0,,42.47,42.4700,,,,,,MySkinRecipes,https://www.myskinrecipes.com/shop/th/fruit-ผลไม้/3314-ethyl-hexanoate-ethyl-caproate-fema-2439.html
32495,Ethyl Thiopropionate,1 g,2432-42-0,,1525.75,1525.7500,,,,,,MySkinRecipes,https://www.myskinrecipes.com/shop/th/ungrouped/32495-ethyl-thiopropionate.html
32432,Difurfuryl Sulfide,1 g,13678-67-6,,328.75,328.7500,,,,,,MySkinRecipes,https://www.myskinrecipes.com/shop/th/edible-อาหาร/32432-difurfuryl-sulfide-fema-3238-.html
3315,Isoamyl Alcohol,1 g,123-51-3,,47.96,47.9600,,,,,,MySkinRecipes,https://www.myskinrecipes.com/shop/th/fruit-ผลไม้/3315-isoamyl-alcohol.html
32500,3‑Methylthio Propyl Acetate,1 g,16630-55-0,,1027.00,1027.0000,,,,,,MySkinRecipes,https://www.myskinrecipes.com/shop/th/ungrouped/32500-3-methylthio-propyl-acetate-fema-3883.html
32480,Ethyl 2,1 g,19788-49-9,,827.50,827.5000,,,,,,MySkinRecipes,https://www.myskinrecipes.com/shop/th/edible-อาหาร/32480-ethyl-2-mercaptopropionate-ethyl-2-sulfanylpropanoate-fema-3279.html
3316,Propionaldehyde,1 g,123-38-6,,42.47,42.4700,,,,,,MySkinRecipes,https://www.myskinrecipes.com/shop/th/fruit-ผลไม้/3316-propionaldehyde-fema-2923.html
32503,Methyl Thioacetate,1 g,1534-08-3,,927.25,927.2500,,,,,,MySkinRecipes,https://www.myskinrecipes.com/shop/th/ungrouped/32503-methyl-thioacetate-fema-3876.html
32469,Furfuryl thiopropionate (FEMA 3347),1 g,59020-85-8,,448.45,448.4500,,,,,,MySkinRecipes,https://www.myskinrecipes.com/shop/th/edible-อาหาร/32469-furfuryl-thiopropionate-fema-3347.html
3317,Diethyl Succinate,1 g,123-25-1,,46.46,46.4600,,,,,,MySkinRecipes,https://www.myskinrecipes.com/shop/th/fruit-ผลไม้/3317-diethyl-succinate-fema-2377.html
32400,2,1 g,65530-53-2,,528.25,528.2500,,,,,,MySkinRecipes,https://www.myskinrecipes.com/shop/th/edible-อาหาร/32400-2-methyl-35-6-furfurylthio-pyrazine-fema-3189.html
3467,"2,4‑Nonadienal",1 g,6750-03-4,,35.00,35.0000,,,,,,MySkinRecipes,https://www.myskinrecipes.com/shop/th/green-พืช-ใบไม้เขียว/3467-24-nonadienal-fema-3212.html
3318,Benzyl Propionate,5 g,122-63-4,,40.77,8.1540,,,,,,MySkinRecipes,https://www.myskinrecipes.com/shop/th/fruit-ผลไม้/3318-benzyl-propionate-fema-2150.html
32468,S‑Furfuryl thioformate (FEMA 3158),1 g,59020-90-5,,1426.00,1426.0000,,,,,,MySkinRecipes,https://www.myskinrecipes.com/shop/th/edible-อาหาร/32468-s-furfuryl-thioformate-fema-3158.html
3319,Prenyl Acetate,1 g,1191-16-8,,57.29,57.2900,,,,,,MySkinRecipes,https://www.myskinrecipes.com/shop/th/fruit-ผลไม้/3319-prenyl-acetate.html
33648,Ethyl (E)‑2‑Hexenoate,1 g,27829-72-7,,467.40,467.4000,,,,,,MySkinRecipes,https://www.myskinrecipes.com/shop/th/green-พืช-ใบไม้เขียว/33648-ethyl-e-2-hexenoate.html
32510,5(6),1 g,4437-51-8,,129.25,129.2500,,,,,,MySkinRecipes,https://www.myskinrecipes.com/shop/th/ungrouped/32510--56-decenoic-acid-fema-3742.html
32450,N,1 g,1438-94-4,,1565.65,1565.6500,,,,,,MySkinRecipes,https://www.myskinrecipes.com/shop/th/edible-อาหาร/32450-n-furfuryl-pyrrole-fema-3284.html
3320,2‑methyl Butyric Acid,1 g,116-53-0,,46.76,46.7600,,,,,,MySkinRecipes,https://www.myskinrecipes.com/shop/th/fruit-ผลไม้/3320-2-methyl-butyric-acid-fema-2695.html
33695,Hexyl 2‑methylbutanoate (FEMA‑3499),1 g,10032-15-2,,74.89,74.8900,,,,,,MySkinRecipes,https://www.myskinrecipes.com/shop/th/green-พืช-ใบไม้เขียว/33695-hexyl-2-methylbutanoate-fema-3499.html
32511,"4‑Acetoxy‑2,5‑Dimethyl‑3(2H)‑Furanone",1 g,4166-20-5,,129.25,129.2500,,,,,,MySkinRecipes,https://www.myskinrecipes.com/shop/th/ungrouped/32511-4-acetoxy-25-dimethyl-32h-furanone-fema-3797.html
32433,Furfuryl Methyl Sulfide,1 g,1438-91-1,,278.88,278.8800,,,,,,MySkinRecipes,https://www.myskinrecipes.com/shop/th/edible-อาหาร/32433-furfuryl-methyl-sulfide-fema-3160-.html
3321,1‑Hexanol,1 g,111-27-3,,220.13,220.1300,,,,,,MySkinRecipes,https://www.myskinrecipes.com/shop/th/fruit-ผลไม้/3321-hexanol.html
33828,"2,6‑Dimethylpyrazine",1 g,108-50-9,,304.31,304.3100,,,,,,MySkinRecipes,https://www.myskinrecipes.com/shop/th/edible-อาหาร/33828-26-dimethylpyrazine-fema-3273.html
32512,"3,5‑Dimethyl‑1,2‑cyclopentanedione",1 g,13494-07-0,,2019.00,2019.0000,,,,,,MySkinRecipes,https://www.myskinrecipes.com/shop/th/ungrouped/32512-35-dimethyl-12-cyclopentanedione-fema-3269.html
3582,Potato Butyraldehyde (Methional),1 g,16630-52-7,,1422.00,1422.0000,,,,,,MySkinRecipes,https://www.myskinrecipes.com/shop/th/green-พืช-ใบไม้เขียว/3582-potato-butyraldehydefema-3374.html
3322,Isobutyl Acetate,1 g,110-19-0,,36.28,36.2800,,,,,,MySkinRecipes,https://www.myskinrecipes.com/shop/th/fruit-ผลไม้/3322-isobutyl-acetate-fema-2175.html
32513,"2,5‑Dimethyl‑4‑methoxy‑3(2H)furanone",1 g,4077-47-8,,877.38,877.3800,,,,,,MySkinRecipes,https://www.myskinrecipes.com/shop/th/ungrouped/32513-25-dimethyl-4-methoxy-32hfuranone-fema-3664.html
32397,2,1 g,2847-30-5,,358.68,358.6800,,,,,,MySkinRecipes,https://www.myskinrecipes.com/shop/th/edible-อาหาร/32397-2-methyl-35-6-methoxy-pyrazine-fema-3183.html
3801,"Ivy Carbaldehyde (mixture of 2,4",1 g,,,35.00,35.0000,,,,,,MySkinRecipes,https://www.myskinrecipes.com/shop/th/green-พืช-ใบไม้เขียว/3801-ivy-carbaldehyde-mixture-of-24--35-and-36-dimethyl-3-cyclohexenylcarbaldehyde.html
3323,Ethyl Formate,1 g,109-94-4,,42.47,42.4700,,,,,,MySkinRecipes,https://www.myskinrecipes.com/shop/th/fruit-ผลไม้/3323-ethyl-formate-fema-2434.html
253058,WhiteCare สารสกัดขมิ้น 3X Curcumin (กระจายในน้ำได้),1 g,,,74.75,74.7500,,,,,,MySkinRecipes,https://www.myskinrecipes.com/shop/th/green-พืช-ใบไม้เขียว/253058-whitecare™-turmeric-extract-3x-curcumin-water-dispersible.html
32402,2,1 g,3149-28-8,,358.68,358.6800,,,,,,MySkinRecipes,https://www.myskinrecipes.com/shop/th/edible-อาหาร/32402-2-methoxy-pyrazine-fema-3302.html
3324,Butyl Butyrate,1 g,109-21-7,,62.42,62.4200,,,,,,MySkinRecipes,https://www.myskinrecipes.com/shop/th/fruit-ผลไม้/3324-butyl-butyrate-fema-2186.html
32408,2,1 g,93905-03-4,,1226.50,1226.5000,,,,,,MySkinRecipes,https://www.myskinrecipes.com/shop/th/edible-อาหาร/32408-2-methoxy-3-isopropyl-pyrazine-fema-3358.html
3325,Geranyl Isovalerate,1 g,109-20-6,,97.33,97.3300,,,,,,MySkinRecipes,https://www.myskinrecipes.com/shop/th/fruit-ผลไม้/3325-geranyl-isovalerate-fema-2518.html
32518,Ethyl Dehydrocyclogeranate,1 g,35044-57-6,,129.25,129.2500,,,,,,MySkinRecipes,https://www.myskinrecipes.com/shop/th/ungrouped/32518-ethyl-dehydrocyclogeranate-.html
32497,Benzyl Methyl Sulfide,1 g,766-92-7,,927.25,927.2500,,,,,,MySkinRecipes,https://www.myskinrecipes.com/shop/th/edible-อาหาร/32497-benzyl-methyl-sulfide-fema-3597.html
3326,Butyl Isovalerate,1 g,109-19-3,,54.74,54.7400,,,,,,MySkinRecipes,https://www.myskinrecipes.com/shop/th/fruit-ผลไม้/3326-butyl-isovalerate-fema-2218.html
3632,2‑Octenal,1 g,2548-87-0,,35.00,35.0000,,,,,,MySkinRecipes,https://www.myskinrecipes.com/shop/th/edible-อาหาร/3632-2-octenal-fema-3215.html
33650,Furfuryl Acetate,1 g,623-17-6,,73.39,73.3900,,,,,,MySkinRecipes,https://www.myskinrecipes.com/shop/th/edible-อาหาร/33650-furan-2-ylmethyl-acetate-fema-2490.html
33634,Butyl Hexanoate,1 g,626-82-4,,49.45,49.4500,,,,,,MySkinRecipes,https://www.myskinrecipes.com/shop/th/ungrouped/33634-4-223-trimethylcyclopentylbutanoic-acid-fema-4529-.html
33636,(Z)‑3‑Hexenyl 2‑Methylbutanoate,1 g,53398-85-9,,246.96,246.9600,,,,,,MySkinRecipes,https://www.myskinrecipes.com/shop/th/ungrouped/33636-z-hex-3-enyl-2-methylbutanoate-fema-3497.html
32459,Dibutyl Sulfide,1 g,544-40-1,,139.23,139.2300,,,,,,MySkinRecipes,https://www.myskinrecipes.com/shop/th/edible-อาหาร/32459-dibutyl-sulfide-fema-2215.html
3329,Berry Hexanoate (Berryflor),1 g,104986-28-9,,467.98,467.9800,,,,,,MySkinRecipes,https://www.myskinrecipes.com/shop/th/fruit-ผลไม้/3329-berry-hexanoate-berryflor.html
33637,Hexyl Benzoate,1 g,6789-88-4,,47.96,47.9600,,,,,,MySkinRecipes,https://www.myskinrecipes.com/shop/th/ungrouped/33637-hexyl-benzoate-fema-3691.html
32449,N,1 g,39741-41-8,,625.01,625.0100,,,,,,MySkinRecipes,https://www.myskinrecipes.com/shop/th/edible-อาหาร/32449-n-ethyl-2-acetyl-pyrrole-fema-3147.html
3330,Cassiffix,1 g,139539-66-5,,907.34,907.3400,,,,,,MySkinRecipes,https://www.myskinrecipes.com/shop/th/fruit-ผลไม้/3330-cassiffix.html
33638,Ethylhexyl Salicylate,1 g,118-60-5,,38.98,38.9800,,,,,,MySkinRecipes,https://www.myskinrecipes.com/shop/th/ungrouped/33638-2-ethylhexyl-2-hydroxybenzoate.html
32416,"4,5",1 g,3581-91-7,,528.25,528.2500,,,,,,MySkinRecipes,https://www.myskinrecipes.com/shop/th/edible-อาหาร/32416-45-dimethyl-thiazole-fema-3274.html
3331,Tuberose Acetate (Cyclopidene),1 g,40203-73-4,,646.19,646.1900,,,,,,MySkinRecipes,https://www.myskinrecipes.com/shop/th/fruit-ผลไม้/3331-tuberose-acetate-cyclopidene.html
33641,Methyl 3‑Methylthiopropionate,1 g,13532-18-8,,64.41,64.4100,,,,,,MySkinRecipes,https://www.myskinrecipes.com/shop/th/ungrouped/33641-methyl-3-methyl-thio-propionate-fema-2720.html
32417,"2,4,5",1 g,13623-11-5,,528.25,528.2500,,,,,,MySkinRecipes,https://www.myskinrecipes.com/shop/th/edible-อาหาร/32417-245-trimethyl-thiazole-fema-3325-.html
3332,Fig Crotonate (Datilat),1 g,68039-69-0,,401.88,401.8800,,,,,,MySkinRecipes,https://www.myskinrecipes.com/shop/th/fruit-ผลไม้/3332-fig-crotonate-datilat.html
33645,4‑Methyl‑5‑pentyloxolan‑2‑one,1 g,3239-35-8,,3202.05,3202.0500,,,,,,MySkinRecipes,https://www.myskinrecipes.com/shop/th/ungrouped/33645-4-methyl-5-pentyloxolan-2-one.html
32421,4,7 g,1759-28-0,,628.00,89.7143,,,,,,MySkinRecipes,https://www.myskinrecipes.com/shop/th/edible-อาหาร/32421-4-methyl-5-vinyl-thiazole-fema-3313-.html
3333,Paradisamide,1 g,406488-30-0,,450.87,450.8700,,,,,,MySkinRecipes,https://www.myskinrecipes.com/shop/th/fruit-ผลไม้/3333-paradisamide.html
33646,Isoamyl Propionate,1 g,105-68-0,,38.98,38.9800,,,,,,MySkinRecipes,https://www.myskinrecipes.com/shop/th/ungrouped/33646-3-methylbutyl-propanoate-fema-2082.html
32420,4,1 g,656-53-1,,328.75,328.7500,,,,,,MySkinRecipes,https://www.myskinrecipes.com/shop/th/edible-อาหาร/32420-4-methyl-5-thiozoleethanol-acetate-fema-3205-.html
33651,4‑Methylpent‑4‑en‑2‑yl Isobutyrate,1 g,80118-06-5,,359.18,359.1800,,,,,,MySkinRecipes,https://www.myskinrecipes.com/shop/th/ungrouped/33651-4-methylpent-4-en-2-yl-2-methylpropanoate.html
32414,2,1 g,15679-12-6,,288.85,288.8500,,,,,,MySkinRecipes,https://www.myskinrecipes.com/shop/th/edible-อาหาร/32414-2-ethyl-4-methyl-thiazole-fema-3680-.html
3335,Pharaone 10%,1 g,313973-37-4,,204.64,204.6400,,,,,,MySkinRecipes,https://www.myskinrecipes.com/shop/th/fruit-ผลไม้/3335-pineapple-heptadienone-pharaone.html
33652,2‑Methylbutyl 2‑Methylbutanoate,1 g,2445-78-5,,67.41,67.4100,,,,,,MySkinRecipes,https://www.myskinrecipes.com/shop/th/ungrouped/33652-2-methylbutyl-2-methylbutanoate-fema-3359.html
32411,5,1 g,13708-12-8,,827.50,827.5000,,,,,,MySkinRecipes,https://www.myskinrecipes.com/shop/th/edible-อาหาร/32411-5-methyl-quinoxaline-fema-3203.html
3336,Fleuramone,1 g,137-03-1,,448.68,448.6800,,,,,,MySkinRecipes,https://www.myskinrecipes.com/shop/th/fruit-ผลไม้/3336-fleuramone.html
32407,2,1 g,13925-06-9,,777.63,777.6300,,,,,,MySkinRecipes,https://www.myskinrecipes.com/shop/th/edible-อาหาร/32407-2-isobutyl-3-methyl-pyrazine-fema-3133.html
3337,Nectarate,1 g,113889-23-9,,328.98,328.9800,,,,,,MySkinRecipes,https://www.myskinrecipes.com/shop/th/fruit-ผลไม้/3337-fruity-butanate-nectarate.html
33654,Methyl Myristate,1 g,124-10-7,,47.96,47.9600,,,,,,MySkinRecipes,https://www.myskinrecipes.com/shop/th/ungrouped/33654-methyl-myristate-fema-2722.html
32405,2,1 g,13360-64-0,,328.75,328.7500,,,,,,MySkinRecipes,https://www.myskinrecipes.com/shop/th/edible-อาหาร/32405-2-methyl-5-ethyl-pyrazine-fema-3154.html
3338,Ethyl 10‑undecenoate,7 g,692-86-4,,599.92,85.7029,,,,,,MySkinRecipes,https://www.myskinrecipes.com/shop/th/fruit-ผลไม้/3338-ethyl-10-undecenoate.html
33660,Propyl Propanoate,1 g,106-36-5,,65.91,65.9100,,,,,,MySkinRecipes,https://www.myskinrecipes.com/shop/th/ungrouped/33660-propyl-propanoate-fema-2958.html
32401,2,1 g,13925-00-3,,378.63,378.6300,,,,,,MySkinRecipes,https://www.myskinrecipes.com/shop/th/edible-อาหาร/32401-2-ethyl-pyrazine-fema-3281.html
33661,(E)‑2‑Hexen‑1‑yl Acetate,1 g,2497-18-9,,106.31,106.3100,,,,,,MySkinRecipes,https://www.myskinrecipes.com/shop/th/ungrouped/33661-e-2-hexen-1-yl-acetate-fema-2564.html
32398,2,1 g,32737-14-7,,8992.54,8992.5400,,,,,,MySkinRecipes,https://www.myskinrecipes.com/shop/th/edible-อาหาร/32398-2-methyl-35-6-ethoxy-pyrazine-fema-3569.html
33677,Ethyl trans‑2‑Butenoate,1 g,623-70-1,,222.02,222.0200,,,,,,MySkinRecipes,https://www.myskinrecipes.com/shop/th/edible-อาหาร/33677-ethyl-trans-2-butenoate-fema-3486.html
33662,Iris pallida Tincture,1 g,8002-73-1,,3621.00,3621.0000,,,,,,MySkinRecipes,https://www.myskinrecipes.com/shop/th/ungrouped/33662-iris-pallida-rhizome-tincture-fema-2829.html
33663,Propyl Acetate,1 g,109-60-4,,129.25,129.2500,,,,,,MySkinRecipes,https://www.myskinrecipes.com/shop/th/ungrouped/33663-propyl-acetate-fema-2925.html
32471,Methyl thiobutyrate (FEMA 3310),1 g,2432-51-1,,428.50,428.5000,,,,,,MySkinRecipes,https://www.myskinrecipes.com/shop/th/edible-อาหาร/32471-methyl-thiobutyrate-fema-3310.html
33665,Ethyl 4‑Oxopentanoate,1 g,539-88-8,,49.45,49.4500,,,,,,MySkinRecipes,https://www.myskinrecipes.com/shop/th/ungrouped/33665-ethyl-4-oxopentanoate-fema-2442.html
32406,2,1 g,54300-08-2,,4917.25,4917.2500,,,,,,MySkinRecipes,https://www.myskinrecipes.com/shop/th/edible-อาหาร/32406-2-acetyl-356-dimethyl-pyrazine-fema-3327.html
3862,Fructalate,1 g,72903-27-6,,66.41,66.4100,,,,,,MySkinRecipes,https://www.myskinrecipes.com/shop/th/fruit-ผลไม้/3862-raspberry-dicarboxylate-fructalate.html
33666,S‑Methyl Butanethioate,1 g,2432-51-1,,277.88,277.8800,,,,,,MySkinRecipes,https://www.myskinrecipes.com/shop/th/ungrouped/33666-s-methyl-butanethioate-fema-3310.html
32404,2,1 g,21948-70-9,,408.55,408.5500,,,,,,MySkinRecipes,https://www.myskinrecipes.com/shop/th/edible-อาหาร/32404-2-acetyl-3-methyl-pyrazine-fema-3964.html
3984,"Pear Valerate, Peranat",1 g,90397-38-9,,156.16,156.1600,,,,,,MySkinRecipes,https://www.myskinrecipes.com/shop/th/fruit-ผลไม้/3984-pear-valerate-peranat.html
33667,Ethyl 3‑Hydroxyhexanoate,1 g,2432-51-1,,269.40,269.4000,,,,,,MySkinRecipes,https://www.myskinrecipes.com/shop/th/ungrouped/33667-ethyl-3-hydroxyhexanoate-fema-3545.html
32390,2,1 g,38028-67-0,,129.25,129.2500,,,,,,MySkinRecipes,https://www.myskinrecipes.com/shop/th/edible-อาหาร/32390-2-ethoxypyrazine.html
3873,Allyl Phenoxyacetate,1 g,7493-74-5,,59.43,59.4300,,,,,,MySkinRecipes,https://www.myskinrecipes.com/shop/th/fruit-ผลไม้/3873-allyl-phenoxyacetate-pineapple-ether-fema-2038.html
33668,(Z)‑3‑Hexen‑1‑yl Lactate,1 g,61931-81-5,,160.17,160.1700,,,,,,MySkinRecipes,https://www.myskinrecipes.com/shop/th/ungrouped/33668-z-3-hexen-1-yl-lactate-fema-3690.html
32413,2,1 g,24295-03-2,,328.75,328.7500,,,,,,MySkinRecipes,https://www.myskinrecipes.com/shop/th/edible-อาหาร/32413-2-acetyl-thiazole-fema-3328-.html
33669,5‑Methyl‑2(3H)‑Furanone,1 g,591-12-8,,142.22,142.2200,,,,,,MySkinRecipes,https://www.myskinrecipes.com/shop/th/ungrouped/33669-5-methyl-3h-furan-2-one-fema-3293.html
3544,Floral Undecenone,1 g,1322-58-3,,329.50,329.5000,,,,,,MySkinRecipes,https://www.myskinrecipes.com/shop/th/fruit-ผลไม้/3544-floral-undecenone-tetrameran.html
33670,Trimethyl Norbornyl Acetate,1 g,13851-11-1,,50.95,50.9500,,,,,,MySkinRecipes,https://www.myskinrecipes.com/shop/th/ungrouped/33670-133-trimethylbicyclo-221-hept-2-yl-acetate-fema-3390.html
32399,2,1 g,2882-20-4,,727.75,727.7500,,,,,,MySkinRecipes,https://www.myskinrecipes.com/shop/th/edible-อาหาร/32399-2-methyl-35-6-methylthio-pyrazine-fema-3208.html
7973,"Apple Crotonate, Frutinat",1 g,35206-51-0,,129.75,129.7500,,,,,,MySkinRecipes,https://www.myskinrecipes.com/shop/th/fruit-ผลไม้/7973-apple-crotonate-frutinat.html
33671,(Z)‑3‑Hexenyl 2‑Methylbutanoate,1 g,53398-85-9,,152.69,152.6900,,,,,,MySkinRecipes,https://www.myskinrecipes.com/shop/th/ungrouped/33671--z-hex-3-enyl-2-methylbutanoate-fema-3497.html
32498,Methyl 3‑Methylthiopropionate,1 g,13532-18-8,,129.25,129.2500,,,,,,MySkinRecipes,https://www.myskinrecipes.com/shop/th/edible-อาหาร/32498-methyl-3-methylthiopropionate-fema-2720.html
3508,Heptyl Acetate,1 g,112-06-1,,89.35,89.3500,,,,,,MySkinRecipes,https://www.myskinrecipes.com/shop/th/fruit-ผลไม้/3508-heptyl-acetate-fema-2547.html
3741,Isobutyl Butyrate,1 g,539-90-2,,49.09,49.0900,,,,,,MySkinRecipes,https://www.myskinrecipes.com/shop/th/fruit-ผลไม้/3741-isobutyl-butyrate-fema-2187.html
33673,p‑Menth‑3‑yl Isovalerate,1 g,16409-46-4,,1525.75,1525.7500,,,,,,MySkinRecipes,https://www.myskinrecipes.com/shop/th/ungrouped/33673-p-menth-3-yl-isovalerate-fema-2669.html
32478,Methyl Allyl Sulfide,1 g,10152-76-8,,628.00,628.0000,,,,,,MySkinRecipes,https://www.myskinrecipes.com/shop/th/edible-อาหาร/32478-methyl-allyl-sulfide-.html
3563,Citronellyl Butyrate,1 g,141-16-2,,67.06,67.0600,,,,,,MySkinRecipes,https://www.myskinrecipes.com/shop/th/fruit-ผลไม้/3563-citronellyl-butyrate-fema-2312.html
33674,Hexyl Isobutyrate,1 g,2349-07-7,,49.45,49.4500,,,,,,MySkinRecipes,https://www.myskinrecipes.com/shop/th/ungrouped/33674-hexyl-2-methylpropanoate-fema-3172.html
32475,Methyl Furfuryl Disulfide (FEMA,1 g,57500-00-2,,229.00,229.0000,,,,,,MySkinRecipes,https://www.myskinrecipes.com/shop/th/edible-อาหาร/32475-methyl-furfuryl-disulfide-fema-3362.html
3458,Isoamyl Isobutyrate,1 g,2050-01-3,,69.40,69.4000,,,,,,MySkinRecipes,https://www.myskinrecipes.com/shop/th/fruit-ผลไม้/3458-isoamyl-isobutyrate-fema-3507.html
33675,L‑Menthyl Lactate,1 g,59259-38-0,,70.40,70.4000,,,,,,MySkinRecipes,https://www.myskinrecipes.com/shop/th/ungrouped/33675-laevo-menthyl-lactate-fema-3748.html
32494,Propyl Thioacetate,1 g,2307-10-0,,328.75,328.7500,,,,,,MySkinRecipes,https://www.myskinrecipes.com/shop/th/edible-อาหาร/32494-propyl-thioacetate-fema-3385.html
3740,Ethyl Valerate,1 g,539-82-2,,48.45,48.4500,,,,,,MySkinRecipes,https://www.myskinrecipes.com/shop/th/fruit-ผลไม้/3740-ethyl-valerate-fema-2462.html
33676,Pentyl Salicylate,1 g,2050-08-0,,38.98,38.9800,,,,,,MySkinRecipes,https://www.myskinrecipes.com/shop/th/ungrouped/33676-pentyl-2-hydroxybenzoate-fema-2026.html
32486,"2,5‑Dimethyl‑1,4‑dithiane‑2,5‑diol",1 g,55704-78-4,,628.00,628.0000,,,,,,MySkinRecipes,https://www.myskinrecipes.com/shop/th/edible-อาหาร/32486-25-dimethyl-14-dithiane-25-diol-fema-3450.html
3498,Isobutyl Hexanoate,1 g,105-79-3,,48.34,48.3400,,,,,,MySkinRecipes,https://www.myskinrecipes.com/shop/th/fruit-ผลไม้/3498-isobutyl-hexanoate-fema-2202.html
33678,5‑Hexyloxolan‑2‑one,1 g,706-14-9,,42.72,42.7200,,,,,,MySkinRecipes,https://www.myskinrecipes.com/shop/th/ungrouped/33678-5-hexyloxolan-2-one-fema-2360.html
32434,Coffee Furanone,1 g,3188-00-9,,179.13,179.1300,,,,,,MySkinRecipes,https://www.myskinrecipes.com/shop/th/edible-อาหาร/32434-2-methyltetrahydrofuran-3-one-fema-3373-.html
3477,Benzyl Isovalerate,1 g,103-38-8,,274.41,274.4100,,,,,,MySkinRecipes,https://www.myskinrecipes.com/shop/th/fruit-ผลไม้/3477-benzyl-isovalerate-fema-2152.html
33681,(S)‑Dihydroactinidiolide,1 g,17092-92-1,,9150.00,9150.0000,,,,,,MySkinRecipes,https://www.myskinrecipes.com/shop/th/ungrouped/33681-s-dihydroactinidiolide-fema-4020.html
32415,"2,4",1 g,38205-60-6,,229.00,229.0000,,,,,,MySkinRecipes,https://www.myskinrecipes.com/shop/th/edible-อาหาร/32415-24-dimethyl-5-acetyl-thiazole-fema-3267-.html
3742,Amyl Hexanoate,1 g,540-07-8,,35.00,35.0000,,,,,,MySkinRecipes,https://www.myskinrecipes.com/shop/th/fruit-ผลไม้/3742-amyl-hexanoate-fema-2074.html
33684,5‑Octyloxolan‑2‑one,1 g,2305-05-7,,55.44,55.4400,,,,,,MySkinRecipes,https://www.myskinrecipes.com/shop/th/ungrouped/33684-5-octyloxolan-2-one-fema-2400.html
32479,2,1 g,79-42-5,,288.85,288.8500,,,,,,MySkinRecipes,https://www.myskinrecipes.com/shop/th/edible-อาหาร/32479-2-mercaptopropionic-acid-2-thiolpropionic-acid-fema-3180.html
9235,2,1 g,107-87-9,,761.25,761.2500,,,,,,MySkinRecipes,https://www.myskinrecipes.com/shop/th/fruit-ผลไม้/9235-2-pentanone-methyl-propyl-ketone-fema-2842.html
33685,5‑Ethyloxolan‑2‑one,1 g,695-06-7,,59.93,59.9300,,,,,,MySkinRecipes,https://www.myskinrecipes.com/shop/th/ungrouped/33685-5-ethyloxolan-2-one-fema-2556.html
32438,2,1 g,57124-87-5,,727.75,727.7500,,,,,,MySkinRecipes,https://www.myskinrecipes.com/shop/th/edible-อาหาร/32438-2-methyl-3-tetrahydrofuranthiol-fema-3787.html
3460,Hexyl Isobutyrate,1 g,2349-07-7,,47.96,47.9600,,,,,,MySkinRecipes,https://www.myskinrecipes.com/shop/th/fruit-ผลไม้/3460-hexyl-isobutyrate-fema-3172.html
33686,"(6R)‑6‑Pentyl‑5,6‑Dihydropyran‑2‑one",1 g,51154-96-2,,1451.44,1451.4400,,,,,,MySkinRecipes,https://www.myskinrecipes.com/shop/th/ungrouped/33686-6r-6-pentyl-56-dihydropyran-2-one-fema-3744.html
32412,2,1 g,5049-61-6,,258.93,258.9300,,,,,,MySkinRecipes,https://www.myskinrecipes.com/shop/th/edible-อาหาร/32412-2-amino-pyrazine.html
32418,2,1 g,15679-19-3,,628.00,628.0000,,,,,,MySkinRecipes,https://www.myskinrecipes.com/shop/th/edible-อาหาร/32418-2-ethoxy-thiazole-fema-3340-.html
31714,2,1 g,624-41-9,,376.13,376.1300,,,,,,MySkinRecipes,https://www.myskinrecipes.com/shop/th/fruit-ผลไม้/31714-2-methyl-butyl-acetate.html
33688,Ethyl 2‑Ethylhexanoate,1 g,2983-37-1,,2523.25,2523.2500,,,,,,MySkinRecipes,https://www.myskinrecipes.com/shop/th/ungrouped/33688-ethyl-2-ethylhexanoate-fema-4345.html
32409,2,1 g,72797-16-1,,23571.00,23571.0000,,,,,,MySkinRecipes,https://www.myskinrecipes.com/shop/th/edible-อาหาร/32409-2-ethoxy-3-isopropyl-pyrazine-fema-4632.html
31959,Citronellyl Isobutyrate (FEMA,1 g,97-89-2,,67.06,67.0600,,,,,,MySkinRecipes,https://www.myskinrecipes.com/shop/th/fruit-ผลไม้/31959-citronellyl-isobutyrate-fema-2313.html
33690,Fruity carboxylate,1 g,80623-07-0,,92.84,92.8400,,,,,,MySkinRecipes,https://www.myskinrecipes.com/shop/th/ungrouped/33690-fruity-carboxylate-.html
32422,2,1 g,14542-13-3,,388.60,388.6000,,,,,,MySkinRecipes,https://www.myskinrecipes.com/shop/th/edible-อาหาร/32422-2-methoxy-thiazole.html
32369,2,1 g,2445-78-5,,82.37,82.3700,,,,,,MySkinRecipes,https://www.myskinrecipes.com/shop/th/fruit-ผลไม้/32369-2-methylbutyl-2-methylbutyrate-fema-3359.html
33691,2‑methylbutyl 2‑methylpropanoate (FEMA‑3507),1 g,2445-69-4,,44.21,44.2100,,,,,,MySkinRecipes,https://www.myskinrecipes.com/shop/th/ungrouped/33691-2-methylbutyl-2-methylpropanoate-fema-3507.html
32502,1‑Octen‑3‑yl Acetate,1 g,2442-10-6,,28930.00,28930.0000,,,,,,MySkinRecipes,https://www.myskinrecipes.com/shop/th/fruit-ผลไม้/32502-1-octen-3-yl-acetate-fema-3582.html
32388,2,1 g,3581-87-1,,727.75,727.7500,,,,,,MySkinRecipes,https://www.myskinrecipes.com/shop/th/edible-อาหาร/32388-2-methyl-thiazole.html
33693,N‑butyl 2‑methylbutyrate (FEMA‑3393),1 g,15706-73-7,,70.40,70.4000,,,,,,MySkinRecipes,https://www.myskinrecipes.com/shop/th/ungrouped/33693-n-butyl-2-methylbutyrate-fema-3393.html
33419,Theaspirane,1 g,36431-72-8,,478.88,478.8800,,,,,,MySkinRecipes,https://www.myskinrecipes.com/shop/th/fruit-ผลไม้/33419-theaspirane-fema-3774.html
32423,2,1 g,5053-24-7,,3483.78,3483.7800,,,,,,MySkinRecipes,https://www.myskinrecipes.com/shop/th/edible-อาหาร/32423-2-methylthio-thiazole.html
33696,5‑hexyl‑5‑methyloxolan‑2‑one (FEMA‑3786),1 g,7011-83-8,,61.42,61.4200,,,,,,MySkinRecipes,https://www.myskinrecipes.com/shop/th/ungrouped/33696-5-hexyl-5-methyloxolan-2-one-fema-3786.html
32389,4,1 g,693-95-8,,348.70,348.7000,,,,,,MySkinRecipes,https://www.myskinrecipes.com/shop/th/edible-อาหาร/32389-4-methyl-thiazolefema-3716-.html
3874,Acetaldehyde,1 g,75-07-0,,35.00,35.0000,,,,,,MySkinRecipes,https://www.myskinrecipes.com/shop/th/fruit-ผลไม้/3874-acetaldehyde-fema-2003-.html
33697,5‑[(Z)‑hex‑3‑enyl]‑5‑methyloxolan‑2‑one (FEMA‑3937),1 g,70851-61-5,,1182.11,1182.1100,,,,,,MySkinRecipes,https://www.myskinrecipes.com/shop/th/ungrouped/33697-5-z-hex-3-enyl-5-methyloxolan-2-one-fema-3937.html
32505,Furaneol Acetate,1 g,4166-20-5,,149.20,149.2000,,,,,,MySkinRecipes,https://www.myskinrecipes.com/shop/th/fruit-ผลไม้/32505-strawberry-furanone-acetate-fema-3797.html
32448,N,1 g,932-16-1,,538.23,538.2300,,,,,,MySkinRecipes,https://www.myskinrecipes.com/shop/th/edible-อาหาร/32448-n-methyl-2-acetyl-pyrrole-fema-3184.html
33698,"(Z)‑5‑Octenoate, methyl (FEMA‑4165)",1 g,41654-15-3,,1002.56,1002.5600,,,,,,MySkinRecipes,https://www.myskinrecipes.com/shop/th/ungrouped/33698-methyl-z-5-octenoate-fema-4165.html
32488,3‑Mercapto‑2‑Pentanone,1 g,67633-97-0,,2144.20,2144.2000,,,,,,MySkinRecipes,https://www.myskinrecipes.com/shop/th/edible-อาหาร/32488-3-mercapto-2-pentanone-fema-3300.html
32345,Natural 2,1 g,624-41-9,,129.25,129.2500,,,,,,MySkinRecipes,https://www.myskinrecipes.com/shop/th/fruit-ผลไม้/32345-natural-2-methylbutyl-acetate-fema-3644-.html
33699,Ethyl 3‑methyl‑2‑oxovalerate (FEMA‑4903),1 g,26516-27-8,,733.24,733.2400,,,,,,MySkinRecipes,https://www.myskinrecipes.com/shop/th/ungrouped/33699-pentanoic-acid-3-methyl-2-oxo--ethyl-ester-fema-4903.html
32429,2,1 g,3208-16-0,,727.75,727.7500,,,,,,MySkinRecipes,https://www.myskinrecipes.com/shop/th/edible-อาหาร/32429-2-ethyl-furan-fema-3673-.html
32347,Butyl Propionate (FEMA,1 g,,,129.25,129.2500,,,,,,MySkinRecipes,https://www.myskinrecipes.com/shop/th/fruit-ผลไม้/32347-natural-butyl-propionate-fema-2212-.html
127647,2‑Acetyl‑1‑pyrroline 10%,1 g,85213-22-5,,37492.50,37492.5000,,,,,,MySkinRecipes,https://www.myskinrecipes.com/shop/th/edible-อาหาร/127647-2-acetyl-1-pyrroline-fema-4249.html
33701,Carvyl acetate (FEMA‑2250),1 g,97-42-7,,478.88,478.8800,,,,,,MySkinRecipes,https://www.myskinrecipes.com/shop/th/ungrouped/33701-carvyl-acetate-fema-2250.html
32358,Heptyl Butyrate (FEMA,1 g,5870-93-9,,159.18,159.1800,,,,,,MySkinRecipes,https://www.myskinrecipes.com/shop/th/fruit-ผลไม้/32358-heptyl-butyrate-fema-2549.html
33703,Ethyl (E),1 g,5837-78-5,,628.00,628.0000,,,,,,MySkinRecipes,https://www.myskinrecipes.com/shop/th/ungrouped/33703-ethyl-e-2-methylbut-2-enoate-fema-2460.html
32384,Isopentyl Decanoate,1 g,2306-91-4,,1525.75,1525.7500,,,,,,MySkinRecipes,https://www.myskinrecipes.com/shop/th/fruit-ผลไม้/32384-isopentyl-decanoate.html
33704,Heptyl acetate (FEMA,66 g,112-06-1,,696.00,10.5455,,,,,,MySkinRecipes,https://www.myskinrecipes.com/shop/th/ungrouped/33704-heptyl-acetate-fema-2547.html
32381,Methyl Caprate,1 g,110-42-9,,129.25,129.2500,,,,,,MySkinRecipes,https://www.myskinrecipes.com/shop/th/fruit-ผลไม้/32381-methyl-caprate.html
33705,(Z),1 g,31501-11-8,,269.40,269.4000,,,,,,MySkinRecipes,https://www.myskinrecipes.com/shop/th/ungrouped/33705-z-3-hexen-1-yl-hexanoate-fema-3403.html
32367,Propyl 2,1 g,37064-20-3,,229.00,229.0000,,,,,,MySkinRecipes,https://www.myskinrecipes.com/shop/th/fruit-ผลไม้/32367-propyl-2-methylbutyrate.html
33706,[(Z),1 g,61931-81-5,,351.69,351.6900,,,,,,MySkinRecipes,https://www.myskinrecipes.com/shop/th/ungrouped/33706--z-hex-3-enyl-2-hydroxypropanoate-fema-3690.html
33700,3‑methylbutyl 2‑methylbutanoate (FEMA‑3505),1 g,27625-35-0,,53.94,53.9400,,,,,,MySkinRecipes,https://www.myskinrecipes.com/shop/th/fruit-ผลไม้/33700-3-methylbutyl-2-methylbutanoate-fema-3505.html
33714,3,1 g,103-58-2,,803.56,803.5600,,,,,,MySkinRecipes,https://www.myskinrecipes.com/shop/th/fruit-ผลไม้/33714-3-phenylpropyl-2-methylpropanoate-fema-2893.html
33707,[(Z),1 g,68133-76-6,,1027.00,1027.0000,,,,,,MySkinRecipes,https://www.myskinrecipes.com/shop/th/ungrouped/33707--z-hex-3-enyl-2-oxopropanoate-fema-3934.html
33708,(Z),1 g,67883-79-8,,404.06,404.0600,,,,,,MySkinRecipes,https://www.myskinrecipes.com/shop/th/ungrouped/33708-z-3-hexen-1-yl-tiglate-fema-3931.html
32374,Propyl Isovalerate (FEMA,1 g,557-00-6,,398.58,398.5800,,,,,,MySkinRecipes,https://www.myskinrecipes.com/shop/th/fruit-ผลไม้/32374-propyl-isovaleratefema-2960.html
33709,[(Z),1 g,35154-45-1,,374.14,374.1400,,,,,,MySkinRecipes,https://www.myskinrecipes.com/shop/th/ungrouped/33709--z-hex-3-enyl-3-methylbutanoate-fema-3498.html
32377,Butyl Caproate (FEMA,1 g,626-82-4,,129.25,129.2500,,,,,,MySkinRecipes,https://www.myskinrecipes.com/shop/th/fruit-ผลไม้/32377-butyl-caproatefema-2201.html
33712,Methyl acetate (FEMA,1 g,79-20-9,,1257.26,1257.2600,,,,,,MySkinRecipes,https://www.myskinrecipes.com/shop/th/ungrouped/33712-methyl-acetate-fema-2676.html
3562,Ethyl Acrylate,1 g,140-88-5,,104.50,104.5000,,,,,,MySkinRecipes,https://www.myskinrecipes.com/shop/th/fruit-ผลไม้/3562-ethyl-acrylate-fema-2418.html
33715,Benzyl octanoate,1 g,10276-85-4,,59.43,59.4300,,,,,,MySkinRecipes,https://www.myskinrecipes.com/shop/th/ungrouped/33715-benzyl-octanoate.html
33635,Ethyl 3‑Hexenoate,1 g,2396-83-0,,303.32,303.3200,,,,,,MySkinRecipes,https://www.myskinrecipes.com/shop/th/fruit-ผลไม้/33635-ethyl-hex-3-enoate-fema-3342.html
33716,Methyl hexadecanoate,1 g,112-39-0,,46.46,46.4600,,,,,,MySkinRecipes,https://www.myskinrecipes.com/shop/th/ungrouped/33716-methyl-hexadecanoate-.html
33721,Sandal pentanol,1 g,65113-99-7,,65.91,65.9100,,,,,,MySkinRecipes,https://www.myskinrecipes.com/shop/th/ungrouped/33721-sandal-pentanol-.html
32446,Furfuryl Acetate,1 g,623-17-6,,79.38,79.3800,,,,,,MySkinRecipes,https://www.myskinrecipes.com/shop/th/fruit-ผลไม้/32446-furfuryl-acetate-fema-2490.html
33722,3,1 g,55066-48-3,,44.21,44.2100,,,,,,MySkinRecipes,https://www.myskinrecipes.com/shop/th/ungrouped/33722-3-methyl-5-phenylpentan-1-ol.html
32516,"2,5‑Dimethyl‑3(2H)furanone",1 g,14400-67-0,,1027.00,1027.0000,,,,,,MySkinRecipes,https://www.myskinrecipes.com/shop/th/fruit-ผลไม้/32516-25-dimethyl-32hfuranone-fema-4101.html
33724,heptyl alcohol (FEMA,1 g,111-70-6,,38.98,38.9800,,,,,,MySkinRecipes,https://www.myskinrecipes.com/shop/th/ungrouped/33724-heptyl-alcohol-fema-2548.html
33727,Heptan,1 g,111-70-6,,48.45,48.4500,,,,,,MySkinRecipes,https://www.myskinrecipes.com/shop/th/ungrouped/33727-heptan-1-ol-fema-2548.html
33728,(Z),1 g,928-91-6,,1376.63,1376.6300,,,,,,MySkinRecipes,https://www.myskinrecipes.com/shop/th/ungrouped/33728-z-hex-4-en-1-ol-fema-3430.html
33729,(Z),1 g,20125-84-2,,927.75,927.7500,,,,,,MySkinRecipes,https://www.myskinrecipes.com/shop/th/ungrouped/33729-z-3-octen-1-ol-fema-3467.html
33731,แอลกอฮอล์โครงสร้าง cyclohexenyl,1 g,536-59-4,,808.05,808.0500,,,,,,MySkinRecipes,https://www.myskinrecipes.com/shop/th/ungrouped/33731-4-prop-1-en-2-yl-1-cyclohexenylmethanol-fema-2664.html
33732,2,1 g,498-81-7,,40.47,40.4700,,,,,,MySkinRecipes,https://www.myskinrecipes.com/shop/th/ungrouped/33732-2-4-methylcyclohexylpropan-2-ol-.html
33734,FEMA 3141,1 g,60066-88-8,,68.40,68.4000,,,,,,MySkinRecipes,https://www.myskinrecipes.com/shop/th/ungrouped/33734-26-dimethyl-10-methylene-2611-dodecatrienal-fema-3141.html
33736,4,1 g,2568-25-4,,47.96,47.9600,,,,,,MySkinRecipes,https://www.myskinrecipes.com/shop/th/ungrouped/33736-4-methyl-2-phenyl-13-dioxolane-fema-2130.html
33755,"2,4",1 g,25152-84-5,,553.69,553.6900,,,,,,MySkinRecipes,https://www.myskinrecipes.com/shop/th/ungrouped/33755-ee-24-decadienal-fema-3135.html
33758,Mandarine Undecenal,1 g,143-14-6,,158.68,158.6800,,,,,,MySkinRecipes,https://www.myskinrecipes.com/shop/th/ungrouped/33758-mandarine-undecenal-fema-3094.html
33759,3‑Phenylbutanal,1 g,16251-77-7,,94.34,94.3400,,,,,,MySkinRecipes,https://www.myskinrecipes.com/shop/th/ungrouped/33759-3-phenylbutanal-.html
33760,(Z),1 g,6728-31-0,,82905.00,82905.0000,,,,,,MySkinRecipes,https://www.myskinrecipes.com/shop/th/ungrouped/33760-z-hept-4-enal-fema-3289.html
33762,Ocean Carboxaldehyde,1 g,20407-84-5,,149.70,149.7000,,,,,,MySkinRecipes,https://www.myskinrecipes.com/shop/th/ungrouped/33762-ocean-carboxaldehyde.html
33763,"Deca‑2,4‑dienal",1 g,25152-84-5,,448.95,448.9500,,,,,,MySkinRecipes,https://www.myskinrecipes.com/shop/th/ungrouped/33763-2e4e-deca-24-dienal-fema-3135.html
33764,Phenylbutenetriol,1 g,1319-88-6,,58.43,58.4300,,,,,,MySkinRecipes,https://www.myskinrecipes.com/shop/th/ungrouped/33764-z-4-phenylbut-3-ene-123-triol-fema-2129.html
33765,FEMA 3838,1 g,68527-76-4,,64.41,64.4100,,,,,,MySkinRecipes,https://www.myskinrecipes.com/shop/th/ungrouped/33765-2-ethoxy-4-4-methyl-13-dioxolan-2-ylphenol-fema-3838.html
33766,2‑Methyldecanal,1 g,19009-56-4,,52.44,52.4400,,,,,,MySkinRecipes,https://www.myskinrecipes.com/shop/th/ungrouped/33766-2-methyldecanal.html
33769,p‑Tolylacetaldehyde,1 g,104-09-6,,2349.19,2349.1900,,,,,,MySkinRecipes,https://www.myskinrecipes.com/shop/th/ungrouped/33769-2-4-methylphenylacetaldehyde-fema-3071.html
33770,"Nona‑2,6‑dienal",1 g,557-48-2,,1780.61,1780.6100,,,,,,MySkinRecipes,https://www.myskinrecipes.com/shop/th/ungrouped/33770-2e6z-nona-26-dienal-fema-3377.html
33772,Methylphenylpentanal,1 g,55066-49-4,,448.95,448.9500,,,,,,MySkinRecipes,https://www.myskinrecipes.com/shop/th/ungrouped/33772-3-methyl-5-phenylpentanal.html
33774,Dec‑2‑enal,1 g,3913-81-3,,583.61,583.6100,,,,,,MySkinRecipes,https://www.myskinrecipes.com/shop/th/ungrouped/33774-e-dec-2-enal-fema-2366.html
33775,Hydrofleur,1 g,62439-41-2,,299.33,299.3300,,,,,,MySkinRecipes,https://www.myskinrecipes.com/shop/th/ungrouped/33775-6-methoxy-26-dimethylheptanal-fema-4745.html
33776,(Z)‑Oct‑5‑enal,1 g,41547-22-2,,2573.63,2573.6300,,,,,,MySkinRecipes,https://www.myskinrecipes.com/shop/th/ungrouped/33776-z-oct-5-enal-fema-3749.html
33777,(E)‑Oct‑5‑enal,1 g,41547-29-9,,4331.72,4331.7200,,,,,,MySkinRecipes,https://www.myskinrecipes.com/shop/th/ungrouped/33777-e-oct-5-enal-fema-4898.html
33778,(Z)‑Non‑6‑enal,1 g,2277-19-2,,927.75,927.7500,,,,,,MySkinRecipes,https://www.myskinrecipes.com/shop/th/ungrouped/33778-z-non-6-enal-fema-3580.html
33779,(Z),1 g,21662-09-9,,2723.25,2723.2500,,,,,,MySkinRecipes,https://www.myskinrecipes.com/shop/th/ungrouped/33779-z-dec-4-enal-fema-3264.html
33780,5,1 g,35158-25-9,,359.18,359.1800,,,,,,MySkinRecipes,https://www.myskinrecipes.com/shop/th/ungrouped/33780-5-methyl-2-propan-2-ylhex-2-enal-fema-3406.html
33782,Dec,1 g,39770-05-3,,1107.30,1107.3000,,,,,,MySkinRecipes,https://www.myskinrecipes.com/shop/th/ungrouped/33782-dec-9-enal-fema-3912.html
33783,Acetone glycerol,1 g,100-79-8,,49.45,49.4500,,,,,,MySkinRecipes,https://www.myskinrecipes.com/shop/th/ungrouped/33783-acetone-glycerol-.html
33784,3,1 g,5462-06-6,,62.92,62.9200,,,,,,MySkinRecipes,https://www.myskinrecipes.com/shop/th/ungrouped/33784-3-4-methoxyphenyl-2-methylpropanal.html
33785,4,1 g,94089-21-1,,134.74,134.7400,,,,,,MySkinRecipes,https://www.myskinrecipes.com/shop/th/ungrouped/33785-4-methyl-2-e-pent-1-enyl-13-dioxolane-fema-4272.html
33786,6,1 g,63885-09-6,,1601.06,1601.0600,,,,,,MySkinRecipes,https://www.myskinrecipes.com/shop/th/ungrouped/33786-6-methyl-heptanal-fema-4498.html
33788,Methyl 2,1 g,68738-99-8,,160.68,160.6800,,,,,,MySkinRecipes,https://www.myskinrecipes.com/shop/th/ungrouped/33788-methyl-2-e-24-dimethyl-1-cyclohex-3-enylidenemethyl-amino-benzoate.html
33789,6,1 g,409-02-9,,1376.63,1376.6300,,,,,,MySkinRecipes,https://www.myskinrecipes.com/shop/th/ungrouped/33789-6-methylhept-5-en-2-one.html
33790,"1,1,3",1 g,3910-35-8,,40.47,40.4700,,,,,,MySkinRecipes,https://www.myskinrecipes.com/shop/th/ungrouped/33790-113-trimethyl-3-phenyl-indan.html
33792,1,1 g,100-06-1,,43.47,43.4700,,,,,,MySkinRecipes,https://www.myskinrecipes.com/shop/th/ungrouped/33792-1-4-methoxyphenylethanone-fema-2005.html
33793,(E),1 g,24720-09-0,,154.19,154.1900,,,,,,MySkinRecipes,https://www.myskinrecipes.com/shop/th/ungrouped/33793-1-4-methoxyphenylethanone-fema-2005.html
33794,1,1 g,56973-85-4,,98.83,98.8300,,,,,,MySkinRecipes,https://www.myskinrecipes.com/shop/th/ungrouped/33794-1-55-dimethyl-1-cyclohexenylpent-4-en-1-one-.html
33795,Methyl heptyl ketone,1 g,821-55-6,,53.94,53.9400,,,,,,MySkinRecipes,https://www.myskinrecipes.com/shop/th/ungrouped/33795-methyl-heptyl-ketone-fema-2785.html
33800,"(2R,5R)",1 g,1196-31-2,,119.78,119.7800,,,,,,MySkinRecipes,https://www.myskinrecipes.com/shop/th/ungrouped/33800-2r5r-5-methyl-2-propan-2-ylcyclohexan-1-one.html
33801,(E),1 g,23726-91-2,,224.51,224.5100,,,,,,MySkinRecipes,https://www.myskinrecipes.com/shop/th/ungrouped/33801-e-1-266-trimethyl-1-cyclohexenylbut-2-en-1-one-fema-3243.html
33802,"Laevo‑menthone 1,2‑glycerol ketal",1 g,563187-91-7,,100.32,100.3200,,,,,,MySkinRecipes,https://www.myskinrecipes.com/shop/th/ungrouped/33802-laevo-menthone-12-glycerol-ketal-fema-3807.html
33803,Pentan‑2‑one,1 g,107-87-9,,89.35,89.3500,,,,,,MySkinRecipes,https://www.myskinrecipes.com/shop/th/ungrouped/33803-pentan-2-one-fema-2842.html
33804,(5E),1 g,82356-51-2,,463.91,463.9100,,,,,,MySkinRecipes,https://www.myskinrecipes.com/shop/th/ungrouped/33804-5e-3-methylcyclopentadec-5-en-1-one.html
33805,(E),1 g,4643-27-0,,78030.00,78030.0000,,,,,,MySkinRecipes,https://www.myskinrecipes.com/shop/th/ungrouped/33805-e-oct-2-en-4-one-fema-3603.html
33806,Tetradecanoic acid,1 g,544-63-8,,35.99,35.9900,,,,,,MySkinRecipes,https://www.myskinrecipes.com/shop/th/ungrouped/33806-tetradecanoic-acid-fema-2764.html
33807,Hexadecanoic acid,1 g,544-63-8,,35.99,35.9900,,,,,,MySkinRecipes,https://www.myskinrecipes.com/shop/th/ungrouped/33807-hexadecanoic-acid-fema-2832.html
33808,Dec‑9‑enoic acid,1 g,14436-32-9,,2124.75,2124.7500,,,,,,MySkinRecipes,https://www.myskinrecipes.com/shop/th/ungrouped/33808-dec-9-enoic-acid-fema-3660.html
33829,"2,5‑Dimethylpyrazine",1 g,123-32-0,,227.01,227.0100,,,,,,MySkinRecipes,https://www.myskinrecipes.com/shop/th/ungrouped/33829-25-dimethylpyrazine-fema-3272.html
33831,"8‑Methyl‑1,5‑benzodioxepin‑3‑one",1 g,28940-11-6,,448.95,448.9500,,,,,,MySkinRecipes,https://www.myskinrecipes.com/shop/th/ungrouped/33831-8-methyl-15-benzodioxepin-3-one.html
33832,Indane butanal,1 g,30168-23-1,,763.16,763.1600,,,,,,MySkinRecipes,https://www.myskinrecipes.com/shop/th/ungrouped/33832-4-octahydro-47-methano-5h-inden-5-ylidenebutanal.html
33833,Leafy oxime,1 g,81783-01-9,,1122.26,1122.2600,,,,,,MySkinRecipes,https://www.myskinrecipes.com/shop/th/ungrouped/33833-ne-n-6e-2447-tetramethylnona-68-dien-3-ylidene-hydroxylamine.html
