Product_ID,Material_Name,Supplier,CAS_Number,New CAS,Price_US/g,Notes,Is_Dilution,Active_Material,Solvent,Active_%,Source_URL
4EW07503,2 3-Dimethyl Pyrazine from PerfumersWorld,PerfumersWorld,5910-89-4,,2.69,,FALSE,,,,https://www.perfumersworld.com/view.php?pro_id=4EW07503
5EW07840,2 3-Dimethyl Pyrazine 1% in DPG from PerfumersWorld,PerfumersWorld,"5910-89-4|0.01
25265-71-8|0.99",,0.12,,TRUE,2 3-Dimethyl Pyrazine from PerfumersWorld,Dipropylene Glycol (DPG) from PerfumersWorld,0.01,https://www.perfumersworld.com/view.php?pro_id=5EW07840
5EW20137,2 3-Dimethyl Pyrazine 10% in DPG from PerfumersWorld,PerfumersWorld,"5910-89-4|0.1
25265-71-8|0.9",,0.29,,TRUE,2 3-Dimethyl Pyrazine from PerfumersWorld,Dipropylene Glycol (DPG) from PerfumersWorld,0.1,https://www.perfumersworld.com/view.php?pro_id=5EW20137
4EW14326,2 Acetyl Thaizole from PerfumersWorld,PerfumersWorld,24295-03-2,,2.50,,FALSE,,,,https://www.perfumersworld.com/view.php?pro_id=4EW14326
1EN13109,2-Acetyl Pyrazine from PerfumersWorld,PerfumersWorld,22047-25-2,,0.71,,FALSE,,,,https://www.perfumersworld.com/view.php?pro_id=1EN13109
5EN13769,2-Acetyl Pyrazine 1% in DPG from PerfumersWorld,PerfumersWorld,"22047-25-2|0.01
25265-71-8|0.99",,0.10,,TRUE,2-Acetyl Pyrazine from PerfumersWorld,Dipropylene Glycol (DPG) from PerfumersWorld,0.01,https://www.perfumersworld.com/view.php?pro_id=5EN13769
4ES11805,2-iso Propyl 4 Methyl Thiazole from PerfumersWorld,PerfumersWorld,15679-13-7,,1.60,,FALSE,,,,https://www.perfumersworld.com/view.php?pro_id=4ES11805
5ES13952,2-iso Propyl 4 Methyl Thiazole 1% in DPG from PerfumersWorld,PerfumersWorld,"15679-13-7|0.01
25265-71-8|0.99",,0.10,,TRUE,2-iso Propyl 4 Methyl Thiazole from PerfumersWorld,Dipropylene Glycol (DPG) from PerfumersWorld,0.01,https://www.perfumersworld.com/view.php?pro_id=5ES13952
4FC07622,2-Methyl-2-Pentenoic Acid from PerfumersWorld,PerfumersWorld,3142-72-1,,0.32,,FALSE,,,,https://www.perfumersworld.com/view.php?pro_id=4FC07622
5FC07623,2-Methyl-2-Pentenoic Acid 10% in DPG from PerfumersWorld,PerfumersWorld,"6297-41-2|0.1
25265-71-8|0.9",,0.05,,TRUE,2-Methyl-2-Pentenoic Acid from PerfumersWorld,Dipropylene Glycol (DPG) from PerfumersWorld,0.1,https://www.perfumersworld.com/view.php?pro_id=5FC07623
4FD00001,2-Methylbutyl 2-Methylbutyrate from PerfumersWorld,PerfumersWorld,2445-78-5,,0.33,,FALSE,,,,https://www.perfumersworld.com/view.php?pro_id=4FD00001
4FY22527,2-Octen-4-one from PerfumersWorld,PerfumersWorld,4643-27-0,,4.10,,FALSE,,,,https://www.perfumersworld.com/view.php?pro_id=4FY22527
0ZH20962,3-Methyl-3-Methoxy Butanol (MMB) from PerfumersWorld,PerfumersWorld,56539-66-3,,0.03,,FALSE,,,,https://www.perfumersworld.com/view.php?pro_id=0ZH20962
1VD00002,6-Methyl Coumarin from PerfumersWorld,PerfumersWorld,92-48-8,,0.58,,FALSE,,,,https://www.perfumersworld.com/view.php?pro_id=1VD00002
5VD07562,6-Methyl Coumarin 10% in DPG from PerfumersWorld,PerfumersWorld,"92-48-8|0.1
25265-71-8|0.9",,0.18,,TRUE,6-Methyl Coumarin from PerfumersWorld,Dipropylene Glycol (DPG) from PerfumersWorld,0.1,https://www.perfumersworld.com/view.php?pro_id=5VD07562
ISNIFF10,7-Step Custom Creation 10cc Set-Travelling Size Kit from PerfumersWorld,PerfumersWorld,Not Found,,694.95,,FALSE,,,,https://www.perfumersworld.com/view.php?pro_id=ISNIFF10
ISNIFF30,7-Step Custom Creation 30cc Set-Small Display Kit from PerfumersWorld,PerfumersWorld,Not Found,,1595.95,,FALSE,,,,https://www.perfumersworld.com/view.php?pro_id=ISNIFF30
ISNIFF60,7-Step Custom Creation 60cc Set-Full Size Display Kit from PerfumersWorld,PerfumersWorld,Not Found,,2995.95,,FALSE,,,,https://www.perfumersworld.com/view.php?pro_id=ISNIFF60
6AN18003,A-ALDEHYDE F-TEC from PerfumersWorld,PerfumersWorld,Mixture (Perfume Base),,0.18,,FALSE,,,,https://www.perfumersworld.com/view.php?pro_id=6AN18003
6AN07832,A-Aldehyde Fleuressence from PerfumersWorld,PerfumersWorld,Mixture (Perfume Base),,0.20,,FALSE,,,,https://www.perfumersworld.com/view.php?pro_id=6AN07832
6NL18079,ACACIA F-TEC from PerfumersWorld,PerfumersWorld,Mixture (Perfume Base),,0.20,,FALSE,,,,https://www.perfumersworld.com/view.php?pro_id=6NL18079
6NL08389,Acacia Fleuressence from PerfumersWorld,PerfumersWorld,Mixture (Perfume Base),,0.19,,FALSE,,,,https://www.perfumersworld.com/view.php?pro_id=6NL08389
4FG02943,Acetic Acid from PerfumersWorld,PerfumersWorld,64-19-7,,0.07,,FALSE,,,,https://www.perfumersworld.com/view.php?pro_id=4FG02943
4DV02664,Acetoin from PerfumersWorld,PerfumersWorld,513-86-0,,0.92,,FALSE,,,,https://www.perfumersworld.com/view.php?pro_id=4DV02664
5DV09244,Acetoin 10% in DPG from PerfumersWorld,PerfumersWorld,"513-86-0|0.1
25265-71-8|0.9",,0.13,,TRUE,Acetoin from PerfumersWorld,Dipropylene Glycol (DPG) from PerfumersWorld,0.1,https://www.perfumersworld.com/view.php?pro_id=5DV09244
1NP00009,Acetophenone from PerfumersWorld,PerfumersWorld,98-86-2,,0.23,,FALSE,,,,https://www.perfumersworld.com/view.php?pro_id=1NP00009
1SP00011,Acetyl Isoeugenol from PerfumersWorld,PerfumersWorld,93-29-8,,0.60,,FALSE,,,,https://www.perfumersworld.com/view.php?pro_id=1SP00011
5SP07823,Acetyl Isoeugenol 10% in DPG from PerfumersWorld,PerfumersWorld,"93-29-8|0.1
25265-71-8|0.9",,0.12,,TRUE,Acetyl Isoeugenol from PerfumersWorld,Dipropylene Glycol (DPG) from PerfumersWorld,0.1,https://www.perfumersworld.com/view.php?pro_id=5SP07823
4GA00012,Adoxal from PerfumersWorld,PerfumersWorld,141-13-9,,1.42,,FALSE,,,,https://www.perfumersworld.com/view.php?pro_id=4GA00012
5GA08479,Adoxal 10% in DPG from PerfumersWorld,PerfumersWorld,"141-13-9|0.1
25265-71-8|0.9",,0.17,,TRUE,Adoxal from PerfumersWorld,Dipropylene Glycol (DPG) from PerfumersWorld,0.1,https://www.perfumersworld.com/view.php?pro_id=5GA08479
6WU18875,AGARWOOD F-TEC from PerfumersWorld,PerfumersWorld,Mixture (Perfume Base),,1.30,,FALSE,,,,https://www.perfumersworld.com/view.php?pro_id=6WU18875
6WU08483,Agarwood Fleuressence from PerfumersWorld,PerfumersWorld,Mixture (Perfume Base),,1.60,,FALSE,,,,https://www.perfumersworld.com/view.php?pro_id=6WU08483
7WU09890,Agarwood Oil Siam from PerfumersWorld,PerfumersWorld,94350-09-1,,25.00,,FALSE,,,,https://www.perfumersworld.com/view.php?pro_id=7WU09890
5WU15067,Agarwood Oil Siam 10% in DPG from PerfumersWorld,PerfumersWorld,"94350-09-1|0.1
25265-71-8|0.9",,2.80,,TRUE,Agarwood Oil Siam from PerfumersWorld,Dipropylene Glycol (DPG) from PerfumersWorld,0.1,https://www.perfumersworld.com/view.php?pro_id=5WU15067
8WU13317,Agarwood Siam 10% in Nagarmotha Oil from PerfumersWorld,PerfumersWorld,94350-09-1|0.1,,3.94,,TRUE,Agarwood Siam from PerfumersWorld,Nagarmotha Oil from PerfumersWorld,0.1,https://www.perfumersworld.com/view.php?pro_id=8WU13317
6CG13368,Agrumen Aldehyde PW from PerfumersWorld,PerfumersWorld,Mixture (Perfume Base),,0.20,,FALSE,,,,https://www.perfumersworld.com/view.php?pro_id=6CG13368
3AE13387,Alcohol C-7 Heptanol from PerfumersWorld,PerfumersWorld,111-70-6,,0.34,,FALSE,,,,https://www.perfumersworld.com/view.php?pro_id=3AE13387
3AD13388,Alcohol C-8 Octanol from PerfumersWorld,PerfumersWorld,111-87-5,,0.20,,FALSE,,,,https://www.perfumersworld.com/view.php?pro_id=3AD13388
3AD00017,Alcohol C-9 from PerfumersWorld,PerfumersWorld,143-08-8,,0.70,,FALSE,,,,https://www.perfumersworld.com/view.php?pro_id=3AD00017
4AC00018,Aldehyde C-10 Decanal from PerfumersWorld,PerfumersWorld,112-31-2,,0.17,,FALSE,,,,https://www.perfumersworld.com/view.php?pro_id=4AC00018
5AC07527,Aldehyde C-10 Decanal 10% in DPG from PerfumersWorld,PerfumersWorld,"67634-00-8|0.1
25265-71-8|0.9",,0.08,,TRUE,Aldehyde C-10 Decanal from PerfumersWorld,Dipropylene Glycol (DPG) from PerfumersWorld,0.1,https://www.perfumersworld.com/view.php?pro_id=5AC07527
5AC08459,Aldehyde C-10 Decanal 50% in DPG from PerfumersWorld,PerfumersWorld,"67634-00-8|0.5
25265-71-8|0.5",,0.12,,TRUE,Aldehyde C-10 Decanal from PerfumersWorld,Dipropylene Glycol (DPG) from PerfumersWorld,0.5,https://www.perfumersworld.com/view.php?pro_id=5AC08459
4AR00020,Aldehyde C-11 Undecanal from PerfumersWorld,PerfumersWorld,112-44-7,,0.41,,FALSE,,,,https://www.perfumersworld.com/view.php?pro_id=4AR00020
5AR08831,Aldehyde C-11 Undecanal 10% in DPG from PerfumersWorld,PerfumersWorld,"112-44-7|0.1
25265-71-8|0.9",,0.11,,TRUE,Aldehyde C-11 Undecanal from PerfumersWorld,Dipropylene Glycol (DPG) from PerfumersWorld,0.1,https://www.perfumersworld.com/view.php?pro_id=5AR08831
4AR01236,Aldehyde C-11 Undecylenic from PerfumersWorld,PerfumersWorld,112-45-8,,0.30,,FALSE,,,,https://www.perfumersworld.com/view.php?pro_id=4AR01236
5AR08462,Aldehyde C-11 Undecylenic 10% in DPG from PerfumersWorld,PerfumersWorld,"112-45-8|0.1
25265-71-8|0.9",,0.07,,TRUE,Aldehyde C-11 Undecylenic from PerfumersWorld,Dipropylene Glycol (DPG) from PerfumersWorld,0.1,https://www.perfumersworld.com/view.php?pro_id=5AR08462
4AA00021,Aldehyde C-12 Lauric Dodecanal from PerfumersWorld,PerfumersWorld,112-54-9,,0.25,,FALSE,,,,https://www.perfumersworld.com/view.php?pro_id=4AA00021
5AA07834,Aldehyde C-12 Lauric Dodecanal 10% in DPG from PerfumersWorld,PerfumersWorld,"67634-00-8|0.1
25265-71-8|0.9",,0.06,,TRUE,Aldehyde C-12 Lauric Dodecanal from PerfumersWorld,Dipropylene Glycol (DPG) from PerfumersWorld,0.1,https://www.perfumersworld.com/view.php?pro_id=5AA07834
4AG00022,Aldehyde C-12 MNA from PerfumersWorld,PerfumersWorld,110-41-8,,0.28,,FALSE,,,,https://www.perfumersworld.com/view.php?pro_id=4AG00022
5AG07528,Aldehyde C-12 MNA 10% in DPG from PerfumersWorld,PerfumersWorld,"67634-00-8|0.1
25265-71-8|0.9",,0.06,,TRUE,Aldehyde C-12 MNA from PerfumersWorld,Dipropylene Glycol (DPG) from PerfumersWorld,0.1,https://www.perfumersworld.com/view.php?pro_id=5AG07528
4DD00454,Aldehyde C-14 Gamma Undecalactone from PerfumersWorld,PerfumersWorld,104-67-6,,0.17,,FALSE,,,,https://www.perfumersworld.com/view.php?pro_id=4DD00454
5DD07538,Aldehyde C-14 Gamma Undecalactone 10% in DPG from PerfumersWorld,PerfumersWorld,"104-67-6|0.1
25265-71-8|0.9",,0.15,,TRUE,Aldehyde C-14 Gamma Undecalactone from PerfumersWorld,Dipropylene Glycol (DPG) from PerfumersWorld,0.1,https://www.perfumersworld.com/view.php?pro_id=5DD07538
4FC00176,Aldehyde C-16 Ethyl Methyl Phenyl Glycidate from PerfumersWorld,PerfumersWorld,77-83-8,,0.14,,FALSE,,,,https://www.perfumersworld.com/view.php?pro_id=4FC00176
5FC07539,Aldehyde C-16 Ethyl Methyl Phenyl Glycidate 10% in DPG from PerfumersWorld,PerfumersWorld,"77-83-8|0.1
25265-71-8|0.9",,0.06,,TRUE,Aldehyde C-16 Ethyl Methyl Phenyl Glycidate from PerfumersWorld,Dipropylene Glycol (DPG) from PerfumersWorld,0.1,https://www.perfumersworld.com/view.php?pro_id=5FC07539
4DD00324,Aldehyde C-18 Gamma Nonalactone from PerfumersWorld,PerfumersWorld,104-61-0,,0.21,,FALSE,,,,https://www.perfumersworld.com/view.php?pro_id=4DD00324
5DD12925,Aldehyde C-18 Gamma Nonalactone 10% in DPG from PerfumersWorld,PerfumersWorld,"104-61-0|0.1
25265-71-8|0.9",,0.07,,TRUE,Aldehyde C-18 Gamma Nonalactone from PerfumersWorld,Dipropylene Glycol (DPG) from PerfumersWorld,0.1,https://www.perfumersworld.com/view.php?pro_id=5DD12925
4AG00025,Aldehyde C-7 Heptanal from PerfumersWorld,PerfumersWorld,111-71-7,,0.62,,FALSE,,,,https://www.perfumersworld.com/view.php?pro_id=4AG00025
4AC00026,Aldehyde C-8 Octanal from PerfumersWorld,PerfumersWorld,124-13-0,,0.20,,FALSE,,,,https://www.perfumersworld.com/view.php?pro_id=4AC00026
5AC08158,Aldehyde C-8 Octanal 10% in DPG from PerfumersWorld,PerfumersWorld,"124-13-0|0.1
25265-71-8|0.9",,0.07,,TRUE,Aldehyde C-8 Octanal from PerfumersWorld,Dipropylene Glycol (DPG) from PerfumersWorld,0.1,https://www.perfumersworld.com/view.php?pro_id=5AC08158
4AC00027,Aldehyde C-9 Nonanal from PerfumersWorld,PerfumersWorld,124-19-6,,0.24,,FALSE,,,,https://www.perfumersworld.com/view.php?pro_id=4AC00027
5AC10167,Aldehyde C-9 Nonanal 10% in DPG from PerfumersWorld,PerfumersWorld,"124-19-6|0.1
25265-71-8|0.9",,0.07,,TRUE,Aldehyde C-9 Nonanal from PerfumersWorld,Dipropylene Glycol (DPG) from PerfumersWorld,0.1,https://www.perfumersworld.com/view.php?pro_id=5AC10167
6GN23713,Algenone from PerfumersWorld,PerfumersWorld,Mixture (Perfume Base),,0.40,,FALSE,,,,https://www.perfumersworld.com/view.php?pro_id=6GN23713
4GN23714,Algix Pure from PerfumersWorld,PerfumersWorld,72987-59-8,,2.25,,FALSE,,,,https://www.perfumersworld.com/view.php?pro_id=4GN23714
4FG00029,Allyl Amyl Glycolate from PerfumersWorld,PerfumersWorld,67634-00-8,,0.20,,FALSE,,,,https://www.perfumersworld.com/view.php?pro_id=4FG00029
5FG07543,Allyl Amyl Glycolate 10% in DPG from PerfumersWorld,PerfumersWorld,"67634-00-8|0.1
25265-71-8|0.9",,0.05,,TRUE,Allyl Amyl Glycolate from PerfumersWorld,Dipropylene Glycol (DPG) from PerfumersWorld,0.1,https://www.perfumersworld.com/view.php?pro_id=5FG07543
4FC02995,Allyl Caproate from PerfumersWorld,PerfumersWorld,123-68-2,,0.14,,FALSE,,,,https://www.perfumersworld.com/view.php?pro_id=4FC02995
4FC00030,Allyl Cyclohexyl Propionate from PerfumersWorld,PerfumersWorld,2705-87-5,,0.17,,FALSE,,,,https://www.perfumersworld.com/view.php?pro_id=4FC00030
5FC12465,Allyl Cyclohexyl Propionate 10% in DPG from PerfumersWorld,PerfumersWorld,"2705-87-5|0.1
25265-71-8|0.9",,0.06,,TRUE,Allyl Cyclohexyl Propionate from PerfumersWorld,Dipropylene Glycol (DPG) from PerfumersWorld,0.1,https://www.perfumersworld.com/view.php?pro_id=5FC12465
4IN10857,Allyl Ionone Cetone V from PerfumersWorld,PerfumersWorld,79-78-7,,1.30,,FALSE,,,,https://www.perfumersworld.com/view.php?pro_id=4IN10857
9IF02656,Alpha Damascone from PerfumersWorld,PerfumersWorld,43052-87-5,,1.90,,FALSE,,,,https://www.perfumersworld.com/view.php?pro_id=9IF02656
5IF07569,Alpha Damascone 10% in DPG from PerfumersWorld,PerfumersWorld,"43052-87-5|0.1
25265-71-8|0.9",,0.21,,TRUE,Alpha Damascone from PerfumersWorld,Dipropylene Glycol (DPG) from PerfumersWorld,0.1,https://www.perfumersworld.com/view.php?pro_id=5IF07569
3IF00237,Alpha Ionone from PerfumersWorld,PerfumersWorld,127-41-3,,0.26,,FALSE,,,,https://www.perfumersworld.com/view.php?pro_id=3IF00237
8II00243,Alpha Irone from PerfumersWorld,PerfumersWorld,79-69-6,,5.10,,FALSE,,,,https://www.perfumersworld.com/view.php?pro_id=8II00243
5II11436,Alpha Irone 10% in DPG from PerfumersWorld,PerfumersWorld,"79-69-6|0.1
25265-71-8|0.9",,0.52,,TRUE,Alpha Irone from PerfumersWorld,Dipropylene Glycol (DPG) from PerfumersWorld,0.1,https://www.perfumersworld.com/view.php?pro_id=5II11436
5II09179,Alpha Irone 10% in Myristic Acid(solid) from PerfumersWorld,PerfumersWorld,79-69-6|0.1,,0.57,,TRUE,Alpha Irone from PerfumersWorld,Myristic Acid(solid) from PerfumersWorld,0.1,https://www.perfumersworld.com/view.php?pro_id=5II09179
3IW00300,Alpha Isomethyl Ionone from PerfumersWorld,PerfumersWorld,127-51-5,,0.23,,FALSE,,,,https://www.perfumersworld.com/view.php?pro_id=3IW00300
3KC14406,Alpha Pinene from PerfumersWorld,PerfumersWorld,80-56-8,,0.08,,FALSE,,,,https://www.perfumersworld.com/view.php?pro_id=3KC14406
3KL00430,Alpha Terpineol from PerfumersWorld,PerfumersWorld,98-55-5,,0.15,,FALSE,,,,https://www.perfumersworld.com/view.php?pro_id=3KL00430
ALP06024,Alpha-Male Concentrate from PerfumersWorld,PerfumersWorld,Not Found,,5.02,,FALSE,,,,https://www.perfumersworld.com/view.php?pro_id=ALP06024
ALP06025,Alpha-Male Factor from PerfumersWorld,PerfumersWorld,Not Found,,0.52,,FALSE,,,,https://www.perfumersworld.com/view.php?pro_id=ALP06025
4WW17035,Amber Core from PerfumersWorld,PerfumersWorld,139504-68-0,,0.50,,FALSE,,,,https://www.perfumersworld.com/view.php?pro_id=4WW17035
3WQ11673,Amber Decane from PerfumersWorld,PerfumersWorld,58567-11-6,,0.45,,FALSE,,,,https://www.perfumersworld.com/view.php?pro_id=3WQ11673
6WV18080,AMBER F-TEC from PerfumersWorld,PerfumersWorld,Mixture (Perfume Base),,0.15,,FALSE,,,,https://www.perfumersworld.com/view.php?pro_id=6WV18080
6WV12277,Amber Fleuressence from PerfumersWorld,PerfumersWorld,Mixture (Perfume Base),,0.12,,FALSE,,,,https://www.perfumersworld.com/view.php?pro_id=6WV12277
BOTAM12M,Amber Glass Bottles 12ml from PerfumersWorld,PerfumersWorld,Not Found,,0.90,,FALSE,,,,https://www.perfumersworld.com/view.php?pro_id=BOTAM12M
BOTAMB30,Amber Glass Bottles 30ml from PerfumersWorld,PerfumersWorld,Not Found,,2.40,,FALSE,,,,https://www.perfumersworld.com/view.php?pro_id=BOTAMB30
BOTAMB05,Amber Glass Bottles 5ml from PerfumersWorld,PerfumersWorld,Not Found,,0.90,,FALSE,,,,https://www.perfumersworld.com/view.php?pro_id=BOTAMB05
BOTAMB60,Amber Glass Bottles 60ml from PerfumersWorld,PerfumersWorld,Not Found,,2.40,,FALSE,,,,https://www.perfumersworld.com/view.php?pro_id=BOTAMB60
6VU09627,Amber Solid from PerfumersWorld,PerfumersWorld,Mixture (Perfume Base),,0.28,,FALSE,,,,https://www.perfumersworld.com/view.php?pro_id=6VU09627
6UY18081,AMBERGRIS F-TEC from PerfumersWorld,PerfumersWorld,Mixture (Perfume Base),,0.20,,FALSE,,,,https://www.perfumersworld.com/view.php?pro_id=6UY18081
6UY09424,Ambergris Fleuressence from PerfumersWorld,PerfumersWorld,Mixture (Perfume Base),,0.22,,FALSE,,,,https://www.perfumersworld.com/view.php?pro_id=6UY09424
4WW16862,Amberketal IPM from PerfumersWorld,PerfumersWorld,57345-19-4,,1.82,,FALSE,,,,https://www.perfumersworld.com/view.php?pro_id=4WW16862
4WU16860,Ambermax 50% Dowanol TPM from PerfumersWorld,PerfumersWorld,929625-08-1,,0.99,,FALSE,,,,https://www.perfumersworld.com/view.php?pro_id=4WU16860
6UQ20900,AMBERNOIR F-TEC from PerfumersWorld,PerfumersWorld,Mixture (Perfume Base),,0.35,,FALSE,,,,https://www.perfumersworld.com/view.php?pro_id=6UQ20900
6UQ20857,AmberNoir Fleuressence from PerfumersWorld,PerfumersWorld,Mixture (Perfume Base),,0.35,,FALSE,,,,https://www.perfumersworld.com/view.php?pro_id=6UQ20857
6UQ09624,Amberome Base PW from PerfumersWorld,PerfumersWorld,Mixture (Perfume Base),,1.80,,FALSE,,,,https://www.perfumersworld.com/view.php?pro_id=6UQ09624
6UV16208,Ambreine Classic PW from PerfumersWorld,PerfumersWorld,Mixture (Perfume Base),,0.80,,FALSE,,,,https://www.perfumersworld.com/view.php?pro_id=6UV16208
6VC09625,Ambreine Fleuressence from PerfumersWorld,PerfumersWorld,Mixture (Perfume Base),,0.20,,FALSE,,,,https://www.perfumersworld.com/view.php?pro_id=6VC09625
8XU00529,Ambrette Seed Absolute from PerfumersWorld,PerfumersWorld,84455-19-6,,20.02,,FALSE,,,,https://www.perfumersworld.com/view.php?pro_id=8XU00529
5XU12235,Ambrette Seed Absolute 10% in DPG from PerfumersWorld,PerfumersWorld,"84455-19-6|0.1
25265-71-8|0.9",,2.52,,TRUE,Ambrette Seed Absolute from PerfumersWorld,Dipropylene Glycol (DPG) from PerfumersWorld,0.1,https://www.perfumersworld.com/view.php?pro_id=5XU12235
6XU18931,AMBRETTE SEED F-TEC from PerfumersWorld,PerfumersWorld,Mixture (Perfume Base),,0.40,,FALSE,,,,https://www.perfumersworld.com/view.php?pro_id=6XU18931
4XU00034,Ambrettolide from PerfumersWorld,PerfumersWorld,28645-51-4,,2.50,,FALSE,,,,https://www.perfumersworld.com/view.php?pro_id=4XU00034
5XU07617,Ambrettolide 10% in DPG from PerfumersWorld,PerfumersWorld,"28645-51-4|0.1
25265-71-8|0.9",,0.27,,TRUE,Ambrettolide from PerfumersWorld,Dipropylene Glycol (DPG) from PerfumersWorld,0.1,https://www.perfumersworld.com/view.php?pro_id=5XU07617
5XU10231,Ambrettolide 50% in DPG from PerfumersWorld,PerfumersWorld,"123-69-3|0.5
25265-71-8|0.5",,1.40,,TRUE,Ambrettolide from PerfumersWorld,Dipropylene Glycol (DPG) from PerfumersWorld,0.5,https://www.perfumersworld.com/view.php?pro_id=5XU10231
1WU21632,Ambrocenide from PerfumersWorld,PerfumersWorld,211299-54-6,,4.93,,FALSE,,,,https://www.perfumersworld.com/view.php?pro_id=1WU21632
5WU22697,Ambrocenide 10% in DPG from PerfumersWorld,PerfumersWorld,"211299-54-6|0.1
25265-71-8|0.9",,0.56,,TRUE,Ambrocenide from PerfumersWorld,Dipropylene Glycol (DPG) from PerfumersWorld,0.1,https://www.perfumersworld.com/view.php?pro_id=5WU22697
5WU22696,Ambrocenide 10% in TEC from PerfumersWorld,PerfumersWorld,"211299-54-6|0.1
77-93-0|0.9",,0.58,,TRUE,Ambrocenide from PerfumersWorld,Triethyl Citrate (TEC) from PerfumersWorld,0.1,https://www.perfumersworld.com/view.php?pro_id=5WU22696
1UW16861,Ambrofix from PerfumersWorld,PerfumersWorld,6790-58-5,,1.87,,FALSE,,,,https://www.perfumersworld.com/view.php?pro_id=1UW16861
1UW00035,Ambrox Super from PerfumersWorld,PerfumersWorld,6790-58-5,,1.50,,FALSE,,,,https://www.perfumersworld.com/view.php?pro_id=1UW00035
5UW20027,Ambrox Super 10% in DPG from PerfumersWorld,PerfumersWorld,"6790-58-5|0.1
25265-71-8|0.9",,0.20,,TRUE,Ambrox Super from PerfumersWorld,Dipropylene Glycol (DPG) from PerfumersWorld,0.1,https://www.perfumersworld.com/view.php?pro_id=5UW20027
1UW00036,Ambroxan from PerfumersWorld,PerfumersWorld,6790-58-5,,2.52,,FALSE,,,,https://www.perfumersworld.com/view.php?pro_id=1UW00036
5UW07540,Ambroxan 10% in DPG from PerfumersWorld,PerfumersWorld,"6790-58-5|0.1
25265-71-8|0.9",,0.37,,TRUE,Ambroxan from PerfumersWorld,Dipropylene Glycol (DPG) from PerfumersWorld,0.1,https://www.perfumersworld.com/view.php?pro_id=5UW07540
3JJ00005,Amyl Cinnamic Aldehyde (ACA) from PerfumersWorld,PerfumersWorld,122-40-7,,0.20,,FALSE,,,,https://www.perfumersworld.com/view.php?pro_id=3JJ00005
3OH00037,Amyl Salicylate from PerfumersWorld,PerfumersWorld,2050-08-0,,0.14,,FALSE,,,,https://www.perfumersworld.com/view.php?pro_id=3OH00037
4FD06346,Amyl Valerate from PerfumersWorld,PerfumersWorld,2173-56-0,,0.95,,FALSE,,,,https://www.perfumersworld.com/view.php?pro_id=4FD06346
7WX00917,Amyris Essential Oil from PerfumersWorld,PerfumersWorld,8015-65-4,,0.82,,FALSE,,,,https://www.perfumersworld.com/view.php?pro_id=7WX00917
4SB00038,Anethole from PerfumersWorld,PerfumersWorld,4180-23-8,,0.20,,FALSE,,,,https://www.perfumersworld.com/view.php?pro_id=4SB00038
6DU18084,ANIMALISSIMO F-TEC from PerfumersWorld,PerfumersWorld,Mixture (Perfume Base),,0.16,,FALSE,,,,https://www.perfumersworld.com/view.php?pro_id=6DU18084
6DU12415,Animalissio Blender Fleuressence from PerfumersWorld,PerfumersWorld,Mixture (Perfume Base),,0.15,,FALSE,,,,https://www.perfumersworld.com/view.php?pro_id=6DU12415
3NV00040,Anisaldehyde from PerfumersWorld,PerfumersWorld,123-11-5,,0.26,,FALSE,,,,https://www.perfumersworld.com/view.php?pro_id=3NV00040
7SB00041,Anise Essential Oil China from PerfumersWorld,PerfumersWorld,8007-70-3,,0.24,,FALSE,,,,https://www.perfumersworld.com/view.php?pro_id=7SB00041
3LN00043,Anisyl Acetate from PerfumersWorld,PerfumersWorld,104-21-2,,0.28,,FALSE,,,,https://www.perfumersworld.com/view.php?pro_id=3LN00043
3NL00044,Anisyl Alcohol from PerfumersWorld,PerfumersWorld,105-13-5,,0.20,,FALSE,,,,https://www.perfumersworld.com/view.php?pro_id=3NL00044
7WY10413,Anthopogen Essential Oil from PerfumersWorld,PerfumersWorld,116-26-7,,1.80,,FALSE,,,,https://www.perfumersworld.com/view.php?pro_id=7WY10413
SHAMPADD,Anti-dandruff Shampoo Base - unscented from PerfumersWorld,PerfumersWorld,Not Found,,0.04,,FALSE,,,,https://www.perfumersworld.com/view.php?pro_id=SHAMPADD
4WF06853,Aphermate from PerfumersWorld,PerfumersWorld,25225-08-5,,0.80,,FALSE,,,,https://www.perfumersworld.com/view.php?pro_id=4WF06853
6FG18856,APPLE F-TEC from PerfumersWorld,PerfumersWorld,Mixture (Perfume Base),,0.16,,FALSE,,,,https://www.perfumersworld.com/view.php?pro_id=6FG18856
6FG07793,Apple Fleuressence from PerfumersWorld,PerfumersWorld,Mixture (Perfume Base),,0.22,,FALSE,,,,https://www.perfumersworld.com/view.php?pro_id=6FG07793
6FG08058,Apple Green from PerfumersWorld,PerfumersWorld,Mixture (Perfume Base),,0.15,,FALSE,,,,https://www.perfumersworld.com/view.php?pro_id=6FG08058
6FG08026,Apple Red from PerfumersWorld,PerfumersWorld,Mixture (Perfume Base),,0.20,,FALSE,,,,https://www.perfumersworld.com/view.php?pro_id=6FG08026
0ZA01228,Apricot Oil - Fixed Oil from PerfumersWorld,PerfumersWorld,68650-44-2,,0.10,,FALSE,,,,https://www.perfumersworld.com/view.php?pro_id=0ZA01228
3FD06779,Apritone from PerfumersWorld,PerfumersWorld,68133-79-9,,0.78,,FALSE,,,,https://www.perfumersworld.com/view.php?pro_id=3FD06779
6WQ18085,ARABIAN OUD F-TEC from PerfumersWorld,PerfumersWorld,Mixture (Perfume Base),,0.40,,FALSE,,,,https://www.perfumersworld.com/view.php?pro_id=6WQ18085
6WQ08484,Arabian Oud Fleuressence from PerfumersWorld,PerfumersWorld,Mixture (Perfume Base),,0.28,,FALSE,,,,https://www.perfumersworld.com/view.php?pro_id=6WQ08484
7HH00896,Armoise Essential Oil from PerfumersWorld,PerfumersWorld,84775-45-1,,0.99,,FALSE,,,,https://www.perfumersworld.com/view.php?pro_id=7HH00896
6HH18090,ARMOISE F-TEC from PerfumersWorld,PerfumersWorld,Mixture (Perfume Base),,0.37,,FALSE,,,,https://www.perfumersworld.com/view.php?pro_id=6HH18090
6HH09096,Armoise Fleuressence from PerfumersWorld,PerfumersWorld,Mixture (Perfume Base),,0.35,,FALSE,,,,https://www.perfumersworld.com/view.php?pro_id=6HH09096
7WW00915,Atlas Cedarwood Essential Oil from PerfumersWorld,PerfumersWorld,92201-55-3,,0.31,,FALSE,,,,https://www.perfumersworld.com/view.php?pro_id=7WW00915
5NC12180,Aurantiol (Methyl Anthranilate Schiffs Base) 50% in DPG from PerfumersWorld,PerfumersWorld,"89-43-0|0.5
25265-71-8|0.5",,0.22,,TRUE,Aurantiol (Methyl Anthranilate Schiffs Base) from PerfumersWorld,Dipropylene Glycol (DPG) from PerfumersWorld,0.5,https://www.perfumersworld.com/view.php?pro_id=5NC12180
2NC00409,Aurantiol - Methyl Anthranilate Schiffs Base from PerfumersWorld,PerfumersWorld,89-43-0,,0.37,,FALSE,,,,https://www.perfumersworld.com/view.php?pro_id=2NC00409
0ZA01433,Avocado Oil - Fixed Oil from PerfumersWorld,PerfumersWorld,8024-32-6,,0.12,,FALSE,,,,https://www.perfumersworld.com/view.php?pro_id=0ZA01433
4WB16858,Azarbre from PerfumersWorld,PerfumersWorld,68845-36-3,,0.40,,FALSE,,,,https://www.perfumersworld.com/view.php?pro_id=4WB16858
6BB18004,B-ICEBERG F-TEC from PerfumersWorld,PerfumersWorld,Mixture (Perfume Base),,0.12,,FALSE,,,,https://www.perfumersworld.com/view.php?pro_id=6BB18004
6BB07833,B-iceBerg Fleuressence from PerfumersWorld,PerfumersWorld,Mixture (Perfume Base),,0.20,,FALSE,,,,https://www.perfumersworld.com/view.php?pro_id=6BB07833
4WR00045,Bacdanol from PerfumersWorld,PerfumersWorld,28219-61-6,,0.29,,FALSE,,,,https://www.perfumersworld.com/view.php?pro_id=4WR00045
6FD18188,BANANA F-TEC from PerfumersWorld,PerfumersWorld,Mixture (Perfume Base),,0.15,,FALSE,,,,https://www.perfumersworld.com/view.php?pro_id=6FD18188
6FD09062,Banana Fleuressence from PerfumersWorld,PerfumersWorld,Mixture (Perfume Base),,0.26,,FALSE,,,,https://www.perfumersworld.com/view.php?pro_id=6FD09062
WSBKFOU1,Bangkok 1-week Foundation Plus Workshop(English) from PerfumersWorld,PerfumersWorld,Not Found,,1450.00,,FALSE,,,,https://www.perfumersworld.com/view.php?pro_id=WSBKFOU1
WSBKPRO2,Bangkok 2-weeks Professional Level Workshop(English) from PerfumersWorld,PerfumersWorld,Not Found,,2900.00,,FALSE,,,,https://www.perfumersworld.com/view.php?pro_id=WSBKPRO2
WSBKALL3,Bangkok 3-weeks Foundation &amp; Pro Workshops(English) from PerfumersWorld,PerfumersWorld,Not Found,,3950.00,,FALSE,,,,https://www.perfumersworld.com/view.php?pro_id=WSBKALL3
6PS18638,BASIL F-TEC from PerfumersWorld,PerfumersWorld,Mixture (Perfume Base),,0.38,,FALSE,,,,https://www.perfumersworld.com/view.php?pro_id=6PS18638
6PS12413,Basil Fleuressence from PerfumersWorld,PerfumersWorld,Mixture (Perfume Base),,0.18,,FALSE,,,,https://www.perfumersworld.com/view.php?pro_id=6PS12413
7PL24627,Basil Linalool Oil Egypt from PerfumersWorld,PerfumersWorld,8015-73-4,,0.30,,FALSE,,,,https://www.perfumersworld.com/view.php?pro_id=7PL24627
7SP00048,Bay West Indies Essential Oil from PerfumersWorld,PerfumersWorld,85085-61-6,,1.30,,FALSE,,,,https://www.perfumersworld.com/view.php?pro_id=7SP00048
5SP07871,Bay West Indies Essential Oil 10% in DPG from PerfumersWorld,PerfumersWorld,"85085-61-6|0.1
25265-71-8|0.9",,0.15,,TRUE,Bay West Indies Essential Oil from PerfumersWorld,Dipropylene Glycol (DPG) from PerfumersWorld,0.1,https://www.perfumersworld.com/view.php?pro_id=5SP07871
2QV23712,Benjoin Laos Matured from PerfumersWorld,PerfumersWorld,9000-72-0,,0.60,,FALSE,,,,https://www.perfumersworld.com/view.php?pro_id=2QV23712
4FN00049,Benzaldehyde from PerfumersWorld,PerfumersWorld,100-52-7,,0.18,,FALSE,,,,https://www.perfumersworld.com/view.php?pro_id=4FN00049
5FN07794,Benzaldehyde 10% in DPG from PerfumersWorld,PerfumersWorld,"100-52-7|0.1
25265-71-8|0.9",,0.07,,TRUE,Benzaldehyde from PerfumersWorld,Dipropylene Glycol (DPG) from PerfumersWorld,0.1,https://www.perfumersworld.com/view.php?pro_id=5FN07794
6QV18435,BENZOIN F-TEC from PerfumersWorld,PerfumersWorld,Mixture (Perfume Base),,0.30,,FALSE,,,,https://www.perfumersworld.com/view.php?pro_id=6QV18435
6QV09111,Benzoin Fleuressence from PerfumersWorld,PerfumersWorld,Mixture (Perfume Base),,0.35,,FALSE,,,,https://www.perfumersworld.com/view.php?pro_id=6QV09111
2QV00050,Benzoin Siam Resinoid from PerfumersWorld,PerfumersWorld,9000-72-0,,0.70,,FALSE,,,,https://www.perfumersworld.com/view.php?pro_id=2QV00050
5QV07505,Benzoin Siam Resinoid 50% in BB from PerfumersWorld,PerfumersWorld,"9000-05-9|0.5
120-51-4|0.5",,0.40,,TRUE,Benzoin Siam Resinoid from PerfumersWorld,Benzyl Benzoate (BB) from PerfumersWorld,0.5,https://www.perfumersworld.com/view.php?pro_id=5QV07505
5QV13027,Benzoin Siam Resinoid 50% in DPG from PerfumersWorld,PerfumersWorld,"9000-72-0|0.5
25265-71-8|0.5",,0.40,,TRUE,Benzoin Siam Resinoid from PerfumersWorld,Dipropylene Glycol (DPG) from PerfumersWorld,0.5,https://www.perfumersworld.com/view.php?pro_id=5QV13027
2QV08253,Benzoin Sumatra Resinoid from PerfumersWorld,PerfumersWorld,9000-05-9,,0.40,,FALSE,,,,https://www.perfumersworld.com/view.php?pro_id=2QV08253
1RP00051,Benzophenone from PerfumersWorld,PerfumersWorld,119-61-9,,0.15,,FALSE,,,,https://www.perfumersworld.com/view.php?pro_id=1RP00051
5RP09245,Benzophenone 10% in DPG from PerfumersWorld,PerfumersWorld,"119-61-9|0.1
25265-71-8|0.9",,0.08,,TRUE,Benzophenone from PerfumersWorld,Dipropylene Glycol (DPG) from PerfumersWorld,0.1,https://www.perfumersworld.com/view.php?pro_id=5RP09245
3JF00052,Benzyl Acetate from PerfumersWorld,PerfumersWorld,140-11-4,,0.20,,FALSE,,,,https://www.perfumersworld.com/view.php?pro_id=3JF00052
0ZN00053,Benzyl Alcohol (BA) from PerfumersWorld,PerfumersWorld,100-51-6,,0.20,,FALSE,,,,https://www.perfumersworld.com/view.php?pro_id=0ZN00053
0ZN00054,Benzyl Benzoate (BB) from PerfumersWorld,PerfumersWorld,120-51-4,,0.20,,FALSE,,,,https://www.perfumersworld.com/view.php?pro_id=0ZN00054
4JD00055,Benzyl Butyrate from PerfumersWorld,PerfumersWorld,103-37-7,,0.20,,FALSE,,,,https://www.perfumersworld.com/view.php?pro_id=4JD00055
2SQ00056,Benzyl Cinnamate from PerfumersWorld,PerfumersWorld,103-41-3,,0.30,,FALSE,,,,https://www.perfumersworld.com/view.php?pro_id=2SQ00056
5SQ12479,Benzyl Cinnamate 10% in DPG from PerfumersWorld,PerfumersWorld,"103-41-3|0.1
25265-71-8|0.9",,0.10,,TRUE,Benzyl Cinnamate from PerfumersWorld,Dipropylene Glycol (DPG) from PerfumersWorld,0.1,https://www.perfumersworld.com/view.php?pro_id=5SQ12479
4JW00057,Benzyl Formate from PerfumersWorld,PerfumersWorld,104-57-4,,0.84,,FALSE,,,,https://www.perfumersworld.com/view.php?pro_id=4JW00057
1SP00058,Benzyl Isoeugenol from PerfumersWorld,PerfumersWorld,120-11-6,,0.70,,FALSE,,,,https://www.perfumersworld.com/view.php?pro_id=1SP00058
5SP12480,Benzyl Isoeugenol 10% in DPG from PerfumersWorld,PerfumersWorld,"120-11-6|0.1
25265-71-8|0.9",,0.10,,TRUE,Benzyl Isoeugenol from PerfumersWorld,Dipropylene Glycol (DPG) from PerfumersWorld,0.1,https://www.perfumersworld.com/view.php?pro_id=5SP12480
3JF00059,Benzyl Propionate from PerfumersWorld,PerfumersWorld,122-63-4,,0.09,,FALSE,,,,https://www.perfumersworld.com/view.php?pro_id=3JF00059
3ON00060,Benzyl Salicylate from PerfumersWorld,PerfumersWorld,118-58-1,,0.09,,FALSE,,,,https://www.perfumersworld.com/view.php?pro_id=3ON00060
7CL00061,Bergamot Essential Oil from PerfumersWorld,PerfumersWorld,8007-75-8,,0.35,,FALSE,,,,https://www.perfumersworld.com/view.php?pro_id=7CL00061
6CL18898,BERGAMOT F-TEC from PerfumersWorld,PerfumersWorld,Mixture (Perfume Base),,0.18,,FALSE,,,,https://www.perfumersworld.com/view.php?pro_id=6CL18898
7CL24020,Bergamot FCF oil Sicilian from PerfumersWorld,PerfumersWorld,68648-33-9,,0.22,,FALSE,,,,https://www.perfumersworld.com/view.php?pro_id=7CL24020
6CL09058,Bergamot Fleuressence from PerfumersWorld,PerfumersWorld,Mixture (Perfume Base),,0.20,,FALSE,,,,https://www.perfumersworld.com/view.php?pro_id=6CL09058
3FG19149,Berry Hexanoate (BerryFlor) from PerfumersWorld,PerfumersWorld,104986-28-9,,1.10,,FALSE,,,,https://www.perfumersworld.com/view.php?pro_id=3FG19149
3WS00089,Beta Caryophyllene from PerfumersWorld,PerfumersWorld,87-44-5,,0.14,,FALSE,,,,https://www.perfumersworld.com/view.php?pro_id=3WS00089
9IR00141,Beta Damascone from PerfumersWorld,PerfumersWorld,23696-85-7,,3.18,,FALSE,,,,https://www.perfumersworld.com/view.php?pro_id=9IR00141
5IR07532,Beta Damascone 10% in DPG from PerfumersWorld,PerfumersWorld,"23696-85-7|0.1
25265-71-8|0.9",,0.35,,TRUE,Beta Damascone from PerfumersWorld,Dipropylene Glycol (DPG) from PerfumersWorld,0.1,https://www.perfumersworld.com/view.php?pro_id=5IR07532
4BC11314,Beta Homocyclocitral from PerfumersWorld,PerfumersWorld,472-66-2,,7.60,,FALSE,,,,https://www.perfumersworld.com/view.php?pro_id=4BC11314
3IF00238,Beta Ionone from PerfumersWorld,PerfumersWorld,79-77-6,,0.29,,FALSE,,,,https://www.perfumersworld.com/view.php?pro_id=3IF00238
3KC00386,Beta Pinene from PerfumersWorld,PerfumersWorld,127-91-3,,0.06,,FALSE,,,,https://www.perfumersworld.com/view.php?pro_id=3KC00386
5TP07825,Birch Tar Essential Oil 1% in DPG from PerfumersWorld,PerfumersWorld,"8001-88-5|0.01
25265-71-8|0.99",,0.15,,TRUE,Birch Tar Essential Oil from PerfumersWorld,Dipropylene Glycol (DPG) from PerfumersWorld,0.01,https://www.perfumersworld.com/view.php?pro_id=5TP07825
7TP00822,Birch Tar Oil Rectified from PerfumersWorld,PerfumersWorld,8001-88-5,,2.30,,FALSE,,,,https://www.perfumersworld.com/view.php?pro_id=7TP00822
5TP11094,Birch Tar Oil Rectified 10% in DPG from PerfumersWorld,PerfumersWorld,"8001-88-5|0.1
25265-71-8|0.9",,0.25,,TRUE,Birch Tar Oil Rectified from PerfumersWorld,Dipropylene Glycol (DPG) from PerfumersWorld,0.1,https://www.perfumersworld.com/view.php?pro_id=5TP11094
7CA00849,Bitter Orange Essential Oil from PerfumersWorld,PerfumersWorld,68916-04-1,,0.50,,FALSE,,,,https://www.perfumersworld.com/view.php?pro_id=7CA00849
6WU07708,Black Agarwood Artificial from PerfumersWorld,PerfumersWorld,Mixture (Perfume Base),,1.70,,FALSE,,,,https://www.perfumersworld.com/view.php?pro_id=6WU07708
7SQ00359,Black Pepper Essential Oil from PerfumersWorld,PerfumersWorld,84929-41-9,,1.00,,FALSE,,,,https://www.perfumersworld.com/view.php?pro_id=7SQ00359
6SH18444,BLACK PEPPER F-TEC from PerfumersWorld,PerfumersWorld,Mixture (Perfume Base),,0.30,,FALSE,,,,https://www.perfumersworld.com/view.php?pro_id=6SH18444
6SH09677,Black Pepper Fleuressence from PerfumersWorld,PerfumersWorld,Mixture (Perfume Base),,0.50,,FALSE,,,,https://www.perfumersworld.com/view.php?pro_id=6SH09677
6HE09224,Black Tea Base from PerfumersWorld,PerfumersWorld,Mixture (Perfume Base),,0.29,,FALSE,,,,https://www.perfumersworld.com/view.php?pro_id=6HE09224
8FB00063,Blackcurrant Absolute from PerfumersWorld,PerfumersWorld,97676-19-2,,8.10,,FALSE,,,,https://www.perfumersworld.com/view.php?pro_id=8FB00063
5FB20096,Blackcurrant Absolute 10% in DPG from PerfumersWorld,PerfumersWorld,"97676-19-2|0.1
25265-71-8|0.9",,0.64,,TRUE,Blackcurrant Absolute from PerfumersWorld,Dipropylene Glycol (DPG) from PerfumersWorld,0.1,https://www.perfumersworld.com/view.php?pro_id=5FB20096
6FB18179,BLACKCURRANT F-TEC from PerfumersWorld,PerfumersWorld,Mixture (Perfume Base),,0.32,,FALSE,,,,https://www.perfumersworld.com/view.php?pro_id=6FB18179
6FB09427,Blackcurrant Fleuressence from PerfumersWorld,PerfumersWorld,Mixture (Perfume Base),,0.30,,FALSE,,,,https://www.perfumersworld.com/view.php?pro_id=6FB09427
7CA24032,Blood Orange oil Sicilian from PerfumersWorld,PerfumersWorld,8028-48-6,,0.18,,FALSE,,,,https://www.perfumersworld.com/view.php?pro_id=7CA24032
7HF00102,Blue Chamomile Essential Oil from PerfumersWorld,PerfumersWorld,8002-66-2,,2.12,,FALSE,,,,https://www.perfumersworld.com/view.php?pro_id=7HF00102
5HF07844,Blue Chamomile Essential Oil 10% in DPG from PerfumersWorld,PerfumersWorld,"8002-66-2|0.1
25265-71-8|0.9",,0.24,,TRUE,Blue Chamomile Essential Oil from PerfumersWorld,Dipropylene Glycol (DPG) from PerfumersWorld,0.1,https://www.perfumersworld.com/view.php?pro_id=5HF07844
BODYLOTN,Body Lotion Base - unscented from PerfumersWorld,PerfumersWorld,Not Found,,0.04,,FALSE,,,,https://www.perfumersworld.com/view.php?pro_id=BODYLOTN
6LW18324,BOIS DE ROSE F-TEC from PerfumersWorld,PerfumersWorld,Mixture (Perfume Base),,0.16,,FALSE,,,,https://www.perfumersworld.com/view.php?pro_id=6LW18324
6LW12346,Bois de Rose Fleuressence from PerfumersWorld,PerfumersWorld,Mixture (Perfume Base),,0.27,,FALSE,,,,https://www.perfumersworld.com/view.php?pro_id=6LW12346
BON06020,Bonding Concentrate from PerfumersWorld,PerfumersWorld,Not Found,,5.02,,FALSE,,,,https://www.perfumersworld.com/view.php?pro_id=BON06020
BON06021,Bonding Factor from PerfumersWorld,PerfumersWorld,Not Found,,0.52,,FALSE,,,,https://www.perfumersworld.com/view.php?pro_id=BON06021
1BW00064,Borneol from PerfumersWorld,PerfumersWorld,507-70-0,,0.14,,FALSE,,,,https://www.perfumersworld.com/view.php?pro_id=1BW00064
5BW12462,Borneol 50% in DPG from PerfumersWorld,PerfumersWorld,"507-70-0|0.5
25265-71-8|0.5",,0.07,,TRUE,Borneol from PerfumersWorld,Dipropylene Glycol (DPG) from PerfumersWorld,0.5,https://www.perfumersworld.com/view.php?pro_id=5BW12462
4MA00067,Bourgeonal from PerfumersWorld,PerfumersWorld,18127-01-0,,0.52,,FALSE,,,,https://www.perfumersworld.com/view.php?pro_id=4MA00067
5MA12469,Bourgeonal 10% in DPG from PerfumersWorld,PerfumersWorld,"18127-01-0|0.1
25265-71-8|0.9",,0.09,,TRUE,Bourgeonal from PerfumersWorld,Dipropylene Glycol (DPG) from PerfumersWorld,0.1,https://www.perfumersworld.com/view.php?pro_id=5MA12469
6NL18792,BROOM F-TEC from PerfumersWorld,PerfumersWorld,Mixture (Perfume Base),,0.17,,FALSE,,,,https://www.perfumersworld.com/view.php?pro_id=6NL18792
6NL08427,Broom Fleuressence from PerfumersWorld,PerfumersWorld,Mixture (Perfume Base),,0.18,,FALSE,,,,https://www.perfumersworld.com/view.php?pro_id=6NL08427
1FB00071,Buccoxime from PerfumersWorld,PerfumersWorld,75147-23-8,,2.80,,FALSE,,,,https://www.perfumersworld.com/view.php?pro_id=1FB00071
5FB07818,Buccoxime 10% in DPG from PerfumersWorld,PerfumersWorld,"75147-23-8|0.1
25265-71-8|0.9",,0.32,,TRUE,Buccoxime from PerfumersWorld,Dipropylene Glycol (DPG) from PerfumersWorld,0.1,https://www.perfumersworld.com/view.php?pro_id=5FB07818
3FD05860,Butyl Butyrate from PerfumersWorld,PerfumersWorld,109-21-7,,0.11,,FALSE,,,,https://www.perfumersworld.com/view.php?pro_id=3FD05860
4FD05871,Butyl Isovalerate from PerfumersWorld,PerfumersWorld,109-19-3,,0.24,,FALSE,,,,https://www.perfumersworld.com/view.php?pro_id=4FD05871
3OH00073,Butyl Salicylate from PerfumersWorld,PerfumersWorld,Not Found,,0.10,,FALSE,,,,https://www.perfumersworld.com/view.php?pro_id=3OH00073
0ZP03359,Butylated Hydroxytoluene (BHT) antioxidant from PerfumersWorld,PerfumersWorld,128-37-0,,0.09,,FALSE,,,,https://www.perfumersworld.com/view.php?pro_id=0ZP03359
6CL18060,C-CITRUS F-TEC from PerfumersWorld,PerfumersWorld,Mixture (Perfume Base),,0.20,,FALSE,,,,https://www.perfumersworld.com/view.php?pro_id=6CL18060
6CL07830,C-Citrus Fleuressence from PerfumersWorld,PerfumersWorld,Mixture (Perfume Base),,0.22,,FALSE,,,,https://www.perfumersworld.com/view.php?pro_id=6CL07830
7LW00863,Cabreuva Essential Oil from PerfumersWorld,PerfumersWorld,68188-03-4,,0.75,,FALSE,,,,https://www.perfumersworld.com/view.php?pro_id=7LW00863
7TW00076,Cade Oil Rectified from PerfumersWorld,PerfumersWorld,8013-10-3,,0.75,,FALSE,,,,https://www.perfumersworld.com/view.php?pro_id=7TW00076
5TW10962,Cade Oil Rectified 10% in DPG from PerfumersWorld,PerfumersWorld,"8013-10-3|0.1
25265-71-8|0.9",,0.20,,TRUE,Cade Oil Rectified from PerfumersWorld,Dipropylene Glycol (DPG) from PerfumersWorld,0.1,https://www.perfumersworld.com/view.php?pro_id=5TW10962
5TW07824,Cade Oil Rectified Oil 1% in DPG from PerfumersWorld,PerfumersWorld,"8013-10-3|0.01
25265-71-8|0.99",,0.11,,TRUE,Cade Oil Rectified Oil from PerfumersWorld,Dipropylene Glycol (DPG) from PerfumersWorld,0.01,https://www.perfumersworld.com/view.php?pro_id=5TW07824
7BH00912,Cajuput Essential Oil from PerfumersWorld,PerfumersWorld,8008-98-8,,0.36,,FALSE,,,,https://www.perfumersworld.com/view.php?pro_id=7BH00912
1YG00077,Calone from PerfumersWorld,PerfumersWorld,28940-11-6,,4.46,,FALSE,,,,https://www.perfumersworld.com/view.php?pro_id=1YG00077
5YG11098,Calone 1% in DPG from PerfumersWorld,PerfumersWorld,"28940-11-6|0.01
25265-71-8|0.99",,0.06,,TRUE,Calone from PerfumersWorld,Dipropylene Glycol (DPG) from PerfumersWorld,0.01,https://www.perfumersworld.com/view.php?pro_id=5YG11098
5YG07546,Calone 10% in DPG from PerfumersWorld,PerfumersWorld,"28940-11-6|0.1
25265-71-8|0.9",,0.47,,TRUE,Calone from PerfumersWorld,Dipropylene Glycol (DPG) from PerfumersWorld,0.1,https://www.perfumersworld.com/view.php?pro_id=5YG07546
3BH00078,Camphene from PerfumersWorld,PerfumersWorld,5794-03-6,,0.17,,FALSE,,,,https://www.perfumersworld.com/view.php?pro_id=3BH00078
6BH18118,CAMPHOR F-TEC from PerfumersWorld,PerfumersWorld,Mixture (Perfume Base),,0.15,,FALSE,,,,https://www.perfumersworld.com/view.php?pro_id=6BH18118
1BH00080,Camphor Powder from PerfumersWorld,PerfumersWorld,464-49-3,,0.10,,FALSE,,,,https://www.perfumersworld.com/view.php?pro_id=1BH00080
5BH09580,Camphor Powder 50% in DPG from PerfumersWorld,PerfumersWorld,"464-49-3|0.5
25265-71-8|0.5",,0.09,,TRUE,Camphor Powder from PerfumersWorld,Dipropylene Glycol (DPG) from PerfumersWorld,0.5,https://www.perfumersworld.com/view.php?pro_id=5BH09580
7BH00079,Camphor White Essential Oil from PerfumersWorld,PerfumersWorld,8008-51-3,,0.27,,FALSE,,,,https://www.perfumersworld.com/view.php?pro_id=7BH00079
6BH09017,Camphoraceous Fleuressence from PerfumersWorld,PerfumersWorld,Mixture (Perfume Base),,0.19,,FALSE,,,,https://www.perfumersworld.com/view.php?pro_id=6BH09017
7NJ00081,Cananga Essential Oil from PerfumersWorld,PerfumersWorld,68606-83-7,,0.30,,FALSE,,,,https://www.perfumersworld.com/view.php?pro_id=7NJ00081
5VE14325,Caramel Furanone 0.003% from PerfumersWorld,PerfumersWorld,28664-35-9,,0.12,,FALSE,,,,https://www.perfumersworld.com/view.php?pro_id=5VE14325
5VE14324,Caramel Furanone 0.03% from PerfumersWorld,PerfumersWorld,28664-35-9,,0.17,,FALSE,,,,https://www.perfumersworld.com/view.php?pro_id=5VE14324
7SE00083,Caraway Seed Essential Oil from PerfumersWorld,PerfumersWorld,8000-42-8,,0.82,,FALSE,,,,https://www.perfumersworld.com/view.php?pro_id=7SE00083
5SE07843,Caraway Seed Essential Oil 10% in DPG from PerfumersWorld,PerfumersWorld,"8000-42-8|0.1
25265-71-8|0.9",,0.12,,TRUE,Caraway Seed Essential Oil from PerfumersWorld,Dipropylene Glycol (DPG) from PerfumersWorld,0.1,https://www.perfumersworld.com/view.php?pro_id=5SE07843
7SC00084,Cardamom Essential Oil from PerfumersWorld,PerfumersWorld,8000-66-6,,3.56,,FALSE,,,,https://www.perfumersworld.com/view.php?pro_id=7SC00084
5SC07859,Cardamom Essential Oil 10% in DPG from PerfumersWorld,PerfumersWorld,"8000-66-6|0.1
25265-71-8|0.9",,0.42,,TRUE,Cardamom Essential Oil from PerfumersWorld,Dipropylene Glycol (DPG) from PerfumersWorld,0.1,https://www.perfumersworld.com/view.php?pro_id=5SC07859
6SC09679,Cardamom Fleuressence from PerfumersWorld,PerfumersWorld,Mixture (Perfume Base),,0.86,,FALSE,,,,https://www.perfumersworld.com/view.php?pro_id=6SC09679
6SC18557,CARDAMON F-TEC from PerfumersWorld,PerfumersWorld,Mixture (Perfume Base),,0.60,,FALSE,,,,https://www.perfumersworld.com/view.php?pro_id=6SC18557
8FY24655,Caribbean Rum Extract from PerfumersWorld,PerfumersWorld,91770-72-8,,8.80,,FALSE,,,,https://www.perfumersworld.com/view.php?pro_id=8FY24655
6SP18441,CARNATION F-TEC from PerfumersWorld,PerfumersWorld,Mixture (Perfume Base),,0.22,,FALSE,,,,https://www.perfumersworld.com/view.php?pro_id=6SP18441
6SP09163,Carnation Fleuressence from PerfumersWorld,PerfumersWorld,Mixture (Perfume Base),,0.22,,FALSE,,,,https://www.perfumersworld.com/view.php?pro_id=6SP09163
7IS00086,Carrot Seed Essential Oil from PerfumersWorld,PerfumersWorld,8015-88-1,,4.00,,FALSE,,,,https://www.perfumersworld.com/view.php?pro_id=7IS00086
5IS07846,Carrot Seed Essential Oil 10% in DPG from PerfumersWorld,PerfumersWorld,"8015-88-1|0.1
25265-71-8|0.9",,0.50,,TRUE,Carrot Seed Essential Oil from PerfumersWorld,Dipropylene Glycol (DPG) from PerfumersWorld,0.1,https://www.perfumersworld.com/view.php?pro_id=5IS07846
3WI03465,Caryophyllene Acetate from PerfumersWorld,PerfumersWorld,32214-91-8,,0.10,,FALSE,,,,https://www.perfumersworld.com/view.php?pro_id=3WI03465
4XB00090,Cashmeran from PerfumersWorld,PerfumersWorld,33704-61-9,,0.52,,FALSE,,,,https://www.perfumersworld.com/view.php?pro_id=4XB00090
5XB07615,Cashmeran 10% in DPG from PerfumersWorld,PerfumersWorld,"33704-61-9|0.1
25265-71-8|0.9",,0.10,,TRUE,Cashmeran from PerfumersWorld,Dipropylene Glycol (DPG) from PerfumersWorld,0.1,https://www.perfumersworld.com/view.php?pro_id=5XB07615
6XB18881,CASHMERE MUSK F-TEC from PerfumersWorld,PerfumersWorld,Mixture (Perfume Base),,0.25,,FALSE,,,,https://www.perfumersworld.com/view.php?pro_id=6XB18881
6XB09681,Cashmere Musk Fleuressence from PerfumersWorld,PerfumersWorld,Mixture (Perfume Base),,0.23,,FALSE,,,,https://www.perfumersworld.com/view.php?pro_id=6XB09681
7SV00091,Cassia Essential Oil from PerfumersWorld,PerfumersWorld,8007-80-5,,0.35,,FALSE,,,,https://www.perfumersworld.com/view.php?pro_id=7SV00091
5SV12481,Cassia Essential Oil 10% in DPG from PerfumersWorld,PerfumersWorld,"8007-80-5|0.1
25265-71-8|0.9",,0.07,,TRUE,Cassia Essential Oil from PerfumersWorld,Dipropylene Glycol (DPG) from PerfumersWorld,0.1,https://www.perfumersworld.com/view.php?pro_id=5SV12481
6NI18791,CASSIE F-TEC from PerfumersWorld,PerfumersWorld,Mixture (Perfume Base),,0.30,,FALSE,,,,https://www.perfumersworld.com/view.php?pro_id=6NI18791
6NI09419,Cassie Fleuressence from PerfumersWorld,PerfumersWorld,Mixture (Perfume Base),,0.25,,FALSE,,,,https://www.perfumersworld.com/view.php?pro_id=6NI09419
6UP18499,CASTOREUM F-TEC from PerfumersWorld,PerfumersWorld,Mixture (Perfume Base),,0.24,,FALSE,,,,https://www.perfumersworld.com/view.php?pro_id=6UP18499
6UP11559,Castoreum Fleuressence from PerfumersWorld,PerfumersWorld,Mixture (Perfume Base),,0.37,,FALSE,,,,https://www.perfumersworld.com/view.php?pro_id=6UP11559
6UP07515,Castoreum Synthetic from PerfumersWorld,PerfumersWorld,Mixture (Perfume Base),,2.02,,FALSE,,,,https://www.perfumersworld.com/view.php?pro_id=6UP07515
7WP00844,Cedarwood Chinese Essential Oil from PerfumersWorld,PerfumersWorld,85085-29-6,,0.13,,FALSE,,,,https://www.perfumersworld.com/view.php?pro_id=7WP00844
6WW18687,CEDARWOOD F-TEC from PerfumersWorld,PerfumersWorld,Mixture (Perfume Base),,0.28,,FALSE,,,,https://www.perfumersworld.com/view.php?pro_id=6WW18687
6WW09124,Cedarwood Fleuressence from PerfumersWorld,PerfumersWorld,Mixture (Perfume Base),,0.30,,FALSE,,,,https://www.perfumersworld.com/view.php?pro_id=6WW09124
7WW00095,Cedarwood Virginian Essential Oil from PerfumersWorld,PerfumersWorld,8000-27-9,,0.30,,FALSE,,,,https://www.perfumersworld.com/view.php?pro_id=7WW00095
3WW00097,Cedramber from PerfumersWorld,PerfumersWorld,19870-74-7,,0.24,,FALSE,,,,https://www.perfumersworld.com/view.php?pro_id=3WW00097
7CC24028,Cedrat FCF oil Sicilian from PerfumersWorld,PerfumersWorld,Not Found,,0.35,,FALSE,,,,https://www.perfumersworld.com/view.php?pro_id=7CC24028
1WW00096,Cedrenyl Acetate from PerfumersWorld,PerfumersWorld,1405-92-1,,0.28,,FALSE,,,,https://www.perfumersworld.com/view.php?pro_id=1WW00096
1WW01281,Cedrol from PerfumersWorld,PerfumersWorld,77-53-2,,0.24,,FALSE,,,,https://www.perfumersworld.com/view.php?pro_id=1WW01281
5WW09974,Cedrol 10% in DPG from PerfumersWorld,PerfumersWorld,"77-53-2|0.1
25265-71-8|0.9",,0.06,,TRUE,Cedrol from PerfumersWorld,Dipropylene Glycol (DPG) from PerfumersWorld,0.1,https://www.perfumersworld.com/view.php?pro_id=5WW09974
3WI00098,Cedroxyde from PerfumersWorld,PerfumersWorld,71735-79-0,,0.69,,FALSE,,,,https://www.perfumersworld.com/view.php?pro_id=3WI00098
2WW00099,Cedryl Acetate from PerfumersWorld,PerfumersWorld,77-54-3,,0.21,,FALSE,,,,https://www.perfumersworld.com/view.php?pro_id=2WW00099
7SH00100,Celery Seed Essential Oil from PerfumersWorld,PerfumersWorld,8015-90-5,,0.94,,FALSE,,,,https://www.perfumersworld.com/view.php?pro_id=7SH00100
5SH07845,Celery Seed Essential Oil 10% in DPG from PerfumersWorld,PerfumersWorld,"8015-90-5|0.1
25265-71-8|0.9",,0.13,,TRUE,Celery Seed Essential Oil from PerfumersWorld,Dipropylene Glycol (DPG) from PerfumersWorld,0.1,https://www.perfumersworld.com/view.php?pro_id=5SH07845
1XY00101,Celestolide from PerfumersWorld,PerfumersWorld,13171-00-1,,0.31,,FALSE,,,,https://www.perfumersworld.com/view.php?pro_id=1XY00101
5XY10869,Celestolide 10% in DPG from PerfumersWorld,PerfumersWorld,"13171-00-1|0.1
25265-71-8|0.9",,0.12,,TRUE,Celestolide from PerfumersWorld,Dipropylene Glycol (DPG) from PerfumersWorld,0.1,https://www.perfumersworld.com/view.php?pro_id=5XY10869
6NJ18626,CHAMPACA F-TEC from PerfumersWorld,PerfumersWorld,Mixture (Perfume Base),,0.25,,FALSE,,,,https://www.perfumersworld.com/view.php?pro_id=6NJ18626
6NJ09072,Champaca Fleuressence from PerfumersWorld,PerfumersWorld,Mixture (Perfume Base),,0.39,,FALSE,,,,https://www.perfumersworld.com/view.php?pro_id=6NJ09072
7NJ07740,Champaca Flower Essential Oil from PerfumersWorld,PerfumersWorld,94333-99-0,,2.54,,FALSE,,,,https://www.perfumersworld.com/view.php?pro_id=7NJ07740
5NN07927,Champaca Flower Essential Oil 10% in DPG from PerfumersWorld,PerfumersWorld,"94333-99-0|0.1
25265-71-8|0.9",,0.27,,TRUE,Champaca Flower Essential Oil from PerfumersWorld,Dipropylene Glycol (DPG) from PerfumersWorld,0.1,https://www.perfumersworld.com/view.php?pro_id=5NN07927
7LN08199,Champaca Leaf Essential Oil from PerfumersWorld,PerfumersWorld,78-70-6,,0.55,,FALSE,,,,https://www.perfumersworld.com/view.php?pro_id=7LN08199
4YE09171,Champignol from PerfumersWorld,PerfumersWorld,3687-48-7,,10.45,,FALSE,,,,https://www.perfumersworld.com/view.php?pro_id=4YE09171
5YE12329,Champignol 10% in DPG from PerfumersWorld,PerfumersWorld,"3687-48-7|0.1
25265-71-8|0.9",,1.10,,TRUE,Champignol from PerfumersWorld,Dipropylene Glycol (DPG) from PerfumersWorld,0.1,https://www.perfumersworld.com/view.php?pro_id=5YE12329
6FN18183,CHERRY F-TEC from PerfumersWorld,PerfumersWorld,Mixture (Perfume Base),,0.15,,FALSE,,,,https://www.perfumersworld.com/view.php?pro_id=6FN18183
6FN09071,Cherry Fleuressence from PerfumersWorld,PerfumersWorld,Mixture (Perfume Base),,0.20,,FALSE,,,,https://www.perfumersworld.com/view.php?pro_id=6FN09071
6VE18548,CHOCOLATE F-TEC from PerfumersWorld,PerfumersWorld,Mixture (Perfume Base),,0.25,,FALSE,,,,https://www.perfumersworld.com/view.php?pro_id=6VE18548
6VE12421,Chocolate Fleuressence from PerfumersWorld,PerfumersWorld,Mixture (Perfume Base),,0.58,,FALSE,,,,https://www.perfumersworld.com/view.php?pro_id=6VE12421
6CL11946,Chrome Citrus Fleuressence from PerfumersWorld,PerfumersWorld,Mixture (Perfume Base),,0.12,,FALSE,,,,https://www.perfumersworld.com/view.php?pro_id=6CL11946
6CL18125,CHROME F-TEC from PerfumersWorld,PerfumersWorld,Mixture (Perfume Base),,0.12,,FALSE,,,,https://www.perfumersworld.com/view.php?pro_id=6CL18125
6UX18493,CHYPRE F-TEC from PerfumersWorld,PerfumersWorld,Mixture (Perfume Base),,0.17,,FALSE,,,,https://www.perfumersworld.com/view.php?pro_id=6UX18493
6UX10406,Chypre Fleuressence from PerfumersWorld,PerfumersWorld,Mixture (Perfume Base),,0.28,,FALSE,,,,https://www.perfumersworld.com/view.php?pro_id=6UX10406
7SV00107,Cinnamon Bark Essential Oil from PerfumersWorld,PerfumersWorld,84649-98-9,,2.20,,FALSE,,,,https://www.perfumersworld.com/view.php?pro_id=7SV00107
5SV11510,Cinnamon Bark Essential Oil 10% in DPG from PerfumersWorld,PerfumersWorld,"84649-98-9|0.1
25265-71-8|0.9",,0.24,,TRUE,Cinnamon Bark Essential Oil from PerfumersWorld,Dipropylene Glycol (DPG) from PerfumersWorld,0.1,https://www.perfumersworld.com/view.php?pro_id=5SV11510
6SV18443,CINNAMON F-TEC from PerfumersWorld,PerfumersWorld,Mixture (Perfume Base),,0.12,,FALSE,,,,https://www.perfumersworld.com/view.php?pro_id=6SV18443
6SV08501,Cinnamon Fleuressence from PerfumersWorld,PerfumersWorld,Mixture (Perfume Base),,0.20,,FALSE,,,,https://www.perfumersworld.com/view.php?pro_id=6SV08501
7SV00108,Cinnamon Leaf Essential Oil from PerfumersWorld,PerfumersWorld,8015-91-6,,0.40,,FALSE,,,,https://www.perfumersworld.com/view.php?pro_id=7SV00108
3SQ00109,Cinnamyl Acetate from PerfumersWorld,PerfumersWorld,103-54-8,,0.18,,FALSE,,,,https://www.perfumersworld.com/view.php?pro_id=3SQ00109
2SV00105,Cinnamyl Alcohol from PerfumersWorld,PerfumersWorld,104-54-1,,0.20,,FALSE,,,,https://www.perfumersworld.com/view.php?pro_id=2SV00105
5SV07857,Cinnamyl Alcohol 50% in DPG from PerfumersWorld,PerfumersWorld,"104-54-1|0.5
25265-71-8|0.5",,0.12,,TRUE,Cinnamyl Alcohol from PerfumersWorld,Dipropylene Glycol (DPG) from PerfumersWorld,0.5,https://www.perfumersworld.com/view.php?pro_id=5SV07857
4SV00106,Cinnamyl Aldehyde from PerfumersWorld,PerfumersWorld,104-55-2,,0.13,,FALSE,,,,https://www.perfumersworld.com/view.php?pro_id=4SV00106
5SV10991,Cinnamyl aldehyde 10% in DPG from PerfumersWorld,PerfumersWorld,"104-55-2|0.1
25265-71-8|0.9",,0.05,,TRUE,Cinnamyl aldehyde from PerfumersWorld,Dipropylene Glycol (DPG) from PerfumersWorld,0.1,https://www.perfumersworld.com/view.php?pro_id=5SV10991
4SW23710,Cinnamyl Nitrile from PerfumersWorld,PerfumersWorld,4360-47-8,,0.40,,FALSE,,,,https://www.perfumersworld.com/view.php?pro_id=4SW23710
4GL00225,cis-3 Hexenol from PerfumersWorld,PerfumersWorld,928-96-1,,0.48,,FALSE,,,,https://www.perfumersworld.com/view.php?pro_id=4GL00225
5GG07890,cis-3 Hexenol 10% in DPG from PerfumersWorld,PerfumersWorld,"928-96-1|0.1
25265-71-8|0.9",,0.11,,TRUE,cis-3 Hexenol from PerfumersWorld,Dipropylene Glycol (DPG) from PerfumersWorld,0.1,https://www.perfumersworld.com/view.php?pro_id=5GG07890
4GF00226,cis-3 Hexenyl Acetate from PerfumersWorld,PerfumersWorld,3681-71-8,,0.80,,FALSE,,,,https://www.perfumersworld.com/view.php?pro_id=4GF00226
5GF07561,cis-3 Hexenyl Acetate 10% in DPG from PerfumersWorld,PerfumersWorld,"3681-71-8|0.1
25265-71-8|0.9",,0.12,,TRUE,cis-3 Hexenyl Acetate from PerfumersWorld,Dipropylene Glycol (DPG) from PerfumersWorld,0.1,https://www.perfumersworld.com/view.php?pro_id=5GF07561
3GN00227,cis-3 Hexenyl Benzoate from PerfumersWorld,PerfumersWorld,25152-85-6,,0.82,,FALSE,,,,https://www.perfumersworld.com/view.php?pro_id=3GN00227
4GD00228,cis-3 Hexenyl Butyrate from PerfumersWorld,PerfumersWorld,16491-36-4,,0.90,,FALSE,,,,https://www.perfumersworld.com/view.php?pro_id=4GD00228
5GD08173,cis-3 Hexenyl Butyrate 10% in DPG from PerfumersWorld,PerfumersWorld,"16491-36-4|0.1
25265-71-8|0.9",,0.07,,TRUE,cis-3 Hexenyl Butyrate from PerfumersWorld,Dipropylene Glycol (DPG) from PerfumersWorld,0.1,https://www.perfumersworld.com/view.php?pro_id=5GD08173
4GG01946,cis-3 Hexenyl Hexanoate from PerfumersWorld,PerfumersWorld,31501-11-8,,0.60,,FALSE,,,,https://www.perfumersworld.com/view.php?pro_id=4GG01946
3GO00229,cis-3 Hexenyl Salicylate from PerfumersWorld,PerfumersWorld,65405-77-8,,0.52,,FALSE,,,,https://www.perfumersworld.com/view.php?pro_id=3GO00229
5GO12259,cis-3 Hexenyl Salicylate 10% in DPG from PerfumersWorld,PerfumersWorld,"65405-77-8|0.1
25265-71-8|0.9",,0.10,,TRUE,cis-3 Hexenyl Salicylate from PerfumersWorld,Dipropylene Glycol (DPG) from PerfumersWorld,0.1,https://www.perfumersworld.com/view.php?pro_id=5GO12259
4JN00257,cis-Jasmone from PerfumersWorld,PerfumersWorld,488-10-8,,2.14,,FALSE,,,,https://www.perfumersworld.com/view.php?pro_id=4JN00257
5JN07525,cis-Jasmone 10% in DPG from PerfumersWorld,PerfumersWorld,"488-10-8|0.1
25265-71-8|0.9",,0.32,,TRUE,cis-Jasmone from PerfumersWorld,Dipropylene Glycol (DPG) from PerfumersWorld,0.1,https://www.perfumersworld.com/view.php?pro_id=5JN07525
8UQ00540,Cistus Absolute F0779 from PerfumersWorld,PerfumersWorld,89997-74-0,,0.90,,FALSE,,,,https://www.perfumersworld.com/view.php?pro_id=8UQ00540
8UQ08229,Cistus Absolute SIS F0785 from PerfumersWorld,PerfumersWorld,Not Found,,1.50,,FALSE,,,,https://www.perfumersworld.com/view.php?pro_id=8UQ08229
7UQ08239,Cistus Essential Oil from PerfumersWorld,PerfumersWorld,89997-74-0,,4.80,,FALSE,,,,https://www.perfumersworld.com/view.php?pro_id=7UQ08239
5UQ14582,Cistus Essential Oil 10% in DPG from PerfumersWorld,PerfumersWorld,"89997-74-0|0.1
25265-71-8|0.9",,0.50,,TRUE,Cistus Essential Oil from PerfumersWorld,Dipropylene Glycol (DPG) from PerfumersWorld,0.1,https://www.perfumersworld.com/view.php?pro_id=5UQ14582
4CC00111,Citral from PerfumersWorld,PerfumersWorld,5392-40-5,,0.16,,FALSE,,,,https://www.perfumersworld.com/view.php?pro_id=4CC00111
5CC07796,Citral 10% in DPG from PerfumersWorld,PerfumersWorld,"5392-40-5|0.1
25265-71-8|0.9",,0.07,,TRUE,Citral from PerfumersWorld,Dipropylene Glycol (DPG) from PerfumersWorld,0.1,https://www.perfumersworld.com/view.php?pro_id=5CC07796
5CC07820,Citralva 10% in DPG from PerfumersWorld,PerfumersWorld,"5146-66-7|0.1
25265-71-8|0.9",,0.07,,TRUE,Citralva from PerfumersWorld,Dipropylene Glycol (DPG) from PerfumersWorld,0.1,https://www.perfumersworld.com/view.php?pro_id=5CC07820
3CC00112,Citrathal from PerfumersWorld,PerfumersWorld,7492-66-2,,0.48,,FALSE,,,,https://www.perfumersworld.com/view.php?pro_id=3CC00112
1ZX03525,Citric Acid from PerfumersWorld,PerfumersWorld,77-92-9,,0.08,,FALSE,,,,https://www.perfumersworld.com/view.php?pro_id=1ZX03525
7CR00114,Citronella Essential Oil from PerfumersWorld,PerfumersWorld,8000-29-1,,0.14,,FALSE,,,,https://www.perfumersworld.com/view.php?pro_id=7CR00114
4CR00115,CitronellAL from PerfumersWorld,PerfumersWorld,106-23-0,,0.12,,FALSE,,,,https://www.perfumersworld.com/view.php?pro_id=4CR00115
5CR07548,CitronellAL 10% in DPG from PerfumersWorld,PerfumersWorld,"106-23-0|0.1
25265-71-8|0.9",,0.07,,TRUE,CitronellAL from PerfumersWorld,Dipropylene Glycol (DPG) from PerfumersWorld,0.1,https://www.perfumersworld.com/view.php?pro_id=5CR07548
3RM00116,CitronellOL from PerfumersWorld,PerfumersWorld,106-22-9,,0.22,,FALSE,,,,https://www.perfumersworld.com/view.php?pro_id=3RM00116
3RL00118,Citronellyl Acetate from PerfumersWorld,PerfumersWorld,150-84-5,,0.18,,FALSE,,,,https://www.perfumersworld.com/view.php?pro_id=3RL00118
4RC03548,Citronellyl Formate from PerfumersWorld,PerfumersWorld,105-85-1,,0.18,,FALSE,,,,https://www.perfumersworld.com/view.php?pro_id=4RC03548
4CR06787,Citronellyl Nitrile from PerfumersWorld,PerfumersWorld,51566-62-2,,0.22,,FALSE,,,,https://www.perfumersworld.com/view.php?pro_id=4CR06787
6AC18110,CITRUS ALDEHYDE F-TEC from PerfumersWorld,PerfumersWorld,Mixture (Perfume Base),,0.12,,FALSE,,,,https://www.perfumersworld.com/view.php?pro_id=6AC18110
6AC09112,CITRUS ALDEHYDE FLEURESSENCE from PerfumersWorld,PerfumersWorld,Mixture (Perfume Base),,0.20,,FALSE,,,,https://www.perfumersworld.com/view.php?pro_id=6AC09112
7CK01152,Citrus Hystrix Lime Essential Oil from PerfumersWorld,PerfumersWorld,91771-50-5,,0.23,,FALSE,,,,https://www.perfumersworld.com/view.php?pro_id=7CK01152
7CK01077,Citrus Hystrix Lime Leaf Essential Oil from PerfumersWorld,PerfumersWorld,91771-50-5,,0.56,,FALSE,,,,https://www.perfumersworld.com/view.php?pro_id=7CK01077
3UU07513,Civet Art from PerfumersWorld,PerfumersWorld,Mixture,,4.00,,FALSE,,,,https://www.perfumersworld.com/view.php?pro_id=3UU07513
5UU07533,Civet Art 10% in DPG from PerfumersWorld,PerfumersWorld,Mixture,,0.45,,TRUE,Civet Art from PerfumersWorld,Dipropylene Glycol (DPG) from PerfumersWorld,0.1,https://www.perfumersworld.com/view.php?pro_id=5UU07533
6UU18497,CIVET F-TEC from PerfumersWorld,PerfumersWorld,Mixture (Perfume Base),,0.55,,FALSE,,,,https://www.perfumersworld.com/view.php?pro_id=6UU18497
6UU09106,Civet Fleuressence from PerfumersWorld,PerfumersWorld,Mixture (Perfume Base),,0.60,,FALSE,,,,https://www.perfumersworld.com/view.php?pro_id=6UU09106
7HH00121,Clary Sage Essential Oil from PerfumersWorld,PerfumersWorld,8016-63-5,,1.44,,FALSE,,,,https://www.perfumersworld.com/view.php?pro_id=7HH00121
6SC18558,CLASSIC SPICE F-TEC from PerfumersWorld,PerfumersWorld,Mixture (Perfume Base),,0.19,,FALSE,,,,https://www.perfumersworld.com/view.php?pro_id=6SC18558
6SC12411,Classic Spice Fleuressence from PerfumersWorld,PerfumersWorld,Mixture (Perfume Base),,0.22,,FALSE,,,,https://www.perfumersworld.com/view.php?pro_id=6SC12411
6GM12399,Clear Green Blender Fleuressence from PerfumersWorld,PerfumersWorld,Mixture (Perfume Base),,0.22,,FALSE,,,,https://www.perfumersworld.com/view.php?pro_id=6GM12399
6GM18236,CLEAR GREEN F-TEC from PerfumersWorld,PerfumersWorld,Mixture (Perfume Base),,0.19,,FALSE,,,,https://www.perfumersworld.com/view.php?pro_id=6GM18236
3WB13402,Clearwood from PerfumersWorld,PerfumersWorld,84238-39-1,,0.34,,FALSE,,,,https://www.perfumersworld.com/view.php?pro_id=3WB13402
7SP00122,Clove Bud Essential Oil from PerfumersWorld,PerfumersWorld,8000-34-8,,0.54,,FALSE,,,,https://www.perfumersworld.com/view.php?pro_id=7SP00122
6SP18442,CLOVE F-TEC from PerfumersWorld,PerfumersWorld,Mixture (Perfume Base),,0.14,,FALSE,,,,https://www.perfumersworld.com/view.php?pro_id=6SP18442
6SP09088,Clove Fleuressence from PerfumersWorld,PerfumersWorld,Mixture (Perfume Base),,0.20,,FALSE,,,,https://www.perfumersworld.com/view.php?pro_id=6SP09088
7SP00123,Clove Leaf Essential Oil from PerfumersWorld,PerfumersWorld,8000-34-8,,0.19,,FALSE,,,,https://www.perfumersworld.com/view.php?pro_id=7SP00123
8VT00635,Cocoa Absolute from PerfumersWorld,PerfumersWorld,8002-31-1,,3.52,,FALSE,,,,https://www.perfumersworld.com/view.php?pro_id=8VT00635
5VT07920,Cocoa Absolute 10% in DPG from PerfumersWorld,PerfumersWorld,"84649-99-0|0.1
25265-71-8|0.9",,0.38,,TRUE,Cocoa Absolute from PerfumersWorld,Dipropylene Glycol (DPG) from PerfumersWorld,0.1,https://www.perfumersworld.com/view.php?pro_id=5VT07920
5VT08034,Cocoa Absolute 10% in IPM from PerfumersWorld,PerfumersWorld,"8002-31-1|0.1
110-27-0|0.9",,0.39,,TRUE,Cocoa Absolute from PerfumersWorld,Isopropyl Myristate (IPM) from PerfumersWorld,0.1,https://www.perfumersworld.com/view.php?pro_id=5VT08034
8VT23451,Cocoa absolute grasse from PerfumersWorld,PerfumersWorld,8002-31-1,,4.90,,FALSE,,,,https://www.perfumersworld.com/view.php?pro_id=8VT23451
5VT23692,Cocoa absolute grasse 10% in DPG from PerfumersWorld,PerfumersWorld,"8002-31-1|0.1
25265-71-8|0.9",,0.53,,TRUE,Cocoa absolute grasse from PerfumersWorld,Dipropylene Glycol (DPG) from PerfumersWorld,0.1,https://www.perfumersworld.com/view.php?pro_id=5VT23692
6DV18549,COCOA BUTTER F-TEC from PerfumersWorld,PerfumersWorld,Mixture (Perfume Base),,0.12,,FALSE,,,,https://www.perfumersworld.com/view.php?pro_id=6DV18549
6DV09055,Cocoa Butter Fleuressence from PerfumersWorld,PerfumersWorld,Mixture (Perfume Base),,0.14,,FALSE,,,,https://www.perfumersworld.com/view.php?pro_id=6DV09055
1VT23924,Cocoa CO2 Extract from PerfumersWorld,PerfumersWorld,84649-99-0,,1.70,,FALSE,,,,https://www.perfumersworld.com/view.php?pro_id=1VT23924
6DV18143,COCONUT F-TEC from PerfumersWorld,PerfumersWorld,Mixture (Perfume Base),,0.18,,FALSE,,,,https://www.perfumersworld.com/view.php?pro_id=6DV18143
6DV12422,Coconut Fleuressence from PerfumersWorld,PerfumersWorld,Mixture (Perfume Base),,0.18,,FALSE,,,,https://www.perfumersworld.com/view.php?pro_id=6DV12422
0ZV22213,Coconut Oil Fractionated (Coconut MCT) Fixed Oil from PerfumersWorld,PerfumersWorld,8001-31-8,,0.08,,FALSE,,,,https://www.perfumersworld.com/view.php?pro_id=0ZV22213
8TE23450,Coffee absolute grasse from PerfumersWorld,PerfumersWorld,8001-67-0,,6.20,,FALSE,,,,https://www.perfumersworld.com/view.php?pro_id=8TE23450
5TE23680,Coffee absolute grasse 10% in DPG from PerfumersWorld,PerfumersWorld,"8001-67-0|0.1
25265-71-8|0.9",,0.65,,TRUE,Coffee absolute grasse from PerfumersWorld,Dipropylene Glycol (DPG) from PerfumersWorld,0.1,https://www.perfumersworld.com/view.php?pro_id=5TE23680
8ET23923,Coffee CO2 Extract Organic from PerfumersWorld,PerfumersWorld,84650-00-0,,2.00,,FALSE,,,,https://www.perfumersworld.com/view.php?pro_id=8ET23923
6ET18954,COFFEE F-TEC from PerfumersWorld,PerfumersWorld,Mixture (Perfume Base),,0.30,,FALSE,,,,https://www.perfumersworld.com/view.php?pro_id=6ET18954
6ET20539,Coffee Fleuressence from PerfumersWorld,PerfumersWorld,Mixture (Perfume Base),,0.30,,FALSE,,,,https://www.perfumersworld.com/view.php?pro_id=6ET20539
7ET08078,Coffee Oil Roasted from PerfumersWorld,PerfumersWorld,84650-00-0,,2.20,,FALSE,,,,https://www.perfumersworld.com/view.php?pro_id=7ET08078
5ET12484,Coffee Oil Roasted 10% in DPG from PerfumersWorld,PerfumersWorld,"84650-00-0|0.1
25265-71-8|0.9",,0.21,,TRUE,Coffee Oil Roasted from PerfumersWorld,Dipropylene Glycol (DPG) from PerfumersWorld,0.1,https://www.perfumersworld.com/view.php?pro_id=5ET12484
6FY18955,COGNAC F-TEC from PerfumersWorld,PerfumersWorld,Mixture (Perfume Base),,0.20,,FALSE,,,,https://www.perfumersworld.com/view.php?pro_id=6FY18955
6FY08507,Cognac Wine Fleuressence from PerfumersWorld,PerfumersWorld,Mixture (Perfume Base),,0.20,,FALSE,,,,https://www.perfumersworld.com/view.php?pro_id=6FY08507
6CL18897,COLOGNE F-TEC from PerfumersWorld,PerfumersWorld,Mixture (Perfume Base),,0.22,,FALSE,,,,https://www.perfumersworld.com/view.php?pro_id=6CL18897
6CL10405,Cologne Fleuressence from PerfumersWorld,PerfumersWorld,Mixture (Perfume Base),,0.24,,FALSE,,,,https://www.perfumersworld.com/view.php?pro_id=6CL10405
CLKIT3,Colour Kit from PerfumersWorld,PerfumersWorld,Not Found,,29.95,,FALSE,,,,https://www.perfumersworld.com/view.php?pro_id=CLKIT3
3KK00124,Coniferan from PerfumersWorld,PerfumersWorld,67874-72-0,,0.45,,FALSE,,,,https://www.perfumersworld.com/view.php?pro_id=3KK00124
CONS12MT,Consultant Perfumer Service from PerfumersWorld,PerfumersWorld,Not Found,,10000.00,,FALSE,,,,https://www.perfumersworld.com/view.php?pro_id=CONS12MT
7SL00125,Coriander Essential Oil from PerfumersWorld,PerfumersWorld,8008-52-4,,0.90,,FALSE,,,,https://www.perfumersworld.com/view.php?pro_id=7SL00125
5SL08473,Coriander Essential Oil 10% in DPG from PerfumersWorld,PerfumersWorld,"8008-52-4|0.1
25265-71-8|0.9",,0.24,,TRUE,Coriander Essential Oil from PerfumersWorld,Dipropylene Glycol (DPG) from PerfumersWorld,0.1,https://www.perfumersworld.com/view.php?pro_id=5SL08473
7BB00832,Cornmint Essential Oil China from PerfumersWorld,PerfumersWorld,68917-18-0,,0.27,,FALSE,,,,https://www.perfumersworld.com/view.php?pro_id=7BB00832
4XU10872,Cosmone from PerfumersWorld,PerfumersWorld,259854-70-1,,4.30,,FALSE,,,,https://www.perfumersworld.com/view.php?pro_id=4XU10872
5UW08963,Costus Olifac 1% in DPG from PerfumersWorld,PerfumersWorld,Mixture,,0.12,,TRUE,Costus Olifac from PerfumersWorld,Dipropylene Glycol (DPG) from PerfumersWorld,0.01,https://www.perfumersworld.com/view.php?pro_id=5UW08963
5UW11312,Costus Olifac 10% in DPG from PerfumersWorld,PerfumersWorld,Mixture,,0.74,,TRUE,Costus Olifac from PerfumersWorld,Dipropylene Glycol (DPG) from PerfumersWorld,0.1,https://www.perfumersworld.com/view.php?pro_id=5UW11312
4UW09665,Costus Olifac Iff from PerfumersWorld,PerfumersWorld,Mixture,,7.20,,FALSE,,,,https://www.perfumersworld.com/view.php?pro_id=4UW09665
1VD00129,Coumarin from PerfumersWorld,PerfumersWorld,91-64-5,,0.11,,FALSE,,,,https://www.perfumersworld.com/view.php?pro_id=1VD00129
5VD07557,Coumarin 10% in DPG from PerfumersWorld,PerfumersWorld,"8008-93-3|0.1
25265-71-8|0.9",,0.05,,TRUE,Coumarin from PerfumersWorld,Dipropylene Glycol (DPG) from PerfumersWorld,0.1,https://www.perfumersworld.com/view.php?pro_id=5VD07557
6GB18224,CUCUMBER F-TEC from PerfumersWorld,PerfumersWorld,Mixture (Perfume Base),,0.20,,FALSE,,,,https://www.perfumersworld.com/view.php?pro_id=6GB18224
6GF07657,Cucumber Fleuressence from PerfumersWorld,PerfumersWorld,Mixture (Perfume Base),,0.20,,FALSE,,,,https://www.perfumersworld.com/view.php?pro_id=6GF07657
7SU00130,Cumin Seed Essential Oil from PerfumersWorld,PerfumersWorld,8014-13-9,,1.10,,FALSE,,,,https://www.perfumersworld.com/view.php?pro_id=7SU00130
5SU07604,Cumin Seed Essential Oil 1% in DPG from PerfumersWorld,PerfumersWorld,"8014-13-9|0.01
25265-71-8|0.99",,0.05,,TRUE,Cumin Seed Essential Oil from PerfumersWorld,Dipropylene Glycol (DPG) from PerfumersWorld,0.01,https://www.perfumersworld.com/view.php?pro_id=5SU07604
5SU19106,Cumin Seed Essential Oil 1% in TEC from PerfumersWorld,PerfumersWorld,"8014-13-9|0.01
77-93-0|0.99",,0.08,,TRUE,Cumin Seed Essential Oil from PerfumersWorld,Triethyl Citrate (TEC) from PerfumersWorld,0.01,https://www.perfumersworld.com/view.php?pro_id=5SU19106
5SU18711,Cumin Seed Essential Oil 10% in TEC from PerfumersWorld,PerfumersWorld,"8014-13-9|0.1
77-93-0|0.9",,0.15,,TRUE,Cumin Seed Essential Oil from PerfumersWorld,Triethyl Citrate (TEC) from PerfumersWorld,0.1,https://www.perfumersworld.com/view.php?pro_id=5SU18711
CUSTOMPC,Custom Signature Perfume Creation from PerfumersWorld,PerfumersWorld,Not Found,,600.00,,FALSE,,,,https://www.perfumersworld.com/view.php?pro_id=CUSTOMPC
3MG00134,Cyclamen Aldehyde from PerfumersWorld,PerfumersWorld,103-95-7,,0.34,,FALSE,,,,https://www.perfumersworld.com/view.php?pro_id=3MG00134
6ML18413,CYCLAMEN F-TEC from PerfumersWorld,PerfumersWorld,Mixture (Perfume Base),,0.18,,FALSE,,,,https://www.perfumersworld.com/view.php?pro_id=6ML18413
6MG09430,Cyclamen Fleuressence from PerfumersWorld,PerfumersWorld,Mixture (Perfume Base),,0.19,,FALSE,,,,https://www.perfumersworld.com/view.php?pro_id=6MG09430
4PQ00352,Cymene Para from PerfumersWorld,PerfumersWorld,99-87-6,,0.14,,FALSE,,,,https://www.perfumersworld.com/view.php?pro_id=4PQ00352
8KB00542,Cypress Absolute from PerfumersWorld,PerfumersWorld,8013-86-3,,1.87,,FALSE,,,,https://www.perfumersworld.com/view.php?pro_id=8KB00542
5KB13801,Cypress Absolute 10% in DPG from PerfumersWorld,PerfumersWorld,Not Found,,0.08,,TRUE,Cypress Absolute from PerfumersWorld,Dipropylene Glycol (DPG) from PerfumersWorld,0.1,https://www.perfumersworld.com/view.php?pro_id=5KB13801
7KB00833,Cypress Essential Oil from PerfumersWorld,PerfumersWorld,8013-86-3,,0.98,,FALSE,,,,https://www.perfumersworld.com/view.php?pro_id=7KB00833
6DF18006,D-DAIRY F-TEC from PerfumersWorld,PerfumersWorld,Mixture (Perfume Base),,0.12,,FALSE,,,,https://www.perfumersworld.com/view.php?pro_id=6DF18006
6DD08537,D-Dairy Fleuressence from PerfumersWorld,PerfumersWorld,Mixture (Perfume Base),,0.20,,FALSE,,,,https://www.perfumersworld.com/view.php?pro_id=6DD08537
3CQ00276,D-Limonene from PerfumersWorld,PerfumersWorld,5989-27-5,,0.08,,FALSE,,,,https://www.perfumersworld.com/view.php?pro_id=3CQ00276
9IF07120,Damascenone from PerfumersWorld,PerfumersWorld,23696-85-7,,2.72,,FALSE,,,,https://www.perfumersworld.com/view.php?pro_id=9IF07120
3IL00139,Damascol from PerfumersWorld,PerfumersWorld,4927-36-0,,0.66,,FALSE,,,,https://www.perfumersworld.com/view.php?pro_id=3IL00139
7HH00895,Davana Essential Oil from PerfumersWorld,PerfumersWorld,91844-86-9,,5.10,,FALSE,,,,https://www.perfumersworld.com/view.php?pro_id=7HH00895
5HH12466,Davana Essential Oil 10% in DPG from PerfumersWorld,PerfumersWorld,"8016-03-3|0.1
25265-71-8|0.9",,0.52,,TRUE,Davana Essential Oil from PerfumersWorld,Dipropylene Glycol (DPG) from PerfumersWorld,0.1,https://www.perfumersworld.com/view.php?pro_id=5HH12466
3AC00014,Decanol (Alcohol C-10) from PerfumersWorld,PerfumersWorld,112-30-1,,0.12,,FALSE,,,,https://www.perfumersworld.com/view.php?pro_id=3AC00014
4CF19148,Decatone from PerfumersWorld,PerfumersWorld,34131-98-1,,2.82,,FALSE,,,,https://www.perfumersworld.com/view.php?pro_id=4CF19148
4DD03683,Delta Decalactone from PerfumersWorld,PerfumersWorld,2825-91-4,,0.73,,FALSE,,,,https://www.perfumersworld.com/view.php?pro_id=4DD03683
5DD12463,Delta Decalactone 10% in DPG from PerfumersWorld,PerfumersWorld,"2825-91-4|0.1
25265-71-8|0.9",,0.12,,TRUE,Delta Decalactone from PerfumersWorld,Dipropylene Glycol (DPG) from PerfumersWorld,0.1,https://www.perfumersworld.com/view.php?pro_id=5DD12463
6FL18169,DEWBERRY F-TEC from PerfumersWorld,PerfumersWorld,Mixture (Perfume Base),,0.12,,FALSE,,,,https://www.perfumersworld.com/view.php?pro_id=6FL18169
6FL09127,Dewberry Fleuressence from PerfumersWorld,PerfumersWorld,Mixture (Perfume Base),,0.21,,FALSE,,,,https://www.perfumersworld.com/view.php?pro_id=6FL09127
9DV00144,Diacetyl from PerfumersWorld,PerfumersWorld,431-03-8,,0.21,,FALSE,,,,https://www.perfumersworld.com/view.php?pro_id=9DV00144
5DV07644,Diacetyl 1% in DPG from PerfumersWorld,PerfumersWorld,"431-03-8|0.01
25265-71-8|0.99",,0.08,,TRUE,Diacetyl from PerfumersWorld,Dipropylene Glycol (DPG) from PerfumersWorld,0.01,https://www.perfumersworld.com/view.php?pro_id=5DV07644
3FG00145,Diethyl Malonate from PerfumersWorld,PerfumersWorld,105-53-3,,0.09,,FALSE,,,,https://www.perfumersworld.com/view.php?pro_id=3FG00145
0ZX00143,Diethyl Phthalate (DEP) from PerfumersWorld,PerfumersWorld,84-66-2,,0.08,,FALSE,,,,https://www.perfumersworld.com/view.php?pro_id=0ZX00143
3IL00153,Dihydro Beta Ionone from PerfumersWorld,PerfumersWorld,17283-81-7,,0.60,,FALSE,,,,https://www.perfumersworld.com/view.php?pro_id=3IL00153
4HF00147,Dihydro Carvyl Acetate from PerfumersWorld,PerfumersWorld,20777-49-5,,2.50,,FALSE,,,,https://www.perfumersworld.com/view.php?pro_id=4HF00147
2VD00148,Dihydro Coumarin from PerfumersWorld,PerfumersWorld,119-84-6,,0.16,,FALSE,,,,https://www.perfumersworld.com/view.php?pro_id=2VD00148
4JN00149,Dihydro Jasmone from PerfumersWorld,PerfumersWorld,1128-08-1,,0.90,,FALSE,,,,https://www.perfumersworld.com/view.php?pro_id=4JN00149
5JN10948,Dihydro Jasmone 10% in DPG from PerfumersWorld,PerfumersWorld,"1128-08-1|0.1
25265-71-8|0.9",,0.12,,TRUE,Dihydro Jasmone from PerfumersWorld,Dipropylene Glycol (DPG) from PerfumersWorld,0.1,https://www.perfumersworld.com/view.php?pro_id=5JN10948
3LC03808,Dihydro Linalool from PerfumersWorld,PerfumersWorld,18479-51-1,,0.50,,FALSE,,,,https://www.perfumersworld.com/view.php?pro_id=3LC03808
3CK00150,Dihydro Myrcenol from PerfumersWorld,PerfumersWorld,18479-58-8,,0.12,,FALSE,,,,https://www.perfumersworld.com/view.php?pro_id=3CK00150
3KL00152,Dihydro Terpinyl Acetate from PerfumersWorld,PerfumersWorld,80-25-1,,0.30,,FALSE,,,,https://www.perfumersworld.com/view.php?pro_id=3KL00152
7HH07671,Dill Essential Oil from PerfumersWorld,PerfumersWorld,8006-75-5,,0.67,,FALSE,,,,https://www.perfumersworld.com/view.php?pro_id=7HH07671
3NC00155,Dimethyl Anthranilate from PerfumersWorld,PerfumersWorld,85-91-6,,0.33,,FALSE,,,,https://www.perfumersworld.com/view.php?pro_id=3NC00155
3LL00156,Dimethyl Benzyl Carbinol from PerfumersWorld,PerfumersWorld,100-86-7,,0.27,,FALSE,,,,https://www.perfumersworld.com/view.php?pro_id=3LL00156
3LF00157,Dimethyl Benzyl Carbinyl Acetate from PerfumersWorld,PerfumersWorld,151-05-3,,0.17,,FALSE,,,,https://www.perfumersworld.com/view.php?pro_id=3LF00157
4LD02865,Dimethyl Benzyl Carbinyl Butyrate from PerfumersWorld,PerfumersWorld,10094-34-5,,0.14,,FALSE,,,,https://www.perfumersworld.com/view.php?pro_id=4LD02865
5EG09234,Dimethyl Sulfide 1% in DPG from PerfumersWorld,PerfumersWorld,"75-18-3|0.01
25265-71-8|0.99",,0.10,,TRUE,Dimethyl Sulfide from PerfumersWorld,Dipropylene Glycol (DPG) from PerfumersWorld,0.01,https://www.perfumersworld.com/view.php?pro_id=5EG09234
3CK07504,Dimetol from PerfumersWorld,PerfumersWorld,13254-34-7,,0.36,,FALSE,,,,https://www.perfumersworld.com/view.php?pro_id=3CK07504
2RB00163,Diphenyl Oxide from PerfumersWorld,PerfumersWorld,101-84-8,,0.08,,FALSE,,,,https://www.perfumersworld.com/view.php?pro_id=2RB00163
5RB09235,Diphenyl Oxide 10% in DPG from PerfumersWorld,PerfumersWorld,"101-84-8|0.1
25265-71-8|0.9",,0.06,,TRUE,Diphenyl Oxide from PerfumersWorld,Dipropylene Glycol (DPG) from PerfumersWorld,0.1,https://www.perfumersworld.com/view.php?pro_id=5RB09235
5RB07855,Diphenyl Oxide 50% in DPG from PerfumersWorld,PerfumersWorld,"101-84-8|0.5
25265-71-8|0.5",,0.07,,TRUE,Diphenyl Oxide from PerfumersWorld,Dipropylene Glycol (DPG) from PerfumersWorld,0.5,https://www.perfumersworld.com/view.php?pro_id=5RB07855
0ZW00165,Dipropylene Glycol (DPG) from PerfumersWorld,PerfumersWorld,25265-71-8,,0.07,,FALSE,,,,https://www.perfumersworld.com/view.php?pro_id=0ZW00165
3AC03955,Dodecyl Nitrile from PerfumersWorld,PerfumersWorld,2437-25-4,,0.46,,FALSE,,,,https://www.perfumersworld.com/view.php?pro_id=3AC03955
5AC07788,Dodecyl Nitrile 10% in DPG from PerfumersWorld,PerfumersWorld,"2437-25-4|0.1
25265-71-8|0.9",,0.09,,TRUE,Dodecyl Nitrile from PerfumersWorld,Dipropylene Glycol (DPG) from PerfumersWorld,0.1,https://www.perfumersworld.com/view.php?pro_id=5AC07788
4MA00167,Dupical from PerfumersWorld,PerfumersWorld,30168-23-1,,1.82,,FALSE,,,,https://www.perfumersworld.com/view.php?pro_id=4MA00167
5MA08874,Dupical 10% in DPG from PerfumersWorld,PerfumersWorld,"30168-23-1|0.1
25265-71-8|0.9",,0.26,,TRUE,Dupical from PerfumersWorld,Dipropylene Glycol (DPG) from PerfumersWorld,0.1,https://www.perfumersworld.com/view.php?pro_id=5MA08874
4FG07161,Dynascone from PerfumersWorld,PerfumersWorld,56973-85-4,,2.40,,FALSE,,,,https://www.perfumersworld.com/view.php?pro_id=4FG07161
5FG22457,Dynascone 10% in DPG from PerfumersWorld,PerfumersWorld,"56973-85-4|0.1
25265-71-8|0.9",,0.27,,TRUE,Dynascone from PerfumersWorld,Dipropylene Glycol (DPG) from PerfumersWorld,0.1,https://www.perfumersworld.com/view.php?pro_id=5FG22457
6EG18010,E-EDIBLE F-TEC from PerfumersWorld,PerfumersWorld,Mixture (Perfume Base),,0.12,,FALSE,,,,https://www.perfumersworld.com/view.php?pro_id=6EG18010
6EG08432,E-Edible Fleuressence from PerfumersWorld,PerfumersWorld,Mixture (Perfume Base),,0.20,,FALSE,,,,https://www.perfumersworld.com/view.php?pro_id=6EG08432
4WX07563,Ebanol from PerfumersWorld,PerfumersWorld,67801-20-1,,0.76,,FALSE,,,,https://www.perfumersworld.com/view.php?pro_id=4WX07563
7QC00902,Elemi Essential Oil from PerfumersWorld,PerfumersWorld,8023-89-0,,0.50,,FALSE,,,,https://www.perfumersworld.com/view.php?pro_id=7QC00902
2CQ00168,Elemi Gum from PerfumersWorld,PerfumersWorld,8023-89-0,,0.27,,FALSE,,,,https://www.perfumersworld.com/view.php?pro_id=2CQ00168
7PH00170,Estragon Oil from PerfumersWorld,PerfumersWorld,8016-88-4,,1.30,,FALSE,,,,https://www.perfumersworld.com/view.php?pro_id=7PH00170
4FD04118,Ethyl 2-Methylbutyrate from PerfumersWorld,PerfumersWorld,7452-79-1,,0.36,,FALSE,,,,https://www.perfumersworld.com/view.php?pro_id=4FD04118
5FD12135,Ethyl 2-Methylbutyrate 10% in DPG from PerfumersWorld,PerfumersWorld,"7452-79-1|0.1
25265-71-8|0.9",,0.07,,TRUE,Ethyl 2-Methylbutyrate from PerfumersWorld,Dipropylene Glycol (DPG) from PerfumersWorld,0.1,https://www.perfumersworld.com/view.php?pro_id=5FD12135
9FC01313,Ethyl Acetate from PerfumersWorld,PerfumersWorld,141-78-6,,0.05,,FALSE,,,,https://www.perfumersworld.com/view.php?pro_id=9FC01313
5FC12427,Ethyl Acetate 10% in DPG from PerfumersWorld,PerfumersWorld,"141-78-6|0.1
25265-71-8|0.9",,0.03,,TRUE,Ethyl Acetate from PerfumersWorld,Dipropylene Glycol (DPG) from PerfumersWorld,0.1,https://www.perfumersworld.com/view.php?pro_id=5FC12427
3FG00172,Ethyl Acetoacetate from PerfumersWorld,PerfumersWorld,141-97-9,,0.08,,FALSE,,,,https://www.perfumersworld.com/view.php?pro_id=3FG00172
4FY00173,Ethyl Amyl Ketone from PerfumersWorld,PerfumersWorld,106-68-3,,1.10,,FALSE,,,,https://www.perfumersworld.com/view.php?pro_id=4FY00173
3NF03984,Ethyl Anthranilate from PerfumersWorld,PerfumersWorld,87-25-2,,0.37,,FALSE,,,,https://www.perfumersworld.com/view.php?pro_id=3NF03984
3NJ01315,Ethyl Benzoate from PerfumersWorld,PerfumersWorld,93-89-0,,0.13,,FALSE,,,,https://www.perfumersworld.com/view.php?pro_id=3NJ01315
5NJ12470,Ethyl Benzoate 10% in DPG from PerfumersWorld,PerfumersWorld,"93-89-0|0.1
25265-71-8|0.9",,0.05,,TRUE,Ethyl Benzoate from PerfumersWorld,Dipropylene Glycol (DPG) from PerfumersWorld,0.1,https://www.perfumersworld.com/view.php?pro_id=5NJ12470
3FD00174,Ethyl Butyrate from PerfumersWorld,PerfumersWorld,105-54-4,,0.08,,FALSE,,,,https://www.perfumersworld.com/view.php?pro_id=3FD00174
4FY02024,Ethyl Heptylate from PerfumersWorld,PerfumersWorld,106-30-9,,0.11,,FALSE,,,,https://www.perfumersworld.com/view.php?pro_id=4FY02024
4FD02026,Ethyl Isovalerate from PerfumersWorld,PerfumersWorld,108-64-5,,0.09,,FALSE,,,,https://www.perfumersworld.com/view.php?pro_id=4FD02026
3FD04102,Ethyl Lactate from PerfumersWorld,PerfumersWorld,97-64-3,,0.09,,FALSE,,,,https://www.perfumersworld.com/view.php?pro_id=3FD04102
3FH04104,Ethyl Levulinate from PerfumersWorld,PerfumersWorld,539-88-8,,0.22,,FALSE,,,,https://www.perfumersworld.com/view.php?pro_id=3FH04104
4LL11499,Ethyl Linalool from PerfumersWorld,PerfumersWorld,10339-55-6,,0.19,,FALSE,,,,https://www.perfumersworld.com/view.php?pro_id=4LL11499
3LC19147,Ethyl Linalyl Acetate from PerfumersWorld,PerfumersWorld,61931-80-4,,0.28,,FALSE,,,,https://www.perfumersworld.com/view.php?pro_id=3LC19147
1VF00175,Ethyl Maltol from PerfumersWorld,PerfumersWorld,4940-11-8,,0.48,,FALSE,,,,https://www.perfumersworld.com/view.php?pro_id=1VF00175
5VF07861,Ethyl Maltol 1% in DPG from PerfumersWorld,PerfumersWorld,"4940-11-8|0.01
25265-71-8|0.99",,0.04,,TRUE,Ethyl Maltol from PerfumersWorld,Dipropylene Glycol (DPG) from PerfumersWorld,0.01,https://www.perfumersworld.com/view.php?pro_id=5VF07861
5VF07531,Ethyl Maltol 5% in DPG from PerfumersWorld,PerfumersWorld,"4940-11-8|0.05
25265-71-8|0.95",,0.09,,TRUE,Ethyl Maltol from PerfumersWorld,Dipropylene Glycol (DPG) from PerfumersWorld,0.05,https://www.perfumersworld.com/view.php?pro_id=5VF07531
3PF02759,Ethyl Phenyl Acetate from PerfumersWorld,PerfumersWorld,101-97-3,,0.20,,FALSE,,,,https://www.perfumersworld.com/view.php?pro_id=3PF02759
5PF07867,Ethyl Phenyl Acetate 10% in DPG from PerfumersWorld,PerfumersWorld,"101-97-3|0.1
25265-71-8|0.9",,0.07,,TRUE,Ethyl Phenyl Acetate from PerfumersWorld,Dipropylene Glycol (DPG) from PerfumersWorld,0.1,https://www.perfumersworld.com/view.php?pro_id=5PF07867
4ES06848,Ethyl Safranate from PerfumersWorld,PerfumersWorld,35044-57-6,,1.57,,FALSE,,,,https://www.perfumersworld.com/view.php?pro_id=4ES06848
5ES13018,Ethyl Safranate 10% in DPG from PerfumersWorld,PerfumersWorld,"35044-57-6|0.1
25265-71-8|0.9",,0.20,,TRUE,Ethyl Safranate from PerfumersWorld,Dipropylene Glycol (DPG) from PerfumersWorld,0.1,https://www.perfumersworld.com/view.php?pro_id=5ES13018
3OP01253,Ethyl Salicylate from PerfumersWorld,PerfumersWorld,118-61-6,,0.45,,FALSE,,,,https://www.perfumersworld.com/view.php?pro_id=3OP01253
5OP12472,Ethyl Salicylate 10% in DPG from PerfumersWorld,PerfumersWorld,"118-61-6|0.1
25265-71-8|0.9",,0.06,,TRUE,Ethyl Salicylate from PerfumersWorld,Dipropylene Glycol (DPG) from PerfumersWorld,0.1,https://www.perfumersworld.com/view.php?pro_id=5OP12472
1VV00179,Ethyl Vanillin from PerfumersWorld,PerfumersWorld,121-32-4,,0.30,,FALSE,,,,https://www.perfumersworld.com/view.php?pro_id=1VV00179
5VV07559,Ethyl Vanillin 10% in DPG from PerfumersWorld,PerfumersWorld,"121-32-4|0.1
25265-71-8|0.9",,0.07,,TRUE,Ethyl Vanillin from PerfumersWorld,Dipropylene Glycol (DPG) from PerfumersWorld,0.1,https://www.perfumersworld.com/view.php?pro_id=5VV07559
3XU00180,Ethylene Brassylate from PerfumersWorld,PerfumersWorld,105-95-3,,0.29,,FALSE,,,,https://www.perfumersworld.com/view.php?pro_id=3XU00180
3BH00181,Eucalyptol from PerfumersWorld,PerfumersWorld,470-82-6,,0.21,,FALSE,,,,https://www.perfumersworld.com/view.php?pro_id=3BH00181
7CC00914,Eucalyptus Citriodora Essential Oil from PerfumersWorld,PerfumersWorld,8000-48-4,,0.25,,FALSE,,,,https://www.perfumersworld.com/view.php?pro_id=7CC00914
6CA07765,Eucalyptus Citriodora Natural Blend from PerfumersWorld,PerfumersWorld,Mixture (Perfume Base),,0.25,,FALSE,,,,https://www.perfumersworld.com/view.php?pro_id=6CA07765
7BH00182,Eucalyptus Globulus Essential Oil from PerfumersWorld,PerfumersWorld,8000-48-4,,0.17,,FALSE,,,,https://www.perfumersworld.com/view.php?pro_id=7BH00182
3SP00184,Eugenol from PerfumersWorld,PerfumersWorld,97-53-0,,0.20,,FALSE,,,,https://www.perfumersworld.com/view.php?pro_id=3SP00184
0ZA01393,Evening Primrose Oil - Fixed Oil from PerfumersWorld,PerfumersWorld,90028-66-3,,0.25,,FALSE,,,,https://www.perfumersworld.com/view.php?pro_id=0ZA01393
1YP00185,Evernyl from PerfumersWorld,PerfumersWorld,4707-47-5,,0.52,,FALSE,,,,https://www.perfumersworld.com/view.php?pro_id=1YP00185
5YY07815,Evernyl 10% in DPG from PerfumersWorld,PerfumersWorld,"4707-47-5|0.1
25265-71-8|0.9",,0.09,,TRUE,Evernyl from PerfumersWorld,Dipropylene Glycol (DPG) from PerfumersWorld,0.1,https://www.perfumersworld.com/view.php?pro_id=5YY07815
2XX00186,Exaltolide Pentadecanolide from PerfumersWorld,PerfumersWorld,106-02-5,,1.10,,FALSE,,,,https://www.perfumersworld.com/view.php?pro_id=2XX00186
5XX07862,Exaltolide Pentadecanolide 10% in DPG from PerfumersWorld,PerfumersWorld,"106-02-5|0.1
25265-71-8|0.9",,0.15,,TRUE,Exaltolide Pentadecanolide from PerfumersWorld,Dipropylene Glycol (DPG) from PerfumersWorld,0.1,https://www.perfumersworld.com/view.php?pro_id=5XX07862
5XX08283,Exaltolide Pentadecanolide 50% in DPG from PerfumersWorld,PerfumersWorld,"106-02-5|0.5
25265-71-8|0.5",,0.84,,TRUE,Exaltolide Pentadecanolide from PerfumersWorld,Dipropylene Glycol (DPG) from PerfumersWorld,0.5,https://www.perfumersworld.com/view.php?pro_id=5XX08283
6FD10042,F-Fruit Fleuressence from PerfumersWorld,PerfumersWorld,Mixture (Perfume Base),,0.20,,FALSE,,,,https://www.perfumersworld.com/view.php?pro_id=6FD10042
6FD18011,F-FRUITY F-TEC from PerfumersWorld,PerfumersWorld,Mixture (Perfume Base),,0.12,,FALSE,,,,https://www.perfumersworld.com/view.php?pro_id=6FD18011
F-TEC-10,F-TEC Custom Creation 10cc Travelling Set from PerfumersWorld,PerfumersWorld,Not Found,,695.10,,FALSE,,,,https://www.perfumersworld.com/view.php?pro_id=F-TEC-10
F-TEC-30,F-TEC Custom Creation 30cc Compact Display Set from PerfumersWorld,PerfumersWorld,Not Found,,1595.30,,FALSE,,,,https://www.perfumersworld.com/view.php?pro_id=F-TEC-30
F-TEC-60,F-TEC Custom Creation 60cc Set-Full Size Display Kit from PerfumersWorld,PerfumersWorld,Not Found,,2995.60,,FALSE,,,,https://www.perfumersworld.com/view.php?pro_id=F-TEC-60
3LW00187,Farnesol from PerfumersWorld,PerfumersWorld,4602-84-0,,1.35,,FALSE,,,,https://www.perfumersworld.com/view.php?pro_id=3LW00187
FEM06032,Female Concentrate from PerfumersWorld,PerfumersWorld,Not Found,,5.02,,FALSE,,,,https://www.perfumersworld.com/view.php?pro_id=FEM06032
FEM06033,Female Factor from PerfumersWorld,PerfumersWorld,Not Found,,0.52,,FALSE,,,,https://www.perfumersworld.com/view.php?pro_id=FEM06033
7SB00189,Fennel Sweet Essential Oil from PerfumersWorld,PerfumersWorld,8006-84-6,,0.79,,FALSE,,,,https://www.perfumersworld.com/view.php?pro_id=7SB00189
7KG07758,Fir Essential Oil from PerfumersWorld,PerfumersWorld,8021-28-1,,0.70,,FALSE,,,,https://www.perfumersworld.com/view.php?pro_id=7KG07758
3XU22434,Fixamber from PerfumersWorld,PerfumersWorld,144020-22-4,,0.50,,FALSE,,,,https://www.perfumersworld.com/view.php?pro_id=3XU22434
4UY07514,Fixative 505 from PerfumersWorld,PerfumersWorld,Mixture,,2.30,,FALSE,,,,https://www.perfumersworld.com/view.php?pro_id=4UY07514
5UY10543,Fixative 505 1% in DPG from PerfumersWorld,PerfumersWorld,Mixture,,0.10,,TRUE,Fixative 505 from PerfumersWorld,Dipropylene Glycol (DPG) from PerfumersWorld,0.01,https://www.perfumersworld.com/view.php?pro_id=5UY10543
5UY07860,Fixative 505 10% in DPG from PerfumersWorld,PerfumersWorld,Mixture,,0.26,,TRUE,Fixative 505 from PerfumersWorld,Dipropylene Glycol (DPG) from PerfumersWorld,0.1,https://www.perfumersworld.com/view.php?pro_id=5UY07860
3MX07491,Fixetal from PerfumersWorld,PerfumersWorld,Mixture,,0.16,,FALSE,,,,https://www.perfumersworld.com/view.php?pro_id=3MX07491
6ML12398,Fleurissimo Blender Fleuressence from PerfumersWorld,PerfumersWorld,Mixture (Perfume Base),,0.18,,FALSE,,,,https://www.perfumersworld.com/view.php?pro_id=6ML12398
6ML18412,FLEURISSIMO F-TEC from PerfumersWorld,PerfumersWorld,Mixture (Perfume Base),,0.17,,FALSE,,,,https://www.perfumersworld.com/view.php?pro_id=6ML18412
4YM00191,Floralozone from PerfumersWorld,PerfumersWorld,67634-15-5,,0.22,,FALSE,,,,https://www.perfumersworld.com/view.php?pro_id=4YM00191
3ML00192,Florol from PerfumersWorld,PerfumersWorld,63500-71-0,,0.10,,FALSE,,,,https://www.perfumersworld.com/view.php?pro_id=3ML00192
6JV18248,FLOWER BOUQUET F-TEC from PerfumersWorld,PerfumersWorld,Mixture (Perfume Base),,0.16,,FALSE,,,,https://www.perfumersworld.com/view.php?pro_id=6JV18248
6JV10408,Flower Bouquet Fleuressence from PerfumersWorld,PerfumersWorld,Mixture (Perfume Base),,0.20,,FALSE,,,,https://www.perfumersworld.com/view.php?pro_id=6JV10408
6YG18317,FOUGERE VERT F-TEC from PerfumersWorld,PerfumersWorld,Mixture (Perfume Base),,0.22,,FALSE,,,,https://www.perfumersworld.com/view.php?pro_id=6YG18317
6YG10384,Fougere Vert Fleuressence from PerfumersWorld,PerfumersWorld,Mixture (Perfume Base),,0.21,,FALSE,,,,https://www.perfumersworld.com/view.php?pro_id=6YG10384
FCOLINEF,FOUNDATION COURSE ONLINE from PerfumersWorld,PerfumersWorld,Not Found,,0.00,,FALSE,,,,https://www.perfumersworld.com/view.php?pro_id=FCOLINEF
FCOKIT26,FOUNDATION COURSE ONLINE WITH THE PERFUMERY TRAINING KIT K26. from PerfumersWorld,PerfumersWorld,Not Found,,229.95,,FALSE,,,,https://www.perfumersworld.com/view.php?pro_id=FCOKIT26
6EJ18929,FRAGRANT RICE F-TEC from PerfumersWorld,PerfumersWorld,Mixture (Perfume Base),,0.12,,FALSE,,,,https://www.perfumersworld.com/view.php?pro_id=6EJ18929
6EJ20524,Fragrant Rice Fleuressence from PerfumersWorld,PerfumersWorld,Mixture (Perfume Base),,0.20,,FALSE,,,,https://www.perfumersworld.com/view.php?pro_id=6EJ20524
8ON00534,Frangipani Absolute from PerfumersWorld,PerfumersWorld,94350-02-4,,13.02,,FALSE,,,,https://www.perfumersworld.com/view.php?pro_id=8ON00534
5ON09236,Frangipani Absolute 10% in DPG from PerfumersWorld,PerfumersWorld,"223748-06-9|0.1
25265-71-8|0.9",,2.02,,TRUE,Frangipani Absolute from PerfumersWorld,Dipropylene Glycol (DPG) from PerfumersWorld,0.1,https://www.perfumersworld.com/view.php?pro_id=5ON09236
6ON18794,FRANGIPANI F-TEC from PerfumersWorld,PerfumersWorld,Mixture (Perfume Base),,0.17,,FALSE,,,,https://www.perfumersworld.com/view.php?pro_id=6ON18794
6ON09090,Frangipani Fleuressence from PerfumersWorld,PerfumersWorld,Mixture (Perfume Base),,0.19,,FALSE,,,,https://www.perfumersworld.com/view.php?pro_id=6ON09090
6QK19340,FRANKINCENSE F-TEC from PerfumersWorld,PerfumersWorld,Mixture (Perfume Base),,0.49,,FALSE,,,,https://www.perfumersworld.com/view.php?pro_id=6QK19340
6QC09083,Frankincense Fleuressence from PerfumersWorld,PerfumersWorld,Mixture (Perfume Base),,0.46,,FALSE,,,,https://www.perfumersworld.com/view.php?pro_id=6QC09083
6LF18321,FREESIA F-TEC from PerfumersWorld,PerfumersWorld,Mixture (Perfume Base),,0.15,,FALSE,,,,https://www.perfumersworld.com/view.php?pro_id=6LF18321
6LF09041,Freesia Fleuressence from PerfumersWorld,PerfumersWorld,Mixture (Perfume Base),,0.14,,FALSE,,,,https://www.perfumersworld.com/view.php?pro_id=6LF09041
6LC07501,Freesia HDL from PerfumersWorld,PerfumersWorld,Mixture (Perfume Base),,0.14,,FALSE,,,,https://www.perfumersworld.com/view.php?pro_id=6LC07501
6FB07709,Fresh Blackcurrant Leaf from PerfumersWorld,PerfumersWorld,Mixture (Perfume Base),,0.62,,FALSE,,,,https://www.perfumersworld.com/view.php?pro_id=6FB07709
6LF18323,FRESH BLENDER F-TEC from PerfumersWorld,PerfumersWorld,Mixture (Perfume Base),,0.12,,FALSE,,,,https://www.perfumersworld.com/view.php?pro_id=6LF18323
6LF09429,Fresh Blender Fleuressence from PerfumersWorld,PerfumersWorld,Mixture (Perfume Base),,0.32,,FALSE,,,,https://www.perfumersworld.com/view.php?pro_id=6LF09429
3FG00196,Fructone B from PerfumersWorld,PerfumersWorld,6290-17-1,,0.14,,FALSE,,,,https://www.perfumersworld.com/view.php?pro_id=3FG00196
6IF18246,FRUITY IONONE F-TEC from PerfumersWorld,PerfumersWorld,Mixture (Perfume Base),,0.18,,FALSE,,,,https://www.perfumersworld.com/view.php?pro_id=6IF18246
6JF09428,Fruity Jasmine Fleuressence from PerfumersWorld,PerfumersWorld,Mixture (Perfume Base),,0.20,,FALSE,,,,https://www.perfumersworld.com/view.php?pro_id=6JF09428
5VE09272,Furaneol 10% in PG from PerfumersWorld,PerfumersWorld,3658-77-3|0.1,,0.20,,TRUE,Furaneol from PerfumersWorld,Propylene Glycol (PG) from PerfumersWorld,0.1,https://www.perfumersworld.com/view.php?pro_id=5VE09272
6GG18012,G-GREEN F-TEC from PerfumersWorld,PerfumersWorld,Mixture (Perfume Base),,0.18,,FALSE,,,,https://www.perfumersworld.com/view.php?pro_id=6GG18012
6GG07716,G-Green Fleuressence from PerfumersWorld,PerfumersWorld,Mixture (Perfume Base),,0.20,,FALSE,,,,https://www.perfumersworld.com/view.php?pro_id=6GG07716
7SH00198,Galanga Root Essential Oil from PerfumersWorld,PerfumersWorld,8024-40-6,,2.50,,FALSE,,,,https://www.perfumersworld.com/view.php?pro_id=7SH00198
4XA13770,Galaxolide 100 (Undiluted) from PerfumersWorld,PerfumersWorld,1222-05-5,,0.15,,FALSE,,,,https://www.perfumersworld.com/view.php?pro_id=4XA13770
3XA00199,Galaxolide 50 DEP from PerfumersWorld,PerfumersWorld,1222-05-5,,0.10,,FALSE,,,,https://www.perfumersworld.com/view.php?pro_id=3XA00199
3XA10721,Galaxolide 50 DPG from PerfumersWorld,PerfumersWorld,1222-05-5,,0.10,,FALSE,,,,https://www.perfumersworld.com/view.php?pro_id=3XA10721
7GQ00200,Galbanum Essential Oil from PerfumersWorld,PerfumersWorld,8023-91-4,,2.65,,FALSE,,,,https://www.perfumersworld.com/view.php?pro_id=7GQ00200
7GQ10557,Galbanum Essential Oil 10% in DPG from PerfumersWorld,PerfumersWorld,"8023-91-4|0.1
25265-71-8|0.9",,0.30,,TRUE,Galbanum Essential Oil from PerfumersWorld,Dipropylene Glycol (DPG) from PerfumersWorld,0.1,https://www.perfumersworld.com/view.php?pro_id=7GQ10557
6GQ18226,GALBANUM F-TEC from PerfumersWorld,PerfumersWorld,Mixture (Perfume Base),,0.50,,FALSE,,,,https://www.perfumersworld.com/view.php?pro_id=6GQ18226
6GQ09095,Galbanum Fleuressence from PerfumersWorld,PerfumersWorld,Mixture (Perfume Base),,0.45,,FALSE,,,,https://www.perfumersworld.com/view.php?pro_id=6GQ09095
2GQ01781,Galbanum Resinoid from PerfumersWorld,PerfumersWorld,9000-24-2,,1.52,,FALSE,,,,https://www.perfumersworld.com/view.php?pro_id=2GQ01781
5GQ08833,Galbanum Resinoid 10% in DPG from PerfumersWorld,PerfumersWorld,"9000-24-2|0.1
25265-71-8|0.9",,0.20,,TRUE,Galbanum Resinoid from PerfumersWorld,Dipropylene Glycol (DPG) from PerfumersWorld,0.1,https://www.perfumersworld.com/view.php?pro_id=5GQ08833
5GQ18775,Galbanum Resinoid 10% in TEC from PerfumersWorld,PerfumersWorld,"9000-24-2|0.1
77-93-0|0.9",,0.23,,TRUE,Galbanum Resinoid from PerfumersWorld,Triethyl Citrate (TEC) from PerfumersWorld,0.1,https://www.perfumersworld.com/view.php?pro_id=5GQ18775
5GQ13590,Galbanum Resinoid 50% in DEP from PerfumersWorld,PerfumersWorld,"9000-24-2|0.5
84-66-2|0.5",,1.25,,TRUE,Galbanum Resinoid from PerfumersWorld,Diethyl Phthalate (DEP) from PerfumersWorld,0.5,https://www.perfumersworld.com/view.php?pro_id=5GQ13590
5GQ07827,Galbanum Resinoid 50% in DPG from PerfumersWorld,PerfumersWorld,"9000-24-2|0.5
25265-71-8|0.5",,1.25,,TRUE,Galbanum Resinoid from PerfumersWorld,Dipropylene Glycol (DPG) from PerfumersWorld,0.5,https://www.perfumersworld.com/view.php?pro_id=5GQ07827
3GF19243,Galbex183 from PerfumersWorld,PerfumersWorld,106-24-1,,1.00,,FALSE,,,,https://www.perfumersworld.com/view.php?pro_id=3GF19243
4DD01639,Gamma Decalactone from PerfumersWorld,PerfumersWorld,706-14-9,,0.12,,FALSE,,,,https://www.perfumersworld.com/view.php?pro_id=4DD01639
5DD07874,Gamma Decalactone 10% in DPG from PerfumersWorld,PerfumersWorld,"706-14-9|0.1
25265-71-8|0.9",,0.11,,TRUE,Gamma Decalactone from PerfumersWorld,Dipropylene Glycol (DPG) from PerfumersWorld,0.1,https://www.perfumersworld.com/view.php?pro_id=5DD07874
4DF00164,Gamma Dodecalactone from PerfumersWorld,PerfumersWorld,2305-05-7,,0.85,,FALSE,,,,https://www.perfumersworld.com/view.php?pro_id=4DF00164
4DD00331,Gamma Octalactone from PerfumersWorld,PerfumersWorld,104-50-7,,0.47,,FALSE,,,,https://www.perfumersworld.com/view.php?pro_id=4DD00331
5DV08651,Gamma Octalactone 10% in DPG from PerfumersWorld,PerfumersWorld,"104-50-7|0.1
25265-71-8|0.9",,0.08,,TRUE,Gamma Octalactone from PerfumersWorld,Dipropylene Glycol (DPG) from PerfumersWorld,0.1,https://www.perfumersworld.com/view.php?pro_id=5DV08651
6ND18759,GARDENIA F-TEC from PerfumersWorld,PerfumersWorld,Mixture (Perfume Base),,0.18,,FALSE,,,,https://www.perfumersworld.com/view.php?pro_id=6ND18759
6ND09094,Gardenia Fleuressence from PerfumersWorld,PerfumersWorld,Mixture (Perfume Base),,0.20,,FALSE,,,,https://www.perfumersworld.com/view.php?pro_id=6ND09094
GCMS2RUN,GCMS Analysis and Interpretation from PerfumersWorld,PerfumersWorld,Not Found,,600.00,,FALSE,,,,https://www.perfumersworld.com/view.php?pro_id=GCMS2RUN
GCMSSELF,GCMS Analysis DIY Interpretation from PerfumersWorld,PerfumersWorld,Not Found,,300.00,,FALSE,,,,https://www.perfumersworld.com/view.php?pro_id=GCMSSELF
GCMSRUSH,GCMS Analysis Rush Service from PerfumersWorld,PerfumersWorld,Not Found,,105.00,,FALSE,,,,https://www.perfumersworld.com/view.php?pro_id=GCMSRUSH
5YW13682,Geosmin 1% in DPG from PerfumersWorld,PerfumersWorld,"23333-91-7|0.01
25265-71-8|0.99",,1.39,,TRUE,Geosmin from PerfumersWorld,Dipropylene Glycol (DPG) from PerfumersWorld,0.01,https://www.perfumersworld.com/view.php?pro_id=5YW13682
5YW18061,Geosmin 1% in TEC from PerfumersWorld,PerfumersWorld,"23333-91-7|0.01
77-93-0|0.99",,1.42,,TRUE,Geosmin from PerfumersWorld,Triethyl Citrate (TEC) from PerfumersWorld,0.01,https://www.perfumersworld.com/view.php?pro_id=5YW18061
3RL00204,Geraniol from PerfumersWorld,PerfumersWorld,106-24-1,,0.12,,FALSE,,,,https://www.perfumersworld.com/view.php?pro_id=3RL00204
7RB00930,Geranium Bourbon Essential Oil from PerfumersWorld,PerfumersWorld,8000-46-2,,1.38,,FALSE,,,,https://www.perfumersworld.com/view.php?pro_id=7RB00930
7RB00205,Geranium Essential Oil from PerfumersWorld,PerfumersWorld,8000-46-2,,0.62,,FALSE,,,,https://www.perfumersworld.com/view.php?pro_id=7RB00205
6RB18440,GERANIUM F-TEC from PerfumersWorld,PerfumersWorld,Mixture (Perfume Base),,0.30,,FALSE,,,,https://www.perfumersworld.com/view.php?pro_id=6RB18440
6RB07924,Geranium Fleuressence from PerfumersWorld,PerfumersWorld,Mixture (Perfume Base),,0.28,,FALSE,,,,https://www.perfumersworld.com/view.php?pro_id=6RB07924
7RB00837,Geranium Oil Egypt from PerfumersWorld,PerfumersWorld,8000-46-2,,0.50,,FALSE,,,,https://www.perfumersworld.com/view.php?pro_id=7RB00837
3RL00206,Geranyl Acetate from PerfumersWorld,PerfumersWorld,105-87-3,,0.20,,FALSE,,,,https://www.perfumersworld.com/view.php?pro_id=3RL00206
4RD00207,Geranyl Butyrate from PerfumersWorld,PerfumersWorld,106-29-6,,0.81,,FALSE,,,,https://www.perfumersworld.com/view.php?pro_id=4RD00207
4RW00208,Geranyl Formate from PerfumersWorld,PerfumersWorld,105-86-2,,0.30,,FALSE,,,,https://www.perfumersworld.com/view.php?pro_id=4RW00208
3RP04262,Geranyl Phenylacetate from PerfumersWorld,PerfumersWorld,102-22-7,,1.90,,FALSE,,,,https://www.perfumersworld.com/view.php?pro_id=3RP04262
7SC00209,Ginger Essential Oil from PerfumersWorld,PerfumersWorld,84696-15-1,,0.60,,FALSE,,,,https://www.perfumersworld.com/view.php?pro_id=7SC00209
6SC18559,GINGER F-TEC from PerfumersWorld,PerfumersWorld,Mixture (Perfume Base),,0.18,,FALSE,,,,https://www.perfumersworld.com/view.php?pro_id=6SC18559
6SC12414,Ginger Fleuressence from PerfumersWorld,PerfumersWorld,Mixture (Perfume Base),,0.30,,FALSE,,,,https://www.perfumersworld.com/view.php?pro_id=6SC12414
4RF06840,Givescone from PerfumersWorld,PerfumersWorld,57934-97-1,,1.57,,FALSE,,,,https://www.perfumersworld.com/view.php?pro_id=4RF06840
3MW11714,Glycolierral from PerfumersWorld,PerfumersWorld,68901-32-6,,0.59,,FALSE,,,,https://www.perfumersworld.com/view.php?pro_id=3MW11714
6VF18896,GOURMANDE F-TEC from PerfumersWorld,PerfumersWorld,Mixture (Perfume Base),,0.16,,FALSE,,,,https://www.perfumersworld.com/view.php?pro_id=6VF18896
6VF12416,Gourmande Fleuressence from PerfumersWorld,PerfumersWorld,Mixture (Perfume Base),,0.22,,FALSE,,,,https://www.perfumersworld.com/view.php?pro_id=6VF12416
6FN18883,GRAPE F-TEC from PerfumersWorld,PerfumersWorld,Mixture (Perfume Base),,0.18,,FALSE,,,,https://www.perfumersworld.com/view.php?pro_id=6FN18883
6FN09097,Grape Fleuressence from PerfumersWorld,PerfumersWorld,Mixture (Perfume Base),,0.14,,FALSE,,,,https://www.perfumersworld.com/view.php?pro_id=6FN09097
6CA18126,GRAPEFRUIT F-TEC from PerfumersWorld,PerfumersWorld,Mixture (Perfume Base),,0.20,,FALSE,,,,https://www.perfumersworld.com/view.php?pro_id=6CA18126
7CA24030,Grapefruit FCF oil Sicilian from PerfumersWorld,PerfumersWorld,68917-32-8,,0.18,,FALSE,,,,https://www.perfumersworld.com/view.php?pro_id=7CA24030
6CN12394,Grapefruit Fleuressence from PerfumersWorld,PerfumersWorld,Mixture (Perfume Base),,0.25,,FALSE,,,,https://www.perfumersworld.com/view.php?pro_id=6CN12394
7CN00210,Grapefruit Pink Essential Oil from PerfumersWorld,PerfumersWorld,8016-20-4,,0.39,,FALSE,,,,https://www.perfumersworld.com/view.php?pro_id=7CN00210
7CA00868,Grapefruit White Essential Oil from PerfumersWorld,PerfumersWorld,8016-20-4,,0.68,,FALSE,,,,https://www.perfumersworld.com/view.php?pro_id=7CA00868
7CA24033,Grapefruit White oil Sicilian from PerfumersWorld,PerfumersWorld,8016-20-4,,0.20,,FALSE,,,,https://www.perfumersworld.com/view.php?pro_id=7CA24033
0ZA01434,Grapeseed Oil - Fixed Oil from PerfumersWorld,PerfumersWorld,85594-37-2,,0.09,,FALSE,,,,https://www.perfumersworld.com/view.php?pro_id=0ZA01434
6AG18116,GREEN ALDEHYDE F-TEC from PerfumersWorld,PerfumersWorld,Mixture (Perfume Base),,0.16,,FALSE,,,,https://www.perfumersworld.com/view.php?pro_id=6AG18116
6AG09015,Green Aldehyde Fleuressence from PerfumersWorld,PerfumersWorld,Mixture (Perfume Base),,0.24,,FALSE,,,,https://www.perfumersworld.com/view.php?pro_id=6AG09015
8KG23405,Green pine absolute from PerfumersWorld,PerfumersWorld,8000-26-8,,2.20,,FALSE,,,,https://www.perfumersworld.com/view.php?pro_id=8KG23405
5KG23683,Green Pine Absolute 10% in DPG from PerfumersWorld,PerfumersWorld,"8000-26-8|0.1
25265-71-8|0.9",,0.25,,TRUE,Green Pine Absolute from PerfumersWorld,Dipropylene Glycol (DPG) from PerfumersWorld,0.1,https://www.perfumersworld.com/view.php?pro_id=5KG23683
6KG18320,GREEN PINE F-TEC from PerfumersWorld,PerfumersWorld,Mixture (Perfume Base),,0.20,,FALSE,,,,https://www.perfumersworld.com/view.php?pro_id=6KG18320
6KG08506,Green Pine Fleuressence from PerfumersWorld,PerfumersWorld,Mixture (Perfume Base),,0.20,,FALSE,,,,https://www.perfumersworld.com/view.php?pro_id=6KG08506
6EG18166,GREEN TEA F-TEC from PerfumersWorld,PerfumersWorld,Mixture (Perfume Base),,0.25,,FALSE,,,,https://www.perfumersworld.com/view.php?pro_id=6EG18166
6EG12402,Green Tea Fleuressence from PerfumersWorld,PerfumersWorld,Mixture (Perfume Base),,0.25,,FALSE,,,,https://www.perfumersworld.com/view.php?pro_id=6EG12402
9PT00213,Guaiacol from PerfumersWorld,PerfumersWorld,90-05-1,,0.19,,FALSE,,,,https://www.perfumersworld.com/view.php?pro_id=9PT00213
5PT18969,Guaiacol 1% in TEC from PerfumersWorld,PerfumersWorld,"90-05-1|0.01
77-93-0|0.99",,0.05,,TRUE,Guaiacol from PerfumersWorld,Triethyl Citrate (TEC) from PerfumersWorld,0.01,https://www.perfumersworld.com/view.php?pro_id=5PT18969
5PT07645,Guaiacol 10% in DPG from PerfumersWorld,PerfumersWorld,"90-05-1|0.1
25265-71-8|0.9",,0.10,,TRUE,Guaiacol from PerfumersWorld,Dipropylene Glycol (DPG) from PerfumersWorld,0.1,https://www.perfumersworld.com/view.php?pro_id=5PT07645
3RW04286,Guaiyl Acetate from PerfumersWorld,PerfumersWorld,134-28-1,,0.95,,FALSE,,,,https://www.perfumersworld.com/view.php?pro_id=3RW04286
7WS13096,Guava Leaf Essential Oil from PerfumersWorld,PerfumersWorld,91770-12-6,,1.45,,FALSE,,,,https://www.perfumersworld.com/view.php?pro_id=7WS13096
6HL18013,H-HERB F-TEC from PerfumersWorld,PerfumersWorld,Mixture (Perfume Base),,0.26,,FALSE,,,,https://www.perfumersworld.com/view.php?pro_id=6HL18013
6HL11969,H-Herb Fleuressence from PerfumersWorld,PerfumersWorld,Mixture (Perfume Base),,0.29,,FALSE,,,,https://www.perfumersworld.com/view.php?pro_id=6HL11969
3XA09821,Habanolide from PerfumersWorld,PerfumersWorld,111879-80-2,,0.45,,FALSE,,,,https://www.perfumersworld.com/view.php?pro_id=3XA09821
HAIRCOND,Hair Conditioner Base - unscented from PerfumersWorld,PerfumersWorld,Not Found,,0.04,,FALSE,,,,https://www.perfumersworld.com/view.php?pro_id=HAIRCOND
HANDLOTN,Hand Lotion Base - unscented from PerfumersWorld,PerfumersWorld,Not Found,,0.04,,FALSE,,,,https://www.perfumersworld.com/view.php?pro_id=HANDLOTN
8NY00523,Hay Absolute from PerfumersWorld,PerfumersWorld,8031-00-3,,4.40,,FALSE,,,,https://www.perfumersworld.com/view.php?pro_id=8NY00523
5NY12745,Hay Absolute 10% in DPG from PerfumersWorld,PerfumersWorld,"8031-00-3|0.1
25265-71-8|0.9",,0.41,,TRUE,Hay Absolute from PerfumersWorld,Dipropylene Glycol (DPG) from PerfumersWorld,0.1,https://www.perfumersworld.com/view.php?pro_id=5NY12745
3JJ00218,Hedione from PerfumersWorld,PerfumersWorld,24851-98-7,,0.15,,FALSE,,,,https://www.perfumersworld.com/view.php?pro_id=3JJ00218
4JJ10013,Hedione High Cis from PerfumersWorld,PerfumersWorld,24851-98-7,,1.00,,FALSE,,,,https://www.perfumersworld.com/view.php?pro_id=4JJ10013
5JJ21775,Hedione High Cis 10% in TEC from PerfumersWorld,PerfumersWorld,"24851-98-7|0.1
77-93-0|0.9",,0.13,,TRUE,Hedione High Cis from PerfumersWorld,Triethyl Citrate (TEC) from PerfumersWorld,0.1,https://www.perfumersworld.com/view.php?pro_id=5JJ21775
3GM00219,Helional from PerfumersWorld,PerfumersWorld,1205-17-0,,0.29,,FALSE,,,,https://www.perfumersworld.com/view.php?pro_id=3GM00219
6VN21924,HELIOTROPAL from PerfumersWorld,PerfumersWorld,Mixture (Perfume Base),,0.39,,FALSE,,,,https://www.perfumersworld.com/view.php?pro_id=6VN21924
6VN21659,Heliotrope Base - Heliotropin Replacement from PerfumersWorld,PerfumersWorld,Mixture (Perfume Base),,0.50,,FALSE,,,,https://www.perfumersworld.com/view.php?pro_id=6VN21659
6VN18501,HELIOTROPE F-TEC from PerfumersWorld,PerfumersWorld,Mixture (Perfume Base),,0.25,,FALSE,,,,https://www.perfumersworld.com/view.php?pro_id=6VN18501
6VN09081,Heliotrope Fleuressence from PerfumersWorld,PerfumersWorld,Mixture (Perfume Base),,0.20,,FALSE,,,,https://www.perfumersworld.com/view.php?pro_id=6VN09081
3XD17215,Helvetolide from PerfumersWorld,PerfumersWorld,141773-73-1,,1.90,,FALSE,,,,https://www.perfumersworld.com/view.php?pro_id=3XD17215
2QZ00223,Hercolyn D from PerfumersWorld,PerfumersWorld,8050-15-5,,0.10,,FALSE,,,,https://www.perfumersworld.com/view.php?pro_id=2QZ00223
4DH02050,Hexanlactone-gamma from PerfumersWorld,PerfumersWorld,695-06-7,,0.72,,FALSE,,,,https://www.perfumersworld.com/view.php?pro_id=4DH02050
4FG13385,Hexanoic Acid from PerfumersWorld,PerfumersWorld,142-62-1,,0.10,,FALSE,,,,https://www.perfumersworld.com/view.php?pro_id=4FG13385
4FG04398,Hexanol from PerfumersWorld,PerfumersWorld,111-27-3,,0.20,,FALSE,,,,https://www.perfumersworld.com/view.php?pro_id=4FG04398
4FG01284,Hexyl Acetate from PerfumersWorld,PerfumersWorld,142-92-7,,0.12,,FALSE,,,,https://www.perfumersworld.com/view.php?pro_id=4FG01284
3JJ00217,Hexyl Cinnamic Aldehyde (HCA) from PerfumersWorld,PerfumersWorld,101-86-0,,0.10,,FALSE,,,,https://www.perfumersworld.com/view.php?pro_id=3JJ00217
3OG00230,Hexyl Salicylate from PerfumersWorld,PerfumersWorld,6259-76-3,,0.09,,FALSE,,,,https://www.perfumersworld.com/view.php?pro_id=3OG00230
4WX24656,Hindinol from PerfumersWorld,PerfumersWorld,28219-60-5,,0.39,,FALSE,,,,https://www.perfumersworld.com/view.php?pro_id=4WX24656
7LB07762,Ho Essential Oil from PerfumersWorld,PerfumersWorld,8022-91-1,,0.29,,FALSE,,,,https://www.perfumersworld.com/view.php?pro_id=7LB07762
7HS08359,Holy Basil Essential Oil from PerfumersWorld,PerfumersWorld,91845-35-1,,0.84,,FALSE,,,,https://www.perfumersworld.com/view.php?pro_id=7HS08359
6PF18597,HONEY F-TEC from PerfumersWorld,PerfumersWorld,Mixture (Perfume Base),,0.15,,FALSE,,,,https://www.perfumersworld.com/view.php?pro_id=6PF18597
6PF08147,Honey Fleuressence from PerfumersWorld,PerfumersWorld,Mixture (Perfume Base),,0.20,,FALSE,,,,https://www.perfumersworld.com/view.php?pro_id=6PF08147
4GN00231,Hyacinth Body from PerfumersWorld,PerfumersWorld,Mixture,,0.60,,FALSE,,,,https://www.perfumersworld.com/view.php?pro_id=4GN00231
5GN08474,Hyacinth Body 10% in DPG from PerfumersWorld,PerfumersWorld,"2556-10-7|0.1
25265-71-8|0.9",,0.11,,TRUE,Hyacinth Body from PerfumersWorld,Dipropylene Glycol (DPG) from PerfumersWorld,0.1,https://www.perfumersworld.com/view.php?pro_id=5GN08474
6GN18227,HYACINTH F-TEC from PerfumersWorld,PerfumersWorld,Mixture (Perfume Base),,0.25,,FALSE,,,,https://www.perfumersworld.com/view.php?pro_id=6GN18227
6GN09131,Hyacinth Fleuressence from PerfumersWorld,PerfumersWorld,Mixture (Perfume Base),,0.22,,FALSE,,,,https://www.perfumersworld.com/view.php?pro_id=6GN09131
4GM00232,Hydratropic Aldehyde from PerfumersWorld,PerfumersWorld,93-53-8,,0.30,,FALSE,,,,https://www.perfumersworld.com/view.php?pro_id=4GM00232
3MC00233,Hydroxycitronellal from PerfumersWorld,PerfumersWorld,107-75-5,,0.23,,FALSE,,,,https://www.perfumersworld.com/view.php?pro_id=3MC00233
7HS00870,Hyssop Essential Oil from PerfumersWorld,PerfumersWorld,8006-83-5,,1.77,,FALSE,,,,https://www.perfumersworld.com/view.php?pro_id=7HS00870
6IA18014,I-IRIS F-TEC from PerfumersWorld,PerfumersWorld,Mixture (Perfume Base),,0.18,,FALSE,,,,https://www.perfumersworld.com/view.php?pro_id=6IA18014
6IA09182,I-Iris Fleuressence from PerfumersWorld,PerfumersWorld,Mixture (Perfume Base),,0.20,,FALSE,,,,https://www.perfumersworld.com/view.php?pro_id=6IA09182
8NY23449,Immortelle Absolute from PerfumersWorld,PerfumersWorld,8023-95-8,,4.80,,FALSE,,,,https://www.perfumersworld.com/view.php?pro_id=8NY23449
5NY23688,Immortelle Absolute 10% in DPG from PerfumersWorld,PerfumersWorld,"8023-95-8|0.1
25265-71-8|0.9",,0.52,,TRUE,Immortelle Absolute from PerfumersWorld,Dipropylene Glycol (DPG) from PerfumersWorld,0.1,https://www.perfumersworld.com/view.php?pro_id=5NY23688
3WX10767,Indisan from PerfumersWorld,PerfumersWorld,80748-58-9,,0.12,,FALSE,,,,https://www.perfumersworld.com/view.php?pro_id=3WX10767
6UN22430,Indocolore from PerfumersWorld,PerfumersWorld,Mixture (Perfume Base),,1.60,,FALSE,,,,https://www.perfumersworld.com/view.php?pro_id=6UN22430
6UN22737,Indofleur ND from PerfumersWorld,PerfumersWorld,Mixture (Perfume Base),,0.20,,FALSE,,,,https://www.perfumersworld.com/view.php?pro_id=6UN22737
9UN00235,Indole from PerfumersWorld,PerfumersWorld,120-72-9,,0.36,,FALSE,,,,https://www.perfumersworld.com/view.php?pro_id=9UN00235
5UN07558,Indole 10% in DPG from PerfumersWorld,PerfumersWorld,"120-72-9|0.1
25265-71-8|0.9",,0.10,,TRUE,Indole from PerfumersWorld,Dipropylene Glycol (DPG) from PerfumersWorld,0.1,https://www.perfumersworld.com/view.php?pro_id=5UN07558
4NU04558,Indolene from PerfumersWorld,PerfumersWorld,68527-79-7,,0.52,,FALSE,,,,https://www.perfumersworld.com/view.php?pro_id=4NU04558
5NU07552,Indolene 10% in DPG from PerfumersWorld,PerfumersWorld,"68527-79-7|0.1
25265-71-8|0.9",,0.08,,TRUE,Indolene from PerfumersWorld,Dipropylene Glycol (DPG) from PerfumersWorld,0.1,https://www.perfumersworld.com/view.php?pro_id=5NU07552
6NU23529,Indolene ND Replacer from PerfumersWorld,PerfumersWorld,Mixture (Perfume Base),,0.13,,FALSE,,,,https://www.perfumersworld.com/view.php?pro_id=6NU23529
6IF08388,Ionone Fruity Fleuressence from PerfumersWorld,PerfumersWorld,Mixture (Perfume Base),,0.21,,FALSE,,,,https://www.perfumersworld.com/view.php?pro_id=6IF08388
3IA06874,Irotyl from PerfumersWorld,PerfumersWorld,2983-37-1,,0.60,,FALSE,,,,https://www.perfumersworld.com/view.php?pro_id=3IA06874
3WY00244,Iso E Super from PerfumersWorld,PerfumersWorld,54464-57-2,,0.12,,FALSE,,,,https://www.perfumersworld.com/view.php?pro_id=3WY00244
9FD00245,Isoamyl Acetate from PerfumersWorld,PerfumersWorld,123-92-2,,0.10,,FALSE,,,,https://www.perfumersworld.com/view.php?pro_id=9FD00245
3FD00246,Isoamyl Butyrate from PerfumersWorld,PerfumersWorld,106-27-4,,0.09,,FALSE,,,,https://www.perfumersworld.com/view.php?pro_id=3FD00246
3KH00065,Isobornyl Acetate from PerfumersWorld,PerfumersWorld,125-12-2,,0.12,,FALSE,,,,https://www.perfumersworld.com/view.php?pro_id=3KH00065
4VV16856,Isobutavan from PerfumersWorld,PerfumersWorld,20665-85-4,,0.46,,FALSE,,,,https://www.perfumersworld.com/view.php?pro_id=4VV16856
9UP00247,Isobutyl Quinoline from PerfumersWorld,PerfumersWorld,65442-31-1,,1.80,,FALSE,,,,https://www.perfumersworld.com/view.php?pro_id=9UP00247
5UP07523,Isobutyl Quinoline 10% in DPG from PerfumersWorld,PerfumersWorld,"65442-31-1|0.1
25265-71-8|0.9",,0.20,,TRUE,Isobutyl Quinoline from PerfumersWorld,Dipropylene Glycol (DPG) from PerfumersWorld,0.1,https://www.perfumersworld.com/view.php?pro_id=5UP07523
4DF13384,Isobutyric Acid from PerfumersWorld,PerfumersWorld,79-31-2,,0.44,,FALSE,,,,https://www.perfumersworld.com/view.php?pro_id=4DF13384
5DF14120,Isobutyric Acid 10% in DPG from PerfumersWorld,PerfumersWorld,"79-31-2|0.1
25265-71-8|0.9",,0.22,,TRUE,Isobutyric Acid from PerfumersWorld,Dipropylene Glycol (DPG) from PerfumersWorld,0.1,https://www.perfumersworld.com/view.php?pro_id=5DF14120
4CA03618,Isocyclocitral from PerfumersWorld,PerfumersWorld,1335-66-6,,0.77,,FALSE,,,,https://www.perfumersworld.com/view.php?pro_id=4CA03618
3SP00250,Isoeugenol from PerfumersWorld,PerfumersWorld,97-54-1,,0.30,,FALSE,,,,https://www.perfumersworld.com/view.php?pro_id=3SP00250
3WY14446,Isolongifolanone from PerfumersWorld,PerfumersWorld,14727-47-0,,0.42,,FALSE,,,,https://www.perfumersworld.com/view.php?pro_id=3WY14446
3LH00252,Isononyl Acetate from PerfumersWorld,PerfumersWorld,58430-94-7,,0.12,,FALSE,,,,https://www.perfumersworld.com/view.php?pro_id=3LH00252
0ZZ00239,Isopropyl Myristate (IPM) from PerfumersWorld,PerfumersWorld,110-27-0,,0.06,,FALSE,,,,https://www.perfumersworld.com/view.php?pro_id=0ZZ00239
0ZZ00240,Isopropyl Palmitate (IPP) from PerfumersWorld,PerfumersWorld,142-91-6,,0.11,,FALSE,,,,https://www.perfumersworld.com/view.php?pro_id=0ZZ00240
3GS16129,Ivybase from PerfumersWorld,PerfumersWorld,Mixture,,0.52,,FALSE,,,,https://www.perfumersworld.com/view.php?pro_id=3GS16129
6JN18016,J-JASMIN F-TEC from PerfumersWorld,PerfumersWorld,Mixture (Perfume Base),,0.16,,FALSE,,,,https://www.perfumersworld.com/view.php?pro_id=6JN18016
6JN08956,J-Jasmine Fleuressence from PerfumersWorld,PerfumersWorld,Mixture (Perfume Base),,0.20,,FALSE,,,,https://www.perfumersworld.com/view.php?pro_id=6JN08956
6JN19189,JASMIN ABS F-TEC from PerfumersWorld,PerfumersWorld,Mixture (Perfume Base),,0.15,,FALSE,,,,https://www.perfumersworld.com/view.php?pro_id=6JN19189
6JL18251,JASMIN FRUIT F-TEC from PerfumersWorld,PerfumersWorld,Mixture (Perfume Base),,0.12,,FALSE,,,,https://www.perfumersworld.com/view.php?pro_id=6JL18251
3JF07351,Jasmin Lactone from PerfumersWorld,PerfumersWorld,34686-71-0,,5.80,,FALSE,,,,https://www.perfumersworld.com/view.php?pro_id=3JF07351
8JN00254,Jasmine Absolute from PerfumersWorld,PerfumersWorld,8022-96-6,,18.50,,FALSE,,,,https://www.perfumersworld.com/view.php?pro_id=8JN00254
5JN08464,Jasmine Absolute 10% in DPG from PerfumersWorld,PerfumersWorld,"8022-96-6|0.1
25265-71-8|0.9",,1.90,,TRUE,Jasmine Absolute from PerfumersWorld,Dipropylene Glycol (DPG) from PerfumersWorld,0.1,https://www.perfumersworld.com/view.php?pro_id=5JN08464
5JN09617,Jasmine Absolute 10% in Palm Oil Fractionated from PerfumersWorld,PerfumersWorld,8022-96-6|0.1,,1.95,,TRUE,Jasmine Absolute from PerfumersWorld,Palm Oil Fractionated from PerfumersWorld,0.1,https://www.perfumersworld.com/view.php?pro_id=5JN09617
6JN07720,Jasmine Absolute Fleuressence from PerfumersWorld,PerfumersWorld,Mixture (Perfume Base),,0.26,,FALSE,,,,https://www.perfumersworld.com/view.php?pro_id=6JN07720
6JJ18250,JASMINE PETAL F-TEC from PerfumersWorld,PerfumersWorld,Mixture (Perfume Base),,0.12,,FALSE,,,,https://www.perfumersworld.com/view.php?pro_id=6JJ18250
6JJ09085,Jasmine Petal Fleuressence from PerfumersWorld,PerfumersWorld,Mixture (Perfume Base),,0.20,,FALSE,,,,https://www.perfumersworld.com/view.php?pro_id=6JJ09085
8JN00256,Jasmine Sambac Absolute from PerfumersWorld,PerfumersWorld,91770-14-8,,11.00,,FALSE,,,,https://www.perfumersworld.com/view.php?pro_id=8JN00256
5JN08327,Jasmine Sambac Absolute 10% in DPG from PerfumersWorld,PerfumersWorld,"91770-14-8|0.1
25265-71-8|0.9",,1.20,,TRUE,Jasmine Sambac Absolute from PerfumersWorld,Dipropylene Glycol (DPG) from PerfumersWorld,0.1,https://www.perfumersworld.com/view.php?pro_id=5JN08327
6JN07707,Jasmine Sambac Blossoms from PerfumersWorld,PerfumersWorld,Mixture (Perfume Base),,0.45,,FALSE,,,,https://www.perfumersworld.com/view.php?pro_id=6JN07707
4WX10027,Javanol from PerfumersWorld,PerfumersWorld,198404-98-7,,2.16,,FALSE,,,,https://www.perfumersworld.com/view.php?pro_id=4WX10027
3JN00258,Jessemal Jasmonyl from PerfumersWorld,PerfumersWorld,18871-14-2,,0.20,,FALSE,,,,https://www.perfumersworld.com/view.php?pro_id=3JN00258
0ZA01456,Jojoba Oil - Fixed Oil from PerfumersWorld,PerfumersWorld,90045-98-0,,0.25,,FALSE,,,,https://www.perfumersworld.com/view.php?pro_id=0ZA01456
7SL24626,Jungle Pepper Oil from PerfumersWorld,PerfumersWorld,102242-62-6,,4.10,,FALSE,,,,https://www.perfumersworld.com/view.php?pro_id=7SL24626
7KH00262,Juniper Berry Essential Oil from PerfumersWorld,PerfumersWorld,8012-91-7,,2.80,,FALSE,,,,https://www.perfumersworld.com/view.php?pro_id=7KH00262
5KH07869,Juniper Berry Essential Oil 10% in DPG from PerfumersWorld,PerfumersWorld,"8012-91-7|0.1
25265-71-8|0.9",,0.35,,TRUE,Juniper Berry Essential Oil from PerfumersWorld,Dipropylene Glycol (DPG) from PerfumersWorld,0.1,https://www.perfumersworld.com/view.php?pro_id=5KH07869
6KL18017,K-KONIFER F-TEC from PerfumersWorld,PerfumersWorld,Mixture (Perfume Base),,0.14,,FALSE,,,,https://www.perfumersworld.com/view.php?pro_id=6KL18017
6KL11970,K-Konifer Fleuressence from PerfumersWorld,PerfumersWorld,Mixture (Perfume Base),,0.20,,FALSE,,,,https://www.perfumersworld.com/view.php?pro_id=6KL11970
4WU16857,Karanal from PerfumersWorld,PerfumersWorld,117933-89-8,,0.87,,FALSE,,,,https://www.perfumersworld.com/view.php?pro_id=4WU16857
4WY07089,Kephalis from PerfumersWorld,PerfumersWorld,36306-87-3,,0.57,,FALSE,,,,https://www.perfumersworld.com/view.php?pro_id=4WY07089
7CK24631,Key Lime Oil Egypt from PerfumersWorld,PerfumersWorld,8008-26-2,,0.25,,FALSE,,,,https://www.perfumersworld.com/view.php?pro_id=7CK24631
4WI10591,Koavone from PerfumersWorld,PerfumersWorld,81786-73-4,,0.18,,FALSE,,,,https://www.perfumersworld.com/view.php?pro_id=4WI10591
4BB00088,L-Carvone from PerfumersWorld,PerfumersWorld,99-49-0,,0.22,,FALSE,,,,https://www.perfumersworld.com/view.php?pro_id=4BB00088
6LL00487,L-Linalool Fleuressence from PerfumersWorld,PerfumersWorld,Mixture (Perfume Base),,0.20,,FALSE,,,,https://www.perfumersworld.com/view.php?pro_id=6LL00487
LABKIT01,Lab Essentials Starter Set from PerfumersWorld,PerfumersWorld,Not Found,,56.00,,FALSE,,,,https://www.perfumersworld.com/view.php?pro_id=LABKIT01
8UQ08219,Labdanum Absolute from PerfumersWorld,PerfumersWorld,8016-26-0,,1.20,,FALSE,,,,https://www.perfumersworld.com/view.php?pro_id=8UQ08219
5UQ07791,Labdanum Absolute 10% in DPG from PerfumersWorld,PerfumersWorld,"8016-26-0|0.1
25265-71-8|0.9",,0.18,,TRUE,Labdanum Absolute from PerfumersWorld,Dipropylene Glycol (DPG) from PerfumersWorld,0.1,https://www.perfumersworld.com/view.php?pro_id=5UQ07791
6UH18500,LABDANUM F-TEC from PerfumersWorld,PerfumersWorld,Mixture (Perfume Base),,0.32,,FALSE,,,,https://www.perfumersworld.com/view.php?pro_id=6UH18500
6UH09680,Labdanum Fleuressence from PerfumersWorld,PerfumersWorld,Mixture (Perfume Base),,0.32,,FALSE,,,,https://www.perfumersworld.com/view.php?pro_id=6UH09680
2UQ00264,Labdanum Resinoid from PerfumersWorld,PerfumersWorld,8016-26-0,,0.68,,FALSE,,,,https://www.perfumersworld.com/view.php?pro_id=2UQ00264
5UQ12486,Labdanum Resinoid 10% in DEP from PerfumersWorld,PerfumersWorld,"8016-26-0|0.1
84-66-2|0.9",,0.12,,TRUE,Labdanum Resinoid from PerfumersWorld,Diethyl Phthalate (DEP) from PerfumersWorld,0.1,https://www.perfumersworld.com/view.php?pro_id=5UQ12486
5UQ07566,Labdanum Resinoid 10% in DPG from PerfumersWorld,PerfumersWorld,"8016-26-0|0.1
25265-71-8|0.9",,0.12,,TRUE,Labdanum Resinoid from PerfumersWorld,Dipropylene Glycol (DPG) from PerfumersWorld,0.1,https://www.perfumersworld.com/view.php?pro_id=5UQ07566
6DD18141,LACTONE F-TEC from PerfumersWorld,PerfumersWorld,Mixture (Perfume Base),,0.12,,FALSE,,,,https://www.perfumersworld.com/view.php?pro_id=6DD18141
6DD08390,Lactone Fleuressence from PerfumersWorld,PerfumersWorld,Mixture (Perfume Base),,0.14,,FALSE,,,,https://www.perfumersworld.com/view.php?pro_id=6DD08390
1AA06214,Lauric Acid from PerfumersWorld,PerfumersWorld,143-07-7,,0.09,,FALSE,,,,https://www.perfumersworld.com/view.php?pro_id=1AA06214
5AA12488,Lauric Acid 10% in DPG from PerfumersWorld,PerfumersWorld,"143-07-7|0.1
25265-71-8|0.9",,0.06,,TRUE,Lauric Acid from PerfumersWorld,Dipropylene Glycol (DPG) from PerfumersWorld,0.1,https://www.perfumersworld.com/view.php?pro_id=5AA12488
8HY00554,Lavandin Absolute from PerfumersWorld,PerfumersWorld,8022-15-9,,1.60,,FALSE,,,,https://www.perfumersworld.com/view.php?pro_id=8HY00554
7HB00265,Lavandin Essential Oil from PerfumersWorld,PerfumersWorld,8022-15-9,,0.24,,FALSE,,,,https://www.perfumersworld.com/view.php?pro_id=7HB00265
7HB07675,Lavandin Grosso Essential Oil from PerfumersWorld,PerfumersWorld,8022-15-9,,0.46,,FALSE,,,,https://www.perfumersworld.com/view.php?pro_id=7HB07675
7HB08129,Lavandin Super from PerfumersWorld,PerfumersWorld,8022-18-2,,0.20,,FALSE,,,,https://www.perfumersworld.com/view.php?pro_id=7HB08129
4HW03807,Lavender Aldehyde from PerfumersWorld,PerfumersWorld,35158-25-9,,0.80,,FALSE,,,,https://www.perfumersworld.com/view.php?pro_id=4HW03807
5HW23697,Lavender Aldehyde 10% in DPG from PerfumersWorld,PerfumersWorld,"35158-25-9|0.1
25265-71-8|0.9",,0.15,,TRUE,Lavender Aldehyde from PerfumersWorld,Dipropylene Glycol (DPG) from PerfumersWorld,0.1,https://www.perfumersworld.com/view.php?pro_id=5HW23697
7HL00267,Lavender Essential Oil from PerfumersWorld,PerfumersWorld,8000-28-0,,0.37,,FALSE,,,,https://www.perfumersworld.com/view.php?pro_id=7HL00267
6HL18238,LAVENDER F-TEC from PerfumersWorld,PerfumersWorld,Mixture (Perfume Base),,0.30,,FALSE,,,,https://www.perfumersworld.com/view.php?pro_id=6HL18238
6HL09061,Lavender Fleuressence from PerfumersWorld,PerfumersWorld,Mixture (Perfume Base),,0.30,,FALSE,,,,https://www.perfumersworld.com/view.php?pro_id=6HL09061
8HY09000,Lavender Green Absolute from PerfumersWorld,PerfumersWorld,8000-28-0,,1.86,,FALSE,,,,https://www.perfumersworld.com/view.php?pro_id=8HY09000
7HB00269,Lavender Spike Essential Oil from PerfumersWorld,PerfumersWorld,8016-78-2,,0.45,,FALSE,,,,https://www.perfumersworld.com/view.php?pro_id=7HB00269
4GI15439,Leafovert from PerfumersWorld,PerfumersWorld,67633-96-9,,0.74,,FALSE,,,,https://www.perfumersworld.com/view.php?pro_id=4GI15439
6UT18496,LEATHER F-TEC from PerfumersWorld,PerfumersWorld,Mixture (Perfume Base),,0.45,,FALSE,,,,https://www.perfumersworld.com/view.php?pro_id=6UT18496
6UT12424,Leather Fleuressence from PerfumersWorld,PerfumersWorld,Mixture (Perfume Base),,0.37,,FALSE,,,,https://www.perfumersworld.com/view.php?pro_id=6UT12424
7CC00271,Lemon Essential Oil from PerfumersWorld,PerfumersWorld,84929-31-7,,0.27,,FALSE,,,,https://www.perfumersworld.com/view.php?pro_id=7CC00271
6CC18122,LEMON F-TEC from PerfumersWorld,PerfumersWorld,Mixture (Perfume Base),,0.16,,FALSE,,,,https://www.perfumersworld.com/view.php?pro_id=6CC18122
7CC24029,Lemon FCF oil Sicilian from PerfumersWorld,PerfumersWorld,8008-56-8,,0.18,,FALSE,,,,https://www.perfumersworld.com/view.php?pro_id=7CC24029
6CC09059,Lemon Fleuressence from PerfumersWorld,PerfumersWorld,Mixture (Perfume Base),,0.24,,FALSE,,,,https://www.perfumersworld.com/view.php?pro_id=6CC09059
7CC24027,Lemon Terpeneless oil Sicilian from PerfumersWorld,PerfumersWorld,68648-39-5,,0.44,,FALSE,,,,https://www.perfumersworld.com/view.php?pro_id=7CC24027
7CC24031,Lemon Verdello oil Sicilian from PerfumersWorld,PerfumersWorld,8008-56-8,,0.18,,FALSE,,,,https://www.perfumersworld.com/view.php?pro_id=7CC24031
7CC00272,Lemongrass Essential Oil from PerfumersWorld,PerfumersWorld,84238-19-7,,0.21,,FALSE,,,,https://www.perfumersworld.com/view.php?pro_id=7CC00272
3CC06770,Lemonile from PerfumersWorld,PerfumersWorld,61792-11-8,,0.20,,FALSE,,,,https://www.perfumersworld.com/view.php?pro_id=3CC06770
7SY07764,Lesser Galangal Essential Oil from PerfumersWorld,PerfumersWorld,8023-91-4,,0.85,,FALSE,,,,https://www.perfumersworld.com/view.php?pro_id=7SY07764
4GI24147,Liffarome from PerfumersWorld,PerfumersWorld,67633-96-9,,0.95,,FALSE,,,,https://www.perfumersworld.com/view.php?pro_id=4GI24147
6FG18210,LIGHT AND AIRY F-TEC from PerfumersWorld,PerfumersWorld,Mixture (Perfume Base),,0.12,,FALSE,,,,https://www.perfumersworld.com/view.php?pro_id=6FG18210
6FG11947,Light and Airy Fleuressence from PerfumersWorld,PerfumersWorld,Mixture (Perfume Base),,0.08,,FALSE,,,,https://www.perfumersworld.com/view.php?pro_id=6FG11947
6LJ18322,LIGHT BLENDER F-TEC from PerfumersWorld,PerfumersWorld,Mixture (Perfume Base),,0.15,,FALSE,,,,https://www.perfumersworld.com/view.php?pro_id=6LJ18322
6LJ09076,Light Blender Fleuressence from PerfumersWorld,PerfumersWorld,Mixture (Perfume Base),,0.30,,FALSE,,,,https://www.perfumersworld.com/view.php?pro_id=6LJ09076
6LL18018,LIGHT CRISP FLORAL F-TEC from PerfumersWorld,PerfumersWorld,Mixture (Perfume Base),,0.12,,FALSE,,,,https://www.perfumersworld.com/view.php?pro_id=6LL18018
6LL00278,Light Crisp Floral Fleuressence from PerfumersWorld,PerfumersWorld,Mixture (Perfume Base),,0.12,,FALSE,,,,https://www.perfumersworld.com/view.php?pro_id=6LL00278
6GK18228,LILAC F-TEC from PerfumersWorld,PerfumersWorld,Mixture (Perfume Base),,0.18,,FALSE,,,,https://www.perfumersworld.com/view.php?pro_id=6GK18228
6GK09255,Lilac Fleuressence from PerfumersWorld,PerfumersWorld,Mixture (Perfume Base),,0.18,,FALSE,,,,https://www.perfumersworld.com/view.php?pro_id=6GK09255
3MA00273,Lilial from PerfumersWorld,PerfumersWorld,80-54-6,,0.19,,FALSE,,,,https://www.perfumersworld.com/view.php?pro_id=3MA00273
6MA20144,Lilial Substitute IFRA from PerfumersWorld,PerfumersWorld,Mixture (Perfume Base),,0.21,,FALSE,,,,https://www.perfumersworld.com/view.php?pro_id=6MA20144
6NN18625,LILY F-TEC from PerfumersWorld,PerfumersWorld,Mixture (Perfume Base),,0.15,,FALSE,,,,https://www.perfumersworld.com/view.php?pro_id=6NN18625
6NN09110,Lily Fleuressence from PerfumersWorld,PerfumersWorld,Mixture (Perfume Base),,0.19,,FALSE,,,,https://www.perfumersworld.com/view.php?pro_id=6NN09110
6MA22621,Lilylal ND from PerfumersWorld,PerfumersWorld,Mixture (Perfume Base),,0.20,,FALSE,,,,https://www.perfumersworld.com/view.php?pro_id=6MA22621
6MG18474,Lilyreal IFRA from PerfumersWorld,PerfumersWorld,Mixture (Perfume Base),,0.23,,FALSE,,,,https://www.perfumersworld.com/view.php?pro_id=6MG18474
6MG22777,Lilyreal ND from PerfumersWorld,PerfumersWorld,Mixture (Perfume Base),,0.23,,FALSE,,,,https://www.perfumersworld.com/view.php?pro_id=6MG22777
7CK00274,Lime Distilled Essential Oil from PerfumersWorld,PerfumersWorld,8008-26-2,,0.33,,FALSE,,,,https://www.perfumersworld.com/view.php?pro_id=7CK00274
4CK00275,Lime Oxide from PerfumersWorld,PerfumersWorld,7392-19-0,,0.50,,FALSE,,,,https://www.perfumersworld.com/view.php?pro_id=4CK00275
5CK21690,Lime Oxide 10% in TEC from PerfumersWorld,PerfumersWorld,"7392-19-0|0.1
77-93-0|0.9",,0.08,,TRUE,Lime Oxide from PerfumersWorld,Triethyl Citrate (TEC) from PerfumersWorld,0.1,https://www.perfumersworld.com/view.php?pro_id=5CK21690
6CK18135,LIME ZEST F-TEC from PerfumersWorld,PerfumersWorld,Mixture (Perfume Base),,0.15,,FALSE,,,,https://www.perfumersworld.com/view.php?pro_id=6CK18135
6CK12391,Lime Zest Tops Fleuressence from PerfumersWorld,PerfumersWorld,Mixture (Perfume Base),,0.18,,FALSE,,,,https://www.perfumersworld.com/view.php?pro_id=6CK12391
4LL00277,Linalool Oxide from PerfumersWorld,PerfumersWorld,5989-33-3,,0.60,,FALSE,,,,https://www.perfumersworld.com/view.php?pro_id=4LL00277
3LL00278,Linalool Synthetic from PerfumersWorld,PerfumersWorld,78-70-6,,0.12,,FALSE,,,,https://www.perfumersworld.com/view.php?pro_id=3LL00278
3LF00279,Linalyl Acetate from PerfumersWorld,PerfumersWorld,115-95-7,,0.10,,FALSE,,,,https://www.perfumersworld.com/view.php?pro_id=3LF00279
3LC12899,Linalyl Propionate from PerfumersWorld,PerfumersWorld,144-39-8,,0.32,,FALSE,,,,https://www.perfumersworld.com/view.php?pro_id=3LC12899
7CC00280,Litsea Cubeba Essential Oil from PerfumersWorld,PerfumersWorld,68855-99-2,,0.19,,FALSE,,,,https://www.perfumersworld.com/view.php?pro_id=7CC00280
8NN07699,Lotus Absolute from PerfumersWorld,PerfumersWorld,84696-27-5,,19.00,,FALSE,,,,https://www.perfumersworld.com/view.php?pro_id=8NN07699
5NN13571,Lotus Absolute 1% in DPG from PerfumersWorld,PerfumersWorld,"84696-27-5|0.01
25265-71-8|0.99",,0.51,,TRUE,Lotus Absolute from PerfumersWorld,Dipropylene Glycol (DPG) from PerfumersWorld,0.01,https://www.perfumersworld.com/view.php?pro_id=5NN13571
5NN12069,Lotus Absolute 10% in DPG from PerfumersWorld,PerfumersWorld,"84696-27-5|0.1
25265-71-8|0.9",,1.95,,TRUE,Lotus Absolute from PerfumersWorld,Dipropylene Glycol (DPG) from PerfumersWorld,0.1,https://www.perfumersworld.com/view.php?pro_id=5NN12069
8SW08238,Lovage Roots Oil from PerfumersWorld,PerfumersWorld,8016-31-7,,8.80,,FALSE,,,,https://www.perfumersworld.com/view.php?pro_id=8SW08238
3MG00282,Lyral from PerfumersWorld,PerfumersWorld,31906-04-4,,0.23,,FALSE,,,,https://www.perfumersworld.com/view.php?pro_id=3MG00282
6MM18498,M-MUGUET F-TEC from PerfumersWorld,PerfumersWorld,Mixture (Perfume Base),,0.18,,FALSE,,,,https://www.perfumersworld.com/view.php?pro_id=6MM18498
6MM08681,M-Muguet Fleuressence from PerfumersWorld,PerfumersWorld,Mixture (Perfume Base),,0.20,,FALSE,,,,https://www.perfumersworld.com/view.php?pro_id=6MM08681
4GL22835,Maceal from PerfumersWorld,PerfumersWorld,67845-30-1,,0.99,,FALSE,,,,https://www.perfumersworld.com/view.php?pro_id=4GL22835
5GL23703,Maceal 10% in DPG from PerfumersWorld,PerfumersWorld,"67845-30-1|0.1
25265-71-8|0.9",,0.15,,TRUE,Maceal from PerfumersWorld,Dipropylene Glycol (DPG) from PerfumersWorld,0.1,https://www.perfumersworld.com/view.php?pro_id=5GL23703
6XD18354,MACROCYCLIC F-TEC from PerfumersWorld,PerfumersWorld,Mixture (Perfume Base),,0.15,,FALSE,,,,https://www.perfumersworld.com/view.php?pro_id=6XD18354
6XD09426,Macrocyclic Fleuressence from PerfumersWorld,PerfumersWorld,Mixture (Perfume Base),,0.19,,FALSE,,,,https://www.perfumersworld.com/view.php?pro_id=6XD09426
2XX14556,Macrolide from PerfumersWorld,PerfumersWorld,106-02-5,,1.12,,FALSE,,,,https://www.perfumersworld.com/view.php?pro_id=2XX14556
3MN13569,Magnolan from PerfumersWorld,PerfumersWorld,27606-09-3,,0.60,,FALSE,,,,https://www.perfumersworld.com/view.php?pro_id=3MN13569
MAL06022,Male Concentrate from PerfumersWorld,PerfumersWorld,Not Found,,5.02,,FALSE,,,,https://www.perfumersworld.com/view.php?pro_id=MAL06022
MAL06023,Male Factor from PerfumersWorld,PerfumersWorld,Not Found,,0.52,,FALSE,,,,https://www.perfumersworld.com/view.php?pro_id=MAL06023
6CL18121,MALE FLORAL F-TEC from PerfumersWorld,PerfumersWorld,Mixture (Perfume Base),,0.15,,FALSE,,,,https://www.perfumersworld.com/view.php?pro_id=6CL18121
6CL10386,Male Floral Fleuressence from PerfumersWorld,PerfumersWorld,Mixture (Perfume Base),,0.20,,FALSE,,,,https://www.perfumersworld.com/view.php?pro_id=6CL10386
6WC18598,MALE WOODSY F-TEC from PerfumersWorld,PerfumersWorld,Mixture (Perfume Base),,0.15,,FALSE,,,,https://www.perfumersworld.com/view.php?pro_id=6WC18598
6WC12407,Male Woodsy Fleuressence from PerfumersWorld,PerfumersWorld,Mixture (Perfume Base),,0.27,,FALSE,,,,https://www.perfumersworld.com/view.php?pro_id=6WC12407
1VE00283,Maltol from PerfumersWorld,PerfumersWorld,118-71-8,,0.32,,FALSE,,,,https://www.perfumersworld.com/view.php?pro_id=1VE00283
5VE08421,Maltol 1% in DPG from PerfumersWorld,PerfumersWorld,"118-71-8|0.01
25265-71-8|0.99",,0.06,,TRUE,Maltol from PerfumersWorld,Dipropylene Glycol (DPG) from PerfumersWorld,0.01,https://www.perfumersworld.com/view.php?pro_id=5VE08421
5VE10963,Maltol 5% in DPG from PerfumersWorld,PerfumersWorld,"118-71-8|0.05
25265-71-8|0.95",,0.10,,TRUE,Maltol from PerfumersWorld,Dipropylene Glycol (DPG) from PerfumersWorld,0.05,https://www.perfumersworld.com/view.php?pro_id=5VE10963
7CA00285,Mandarin Essential Oil from PerfumersWorld,PerfumersWorld,8008-31-9,,0.50,,FALSE,,,,https://www.perfumersworld.com/view.php?pro_id=7CA00285
6CA18124,MANDARIN F-TEC from PerfumersWorld,PerfumersWorld,Mixture (Perfume Base),,0.16,,FALSE,,,,https://www.perfumersworld.com/view.php?pro_id=6CA18124
6CA09060,Mandarin Fleuressence from PerfumersWorld,PerfumersWorld,Mixture (Perfume Base),,0.15,,FALSE,,,,https://www.perfumersworld.com/view.php?pro_id=6CA09060
6FV18841,MANGO F-TEC from PerfumersWorld,PerfumersWorld,Mixture (Perfume Base),,0.12,,FALSE,,,,https://www.perfumersworld.com/view.php?pro_id=6FV18841
6FV10907,Mango Fleuressence from PerfumersWorld,PerfumersWorld,Mixture (Perfume Base),,0.17,,FALSE,,,,https://www.perfumersworld.com/view.php?pro_id=6FV10907
7HP07679,Manuka Essential Oil from PerfumersWorld,PerfumersWorld,223749-44-8,,3.30,,FALSE,,,,https://www.perfumersworld.com/view.php?pro_id=7HP07679
4FG15438,Manzanate from PerfumersWorld,PerfumersWorld,39255-32-8,,0.28,,FALSE,,,,https://www.perfumersworld.com/view.php?pro_id=4FG15438
1VE00286,Maple Lactone from PerfumersWorld,PerfumersWorld,80-71-7,,0.71,,FALSE,,,,https://www.perfumersworld.com/view.php?pro_id=1VE00286
5VE09632,Maple Lactone 10% in DPG from PerfumersWorld,PerfumersWorld,"80-71-7|0.1
25265-71-8|0.9",,0.10,,TRUE,Maple Lactone from PerfumersWorld,Dipropylene Glycol (DPG) from PerfumersWorld,0.1,https://www.perfumersworld.com/view.php?pro_id=5VE09632
8HE00557,Mate Absolute from PerfumersWorld,PerfumersWorld,68916-96-1,,8.50,,FALSE,,,,https://www.perfumersworld.com/view.php?pro_id=8HE00557
5HE13845,Mate Absolute 10% in DPG from PerfumersWorld,PerfumersWorld,"68916-96-1|0.1
25265-71-8|0.9",,0.80,,TRUE,Mate Absolute from PerfumersWorld,Dipropylene Glycol (DPG) from PerfumersWorld,0.1,https://www.perfumersworld.com/view.php?pro_id=5HE13845
3MG11691,Mayol from PerfumersWorld,PerfumersWorld,5502-75-0,,0.35,,FALSE,,,,https://www.perfumersworld.com/view.php?pro_id=3MG11691
6GF18175,MELON F-TEC from PerfumersWorld,PerfumersWorld,Mixture (Perfume Base),,0.12,,FALSE,,,,https://www.perfumersworld.com/view.php?pro_id=6GF18175
6FG08392,Melon Fleuressence from PerfumersWorld,PerfumersWorld,Mixture (Perfume Base),,0.20,,FALSE,,,,https://www.perfumersworld.com/view.php?pro_id=6FG08392
4FG00289,Melonal from PerfumersWorld,PerfumersWorld,106-72-9,,1.00,,FALSE,,,,https://www.perfumersworld.com/view.php?pro_id=4FG00289
5FG08480,Melonal 10% in DPG from PerfumersWorld,PerfumersWorld,"106-72-9|0.1
25265-71-8|0.9",,0.14,,TRUE,Melonal from PerfumersWorld,Dipropylene Glycol (DPG) from PerfumersWorld,0.1,https://www.perfumersworld.com/view.php?pro_id=5FG08480
1BB00290,Menthol Crystals from PerfumersWorld,PerfumersWorld,2216-51-5,,0.16,,FALSE,,,,https://www.perfumersworld.com/view.php?pro_id=1BB00290
5BB08460,Menthol Crystals 50% in DPG from PerfumersWorld,PerfumersWorld,"2216-51-5|0.5
25265-71-8|0.5",,0.11,,TRUE,Menthol Crystals from PerfumersWorld,Dipropylene Glycol (DPG) from PerfumersWorld,0.5,https://www.perfumersworld.com/view.php?pro_id=5BB08460
4BB00291,Menthone from PerfumersWorld,PerfumersWorld,89-80-5,,0.40,,FALSE,,,,https://www.perfumersworld.com/view.php?pro_id=4BB00291
5BB08203,Menthone 10% in DPG from PerfumersWorld,PerfumersWorld,"10458-14-7|0.1
25265-71-8|0.9",,0.09,,TRUE,Menthone from PerfumersWorld,Dipropylene Glycol (DPG) from PerfumersWorld,0.1,https://www.perfumersworld.com/view.php?pro_id=5BB08203
3LB00292,Menthyl Acetate from PerfumersWorld,PerfumersWorld,16409-45-3,,0.39,,FALSE,,,,https://www.perfumersworld.com/view.php?pro_id=3LB00292
4LF00294,Methyl Amyl Ketone from PerfumersWorld,PerfumersWorld,110-43-0,,0.30,,FALSE,,,,https://www.perfumersworld.com/view.php?pro_id=4LF00294
4NC00295,Methyl Anthranilate from PerfumersWorld,PerfumersWorld,134-20-3,,0.12,,FALSE,,,,https://www.perfumersworld.com/view.php?pro_id=4NC00295
5NC12471,Methyl Anthranilate 10% in DPG from PerfumersWorld,PerfumersWorld,"134-20-3|0.1
25265-71-8|0.9",,0.04,,TRUE,Methyl Anthranilate from PerfumersWorld,Dipropylene Glycol (DPG) from PerfumersWorld,0.1,https://www.perfumersworld.com/view.php?pro_id=5NC12471
4NJ00296,Methyl Benzoate from PerfumersWorld,PerfumersWorld,93-58-3,,0.07,,FALSE,,,,https://www.perfumersworld.com/view.php?pro_id=4NJ00296
5NJ07849,Methyl Benzoate 10% in DPG from PerfumersWorld,PerfumersWorld,"93-58-3|0.1
25265-71-8|0.9",,0.04,,TRUE,Methyl Benzoate from PerfumersWorld,Dipropylene Glycol (DPG) from PerfumersWorld,0.1,https://www.perfumersworld.com/view.php?pro_id=5NJ07849
4PS02272,Methyl Chavicol from PerfumersWorld,PerfumersWorld,140-67-0,,0.62,,FALSE,,,,https://www.perfumersworld.com/view.php?pro_id=4PS02272
5PS07822,Methyl Chavicol 10% in DPG from PerfumersWorld,PerfumersWorld,"140-67-0|0.1
25265-71-8|0.9",,0.12,,TRUE,Methyl Chavicol from PerfumersWorld,Dipropylene Glycol (DPG) from PerfumersWorld,0.1,https://www.perfumersworld.com/view.php?pro_id=5PS07822
2SC00297,Methyl Cinnamate from PerfumersWorld,PerfumersWorld,103-26-4,,0.24,,FALSE,,,,https://www.perfumersworld.com/view.php?pro_id=2SC00297
5SC12482,Methyl Cinnamate 10% in DPG from PerfumersWorld,PerfumersWorld,"103-26-4|0.1
25265-71-8|0.9",,0.05,,TRUE,Methyl Cinnamate from PerfumersWorld,Dipropylene Glycol (DPG) from PerfumersWorld,0.1,https://www.perfumersworld.com/view.php?pro_id=5SC12482
5SC07858,Methyl cinnamate 50% in DPG from PerfumersWorld,PerfumersWorld,"103-26-4|0.5
25265-71-8|0.5",,0.14,,TRUE,Methyl cinnamate from PerfumersWorld,Dipropylene Glycol (DPG) from PerfumersWorld,0.5,https://www.perfumersworld.com/view.php?pro_id=5SC07858
4SP16859,Methyl Diantilis from PerfumersWorld,PerfumersWorld,5595-79-9,,0.99,,FALSE,,,,https://www.perfumersworld.com/view.php?pro_id=4SP16859
9SW00298,Methyl Eugenol from PerfumersWorld,PerfumersWorld,93-15-2,,0.35,,FALSE,,,,https://www.perfumersworld.com/view.php?pro_id=9SW00298
3LF00299,Methyl Hexyl Ketone from PerfumersWorld,PerfumersWorld,111-13-7,,0.12,,FALSE,,,,https://www.perfumersworld.com/view.php?pro_id=3LF00299
9SP02300,Methyl Isoeugenol from PerfumersWorld,PerfumersWorld,93-16-3,,0.41,,FALSE,,,,https://www.perfumersworld.com/view.php?pro_id=9SP02300
4JN15333,Methyl Jasmonate from PerfumersWorld,PerfumersWorld,39924-52-2,,12.80,,FALSE,,,,https://www.perfumersworld.com/view.php?pro_id=4JN15333
5VD10871,METHYL LAITONE 10% DPG from PerfumersWorld,PerfumersWorld,94201-19-1,,0.50,,FALSE,,,,https://www.perfumersworld.com/view.php?pro_id=5VD10871
4LY00304,Methyl Nonyl Ketone from PerfumersWorld,PerfumersWorld,112-12-9,,0.32,,FALSE,,,,https://www.perfumersworld.com/view.php?pro_id=4LY00304
4GI00305,Methyl Octine Carbonate from PerfumersWorld,PerfumersWorld,111-80-8,,1.23,,FALSE,,,,https://www.perfumersworld.com/view.php?pro_id=4GI00305
5GI07522,Methyl Octine Carbonate 10% in DPG from PerfumersWorld,PerfumersWorld,"111-80-8|0.1
25265-71-8|0.9",,0.15,,TRUE,Methyl Octine Carbonate from PerfumersWorld,Dipropylene Glycol (DPG) from PerfumersWorld,0.1,https://www.perfumersworld.com/view.php?pro_id=5GI07522
4FC11677,Methyl Pample Mousse from PerfumersWorld,PerfumersWorld,67674-46-8,,1.06,,FALSE,,,,https://www.perfumersworld.com/view.php?pro_id=4FC11677
5FC19406,Methyl Pamplemousse 10% in TEC from PerfumersWorld,PerfumersWorld,"67674-46-8|0.1
77-93-0|0.9",,0.20,,TRUE,Methyl Pamplemousse from PerfumersWorld,Triethyl Citrate (TEC) from PerfumersWorld,0.1,https://www.perfumersworld.com/view.php?pro_id=5FC19406
3OP00306,Methyl Salicylate from PerfumersWorld,PerfumersWorld,119-36-8,,0.08,,FALSE,,,,https://www.perfumersworld.com/view.php?pro_id=3OP00306
5OP07554,Methyl Salicylate 10% in DPG from PerfumersWorld,PerfumersWorld,"119-36-8|0.1
25265-71-8|0.9",,0.04,,TRUE,Methyl Salicylate from PerfumersWorld,Dipropylene Glycol (DPG) from PerfumersWorld,0.1,https://www.perfumersworld.com/view.php?pro_id=5OP07554
SHAMPBBY,Mild Baby Shampoo Base - unscented from PerfumersWorld,PerfumersWorld,Not Found,,0.04,,FALSE,,,,https://www.perfumersworld.com/view.php?pro_id=SHAMPBBY
6DD18140,MILK F-TEC from PerfumersWorld,PerfumersWorld,Mixture (Perfume Base),,0.12,,FALSE,,,,https://www.perfumersworld.com/view.php?pro_id=6DD18140
6DD09086,Milk Fleuressence from PerfumersWorld,PerfumersWorld,Mixture (Perfume Base),,0.19,,FALSE,,,,https://www.perfumersworld.com/view.php?pro_id=6DD09086
8NG00307,Mimosa Absolute from PerfumersWorld,PerfumersWorld,8031-03-6,,7.12,,FALSE,,,,https://www.perfumersworld.com/view.php?pro_id=8NG00307
5NG07850,Mimosa Absolute 10% in DPG from PerfumersWorld,PerfumersWorld,"100-51-6|0.1
25265-71-8|0.9",,0.75,,TRUE,Mimosa Absolute from PerfumersWorld,Dipropylene Glycol (DPG) from PerfumersWorld,0.1,https://www.perfumersworld.com/view.php?pro_id=5NG07850
6NN18760,MIMOSA F-TEC from PerfumersWorld,PerfumersWorld,Mixture (Perfume Base),,0.22,,FALSE,,,,https://www.perfumersworld.com/view.php?pro_id=6NN18760
6NN09420,Mimosa Fleuressence from PerfumersWorld,PerfumersWorld,Mixture (Perfume Base),,0.20,,FALSE,,,,https://www.perfumersworld.com/view.php?pro_id=6NN09420
MINISCAL,Mini Digital Scale from PerfumersWorld,PerfumersWorld,Not Found,,29.95,,FALSE,,,,https://www.perfumersworld.com/view.php?pro_id=MINISCAL
MINISNIF,Mini Sniff Smelling Strips from PerfumersWorld,PerfumersWorld,Not Found,,1.00,,FALSE,,,,https://www.perfumersworld.com/view.php?pro_id=MINISNIF
MIXPOT50,Mixing Pots (Pack of 50) from PerfumersWorld,PerfumersWorld,Not Found,,7.50,,FALSE,,,,https://www.perfumersworld.com/view.php?pro_id=MIXPOT50
4XU05022,Muscone from PerfumersWorld,PerfumersWorld,541-91-3,,4.50,,FALSE,,,,https://www.perfumersworld.com/view.php?pro_id=4XU05022
6YE18885,MUSHROOM F-TEC from PerfumersWorld,PerfumersWorld,Mixture (Perfume Base),,0.50,,FALSE,,,,https://www.perfumersworld.com/view.php?pro_id=6YE18885
6YE09107,Mushroom Fleuressence from PerfumersWorld,PerfumersWorld,Mixture (Perfume Base),,0.22,,FALSE,,,,https://www.perfumersworld.com/view.php?pro_id=6YE09107
2XA09558,Musk Concentrate from PerfumersWorld,PerfumersWorld,1222-05-5,,0.19,,FALSE,,,,https://www.perfumersworld.com/view.php?pro_id=2XA09558
1XU00308,Musk Ketone from PerfumersWorld,PerfumersWorld,81-14-1,,0.20,,FALSE,,,,https://www.perfumersworld.com/view.php?pro_id=1XU00308
5XU07864,Musk Ketone 10% in DEP from PerfumersWorld,PerfumersWorld,"81-14-1|0.1
84-66-2|0.9",,0.06,,TRUE,Musk Ketone from PerfumersWorld,Diethyl Phthalate (DEP) from PerfumersWorld,0.1,https://www.perfumersworld.com/view.php?pro_id=5XU07864
5XU09977,Musk Ketone 10% in DPG from PerfumersWorld,PerfumersWorld,"81-14-1|0.1
25265-71-8|0.9",,0.06,,TRUE,Musk Ketone from PerfumersWorld,Dipropylene Glycol (DPG) from PerfumersWorld,0.1,https://www.perfumersworld.com/view.php?pro_id=5XU09977
6XY17557,Musk X Super from PerfumersWorld,PerfumersWorld,Mixture (Perfume Base),,0.30,,FALSE,,,,https://www.perfumersworld.com/view.php?pro_id=6XY17557
6XU17558,Musk Xylol REP from PerfumersWorld,PerfumersWorld,Mixture (Perfume Base),,0.31,,FALSE,,,,https://www.perfumersworld.com/view.php?pro_id=6XU17558
4MA00312,Myrac Aldehyde from PerfumersWorld,PerfumersWorld,37677-14-8,,0.18,,FALSE,,,,https://www.perfumersworld.com/view.php?pro_id=4MA00312
5MA08478,Myrac Aldehyde 10% in DPG from PerfumersWorld,PerfumersWorld,"37677-14-8|0.1
25265-71-8|0.9",,0.06,,TRUE,Myrac Aldehyde from PerfumersWorld,Dipropylene Glycol (DPG) from PerfumersWorld,0.1,https://www.perfumersworld.com/view.php?pro_id=5MA08478
3CQ00313,Myrcene from PerfumersWorld,PerfumersWorld,123-35-3,,0.45,,FALSE,,,,https://www.perfumersworld.com/view.php?pro_id=3CQ00313
1AA05031,Myristic Acid from PerfumersWorld,PerfumersWorld,544-63-8,,0.18,,FALSE,,,,https://www.perfumersworld.com/view.php?pro_id=1AA05031
7QC00314,Myrrh Essential Oil from PerfumersWorld,PerfumersWorld,8016-37-3,,3.10,,FALSE,,,,https://www.perfumersworld.com/view.php?pro_id=7QC00314
6NJ18033,N-NARCOTIC F-TEC from PerfumersWorld,PerfumersWorld,Mixture (Perfume Base),,0.15,,FALSE,,,,https://www.perfumersworld.com/view.php?pro_id=6NJ18033
6NJ07696,N-Narcotic Fleuressence from PerfumersWorld,PerfumersWorld,Mixture (Perfume Base),,0.21,,FALSE,,,,https://www.perfumersworld.com/view.php?pro_id=6NJ07696
7WU09815,Nagarmotha Oil from PerfumersWorld,PerfumersWorld,68916-60-9,,1.60,,FALSE,,,,https://www.perfumersworld.com/view.php?pro_id=7WU09815
6NP18957,NARCISSUS F-TEC from PerfumersWorld,PerfumersWorld,Mixture (Perfume Base),,0.18,,FALSE,,,,https://www.perfumersworld.com/view.php?pro_id=6NP18957
6NP08694,Narcissus Fleuressence from PerfumersWorld,PerfumersWorld,Mixture (Perfume Base),,0.36,,FALSE,,,,https://www.perfumersworld.com/view.php?pro_id=6NP08694
6GL18214,NATURELLE F-TEC from PerfumersWorld,PerfumersWorld,Mixture (Perfume Base),,0.18,,FALSE,,,,https://www.perfumersworld.com/view.php?pro_id=6GL18214
6GL10383,Naturelle Fleuressence from PerfumersWorld,PerfumersWorld,Mixture (Perfume Base),,0.48,,FALSE,,,,https://www.perfumersworld.com/view.php?pro_id=6GL10383
6GW18223,NATURELLE HOMME F-TEC from PerfumersWorld,PerfumersWorld,Mixture (Perfume Base),,0.27,,FALSE,,,,https://www.perfumersworld.com/view.php?pro_id=6GW18223
6GG10387,Naturelle Homme Fleuressence from PerfumersWorld,PerfumersWorld,Mixture (Perfume Base),,0.50,,FALSE,,,,https://www.perfumersworld.com/view.php?pro_id=6GG10387
4GI02379,Neofolione from PerfumersWorld,PerfumersWorld,111-79-5,,0.75,,FALSE,,,,https://www.perfumersworld.com/view.php?pro_id=4GI02379
8CS23654,Nepal Pepper Co2 Extract from PerfumersWorld,PerfumersWorld,97404-53-0,,4.40,,FALSE,,,,https://www.perfumersworld.com/view.php?pro_id=8CS23654
3CR00317,Nerol from PerfumersWorld,PerfumersWorld,106-25-2,,0.20,,FALSE,,,,https://www.perfumersworld.com/view.php?pro_id=3CR00317
7CN00318,Neroli Essential Oil from PerfumersWorld,PerfumersWorld,8016-38-4,,20.80,,FALSE,,,,https://www.perfumersworld.com/view.php?pro_id=7CN00318
5CN07545,Neroli Essential Oil 10% in DPG from PerfumersWorld,PerfumersWorld,"8016-38-4|0.1
25265-71-8|0.9",,2.30,,TRUE,Neroli Essential Oil from PerfumersWorld,Dipropylene Glycol (DPG) from PerfumersWorld,0.1,https://www.perfumersworld.com/view.php?pro_id=5CN07545
6CN18131,NEROLI F-TEC from PerfumersWorld,PerfumersWorld,Mixture (Perfume Base),,0.15,,FALSE,,,,https://www.perfumersworld.com/view.php?pro_id=6CN18131
6CN09093,Neroli Fleuressence from PerfumersWorld,PerfumersWorld,Mixture (Perfume Base),,0.31,,FALSE,,,,https://www.perfumersworld.com/view.php?pro_id=6CN09093
3LM00319,Nerolidol from PerfumersWorld,PerfumersWorld,7212-44-4,,0.17,,FALSE,,,,https://www.perfumersworld.com/view.php?pro_id=3LM00319
1CN00320,Nerolin Bromelia from PerfumersWorld,PerfumersWorld,93-18-5,,0.15,,FALSE,,,,https://www.perfumersworld.com/view.php?pro_id=1CN00320
5CN09239,Nerolin Bromelia 10% in DPG from PerfumersWorld,PerfumersWorld,"93-18-5|0.1
25265-71-8|0.9",,0.07,,TRUE,Nerolin Bromelia from PerfumersWorld,Dipropylene Glycol (DPG) from PerfumersWorld,0.1,https://www.perfumersworld.com/view.php?pro_id=5CN09239
1CN00321,Nerolin Yara yara from PerfumersWorld,PerfumersWorld,93-04-9,,0.11,,FALSE,,,,https://www.perfumersworld.com/view.php?pro_id=1CN00321
5CN09971,Nerolin Yara Yara 10% in DPG from PerfumersWorld,PerfumersWorld,"93-04-9|0.1
25265-71-8|0.9",,0.04,,TRUE,Nerolin Yara Yara from PerfumersWorld,Dipropylene Glycol (DPG) from PerfumersWorld,0.1,https://www.perfumersworld.com/view.php?pro_id=5CN09971
3RF05061,Neryl Acetate from PerfumersWorld,PerfumersWorld,141-12-8,,0.20,,FALSE,,,,https://www.perfumersworld.com/view.php?pro_id=3RF05061
6VD18542,NEW MOWN HAY F-TEC from PerfumersWorld,PerfumersWorld,Mixture (Perfume Base),,0.15,,FALSE,,,,https://www.perfumersworld.com/view.php?pro_id=6VD18542
6VD09091,New Mown Hay Fleuressence from PerfumersWorld,PerfumersWorld,Mixture (Perfume Base),,0.20,,FALSE,,,,https://www.perfumersworld.com/view.php?pro_id=6VD09091
WSNZ1806,New Zealand 1-week Foundation Plus Workshop from PerfumersWorld,PerfumersWorld,Not Found,,2242.50,,FALSE,,,,https://www.perfumersworld.com/view.php?pro_id=WSNZ1806
WSNZ1807,New Zealand 1-week Foundation Plus Workshop from PerfumersWorld,PerfumersWorld,Not Found,,2242.50,,FALSE,,,,https://www.perfumersworld.com/view.php?pro_id=WSNZ1807
7BH07692,Niaouli essential oil from PerfumersWorld,PerfumersWorld,8022-72-8,,0.47,,FALSE,,,,https://www.perfumersworld.com/view.php?pro_id=7BH07692
6XU18880,NITRO MUSK F-TEC from PerfumersWorld,PerfumersWorld,Mixture (Perfume Base),,0.12,,FALSE,,,,https://www.perfumersworld.com/view.php?pro_id=6XU18880
6XU09117,Nitro Musk Fleuressence from PerfumersWorld,PerfumersWorld,Mixture (Perfume Base),,0.14,,FALSE,,,,https://www.perfumersworld.com/view.php?pro_id=6XU09117
3LA00326,Nopyl Acetate from PerfumersWorld,PerfumersWorld,128-51-8,,0.14,,FALSE,,,,https://www.perfumersworld.com/view.php?pro_id=3LA00326
4WU22432,Norlimbanol Dextro from PerfumersWorld,PerfumersWorld,70788-30-6,,1.00,,FALSE,,,,https://www.perfumersworld.com/view.php?pro_id=4WU22432
5WU23677,Norlimbanol Dextro 10% in DPG from PerfumersWorld,PerfumersWorld,"70788-30-6|0.1
25265-71-8|0.9",,0.15,,TRUE,Norlimbanol Dextro from PerfumersWorld,Dipropylene Glycol (DPG) from PerfumersWorld,0.1,https://www.perfumersworld.com/view.php?pro_id=5WU23677
6EW18930,NUT F-TEC from PerfumersWorld,PerfumersWorld,Mixture (Perfume Base),,0.24,,FALSE,,,,https://www.perfumersworld.com/view.php?pro_id=6EW18930
6EW09105,Nut Fleuressence from PerfumersWorld,PerfumersWorld,Mixture (Perfume Base),,0.22,,FALSE,,,,https://www.perfumersworld.com/view.php?pro_id=6EW09105
7SC00327,Nutmeg Essential Oil from PerfumersWorld,PerfumersWorld,8008-45-5,,1.02,,FALSE,,,,https://www.perfumersworld.com/view.php?pro_id=7SC00327
6SL18489,NUTMEG F-TEC from PerfumersWorld,PerfumersWorld,Mixture (Perfume Base),,0.35,,FALSE,,,,https://www.perfumersworld.com/view.php?pro_id=6SL18489
6SL09678,Nutmeg Fleuressence from PerfumersWorld,PerfumersWorld,Mixture (Perfume Base),,0.47,,FALSE,,,,https://www.perfumersworld.com/view.php?pro_id=6SL09678
3MA22553,Nympheal from PerfumersWorld,PerfumersWorld,1637294-12-2,,0.61,,FALSE,,,,https://www.perfumersworld.com/view.php?pro_id=3MA22553
6OV18034,O-ORCHID F-TEC from PerfumersWorld,PerfumersWorld,Mixture (Perfume Base),,0.17,,FALSE,,,,https://www.perfumersworld.com/view.php?pro_id=6OV18034
6OV09421,O-Orchid Fleuressence from PerfumersWorld,PerfumersWorld,Mixture (Perfume Base),,0.20,,FALSE,,,,https://www.perfumersworld.com/view.php?pro_id=6OV09421
5YH07549,Oakmoss Absolute  (IFRA Low Atranol) 10% in DPG from PerfumersWorld,PerfumersWorld,"9000-50-4|0.1
25265-71-8|0.9",,0.38,,TRUE,Oakmoss Absolute  (IFRA Low Atranol) from PerfumersWorld,Dipropylene Glycol (DPG) from PerfumersWorld,0.1,https://www.perfumersworld.com/view.php?pro_id=5YH07549
8YH00328,Oakmoss Absolute (IFRA Low Atranol) from PerfumersWorld,PerfumersWorld,9000-50-4,,3.30,,FALSE,,,,https://www.perfumersworld.com/view.php?pro_id=8YH00328
6YH18894,OAKMOSS F-TEC from PerfumersWorld,PerfumersWorld,Mixture (Perfume Base),,0.76,,FALSE,,,,https://www.perfumersworld.com/view.php?pro_id=6YH18894
6YH09092,Oakmoss Fleuressence from PerfumersWorld,PerfumersWorld,Mixture (Perfume Base),,0.70,,FALSE,,,,https://www.perfumersworld.com/view.php?pro_id=6YH09092
5YQ09979,Oakmoss Resinoid (IFRA Low Atranol) 10% in DPG from PerfumersWorld,PerfumersWorld,"9000-50-4|0.1
25265-71-8|0.9",,0.12,,TRUE,Oakmoss Resinoid (IFRA Low Atranol) from PerfumersWorld,Dipropylene Glycol (DPG) from PerfumersWorld,0.1,https://www.perfumersworld.com/view.php?pro_id=5YQ09979
2YQ00329,Oakmoss Resinoid - IFRA Low Atranol from PerfumersWorld,PerfumersWorld,9000-50-4,,0.60,,FALSE,,,,https://www.perfumersworld.com/view.php?pro_id=2YQ00329
3QC00330,Ocimene from PerfumersWorld,PerfumersWorld,13877-91-3,,0.71,,FALSE,,,,https://www.perfumersworld.com/view.php?pro_id=3QC00330
7QK00333,Olibanum Essential Oil from PerfumersWorld,PerfumersWorld,8016-36-2,,3.50,,FALSE,,,,https://www.perfumersworld.com/view.php?pro_id=7QK00333
5QK10958,Olibanum Essential Oil 10% in DPG from PerfumersWorld,PerfumersWorld,"8016-36-2|0.1
25265-71-8|0.9",,0.29,,TRUE,Olibanum Essential Oil from PerfumersWorld,Dipropylene Glycol (DPG) from PerfumersWorld,0.1,https://www.perfumersworld.com/view.php?pro_id=5QK10958
2QK21856,Olibanum Resinoid (Viscous) from PerfumersWorld,PerfumersWorld,8016-36-2,,0.65,,FALSE,,,,https://www.perfumersworld.com/view.php?pro_id=2QK21856
5QK12179,Olibanum Resinoid 10% in DPG from PerfumersWorld,PerfumersWorld,"8016-36-2|0.1
25265-71-8|0.9",,0.12,,TRUE,Olibanum Resinoid from PerfumersWorld,Dipropylene Glycol (DPG) from PerfumersWorld,0.1,https://www.perfumersworld.com/view.php?pro_id=5QK12179
5QK12474,Olibanum Resinoid 50% in DEP from PerfumersWorld,PerfumersWorld,"8016-36-2|0.5
84-66-2|0.5",,0.49,,TRUE,Olibanum Resinoid from PerfumersWorld,Diethyl Phthalate (DEP) from PerfumersWorld,0.5,https://www.perfumersworld.com/view.php?pro_id=5QK12474
5QK07853,Olibanum Resinoid 50% in DPG from PerfumersWorld,PerfumersWorld,"8016-36-2|0.5
25265-71-8|0.5",,0.49,,TRUE,Olibanum Resinoid from PerfumersWorld,Dipropylene Glycol (DPG) from PerfumersWorld,0.5,https://www.perfumersworld.com/view.php?pro_id=5QK07853
2QK00334,Olibanum Resinoid Absolute - Solid from PerfumersWorld,PerfumersWorld,8016-36-2,,0.86,,FALSE,,,,https://www.perfumersworld.com/view.php?pro_id=2QK00334
0ZA01437,Olive Oil - Fixed Oil from PerfumersWorld,PerfumersWorld,8001-25-0,,0.09,,FALSE,,,,https://www.perfumersworld.com/view.php?pro_id=0ZA01437
7QC00561,Opoponax Absolute from PerfumersWorld,PerfumersWorld,9000-78-6,,2.95,,FALSE,,,,https://www.perfumersworld.com/view.php?pro_id=7QC00561
7QC00336,Opoponax Essential Oil from PerfumersWorld,PerfumersWorld,8021-36-1,,4.40,,FALSE,,,,https://www.perfumersworld.com/view.php?pro_id=7QC00336
5QC10959,Opoponax Essential Oil 10% in DPG from PerfumersWorld,PerfumersWorld,"8021-36-1|0.1
25265-71-8|0.9",,0.38,,TRUE,Opoponax Essential Oil from PerfumersWorld,Dipropylene Glycol (DPG) from PerfumersWorld,0.1,https://www.perfumersworld.com/view.php?pro_id=5QC10959
2QC00337,Opoponax Resinoid from PerfumersWorld,PerfumersWorld,9000-78-6,,0.72,,FALSE,,,,https://www.perfumersworld.com/view.php?pro_id=2QC00337
5QC12475,Opoponax Resinoid 50% in BB from PerfumersWorld,PerfumersWorld,"9000-78-6|0.5
120-51-4|0.5",,0.40,,TRUE,Opoponax Resinoid from PerfumersWorld,Benzyl Benzoate (BB) from PerfumersWorld,0.5,https://www.perfumersworld.com/view.php?pro_id=5QC12475
5QC12239,Opoponax Resinoid 50% in DPG from PerfumersWorld,PerfumersWorld,"9000-78-6|0.5
25265-71-8|0.5",,0.38,,TRUE,Opoponax Resinoid from PerfumersWorld,Dipropylene Glycol (DPG) from PerfumersWorld,0.5,https://www.perfumersworld.com/view.php?pro_id=5QC12239
6CA18123,ORANGE F-TEC from PerfumersWorld,PerfumersWorld,Mixture (Perfume Base),,0.12,,FALSE,,,,https://www.perfumersworld.com/view.php?pro_id=6CA18123
6CA09018,Orange Fleuressence from PerfumersWorld,PerfumersWorld,Mixture (Perfume Base),,0.09,,FALSE,,,,https://www.perfumersworld.com/view.php?pro_id=6CA09018
8NC00338,Orange Flower Absolute from PerfumersWorld,PerfumersWorld,8016-38-4,,29.90,,FALSE,,,,https://www.perfumersworld.com/view.php?pro_id=8NC00338
5NC07544,Orange Flower Absolute 10% in DPG from PerfumersWorld,PerfumersWorld,"8030-28-2|0.1
25265-71-8|0.9",,3.12,,TRUE,Orange Flower Absolute from PerfumersWorld,Dipropylene Glycol (DPG) from PerfumersWorld,0.1,https://www.perfumersworld.com/view.php?pro_id=5NC07544
6NC18793,ORANGE FLOWER F-TEC from PerfumersWorld,PerfumersWorld,Mixture (Perfume Base),,0.26,,FALSE,,,,https://www.perfumersworld.com/view.php?pro_id=6NC18793
6NC11558,Orange Flower Fleuressence from PerfumersWorld,PerfumersWorld,Mixture (Perfume Base),,0.22,,FALSE,,,,https://www.perfumersworld.com/view.php?pro_id=6NC11558
1NC00340,Oranger Crystals from PerfumersWorld,PerfumersWorld,93-08-3,,0.29,,FALSE,,,,https://www.perfumersworld.com/view.php?pro_id=1NC00340
5NC07839,Oranger Crystals 10% in DPG from PerfumersWorld,PerfumersWorld,"93-08-3|0.1
25265-71-8|0.9",,0.07,,TRUE,Oranger Crystals from PerfumersWorld,Dipropylene Glycol (DPG) from PerfumersWorld,0.1,https://www.perfumersworld.com/view.php?pro_id=5NC07839
6OQ18798,ORCHIDIA BLENDER F-TEC from PerfumersWorld,PerfumersWorld,Mixture (Perfume Base),,0.15,,FALSE,,,,https://www.perfumersworld.com/view.php?pro_id=6OQ18798
6OQ12406,Orchidia Blender Fleuressence from PerfumersWorld,PerfumersWorld,Mixture (Perfume Base),,0.17,,FALSE,,,,https://www.perfumersworld.com/view.php?pro_id=6OQ12406
7PS00342,Oregano Essential Oil from PerfumersWorld,PerfumersWorld,84012-24-8,,1.59,,FALSE,,,,https://www.perfumersworld.com/view.php?pro_id=7PS00342
5PS10974,Oregano Essential Oil 10% in DPG from PerfumersWorld,PerfumersWorld,"8007-11-2|0.1
25265-71-8|0.9",,0.19,,TRUE,Oregano Essential Oil from PerfumersWorld,Dipropylene Glycol (DPG) from PerfumersWorld,0.1,https://www.perfumersworld.com/view.php?pro_id=5PS10974
7HL10443,Organic Lavender Essential Oil from PerfumersWorld,PerfumersWorld,90063-37-9,,0.67,,FALSE,,,,https://www.perfumersworld.com/view.php?pro_id=7HL10443
6QV18436,ORIENTAL F-TEC from PerfumersWorld,PerfumersWorld,Mixture (Perfume Base),,0.26,,FALSE,,,,https://www.perfumersworld.com/view.php?pro_id=6QV18436
6QV10404,Oriental Fleuressence from PerfumersWorld,PerfumersWorld,Mixture (Perfume Base),,0.28,,FALSE,,,,https://www.perfumersworld.com/view.php?pro_id=6QV10404
3IA00343,Orivone from PerfumersWorld,PerfumersWorld,16587-71-6,,0.52,,FALSE,,,,https://www.perfumersworld.com/view.php?pro_id=3IA00343
8IA00344,Orris Concrete Orris Butter from PerfumersWorld,PerfumersWorld,8002-73-1,,21.50,,FALSE,,,,https://www.perfumersworld.com/view.php?pro_id=8IA00344
5IA07847,Orris Concrete Orris Butter 10% in DPG from PerfumersWorld,PerfumersWorld,"8002-73-1|0.1
25265-71-8|0.9",,2.20,,TRUE,Orris Concrete Orris Butter from PerfumersWorld,Dipropylene Glycol (DPG) from PerfumersWorld,0.1,https://www.perfumersworld.com/view.php?pro_id=5IA07847
6IA18245,ORRIS F-TEC from PerfumersWorld,PerfumersWorld,Mixture (Perfume Base),,0.25,,FALSE,,,,https://www.perfumersworld.com/view.php?pro_id=6IA18245
6IA09073,Orris Fleuressence from PerfumersWorld,PerfumersWorld,Mixture (Perfume Base),,0.29,,FALSE,,,,https://www.perfumersworld.com/view.php?pro_id=6IA09073
8IQ24653,Orris Liquid from PerfumersWorld,PerfumersWorld,Not Found,,18.00,,FALSE,,,,https://www.perfumersworld.com/view.php?pro_id=8IQ24653
8ND00346,Osmanthus Absolute from PerfumersWorld,PerfumersWorld,68917-05-5,,18.14,,FALSE,,,,https://www.perfumersworld.com/view.php?pro_id=8ND00346
5ND10990,Osmanthus Absolute 10% in DPG from PerfumersWorld,PerfumersWorld,"68917-05-5|0.1
25265-71-8|0.9",,1.85,,TRUE,Osmanthus Absolute from PerfumersWorld,Dipropylene Glycol (DPG) from PerfumersWorld,0.1,https://www.perfumersworld.com/view.php?pro_id=5ND10990
3WX00347,Osyrol from PerfumersWorld,PerfumersWorld,41890-92-0,,0.49,,FALSE,,,,https://www.perfumersworld.com/view.php?pro_id=3WX00347
6WU07495,Oud Base from PerfumersWorld,PerfumersWorld,Mixture (Perfume Base),,2.04,,FALSE,,,,https://www.perfumersworld.com/view.php?pro_id=6WU07495
6YG18599,OZONE F-TEC from PerfumersWorld,PerfumersWorld,Mixture (Perfume Base),,0.15,,FALSE,,,,https://www.perfumersworld.com/view.php?pro_id=6YG18599
6YG07910,Ozone Fleuressence from PerfumersWorld,PerfumersWorld,Mixture (Perfume Base),,0.17,,FALSE,,,,https://www.perfumersworld.com/view.php?pro_id=6YG07910
6PP18044,P-PHENOL F-TEC from PerfumersWorld,PerfumersWorld,Mixture (Perfume Base),,0.12,,FALSE,,,,https://www.perfumersworld.com/view.php?pro_id=6PP18044
6PP09422,P-Phenol Fleuressence from PerfumersWorld,PerfumersWorld,Mixture (Perfume Base),,0.20,,FALSE,,,,https://www.perfumersworld.com/view.php?pro_id=6PP09422
6FQ21068,Palm Dates Base from PerfumersWorld,PerfumersWorld,Mixture (Perfume Base),,0.40,,FALSE,,,,https://www.perfumersworld.com/view.php?pro_id=6FQ21068
0ZA07555,Palm Oil Fractionated - Fixed Oil (Palm MCT) from PerfumersWorld,PerfumersWorld,8023-79-8,,0.08,,FALSE,,,,https://www.perfumersworld.com/view.php?pro_id=0ZA07555
7RL00353,Palmarosa Essential Oil from PerfumersWorld,PerfumersWorld,8014-19-5,,0.44,,FALSE,,,,https://www.perfumersworld.com/view.php?pro_id=7RL00353
6CN23709,Pamzest from PerfumersWorld,PerfumersWorld,Mixture (Perfume Base),,0.50,,FALSE,,,,https://www.perfumersworld.com/view.php?pro_id=6CN23709
9PP00348,para-Cresol from PerfumersWorld,PerfumersWorld,106-44-5,,0.39,,FALSE,,,,https://www.perfumersworld.com/view.php?pro_id=9PP00348
5PP11272,para-Cresol 10% in DPG from PerfumersWorld,PerfumersWorld,"106-44-5|0.1
25265-71-8|0.9",,0.10,,TRUE,para-Cresol from PerfumersWorld,Dipropylene Glycol (DPG) from PerfumersWorld,0.1,https://www.perfumersworld.com/view.php?pro_id=5PP11272
9PP01951,para-Cresyl Acetate from PerfumersWorld,PerfumersWorld,140-39-6,,0.75,,FALSE,,,,https://www.perfumersworld.com/view.php?pro_id=9PP01951
5PN11524,para-Cresyl Acetate 10% in DPG from PerfumersWorld,PerfumersWorld,"140-39-6|0.1
25265-71-8|0.9",,0.15,,TRUE,para-Cresyl Acetate from PerfumersWorld,Dipropylene Glycol (DPG) from PerfumersWorld,0.1,https://www.perfumersworld.com/view.php?pro_id=5PN11524
4PP00350,para-Cresyl Methyl Ether from PerfumersWorld,PerfumersWorld,104-93-8,,0.18,,FALSE,,,,https://www.perfumersworld.com/view.php?pro_id=4PP00350
5PN08178,para-Cresyl Methyl Ether 10% in DPG from PerfumersWorld,PerfumersWorld,"104-93-8|0.1
25265-71-8|0.9",,0.10,,TRUE,para-Cresyl Methyl Ether from PerfumersWorld,Dipropylene Glycol (DPG) from PerfumersWorld,0.1,https://www.perfumersworld.com/view.php?pro_id=5PN08178
1PF01952,para-Cresyl Phenyl Acetate from PerfumersWorld,PerfumersWorld,101-94-0,,0.89,,FALSE,,,,https://www.perfumersworld.com/view.php?pro_id=1PF01952
5PN07817,para-Cresyl Phenyl Acetate 10% in DPG from PerfumersWorld,PerfumersWorld,"101-94-0|0.1
25265-71-8|0.9",,0.17,,TRUE,para-Cresyl Phenyl Acetate from PerfumersWorld,Dipropylene Glycol (DPG) from PerfumersWorld,0.1,https://www.perfumersworld.com/view.php?pro_id=5PN07817
3NP02253,para-Methyl Acetophenone from PerfumersWorld,PerfumersWorld,122-00-9,,0.15,,FALSE,,,,https://www.perfumersworld.com/view.php?pro_id=3NP02253
4GF14127,Paradisamide from PerfumersWorld,PerfumersWorld,406488-30-0,,0.55,,FALSE,,,,https://www.perfumersworld.com/view.php?pro_id=4GF14127
4IG05175,Parmavert from PerfumersWorld,PerfumersWorld,13257-44-8,,1.65,,FALSE,,,,https://www.perfumersworld.com/view.php?pro_id=4IG05175
5IG11455,Parmavert 10% in DPG from PerfumersWorld,PerfumersWorld,"13257-44-8|0.1
25265-71-8|0.9",,0.19,,TRUE,Parmavert from PerfumersWorld,Dipropylene Glycol (DPG) from PerfumersWorld,0.1,https://www.perfumersworld.com/view.php?pro_id=5IG11455
7SW00970,Parsley Seed Essential Oil from PerfumersWorld,PerfumersWorld,8000-68-8,,1.92,,FALSE,,,,https://www.perfumersworld.com/view.php?pro_id=7SW00970
5SH08967,Parsley Seed Oil 10% in DPG from PerfumersWorld,PerfumersWorld,"8000-68-8|0.1
25265-71-8|0.9",,0.22,,TRUE,Parsley Seed Oil from PerfumersWorld,Dipropylene Glycol (DPG) from PerfumersWorld,0.1,https://www.perfumersworld.com/view.php?pro_id=5SH08967
7WB00357,Patchouli Essential Oil from PerfumersWorld,PerfumersWorld,84238-39-1,,0.96,,FALSE,,,,https://www.perfumersworld.com/view.php?pro_id=7WB00357
6WB18685,PATCHOULI F-TEC from PerfumersWorld,PerfumersWorld,Mixture (Perfume Base),,0.45,,FALSE,,,,https://www.perfumersworld.com/view.php?pro_id=6WB18685
6WB09123,Patchouli Fleuressence from PerfumersWorld,PerfumersWorld,Mixture (Perfume Base),,0.50,,FALSE,,,,https://www.perfumersworld.com/view.php?pro_id=6WB09123
7WB13670,Patchouli Light Essential Oil from PerfumersWorld,PerfumersWorld,8014-09-3,,0.35,,FALSE,,,,https://www.perfumersworld.com/view.php?pro_id=7WB13670
6FD18170,PEACH F-TEC from PerfumersWorld,PerfumersWorld,Mixture (Perfume Base),,0.15,,FALSE,,,,https://www.perfumersworld.com/view.php?pro_id=6FD18170
6FD08610,Peach Fleuressence from PerfumersWorld,PerfumersWorld,Mixture (Perfume Base),,0.20,,FALSE,,,,https://www.perfumersworld.com/view.php?pro_id=6FD08610
3RB12753,Peonile from PerfumersWorld,PerfumersWorld,10461-98-0,,0.20,,FALSE,,,,https://www.perfumersworld.com/view.php?pro_id=3RB12753
7BB00360,Peppermint Essential Oil from PerfumersWorld,PerfumersWorld,8006-90-4,,0.20,,FALSE,,,,https://www.perfumersworld.com/view.php?pro_id=7BB00360
6BB18120,PEPPERMINT F-TEC from PerfumersWorld,PerfumersWorld,Mixture (Perfume Base),,0.12,,FALSE,,,,https://www.perfumersworld.com/view.php?pro_id=6BB18120
6BB09016,Peppermint Fleuressence from PerfumersWorld,PerfumersWorld,Mixture (Perfume Base),,0.16,,FALSE,,,,https://www.perfumersworld.com/view.php?pro_id=6BB09016
2QV00363,Peru Balsam Resinoid from PerfumersWorld,PerfumersWorld,8007-00-9,,0.78,,FALSE,,,,https://www.perfumersworld.com/view.php?pro_id=2QV00363
5QV12476,Peru Balsam Resinoid 50% in BB from PerfumersWorld,PerfumersWorld,"8007-00-9|0.5
120-51-4|0.5",,0.46,,TRUE,Peru Balsam Resinoid from PerfumersWorld,Benzyl Benzoate (BB) from PerfumersWorld,0.5,https://www.perfumersworld.com/view.php?pro_id=5QV12476
5QV10578,Peru Balsam Resinoid 50% in DPG from PerfumersWorld,PerfumersWorld,"8007-00-9|0.5
25265-71-8|0.5",,0.45,,TRUE,Peru Balsam Resinoid from PerfumersWorld,Dipropylene Glycol (DPG) from PerfumersWorld,0.5,https://www.perfumersworld.com/view.php?pro_id=5QV10578
6CN24668,Petigrain Bigarade from PerfumersWorld,PerfumersWorld,Mixture (Perfume Base),,0.45,,FALSE,,,,https://www.perfumersworld.com/view.php?pro_id=6CN24668
7CN00364,Petitgrain Essential Oil Paraguay from PerfumersWorld,PerfumersWorld,8014-17-3,,0.65,,FALSE,,,,https://www.perfumersworld.com/view.php?pro_id=7CN00364
3RB00369,Phenoxy Ethyl Isobutyrate from PerfumersWorld,PerfumersWorld,103-60-6,,0.17,,FALSE,,,,https://www.perfumersworld.com/view.php?pro_id=3RB00369
5GN10163,Phenyl acetaldehyde 10% in DPG from PerfumersWorld,PerfumersWorld,"122-78-1|0.1
25265-71-8|0.9",,0.09,,TRUE,Phenyl acetaldehyde from PerfumersWorld,Dipropylene Glycol (DPG) from PerfumersWorld,0.1,https://www.perfumersworld.com/view.php?pro_id=5GN10163
5GP07498,Phenyl acetaldehyde 50% in PEA from PerfumersWorld,PerfumersWorld,122-78-1|0.5,,0.32,,TRUE,Phenyl acetaldehyde from PerfumersWorld,PEA from PerfumersWorld,0.5,https://www.perfumersworld.com/view.php?pro_id=5GP07498
5GP07497,Phenyl Acetaldehyde 85% in PEA from PerfumersWorld,PerfumersWorld,122-78-1|0.85,,0.35,,TRUE,Phenyl Acetaldehyde from PerfumersWorld,PEA from PerfumersWorld,0.85,https://www.perfumersworld.com/view.php?pro_id=5GP07497
4GN00382,Phenyl Acetaldehyde Dimethyl Acetal (PADMA) from PerfumersWorld,PerfumersWorld,101-48-4,,0.25,,FALSE,,,,https://www.perfumersworld.com/view.php?pro_id=4GN00382
5GN08326,Phenyl Acetaldehyde Dimethyl Acetal (PADMA) 10% in DPG from PerfumersWorld,PerfumersWorld,"101-48-4|0.1
25265-71-8|0.9",,0.13,,TRUE,Phenyl Acetaldehyde Dimethyl Acetal (PADMA) from PerfumersWorld,Dipropylene Glycol (DPG) from PerfumersWorld,0.1,https://www.perfumersworld.com/view.php?pro_id=5GN08326
3RP00371,Phenyl Ethyl Acetate from PerfumersWorld,PerfumersWorld,103-45-7,,0.20,,FALSE,,,,https://www.perfumersworld.com/view.php?pro_id=3RP00371
3RM00358,Phenyl Ethyl Alcohol (PEA) from PerfumersWorld,PerfumersWorld,60-12-8,,0.07,,FALSE,,,,https://www.perfumersworld.com/view.php?pro_id=3RM00358
3MR02826,Phenyl Ethyl Dimethyl Carbinol from PerfumersWorld,PerfumersWorld,103-05-9,,0.41,,FALSE,,,,https://www.perfumersworld.com/view.php?pro_id=3MR02826
3LR00160,Phenyl Ethyl Dimethyl Carbinyl Acetate from PerfumersWorld,PerfumersWorld,103-07-1,,0.63,,FALSE,,,,https://www.perfumersworld.com/view.php?pro_id=3LR00160
4RW00373,Phenyl Ethyl Formate from PerfumersWorld,PerfumersWorld,104-62-1,,0.34,,FALSE,,,,https://www.perfumersworld.com/view.php?pro_id=4RW00373
4RL00374,Phenyl Ethyl Isoamyl Ether from PerfumersWorld,PerfumersWorld,56011-02-0,,0.15,,FALSE,,,,https://www.perfumersworld.com/view.php?pro_id=4RL00374
5RL08476,Phenyl Ethyl Isoamyl Ether 10% in DPG from PerfumersWorld,PerfumersWorld,"56011-02-0|0.1
25265-71-8|0.9",,0.06,,TRUE,Phenyl Ethyl Isoamyl Ether from PerfumersWorld,Dipropylene Glycol (DPG) from PerfumersWorld,0.1,https://www.perfumersworld.com/view.php?pro_id=5RL08476
3RB00375,Phenyl Ethyl Isobutyrate from PerfumersWorld,PerfumersWorld,103-48-0,,0.22,,FALSE,,,,https://www.perfumersworld.com/view.php?pro_id=3RB00375
3RP00377,Phenyl Ethyl Phenyl Acetate from PerfumersWorld,PerfumersWorld,102-20-5,,0.32,,FALSE,,,,https://www.perfumersworld.com/view.php?pro_id=3RP00377
5RP07854,Phenyl Ethyl Phenyl Acetate 50% in DPG from PerfumersWorld,PerfumersWorld,"102-20-5|0.5
25265-71-8|0.5",,0.20,,TRUE,Phenyl Ethyl Phenyl Acetate from PerfumersWorld,Dipropylene Glycol (DPG) from PerfumersWorld,0.5,https://www.perfumersworld.com/view.php?pro_id=5RP07854
1RO05275,Phenyl Ethyl Salicylate from PerfumersWorld,PerfumersWorld,87-22-9,,0.35,,FALSE,,,,https://www.perfumersworld.com/view.php?pro_id=1RO05275
5RO12473,Phenyl Ethyl Salicylate 10% in DPG from PerfumersWorld,PerfumersWorld,"87-22-9|0.1
25265-71-8|0.9",,0.09,,TRUE,Phenyl Ethyl Salicylate from PerfumersWorld,Dipropylene Glycol (DPG) from PerfumersWorld,0.1,https://www.perfumersworld.com/view.php?pro_id=5RO12473
3GN00379,Phenyl Propyl Alcohol from PerfumersWorld,PerfumersWorld,122-97-4,,0.20,,FALSE,,,,https://www.perfumersworld.com/view.php?pro_id=3GN00379
3WI00384,Physeol from PerfumersWorld,PerfumersWorld,68845-00-1,,1.80,,FALSE,,,,https://www.perfumersworld.com/view.php?pro_id=3WI00384
7KQ07511,Pine Essential Oil from PerfumersWorld,PerfumersWorld,84012-35-1,,0.09,,FALSE,,,,https://www.perfumersworld.com/view.php?pro_id=7KQ07511
6KL18318,PINE F-TEC from PerfumersWorld,PerfumersWorld,Mixture (Perfume Base),,0.15,,FALSE,,,,https://www.perfumersworld.com/view.php?pro_id=6KL18318
6KL09075,Pine Fleuressence from PerfumersWorld,PerfumersWorld,Mixture (Perfume Base),,0.19,,FALSE,,,,https://www.perfumersworld.com/view.php?pro_id=6KL09075
7KH08741,Pine Needle Essential Oil from PerfumersWorld,PerfumersWorld,8021-29-2,,0.35,,FALSE,,,,https://www.perfumersworld.com/view.php?pro_id=7KH08741
6KH18319,PINE NEEDLE F-TEC from PerfumersWorld,PerfumersWorld,Mixture (Perfume Base),,0.35,,FALSE,,,,https://www.perfumersworld.com/view.php?pro_id=6KH18319
6KH08503,Pine Needle Fleuressence from PerfumersWorld,PerfumersWorld,Mixture (Perfume Base),,0.34,,FALSE,,,,https://www.perfumersworld.com/view.php?pro_id=6KH08503
6FC18181,PINEAPPLE F-TEC from PerfumersWorld,PerfumersWorld,Mixture (Perfume Base),,0.10,,FALSE,,,,https://www.perfumersworld.com/view.php?pro_id=6FC18181
6FC08433,Pineapple Fleuressence from PerfumersWorld,PerfumersWorld,Mixture (Perfume Base),,0.14,,FALSE,,,,https://www.perfumersworld.com/view.php?pro_id=6FC08433
7SC00941,Pink Pepper Essential Oil from PerfumersWorld,PerfumersWorld,68917-52-2,,4.92,,FALSE,,,,https://www.perfumersworld.com/view.php?pro_id=7SC00941
3VN06814,Piperonyl acetate from PerfumersWorld,PerfumersWorld,326-61-4,,0.98,,FALSE,,,,https://www.perfumersworld.com/view.php?pro_id=3VN06814
7HS07556,Plai Essential Oil Siam from PerfumersWorld,PerfumersWorld,8016-63-5,,0.52,,FALSE,,,,https://www.perfumersworld.com/view.php?pro_id=7HS07556
3WM16912,Polysantol from PerfumersWorld,PerfumersWorld,107898-54-4,,1.40,,FALSE,,,,https://www.perfumersworld.com/view.php?pro_id=3WM16912
7CN23708,Pomelo Essential Oil from PerfumersWorld,PerfumersWorld,8016-20-4,,1.00,,FALSE,,,,https://www.perfumersworld.com/view.php?pro_id=7CN23708
6AJ18111,POWDERY F-TEC from PerfumersWorld,PerfumersWorld,Mixture (Perfume Base),,0.15,,FALSE,,,,https://www.perfumersworld.com/view.php?pro_id=6AJ18111
6AJ12410,Powdery Fleuressence from PerfumersWorld,PerfumersWorld,Mixture (Perfume Base),,0.19,,FALSE,,,,https://www.perfumersworld.com/view.php?pro_id=6AJ12410
3MC11054,Precyclemone B from PerfumersWorld,PerfumersWorld,52474-60-9,,0.25,,FALSE,,,,https://www.perfumersworld.com/view.php?pro_id=3MC11054
3FG00387,Prenyl Acetate from PerfumersWorld,PerfumersWorld,1191-16-8,,0.12,,FALSE,,,,https://www.perfumersworld.com/view.php?pro_id=3FG00387
STRIP14C,Professional 14cm Smelling Strips from PerfumersWorld,PerfumersWorld,Not Found,,1.50,,FALSE,,,,https://www.perfumersworld.com/view.php?pro_id=STRIP14C
PRONO-RM,PROFESSIONAL COURSE ONLINE (FULL 10 UNITS - NO MATERIALS) from PerfumersWorld,PerfumersWorld,Not Found,,1190.00,,FALSE,,,,https://www.perfumersworld.com/view.php?pro_id=PRONO-RM
PRO1FULL,PROFESSIONAL COURSE ONLINE (FULL 10 UNITS inc. 160+ RM Kit) from PerfumersWorld,PerfumersWorld,Not Found,,1550.00,,FALSE,,,,https://www.perfumersworld.com/view.php?pro_id=PRO1FULL
PROPAY11,PROFESSIONAL COURSE ONLINE UNIT 11 from PerfumersWorld,PerfumersWorld,Not Found,,229.11,,FALSE,,,,https://www.perfumersworld.com/view.php?pro_id=PROPAY11
PROPAY12,PROFESSIONAL COURSE ONLINE UNIT 12 from PerfumersWorld,PerfumersWorld,Not Found,,229.12,,FALSE,,,,https://www.perfumersworld.com/view.php?pro_id=PROPAY12
PROPAY13,PROFESSIONAL COURSE ONLINE UNIT 13 from PerfumersWorld,PerfumersWorld,Not Found,,229.13,,FALSE,,,,https://www.perfumersworld.com/view.php?pro_id=PROPAY13
PROPAY14,PROFESSIONAL COURSE ONLINE UNIT 14 from PerfumersWorld,PerfumersWorld,Not Found,,229.14,,FALSE,,,,https://www.perfumersworld.com/view.php?pro_id=PROPAY14
PROPAY15,PROFESSIONAL COURSE ONLINE UNIT 15 from PerfumersWorld,PerfumersWorld,Not Found,,229.15,,FALSE,,,,https://www.perfumersworld.com/view.php?pro_id=PROPAY15
PROPAY16,PROFESSIONAL COURSE ONLINE UNIT 16 from PerfumersWorld,PerfumersWorld,Not Found,,229.16,,FALSE,,,,https://www.perfumersworld.com/view.php?pro_id=PROPAY16
PROPAY17,PROFESSIONAL COURSE ONLINE UNIT 17 from PerfumersWorld,PerfumersWorld,Not Found,,229.17,,FALSE,,,,https://www.perfumersworld.com/view.php?pro_id=PROPAY17
PROPAY18,PROFESSIONAL COURSE ONLINE UNIT 18 from PerfumersWorld,PerfumersWorld,Not Found,,229.18,,FALSE,,,,https://www.perfumersworld.com/view.php?pro_id=PROPAY18
PROPAY19,PROFESSIONAL COURSE ONLINE UNIT 19 from PerfumersWorld,PerfumersWorld,Not Found,,229.19,,FALSE,,,,https://www.perfumersworld.com/view.php?pro_id=PROPAY19
PROPAY20,PROFESSIONAL COURSE ONLINE UNIT 20 from PerfumersWorld,PerfumersWorld,Not Found,,229.20,,FALSE,,,,https://www.perfumersworld.com/view.php?pro_id=PROPAY20
0ZP00365,Propylene Glycol (PG) from PerfumersWorld,PerfumersWorld,57-55-6,,0.06,,FALSE,,,,https://www.perfumersworld.com/view.php?pro_id=0ZP00365
6FD18956,PRUNE F-TEC from PerfumersWorld,PerfumersWorld,Mixture (Perfume Base),,0.15,,FALSE,,,,https://www.perfumersworld.com/view.php?pro_id=6FD18956
6FD07547,Prune Fleuressence from PerfumersWorld,PerfumersWorld,Mixture (Perfume Base),,0.14,,FALSE,,,,https://www.perfumersworld.com/view.php?pro_id=6FD07547
6XZ10738,PWx Factor from PerfumersWorld,PerfumersWorld,Mixture (Perfume Base),,0.62,,FALSE,,,,https://www.perfumersworld.com/view.php?pro_id=6XZ10738
6XZ12347,PWx Oil Factor - Natural from PerfumersWorld,PerfumersWorld,Mixture (Perfume Base),,0.62,,FALSE,,,,https://www.perfumersworld.com/view.php?pro_id=6XZ12347
9UY19188,Pyralone from PerfumersWorld,PerfumersWorld,65442-31-1,,2.70,,FALSE,,,,https://www.perfumersworld.com/view.php?pro_id=9UY19188
5UY19282,Pyralone 10% in DPG from PerfumersWorld,PerfumersWorld,"65442-31-1|0.1
25265-71-8|0.9",,0.30,,TRUE,Pyralone from PerfumersWorld,Dipropylene Glycol (DPG) from PerfumersWorld,0.1,https://www.perfumersworld.com/view.php?pro_id=5UY19282
6QV18045,Q-QUEEN F-TEC from PerfumersWorld,PerfumersWorld,Mixture (Perfume Base),,0.16,,FALSE,,,,https://www.perfumersworld.com/view.php?pro_id=6QV18045
6QV09582,Q-Queen of the Orient Fleuressence from PerfumersWorld,PerfumersWorld,Mixture (Perfume Base),,0.22,,FALSE,,,,https://www.perfumersworld.com/view.php?pro_id=6QV09582
6RR18074,R-ROSE F-TEC from PerfumersWorld,PerfumersWorld,Mixture (Perfume Base),,0.15,,FALSE,,,,https://www.perfumersworld.com/view.php?pro_id=6RR18074
6RR07636,R-Rose Fleuressence from PerfumersWorld,PerfumersWorld,Mixture (Perfume Base),,0.20,,FALSE,,,,https://www.perfumersworld.com/view.php?pro_id=6RR07636
6FV18190,RASPBERRY F-TEC from PerfumersWorld,PerfumersWorld,Mixture (Perfume Base),,0.12,,FALSE,,,,https://www.perfumersworld.com/view.php?pro_id=6FV18190
6FV08343,Raspberry Fleuressence from PerfumersWorld,PerfumersWorld,Mixture (Perfume Base),,0.14,,FALSE,,,,https://www.perfumersworld.com/view.php?pro_id=6FV08343
1FL00392,Raspberry Ketone from PerfumersWorld,PerfumersWorld,5471-51-2,,0.36,,FALSE,,,,https://www.perfumersworld.com/view.php?pro_id=1FL00392
5FL07524,Raspberry Ketone 10% in DPG from PerfumersWorld,PerfumersWorld,"5471-51-2|0.1
25265-71-8|0.9",,0.09,,TRUE,Raspberry Ketone from PerfumersWorld,Dipropylene Glycol (DPG) from PerfumersWorld,0.1,https://www.perfumersworld.com/view.php?pro_id=5FL07524
5ES18560,Red Saffron Infusion from PerfumersWorld,PerfumersWorld,8022-19-3,,2.02,,FALSE,,,,https://www.perfumersworld.com/view.php?pro_id=5ES18560
GCMSCOPY,Reproduce my Perfume Sample from GCMS from PerfumersWorld,PerfumersWorld,Not Found,,699.00,,FALSE,,,,https://www.perfumersworld.com/view.php?pro_id=GCMSCOPY
3RB07724,Rhodinol ex Citronella from PerfumersWorld,PerfumersWorld,68916-43-8,,0.20,,FALSE,,,,https://www.perfumersworld.com/view.php?pro_id=3RB07724
7RB23711,Rhodinol Ex-Natural from PerfumersWorld,PerfumersWorld,6812-78-8,,1.50,,FALSE,,,,https://www.perfumersworld.com/view.php?pro_id=7RB23711
3FL06757,Rhubofix from PerfumersWorld,PerfumersWorld,41816-03-9,,1.90,,FALSE,,,,https://www.perfumersworld.com/view.php?pro_id=3FL06757
0ZA01442,Rice Bran Oil - Fixed Oil from PerfumersWorld,PerfumersWorld,68553-81-1,,0.07,,FALSE,,,,https://www.perfumersworld.com/view.php?pro_id=0ZA01442
7HH00104,Roman Chamomile Essential Oil from PerfumersWorld,PerfumersWorld,8015-92-7,,4.77,,FALSE,,,,https://www.perfumersworld.com/view.php?pro_id=7HH00104
5HH09983,Roman Chamomile Essential Oil 10% in DPG from PerfumersWorld,PerfumersWorld,"8015-92-7|0.1
25265-71-8|0.9",,0.52,,TRUE,Roman Chamomile Essential Oil from PerfumersWorld,Dipropylene Glycol (DPG) from PerfumersWorld,0.1,https://www.perfumersworld.com/view.php?pro_id=5HH09983
3XU22379,Romandolide from PerfumersWorld,PerfumersWorld,236391-76-7,,0.30,,FALSE,,,,https://www.perfumersworld.com/view.php?pro_id=3XU22379
6EY09115,Root Fleuressence from PerfumersWorld,PerfumersWorld,Mixture (Perfume Base),,0.20,,FALSE,,,,https://www.perfumersworld.com/view.php?pro_id=6EY09115
4RA00394,Rosalva from PerfumersWorld,PerfumersWorld,13019-22-2,,0.89,,FALSE,,,,https://www.perfumersworld.com/view.php?pro_id=4RA00394
5RA07537,Rosalva 10% in DPG from PerfumersWorld,PerfumersWorld,"13019-22-2|0.1
25265-71-8|0.9",,0.11,,TRUE,Rosalva from PerfumersWorld,Dipropylene Glycol (DPG) from PerfumersWorld,0.1,https://www.perfumersworld.com/view.php?pro_id=5RA07537
4RM06950,Rose Absolute Pentalol (Mefrosol) from PerfumersWorld,PerfumersWorld,55066-48-3,,0.97,,FALSE,,,,https://www.perfumersworld.com/view.php?pro_id=4RM06950
6AR18117,ROSE ALDEHYDE F-TEC from PerfumersWorld,PerfumersWorld,Mixture (Perfume Base),,0.16,,FALSE,,,,https://www.perfumersworld.com/view.php?pro_id=6AR18117
6AR09113,Rose Aldehyde Fleuressence from PerfumersWorld,PerfumersWorld,Mixture (Perfume Base),,0.20,,FALSE,,,,https://www.perfumersworld.com/view.php?pro_id=6AR09113
8RM00395,Rose de Mai Absolute from PerfumersWorld,PerfumersWorld,8007-01-0,,13.00,,FALSE,,,,https://www.perfumersworld.com/view.php?pro_id=8RM00395
5RM07856,Rose de Mai Absolute 10% in DPG from PerfumersWorld,PerfumersWorld,"8007-01-0|0.1
25265-71-8|0.9",,1.35,,TRUE,Rose de Mai Absolute from PerfumersWorld,Dipropylene Glycol (DPG) from PerfumersWorld,0.1,https://www.perfumersworld.com/view.php?pro_id=5RM07856
6RM18942,ROSE DE MAI F-TEC from PerfumersWorld,PerfumersWorld,Mixture (Perfume Base),,0.15,,FALSE,,,,https://www.perfumersworld.com/view.php?pro_id=6RM18942
6RM09423,Rose de Mai Fleuressence from PerfumersWorld,PerfumersWorld,Mixture (Perfume Base),,0.32,,FALSE,,,,https://www.perfumersworld.com/view.php?pro_id=6RM09423
8RR00397,Rose Otto Anatolian from PerfumersWorld,PerfumersWorld,8007-01-0,,30.27,,FALSE,,,,https://www.perfumersworld.com/view.php?pro_id=8RR00397
5RB10952,Rose Otto Anatolian 10% in DPG from PerfumersWorld,PerfumersWorld,"8007-01-0|0.1
25265-71-8|0.9",,3.32,,TRUE,Rose Otto Anatolian from PerfumersWorld,Dipropylene Glycol (DPG) from PerfumersWorld,0.1,https://www.perfumersworld.com/view.php?pro_id=5RB10952
7RB00900,Rose Otto Bulgarian from PerfumersWorld,PerfumersWorld,8007-01-0,,40.02,,FALSE,,,,https://www.perfumersworld.com/view.php?pro_id=7RB00900
5RR12478,Rose Otto Bulgarian 10% in DPG from PerfumersWorld,PerfumersWorld,"8007-01-0|0.1
25265-71-8|0.9",,4.12,,TRUE,Rose Otto Bulgarian from PerfumersWorld,Dipropylene Glycol (DPG) from PerfumersWorld,0.1,https://www.perfumersworld.com/view.php?pro_id=5RR12478
6RB18944,ROSE OTTO F-TEC from PerfumersWorld,PerfumersWorld,Mixture (Perfume Base),,0.29,,FALSE,,,,https://www.perfumersworld.com/view.php?pro_id=6RB18944
6RB00398,Rose Otto Fleuressence from PerfumersWorld,PerfumersWorld,Mixture (Perfume Base),,0.45,,FALSE,,,,https://www.perfumersworld.com/view.php?pro_id=6RB00398
4RL00399,Rose Oxide from PerfumersWorld,PerfumersWorld,16409-43-1,,0.43,,FALSE,,,,https://www.perfumersworld.com/view.php?pro_id=4RL00399
5RL07536,Rose Oxide 10% in DPG from PerfumersWorld,PerfumersWorld,"16409-43-1|0.1
25265-71-8|0.9",,0.15,,TRUE,Rose Oxide from PerfumersWorld,Dipropylene Glycol (DPG) from PerfumersWorld,0.1,https://www.perfumersworld.com/view.php?pro_id=5RL07536
6RM18941,ROSE PETAL F-TEC from PerfumersWorld,PerfumersWorld,Mixture (Perfume Base),,0.12,,FALSE,,,,https://www.perfumersworld.com/view.php?pro_id=6RM18941
6RM07757,Rose Petal Fleuressence from PerfumersWorld,PerfumersWorld,Mixture (Perfume Base),,0.14,,FALSE,,,,https://www.perfumersworld.com/view.php?pro_id=6RM07757
0ZV01349,Rosemary Antioxidant - Extract from PerfumersWorld,PerfumersWorld,84604-14-8,,0.65,,FALSE,,,,https://www.perfumersworld.com/view.php?pro_id=0ZV01349
7HB00400,Rosemary Essential Oil from PerfumersWorld,PerfumersWorld,8000-25-7,,0.35,,FALSE,,,,https://www.perfumersworld.com/view.php?pro_id=7HB00400
6HB18237,ROSEMARY F-TEC from PerfumersWorld,PerfumersWorld,Mixture (Perfume Base),,0.20,,FALSE,,,,https://www.perfumersworld.com/view.php?pro_id=6HB18237
6HB09063,Rosemary Fleuressence from PerfumersWorld,PerfumersWorld,Mixture (Perfume Base),,0.26,,FALSE,,,,https://www.perfumersworld.com/view.php?pro_id=6HB09063
7LW00401,Rosewood Leaf Essential Oil from PerfumersWorld,PerfumersWorld,8015-77-8,,2.50,,FALSE,,,,https://www.perfumersworld.com/view.php?pro_id=7LW00401
1RP05672,Rosone Rose Crystals from PerfumersWorld,PerfumersWorld,90-17-5,,0.12,,FALSE,,,,https://www.perfumersworld.com/view.php?pro_id=1RP05672
5RP08966,Rosone Rose Crystals 10% in DEP from PerfumersWorld,PerfumersWorld,"90-17-5|0.1
84-66-2|0.9",,0.09,,TRUE,Rosone Rose Crystals from PerfumersWorld,Diethyl Phthalate (DEP) from PerfumersWorld,0.1,https://www.perfumersworld.com/view.php?pro_id=5RP08966
5RP07870,Rosone Rose Crystals 10% in DPG from PerfumersWorld,PerfumersWorld,"90-17-5|0.1
25265-71-8|0.9",,0.09,,TRUE,Rosone Rose Crystals from PerfumersWorld,Dipropylene Glycol (DPG) from PerfumersWorld,0.1,https://www.perfumersworld.com/view.php?pro_id=5RP07870
6SP18049,S-SPICE F-TEC from PerfumersWorld,PerfumersWorld,Mixture (Perfume Base),,0.15,,FALSE,,,,https://www.perfumersworld.com/view.php?pro_id=6SP18049
6SP12451,S-Spice Fleuressence from PerfumersWorld,PerfumersWorld,Mixture (Perfume Base),,0.22,,FALSE,,,,https://www.perfumersworld.com/view.php?pro_id=6SP12451
0ZV01445,Safflower Oil - Fixed Oil from PerfumersWorld,PerfumersWorld,8001-23-8,,0.09,,FALSE,,,,https://www.perfumersworld.com/view.php?pro_id=0ZV01445
4ES00402,Saffranal from PerfumersWorld,PerfumersWorld,116-26-7,,3.74,,FALSE,,,,https://www.perfumersworld.com/view.php?pro_id=4ES00402
5ES07841,Saffranal 10% in DPG from PerfumersWorld,PerfumersWorld,"116-26-7|0.1
25265-71-8|0.9",,0.42,,TRUE,Saffranal from PerfumersWorld,Dipropylene Glycol (DPG) from PerfumersWorld,0.1,https://www.perfumersworld.com/view.php?pro_id=5ES07841
6EV18158,SAFFRON F-TEC from PerfumersWorld,PerfumersWorld,Mixture (Perfume Base),,0.25,,FALSE,,,,https://www.perfumersworld.com/view.php?pro_id=6EV18158
6EV12393,Saffron Fleuressence from PerfumersWorld,PerfumersWorld,Mixture (Perfume Base),,0.20,,FALSE,,,,https://www.perfumersworld.com/view.php?pro_id=6EV12393
7ES01835,Saffron Oil Light from PerfumersWorld,PerfumersWorld,8022-19-3,,2.02,,FALSE,,,,https://www.perfumersworld.com/view.php?pro_id=7ES01835
4ES11978,Safraleine from PerfumersWorld,PerfumersWorld,54440-17-4,,1.15,,FALSE,,,,https://www.perfumersworld.com/view.php?pro_id=4ES11978
5ES09556,Safranal 1% in DPG from PerfumersWorld,PerfumersWorld,"116-26-7|0.01
25265-71-8|0.99",,0.12,,TRUE,Safranal from PerfumersWorld,Dipropylene Glycol (DPG) from PerfumersWorld,0.01,https://www.perfumersworld.com/view.php?pro_id=5ES09556
7HP00403,Sage Dalmation Essential Oil from PerfumersWorld,PerfumersWorld,8022-56-8,,0.80,,FALSE,,,,https://www.perfumersworld.com/view.php?pro_id=7HP00403
GCMSEXTR,Sample Extraction for GCMS Analysis from PerfumersWorld,PerfumersWorld,Not Found,,102.00,,FALSE,,,,https://www.perfumersworld.com/view.php?pro_id=GCMSEXTR
SAMPLS01,Sample Set No.01 The Perfumer&#39;s Formulation Bulletin from PerfumersWorld,PerfumersWorld,Not Found,,56.00,,FALSE,,,,https://www.perfumersworld.com/view.php?pro_id=SAMPLS01
SAMPLS02,Sample Set No.02 The Perfumer&#39;s Formulation Bulletin from PerfumersWorld,PerfumersWorld,Not Found,,56.00,,FALSE,,,,https://www.perfumersworld.com/view.php?pro_id=SAMPLS02
SAMPLS03,Sample Set No.03 The Perfumer&#39;s Formulation Bulletin from PerfumersWorld,PerfumersWorld,Not Found,,56.00,,FALSE,,,,https://www.perfumersworld.com/view.php?pro_id=SAMPLS03
SAMPLS04,Sample Set No.04 The Perfumer&#39;s Formulation Bulletin from PerfumersWorld,PerfumersWorld,Not Found,,56.00,,FALSE,,,,https://www.perfumersworld.com/view.php?pro_id=SAMPLS04
SAMPLS05,Sample Set No.05 The Perfumer&#39;s Formulation Bulletin from PerfumersWorld,PerfumersWorld,Not Found,,56.00,,FALSE,,,,https://www.perfumersworld.com/view.php?pro_id=SAMPLS05
SAMPLS06,Sample Set No.06 The Perfumer&#39;s Formulation Bulletin from PerfumersWorld,PerfumersWorld,Not Found,,56.00,,FALSE,,,,https://www.perfumersworld.com/view.php?pro_id=SAMPLS06
SAMPLS07,Sample Set No.07 The Perfumer&#39;s Formulation Bulletin from PerfumersWorld,PerfumersWorld,Not Found,,56.00,,FALSE,,,,https://www.perfumersworld.com/view.php?pro_id=SAMPLS07
SAMPLS08,Sample Set No.08 The Perfumer&#39;s Formulation Bulletin from PerfumersWorld,PerfumersWorld,Not Found,,56.00,,FALSE,,,,https://www.perfumersworld.com/view.php?pro_id=SAMPLS08
SAMPLS09,Sample Set No.09 The Perfumer&#39;s Formulation Bulletin from PerfumersWorld,PerfumersWorld,Not Found,,56.00,,FALSE,,,,https://www.perfumersworld.com/view.php?pro_id=SAMPLS09
SAMPLS10,Sample Set No.10 The Perfumer&#39;s Formulation Bulletin from PerfumersWorld,PerfumersWorld,Not Found,,56.00,,FALSE,,,,https://www.perfumersworld.com/view.php?pro_id=SAMPLS10
SAMPLS11,Sample Set No.11 The Perfumer&#39;s Formulation Bulletin from PerfumersWorld,PerfumersWorld,Not Found,,56.00,,FALSE,,,,https://www.perfumersworld.com/view.php?pro_id=SAMPLS11
SAMPLS12,Sample Set No.12 The Perfumer&#39;s Formulation Bulletin from PerfumersWorld,PerfumersWorld,Not Found,,56.00,,FALSE,,,,https://www.perfumersworld.com/view.php?pro_id=SAMPLS12
SAMPLS13,Sample Set No.13 The Perfumer&#39;s Formulation Bulletin from PerfumersWorld,PerfumersWorld,Not Found,,56.00,,FALSE,,,,https://www.perfumersworld.com/view.php?pro_id=SAMPLS13
SAMPLS14,Sample Set No.14 The Perfumer&#39;s Formulation Bulletin from PerfumersWorld,PerfumersWorld,Not Found,,56.00,,FALSE,,,,https://www.perfumersworld.com/view.php?pro_id=SAMPLS14
SAMPLS15,Sample Set No.15 The Perfumer&#39;s Formulation Bulletin from PerfumersWorld,PerfumersWorld,Not Found,,56.00,,FALSE,,,,https://www.perfumersworld.com/view.php?pro_id=SAMPLS15
SAMPLS16,Sample Set No.16 The Perfumer&#39;s Formulation Bulletin from PerfumersWorld,PerfumersWorld,Not Found,,56.00,,FALSE,,,,https://www.perfumersworld.com/view.php?pro_id=SAMPLS16
SAMPLS17,Sample Set No.17 The Perfumer&#39;s Formulation Bulletin from PerfumersWorld,PerfumersWorld,Not Found,,56.00,,FALSE,,,,https://www.perfumersworld.com/view.php?pro_id=SAMPLS17
SAMPLS18,Sample Set No.18 The Perfumer&#39;s Formulation Bulletin from PerfumersWorld,PerfumersWorld,Not Found,,56.00,,FALSE,,,,https://www.perfumersworld.com/view.php?pro_id=SAMPLS18
SAMPLS19,Sample Set No.19 The Perfumer&#39;s Formulation Bulletin from PerfumersWorld,PerfumersWorld,Not Found,,56.00,,FALSE,,,,https://www.perfumersworld.com/view.php?pro_id=SAMPLS19
SAMPLS20,Sample Set No.20 The Perfumer&#39;s Formulation Bulletin from PerfumersWorld,PerfumersWorld,Not Found,,56.00,,FALSE,,,,https://www.perfumersworld.com/view.php?pro_id=SAMPLS20
4WX00405,Sandalore from PerfumersWorld,PerfumersWorld,65113-99-7,,0.22,,FALSE,,,,https://www.perfumersworld.com/view.php?pro_id=4WX00405
6WX07911,Sandalwood Base from PerfumersWorld,PerfumersWorld,Mixture (Perfume Base),,2.22,,FALSE,,,,https://www.perfumersworld.com/view.php?pro_id=6WX07911
6WX24054,Sandalwood Base X3 from PerfumersWorld,PerfumersWorld,Mixture (Perfume Base),,0.27,,FALSE,,,,https://www.perfumersworld.com/view.php?pro_id=6WX24054
7WX00406,Sandalwood Essential Oil from PerfumersWorld,PerfumersWorld,84787-70-2,,6.52,,FALSE,,,,https://www.perfumersworld.com/view.php?pro_id=7WX00406
5WX12225,Sandalwood Essential Oil 10% in DPG from PerfumersWorld,PerfumersWorld,"84787-70-2|0.1
25265-71-8|0.9",,0.71,,TRUE,Sandalwood Essential Oil from PerfumersWorld,Dipropylene Glycol (DPG) from PerfumersWorld,0.1,https://www.perfumersworld.com/view.php?pro_id=5WX12225
6WX09344,Sandalwood Extra 208 from PerfumersWorld,PerfumersWorld,Mixture (Perfume Base),,0.94,,FALSE,,,,https://www.perfumersworld.com/view.php?pro_id=6WX09344
6WX18686,SANDALWOOD F-TEC from PerfumersWorld,PerfumersWorld,Mixture (Perfume Base),,0.30,,FALSE,,,,https://www.perfumersworld.com/view.php?pro_id=6WX18686
6WX12457,Sandalwood Fleuressence from PerfumersWorld,PerfumersWorld,Mixture (Perfume Base),,0.39,,FALSE,,,,https://www.perfumersworld.com/view.php?pro_id=6WX12457
7WX21054,Sandalwood Oil S.album from PerfumersWorld,PerfumersWorld,8006-87-9,,7.30,,FALSE,,,,https://www.perfumersworld.com/view.php?pro_id=7WX21054
7WX21055,Sandalwood Oil S.spicatum from PerfumersWorld,PerfumersWorld,8024-35-9,,3.80,,FALSE,,,,https://www.perfumersworld.com/view.php?pro_id=7WX21055
3WX00407,Sandela 50 from PerfumersWorld,PerfumersWorld,Mixture,,0.18,,FALSE,,,,https://www.perfumersworld.com/view.php?pro_id=3WX00407
3WX13005,Sandela 85 from PerfumersWorld,PerfumersWorld,Mixture,,0.22,,FALSE,,,,https://www.perfumersworld.com/view.php?pro_id=3WX13005
3WX07632,Sandenol 208 from PerfumersWorld,PerfumersWorld,65113-99-7,,0.32,,FALSE,,,,https://www.perfumersworld.com/view.php?pro_id=3WX07632
3WX07631,Sandenol 803 from PerfumersWorld,PerfumersWorld,66068-84-6,,0.12,,FALSE,,,,https://www.perfumersworld.com/view.php?pro_id=3WX07631
4YM22431,Scentenal from PerfumersWorld,PerfumersWorld,86803-90-9,,0.45,,FALSE,,,,https://www.perfumersworld.com/view.php?pro_id=4YM22431
5YM23701,Scentenal 10% in DPG from PerfumersWorld,PerfumersWorld,"86803-90-9|0.1
25265-71-8|0.9",,0.12,,TRUE,Scentenal from PerfumersWorld,Dipropylene Glycol (DPG) from PerfumersWorld,0.1,https://www.perfumersworld.com/view.php?pro_id=5YM23701
6YG18895,SEAWEED F-TEC from PerfumersWorld,PerfumersWorld,Mixture (Perfume Base),,0.29,,FALSE,,,,https://www.perfumersworld.com/view.php?pro_id=6YG18895
6YG09070,Seaweed Fleuressence from PerfumersWorld,PerfumersWorld,Mixture (Perfume Base),,0.25,,FALSE,,,,https://www.perfumersworld.com/view.php?pro_id=6YG09070
SHAMPDRY,Shampoo Base for Dry Hair - unscented from PerfumersWorld,PerfumersWorld,Mixture,,0.04,,FALSE,,,,https://www.perfumersworld.com/view.php?pro_id=SHAMPDRY
SHAMPNOR,Shampoo Base for Normal Hair (unscented) from PerfumersWorld,PerfumersWorld,Not Found,,0.04,,FALSE,,,,https://www.perfumersworld.com/view.php?pro_id=SHAMPNOR
SHWERGEL,Shower Gel Base (unscented) from PerfumersWorld,PerfumersWorld,Not Found,,0.04,,FALSE,,,,https://www.perfumersworld.com/view.php?pro_id=SHWERGEL
9UU00413,Skatole from PerfumersWorld,PerfumersWorld,83-34-1,,8.74,,FALSE,,,,https://www.perfumersworld.com/view.php?pro_id=9UU00413
5UN08964,Skatole 1% in DPG from PerfumersWorld,PerfumersWorld,"83-34-1|0.01
25265-71-8|0.99",,0.19,,TRUE,Skatole from PerfumersWorld,Dipropylene Glycol (DPG) from PerfumersWorld,0.01,https://www.perfumersworld.com/view.php?pro_id=5UN08964
SOAPCLER,Soap Clear Translucent Glycerine - unscented from PerfumersWorld,PerfumersWorld,Not Found,,0.04,,FALSE,,,,https://www.perfumersworld.com/view.php?pro_id=SOAPCLER
SOAPWHIT,Soap White Glycerine - unscented from PerfumersWorld,PerfumersWorld,Not Found,,0.04,,FALSE,,,,https://www.perfumersworld.com/view.php?pro_id=SOAPWHIT
0ZS05357,Solubilizer (Polysorbate 20) from PerfumersWorld,PerfumersWorld,Mixture,,0.08,,FALSE,,,,https://www.perfumersworld.com/view.php?pro_id=0ZS05357
0ZS07781,Solubilizer Extra Clear from PerfumersWorld,PerfumersWorld,Mixture,,0.19,,FALSE,,,,https://www.perfumersworld.com/view.php?pro_id=0ZS07781
0ZS07626,Solubilizer PWS from PerfumersWorld,PerfumersWorld,Mixture,,0.07,,FALSE,,,,https://www.perfumersworld.com/view.php?pro_id=0ZS07626
7HB00404,Spanish Sage Essential Oil from PerfumersWorld,PerfumersWorld,8016-65-7,,0.79,,FALSE,,,,https://www.perfumersworld.com/view.php?pro_id=7HB00404
7BB00414,Spearmint Essential Oil from PerfumersWorld,PerfumersWorld,8008-79-5,,0.35,,FALSE,,,,https://www.perfumersworld.com/view.php?pro_id=7BB00414
5BB11414,Spearmint Essential Oil 10% in DPG from PerfumersWorld,PerfumersWorld,"8008-79-5|0.1
25265-71-8|0.9",,0.07,,TRUE,Spearmint Essential Oil from PerfumersWorld,Dipropylene Glycol (DPG) from PerfumersWorld,0.1,https://www.perfumersworld.com/view.php?pro_id=5BB11414
6BG18119,SPEARMINT F-TEC from PerfumersWorld,PerfumersWorld,Mixture (Perfume Base),,0.15,,FALSE,,,,https://www.perfumersworld.com/view.php?pro_id=6BG18119
6BB08505,Spearmint Fleuressence from PerfumersWorld,PerfumersWorld,Mixture (Perfume Base),,0.27,,FALSE,,,,https://www.perfumersworld.com/view.php?pro_id=6BB08505
7WU13382,Spikenard Essential Oil from PerfumersWorld,PerfumersWorld,8022-22-8,,5.50,,FALSE,,,,https://www.perfumersworld.com/view.php?pro_id=7WU13382
7KH00888,Spruce Essential Oil from PerfumersWorld,PerfumersWorld,8008-80-8,,0.80,,FALSE,,,,https://www.perfumersworld.com/view.php?pro_id=7KH00888
4GL00415,Stemone from PerfumersWorld,PerfumersWorld,22457-23-4,,0.70,,FALSE,,,,https://www.perfumersworld.com/view.php?pro_id=4GL00415
5GL08170,Stemone 10% in DPG from PerfumersWorld,PerfumersWorld,"22457-23-4|0.1
25265-71-8|0.9",,0.18,,TRUE,Stemone from PerfumersWorld,Dipropylene Glycol (DPG) from PerfumersWorld,0.1,https://www.perfumersworld.com/view.php?pro_id=5GL08170
6FV18953,STRAWBERRY F-TEC from PerfumersWorld,PerfumersWorld,Mixture (Perfume Base),,0.12,,FALSE,,,,https://www.perfumersworld.com/view.php?pro_id=6FV18953
6FV09104,Strawberry Fleuressence from PerfumersWorld,PerfumersWorld,Mixture (Perfume Base),,0.22,,FALSE,,,,https://www.perfumersworld.com/view.php?pro_id=6FV09104
4GN00417,Styralyl Acetate from PerfumersWorld,PerfumersWorld,93-92-5,,0.21,,FALSE,,,,https://www.perfumersworld.com/view.php?pro_id=4GN00417
5GN07535,Styralyl Acetate 10% in DPG from PerfumersWorld,PerfumersWorld,"93-92-5|0.1
25265-71-8|0.9",,0.07,,TRUE,Styralyl Acetate from PerfumersWorld,Dipropylene Glycol (DPG) from PerfumersWorld,0.1,https://www.perfumersworld.com/view.php?pro_id=5GN07535
4GN00418,Styralyl Alcohol from PerfumersWorld,PerfumersWorld,98-85-1,,0.22,,FALSE,,,,https://www.perfumersworld.com/view.php?pro_id=4GN00418
4GN00419,Styralyl Propionate from PerfumersWorld,PerfumersWorld,120-45-6,,0.19,,FALSE,,,,https://www.perfumersworld.com/view.php?pro_id=4GN00419
6QS18438,STYRAX F-TEC from PerfumersWorld,PerfumersWorld,Mixture (Perfume Base),,0.20,,FALSE,,,,https://www.perfumersworld.com/view.php?pro_id=6QS18438
6QS09084,Styrax Fleuressence from PerfumersWorld,PerfumersWorld,Mixture (Perfume Base),,0.62,,FALSE,,,,https://www.perfumersworld.com/view.php?pro_id=6QS09084
2QS00421,Styrax Resinoid from PerfumersWorld,PerfumersWorld,8046-19-3,,1.97,,FALSE,,,,https://www.perfumersworld.com/view.php?pro_id=2QS00421
5QS09108,Styrax Resinoid 10% in DPG from PerfumersWorld,PerfumersWorld,"8096-19-3|0.1
25265-71-8|0.9",,0.27,,TRUE,Styrax Resinoid from PerfumersWorld,Dipropylene Glycol (DPG) from PerfumersWorld,0.1,https://www.perfumersworld.com/view.php?pro_id=5QS09108
3UP14351,Suederal from PerfumersWorld,PerfumersWorld,Mixture,,0.70,,FALSE,,,,https://www.perfumersworld.com/view.php?pro_id=3UP14351
7WY09904,Sugandha Kokila Essential Oil from PerfumersWorld,PerfumersWorld,100-52-7,,0.64,,FALSE,,,,https://www.perfumersworld.com/view.php?pro_id=7WY09904
4ED00423,Sulfurol from PerfumersWorld,PerfumersWorld,137-00-8,,0.72,,FALSE,,,,https://www.perfumersworld.com/view.php?pro_id=4ED00423
5ED08420,Sulfurol 1% in DPG from PerfumersWorld,PerfumersWorld,"137-00-8|0.01
25265-71-8|0.99",,0.14,,TRUE,Sulfurol from PerfumersWorld,Dipropylene Glycol (DPG) from PerfumersWorld,0.01,https://www.perfumersworld.com/view.php?pro_id=5ED08420
0ZV01452,Sunflower Oil - Fixed Oil from PerfumersWorld,PerfumersWorld,8001-21-6,,0.07,,FALSE,,,,https://www.perfumersworld.com/view.php?pro_id=0ZV01452
0ZA01431,Sweet Almond Oil - Fixed Oil from PerfumersWorld,PerfumersWorld,8007-69-0,,0.09,,FALSE,,,,https://www.perfumersworld.com/view.php?pro_id=0ZA01431
7PS00047,Sweet Basil Essential Oil from PerfumersWorld,PerfumersWorld,8015-73-4,,0.36,,FALSE,,,,https://www.perfumersworld.com/view.php?pro_id=7PS00047
6EV18167,SWEET CORN F-TEC from PerfumersWorld,PerfumersWorld,Mixture (Perfume Base),,0.15,,FALSE,,,,https://www.perfumersworld.com/view.php?pro_id=6EV18167
6EV10628,Sweet Corn Fleuressence from PerfumersWorld,PerfumersWorld,Mixture (Perfume Base),,0.19,,FALSE,,,,https://www.perfumersworld.com/view.php?pro_id=6EV10628
7HS00288,Sweet Marjoram Essential Oil from PerfumersWorld,PerfumersWorld,84082-58-6,,0.81,,FALSE,,,,https://www.perfumersworld.com/view.php?pro_id=7HS00288
7CA00339,Sweet Orange Essential Oil from PerfumersWorld,PerfumersWorld,8028-48-6,,0.18,,FALSE,,,,https://www.perfumersworld.com/view.php?pro_id=7CA00339
6VV18540,SWEET VANILLA F-TEC from PerfumersWorld,PerfumersWorld,Mixture (Perfume Base),,0.15,,FALSE,,,,https://www.perfumersworld.com/view.php?pro_id=6VV18540
6VV09134,Sweet Vanilla Fleuressence from PerfumersWorld,PerfumersWorld,Mixture (Perfume Base),,0.13,,FALSE,,,,https://www.perfumersworld.com/view.php?pro_id=6VV09134
6MG18355,SYRINGA F-TEC from PerfumersWorld,PerfumersWorld,Mixture (Perfume Base),,0.15,,FALSE,,,,https://www.perfumersworld.com/view.php?pro_id=6MG18355
6MG08411,Syringa Fleuressence from PerfumersWorld,PerfumersWorld,Mixture (Perfume Base),,0.20,,FALSE,,,,https://www.perfumersworld.com/view.php?pro_id=6MG08411
6TW11971,T-Tar and Smoke Fleuressence from PerfumersWorld,PerfumersWorld,Mixture (Perfume Base),,0.20,,FALSE,,,,https://www.perfumersworld.com/view.php?pro_id=6TW11971
6TW18050,T-TAR SMOKE F-TEC from PerfumersWorld,PerfumersWorld,Mixture (Perfume Base),,0.15,,FALSE,,,,https://www.perfumersworld.com/view.php?pro_id=6TW18050
7NH00426,Tagetes Essential Oil from PerfumersWorld,PerfumersWorld,8016-84-0,,3.20,,FALSE,,,,https://www.perfumersworld.com/view.php?pro_id=7NH00426
5NH08325,Tagetes Essential Oil 10% in DPG from PerfumersWorld,PerfumersWorld,"8016-84-0|0.1
25265-71-8|0.9",,0.32,,TRUE,Tagetes Essential Oil from PerfumersWorld,Dipropylene Glycol (DPG) from PerfumersWorld,0.1,https://www.perfumersworld.com/view.php?pro_id=5NH08325
7CA00857,Tangerine Essential Oil from PerfumersWorld,PerfumersWorld,8008-31-9,,0.22,,FALSE,,,,https://www.perfumersworld.com/view.php?pro_id=7CA00857
6RG18421,TEA ROSE F-TEC from PerfumersWorld,PerfumersWorld,Mixture (Perfume Base),,0.15,,FALSE,,,,https://www.perfumersworld.com/view.php?pro_id=6RG18421
6RG12419,Tea Rose Fleuressence from PerfumersWorld,PerfumersWorld,Mixture (Perfume Base),,0.22,,FALSE,,,,https://www.perfumersworld.com/view.php?pro_id=6RG12419
7HK00427,Tea Tree Oil from PerfumersWorld,PerfumersWorld,85085-48-9,,0.32,,FALSE,,,,https://www.perfumersworld.com/view.php?pro_id=7HK00427
3KK05584,Terpineol from PerfumersWorld,PerfumersWorld,8000-41-7,,0.12,,FALSE,,,,https://www.perfumersworld.com/view.php?pro_id=3KK05584
3KC00431,Terpinolene from PerfumersWorld,PerfumersWorld,586-62-9,,0.10,,FALSE,,,,https://www.perfumersworld.com/view.php?pro_id=3KC00431
3LK00432,Terpinyl Acetate from PerfumersWorld,PerfumersWorld,80-26-2,,0.23,,FALSE,,,,https://www.perfumersworld.com/view.php?pro_id=3LK00432
3RL03873,Tetrahydro Geraniol from PerfumersWorld,PerfumersWorld,106-21-8,,0.66,,FALSE,,,,https://www.perfumersworld.com/view.php?pro_id=3RL03873
3LM00435,Tetrahydro Muguol from PerfumersWorld,PerfumersWorld,41678-36-8,,0.26,,FALSE,,,,https://www.perfumersworld.com/view.php?pro_id=3LM00435
AROMAKIT,The Aromatherapy and Natural Perfumery Training Kit from PerfumersWorld,PerfumersWorld,Not Found,,349.95,,FALSE,,,,https://www.perfumersworld.com/view.php?pro_id=AROMAKIT
PTFTEC26,The F-TEC Perfumery Training Kit from PerfumersWorld,PerfumersWorld,Not Found,,230.00,,FALSE,,,,https://www.perfumersworld.com/view.php?pro_id=PTFTEC26
FTECPW10,The F-TEC&lt;sup&gt;PW&lt;/sup&gt; Pro Perfume Creation System 10cc Explorer Set from PerfumersWorld,PerfumersWorld,Not Found,,1195.10,,FALSE,,,,https://www.perfumersworld.com/view.php?pro_id=FTECPW10
FTECPW30,The F-TEC&lt;sup&gt;PW&lt;/sup&gt; Pro Perfume Creation System 30cc Compact Set from PerfumersWorld,PerfumersWorld,Not Found,,2095.30,,FALSE,,,,https://www.perfumersworld.com/view.php?pro_id=FTECPW30
FTECPW60,The F-TEC&lt;sup&gt;PW&lt;/sup&gt; Pro Perfume Creation System 60cc Full-Display Set from PerfumersWorld,PerfumersWorld,Not Found,,3495.60,,FALSE,,,,https://www.perfumersworld.com/view.php?pro_id=FTECPW60
BULSAM01,The Perfumer&#39;s Formulation Bulletin &amp; Sample Set No.01 from PerfumersWorld,PerfumersWorld,Not Found,,149.95,,FALSE,,,,https://www.perfumersworld.com/view.php?pro_id=BULSAM01
BULSAM02,The Perfumer&#39;s Formulation Bulletin &amp; Sample Set No.02 from PerfumersWorld,PerfumersWorld,Not Found,,149.95,,FALSE,,,,https://www.perfumersworld.com/view.php?pro_id=BULSAM02
BULSAM03,The Perfumer&#39;s Formulation Bulletin &amp; Sample Set No.03 from PerfumersWorld,PerfumersWorld,Not Found,,149.95,,FALSE,,,,https://www.perfumersworld.com/view.php?pro_id=BULSAM03
BULSAM04,The Perfumer&#39;s Formulation Bulletin &amp; Sample Set No.04 from PerfumersWorld,PerfumersWorld,Not Found,,149.95,,FALSE,,,,https://www.perfumersworld.com/view.php?pro_id=BULSAM04
BULSAM05,The Perfumer&#39;s Formulation Bulletin &amp; Sample Set No.05 from PerfumersWorld,PerfumersWorld,Not Found,,149.95,,FALSE,,,,https://www.perfumersworld.com/view.php?pro_id=BULSAM05
BULSAM06,The Perfumer&#39;s Formulation Bulletin &amp; Sample Set No.06 from PerfumersWorld,PerfumersWorld,Not Found,,149.95,,FALSE,,,,https://www.perfumersworld.com/view.php?pro_id=BULSAM06
BULSAM07,The Perfumer&#39;s Formulation Bulletin &amp; Sample Set No.07 from PerfumersWorld,PerfumersWorld,Not Found,,149.95,,FALSE,,,,https://www.perfumersworld.com/view.php?pro_id=BULSAM07
BULSAM08,The Perfumer&#39;s Formulation Bulletin &amp; Sample Set No.08 from PerfumersWorld,PerfumersWorld,Not Found,,149.95,,FALSE,,,,https://www.perfumersworld.com/view.php?pro_id=BULSAM08
BULSAM09,The Perfumer&#39;s Formulation Bulletin &amp; Sample Set No.09 from PerfumersWorld,PerfumersWorld,Not Found,,149.95,,FALSE,,,,https://www.perfumersworld.com/view.php?pro_id=BULSAM09
BULSAM10,The Perfumer&#39;s Formulation Bulletin &amp; Sample Set No.10 from PerfumersWorld,PerfumersWorld,Not Found,,149.95,,FALSE,,,,https://www.perfumersworld.com/view.php?pro_id=BULSAM10
BULSAM11,The Perfumer&#39;s Formulation Bulletin &amp; Sample Set No.11 from PerfumersWorld,PerfumersWorld,Not Found,,149.95,,FALSE,,,,https://www.perfumersworld.com/view.php?pro_id=BULSAM11
BULSAM12,The Perfumer&#39;s Formulation Bulletin &amp; Sample Set No.12 from PerfumersWorld,PerfumersWorld,Not Found,,149.95,,FALSE,,,,https://www.perfumersworld.com/view.php?pro_id=BULSAM12
BULSAM13,The Perfumer&#39;s Formulation Bulletin &amp; Sample Set No.13 from PerfumersWorld,PerfumersWorld,Not Found,,149.95,,FALSE,,,,https://www.perfumersworld.com/view.php?pro_id=BULSAM13
BULSAM14,The Perfumer&#39;s Formulation Bulletin &amp; Sample Set No.14 from PerfumersWorld,PerfumersWorld,Not Found,,149.95,,FALSE,,,,https://www.perfumersworld.com/view.php?pro_id=BULSAM14
BULSAM15,The Perfumer&#39;s Formulation Bulletin &amp; Sample Set No.15 from PerfumersWorld,PerfumersWorld,Not Found,,149.95,,FALSE,,,,https://www.perfumersworld.com/view.php?pro_id=BULSAM15
BULSAM16,The Perfumer&#39;s Formulation Bulletin &amp; Sample Set No.16 from PerfumersWorld,PerfumersWorld,Not Found,,149.95,,FALSE,,,,https://www.perfumersworld.com/view.php?pro_id=BULSAM16
BULSAM17,The Perfumer&#39;s Formulation Bulletin &amp; Sample Set No.17 from PerfumersWorld,PerfumersWorld,Not Found,,149.95,,FALSE,,,,https://www.perfumersworld.com/view.php?pro_id=BULSAM17
BULSAM18,The Perfumer&#39;s Formulation Bulletin &amp; Sample Set No.18 from PerfumersWorld,PerfumersWorld,Not Found,,149.95,,FALSE,,,,https://www.perfumersworld.com/view.php?pro_id=BULSAM18
BULSAM19,The Perfumer&#39;s Formulation Bulletin &amp; Sample Set No.19 from PerfumersWorld,PerfumersWorld,Not Found,,149.95,,FALSE,,,,https://www.perfumersworld.com/view.php?pro_id=BULSAM19
BULSAM20,The Perfumer&#39;s Formulation Bulletin &amp; Sample Set No.20 from PerfumersWorld,PerfumersWorld,Not Found,,149.95,,FALSE,,,,https://www.perfumersworld.com/view.php?pro_id=BULSAM20
FORMLB01,The Perfumer&#39;s Formulation Bulletin No.01 from PerfumersWorld,PerfumersWorld,Not Found,,99.95,,FALSE,,,,https://www.perfumersworld.com/view.php?pro_id=FORMLB01
FORMLB02,The Perfumer&#39;s Formulation Bulletin No.02 from PerfumersWorld,PerfumersWorld,Not Found,,99.95,,FALSE,,,,https://www.perfumersworld.com/view.php?pro_id=FORMLB02
FORMLB03,The Perfumer&#39;s Formulation Bulletin No.03 from PerfumersWorld,PerfumersWorld,Not Found,,99.95,,FALSE,,,,https://www.perfumersworld.com/view.php?pro_id=FORMLB03
FORMLB04,The Perfumer&#39;s Formulation Bulletin No.04 from PerfumersWorld,PerfumersWorld,Not Found,,99.95,,FALSE,,,,https://www.perfumersworld.com/view.php?pro_id=FORMLB04
FORMLB05,The Perfumer&#39;s Formulation Bulletin No.05 from PerfumersWorld,PerfumersWorld,Not Found,,99.95,,FALSE,,,,https://www.perfumersworld.com/view.php?pro_id=FORMLB05
FORMLB06,The Perfumer&#39;s Formulation Bulletin No.06 from PerfumersWorld,PerfumersWorld,Not Found,,99.95,,FALSE,,,,https://www.perfumersworld.com/view.php?pro_id=FORMLB06
FORMLB07,The Perfumer&#39;s Formulation Bulletin No.07 from PerfumersWorld,PerfumersWorld,Not Found,,99.95,,FALSE,,,,https://www.perfumersworld.com/view.php?pro_id=FORMLB07
FORMLB08,The Perfumer&#39;s Formulation Bulletin No.08 from PerfumersWorld,PerfumersWorld,Not Found,,99.95,,FALSE,,,,https://www.perfumersworld.com/view.php?pro_id=FORMLB08
FORMLB09,The Perfumer&#39;s Formulation Bulletin No.09 from PerfumersWorld,PerfumersWorld,Not Found,,99.95,,FALSE,,,,https://www.perfumersworld.com/view.php?pro_id=FORMLB09
FORMLB10,The Perfumer&#39;s Formulation Bulletin No.10 from PerfumersWorld,PerfumersWorld,Not Found,,99.95,,FALSE,,,,https://www.perfumersworld.com/view.php?pro_id=FORMLB10
FORMLB11,The Perfumer&#39;s Formulation Bulletin No.11 from PerfumersWorld,PerfumersWorld,Not Found,,99.95,,FALSE,,,,https://www.perfumersworld.com/view.php?pro_id=FORMLB11
FORMLB12,The Perfumer&#39;s Formulation Bulletin No.12 from PerfumersWorld,PerfumersWorld,Not Found,,99.95,,FALSE,,,,https://www.perfumersworld.com/view.php?pro_id=FORMLB12
FORMLB13,The Perfumer&#39;s Formulation Bulletin No.13 from PerfumersWorld,PerfumersWorld,Not Found,,99.95,,FALSE,,,,https://www.perfumersworld.com/view.php?pro_id=FORMLB13
FORMLB14,The Perfumer&#39;s Formulation Bulletin No.14 from PerfumersWorld,PerfumersWorld,Not Found,,99.95,,FALSE,,,,https://www.perfumersworld.com/view.php?pro_id=FORMLB14
FORMLB15,The Perfumer&#39;s Formulation Bulletin No.15 from PerfumersWorld,PerfumersWorld,Not Found,,99.95,,FALSE,,,,https://www.perfumersworld.com/view.php?pro_id=FORMLB15
FORMLB16,The Perfumer&#39;s Formulation Bulletin No.16 from PerfumersWorld,PerfumersWorld,Not Found,,99.95,,FALSE,,,,https://www.perfumersworld.com/view.php?pro_id=FORMLB16
FORMLB17,The Perfumer&#39;s Formulation Bulletin No.17 from PerfumersWorld,PerfumersWorld,Not Found,,99.95,,FALSE,,,,https://www.perfumersworld.com/view.php?pro_id=FORMLB17
FORMLB18,The Perfumer&#39;s Formulation Bulletin No.18 from PerfumersWorld,PerfumersWorld,Not Found,,99.95,,FALSE,,,,https://www.perfumersworld.com/view.php?pro_id=FORMLB18
FORMLB19,The Perfumer&#39;s Formulation Bulletin No.19 from PerfumersWorld,PerfumersWorld,Not Found,,99.95,,FALSE,,,,https://www.perfumersworld.com/view.php?pro_id=FORMLB19
FORMLB20,The Perfumer&#39;s Formulation Bulletin No.20 from PerfumersWorld,PerfumersWorld,Not Found,,99.95,,FALSE,,,,https://www.perfumersworld.com/view.php?pro_id=FORMLB20
PWSTUDIO,The Perfumer&#39;s Studio from PerfumersWorld,PerfumersWorld,Not Found,,200.00,,FALSE,,,,https://www.perfumersworld.com/view.php?pro_id=PWSTUDIO
TPW11111,The Perfumer&#39;s Wizard Free Access from PerfumersWorld,PerfumersWorld,Not Found,,0.00,,FALSE,,,,https://www.perfumersworld.com/view.php?pro_id=TPW11111
TPW00031,The Perfumer&#39;s Wizard Premium 1 month from PerfumersWorld,PerfumersWorld,Not Found,,15.00,,FALSE,,,,https://www.perfumersworld.com/view.php?pro_id=TPW00031
TPW00008,The Perfumer&#39;s Wizard Premium 1 week from PerfumersWorld,PerfumersWorld,Not Found,,5.00,,FALSE,,,,https://www.perfumersworld.com/view.php?pro_id=TPW00008
TPW00366,The Perfumer&#39;s Wizard Premium 1 year from PerfumersWorld,PerfumersWorld,Not Found,,100.00,,FALSE,,,,https://www.perfumersworld.com/view.php?pro_id=TPW00366
WKBKFREE,The Perfumer&#39;s Workbook (Free Version) from PerfumersWorld,PerfumersWorld,Not Found,,0.00,,FALSE,,,,https://www.perfumersworld.com/view.php?pro_id=WKBKFREE
WKBKPRO9,The Perfumer&#39;s Workbook (Professional Licence) from PerfumersWorld,PerfumersWorld,Not Found,,5000.00,,FALSE,,,,https://www.perfumersworld.com/view.php?pro_id=WKBKPRO9
WKBKSTUP,The Perfumer&#39;s Workbook (Professional Set-Up Service) from PerfumersWorld,PerfumersWorld,Not Found,,1.00,,FALSE,,,,https://www.perfumersworld.com/view.php?pro_id=WKBKSTUP
WKBKREG2,The Perfumer&#39;s Workbook (Registered Version) from PerfumersWorld,PerfumersWorld,Not Found,,159.00,,FALSE,,,,https://www.perfumersworld.com/view.php?pro_id=WKBKREG2
PTKITK26,The Perfumery Training Kit K26 from PerfumersWorld,PerfumersWorld,Not Found,,229.95,,FALSE,,,,https://www.perfumersworld.com/view.php?pro_id=PTKITK26
PROACCYR,The Professional Account Package from PerfumersWorld,PerfumersWorld,Not Found,,1000.00,,FALSE,,,,https://www.perfumersworld.com/view.php?pro_id=PROACCYR
RMKIT161,The Student&#39;s Raw Material Kit from PerfumersWorld,PerfumersWorld,Not Found,,873.59,,FALSE,,,,https://www.perfumersworld.com/view.php?pro_id=RMKIT161
6QZ21000,Thixener X 300 from PerfumersWorld,PerfumersWorld,Mixture (Perfume Base),,0.20,,FALSE,,,,https://www.perfumersworld.com/view.php?pro_id=6QZ21000
6PP18420,THYME F-TEC from PerfumersWorld,PerfumersWorld,Mixture (Perfume Base),,0.22,,FALSE,,,,https://www.perfumersworld.com/view.php?pro_id=6PP18420
6PP12412,Thyme Fleuressence from PerfumersWorld,PerfumersWorld,Mixture (Perfume Base),,0.20,,FALSE,,,,https://www.perfumersworld.com/view.php?pro_id=6PP12412
1PS00442,Thymol from PerfumersWorld,PerfumersWorld,89-83-8,,0.27,,FALSE,,,,https://www.perfumersworld.com/view.php?pro_id=1PS00442
5PS09241,Thymol 10% in DPG from PerfumersWorld,PerfumersWorld,"89-83-8|0.1
25265-71-8|0.9",,0.10,,TRUE,Thymol from PerfumersWorld,Dipropylene Glycol (DPG) from PerfumersWorld,0.1,https://www.perfumersworld.com/view.php?pro_id=5PS09241
3WW07134,Timberol from PerfumersWorld,PerfumersWorld,70788-30-6,,1.06,,FALSE,,,,https://www.perfumersworld.com/view.php?pro_id=3WW07134
8TH08212,Tobacco Absolute from PerfumersWorld,PerfumersWorld,8037-19-2,,12.80,,FALSE,,,,https://www.perfumersworld.com/view.php?pro_id=8TH08212
5TH13846,Tobacco Absolute 10% in DPG from PerfumersWorld,PerfumersWorld,"8037-19-2|0.1
25265-71-8|0.9",,1.33,,TRUE,Tobacco Absolute from PerfumersWorld,Dipropylene Glycol (DPG) from PerfumersWorld,0.1,https://www.perfumersworld.com/view.php?pro_id=5TH13846
6TW18445,TOBACCO F-TEC from PerfumersWorld,PerfumersWorld,Mixture (Perfume Base),,0.37,,FALSE,,,,https://www.perfumersworld.com/view.php?pro_id=6TW18445
6TW08328,Tobacco Fleuressence from PerfumersWorld,PerfumersWorld,Mixture (Perfume Base),,0.28,,FALSE,,,,https://www.perfumersworld.com/view.php?pro_id=6TW08328
8QV18357,Tolu Balsam Absolute (Solid) from PerfumersWorld,PerfumersWorld,8016-26-0,,3.00,,FALSE,,,,https://www.perfumersworld.com/view.php?pro_id=8QV18357
2QV00443,Tolu Balsam Resinoid from PerfumersWorld,PerfumersWorld,8016-26-0,,1.27,,FALSE,,,,https://www.perfumersworld.com/view.php?pro_id=2QV00443
5QV12477,Tolu Balsam Resinoid (50% in BB) from PerfumersWorld,PerfumersWorld,"8016-26-0|0.5
120-51-4|0.5",,0.82,,TRUE,Tolu Balsam Resinoid ( from PerfumersWorld,Benzyl Benzoate (BB) from PerfumersWorld,0.5,https://www.perfumersworld.com/view.php?pro_id=5QV12477
5QV10949,Tolu Balsam Resinoid 10% in DPG from PerfumersWorld,PerfumersWorld,"9000-64-0|0.1
25265-71-8|0.9",,0.22,,TRUE,Tolu Balsam Resinoid from PerfumersWorld,Dipropylene Glycol (DPG) from PerfumersWorld,0.1,https://www.perfumersworld.com/view.php?pro_id=5QV10949
5QV09976,Tolu Balsam Resinoid 50% in DPG from PerfumersWorld,PerfumersWorld,"8016-26-0|0.5
25265-71-8|0.5",,0.82,,TRUE,Tolu Balsam Resinoid from PerfumersWorld,Dipropylene Glycol (DPG) from PerfumersWorld,0.5,https://www.perfumersworld.com/view.php?pro_id=5QV09976
8GE14861,Tomato Leaf Natural from PerfumersWorld,PerfumersWorld,90131-63-8,,1.99,,FALSE,,,,https://www.perfumersworld.com/view.php?pro_id=8GE14861
5GE14870,Tomato Leaf Natural 10% in DPG from PerfumersWorld,PerfumersWorld,"90131-63-8|0.1
25265-71-8|0.9",,0.35,,TRUE,Tomato Leaf Natural from PerfumersWorld,Dipropylene Glycol (DPG) from PerfumersWorld,0.1,https://www.perfumersworld.com/view.php?pro_id=5GE14870
1XA00444,Tonalide from PerfumersWorld,PerfumersWorld,1506-02-1,,0.22,,FALSE,,,,https://www.perfumersworld.com/view.php?pro_id=1XA00444
5XA09242,Tonalide 10% in DPG from PerfumersWorld,PerfumersWorld,"1506-02-1|0.1
25265-71-8|0.9",,0.05,,TRUE,Tonalide from PerfumersWorld,Dipropylene Glycol (DPG) from PerfumersWorld,0.1,https://www.perfumersworld.com/view.php?pro_id=5XA09242
8VQ00445,Tonka Bean Absolute from PerfumersWorld,PerfumersWorld,8046-22-8,,9.02,,FALSE,,,,https://www.perfumersworld.com/view.php?pro_id=8VQ00445
5VN07564,Tonka Bean Absolute 10% in DPG from PerfumersWorld,PerfumersWorld,"8046-22-8|0.1
25265-71-8|0.9",,1.01,,TRUE,Tonka Bean Absolute from PerfumersWorld,Dipropylene Glycol (DPG) from PerfumersWorld,0.1,https://www.perfumersworld.com/view.php?pro_id=5VN07564
2QV23715,Tonkarome from PerfumersWorld,PerfumersWorld,Mixture,,0.25,,FALSE,,,,https://www.perfumersworld.com/view.php?pro_id=2QV23715
4SP12754,Toscanol from PerfumersWorld,PerfumersWorld,16510-27-3,,1.15,,FALSE,,,,https://www.perfumersworld.com/view.php?pro_id=4SP12754
5GH07673,Trans-2-cis-6-nonadienoal 1% in DPG from PerfumersWorld,PerfumersWorld,"557-48-2|0.01
25265-71-8|0.99",,0.20,,TRUE,Trans-2-cis-6-nonadienoal from PerfumersWorld,Dipropylene Glycol (DPG) from PerfumersWorld,0.01,https://www.perfumersworld.com/view.php?pro_id=5GH07673
8YT00576,Treemoss Absolute from PerfumersWorld,PerfumersWorld,9000-50-4,,5.45,,FALSE,,,,https://www.perfumersworld.com/view.php?pro_id=8YT00576
5YT08337,Treemoss Absolute 10% in DEP from PerfumersWorld,PerfumersWorld,"9000-50-4|0.1
84-66-2|0.9",,0.58,,TRUE,Treemoss Absolute from PerfumersWorld,Diethyl Phthalate (DEP) from PerfumersWorld,0.1,https://www.perfumersworld.com/view.php?pro_id=5YT08337
5YT08604,Treemoss Absolute 10% in DPG from PerfumersWorld,PerfumersWorld,"9000-50-4|0.1
25265-71-8|0.9",,0.58,,TRUE,Treemoss Absolute from PerfumersWorld,Dipropylene Glycol (DPG) from PerfumersWorld,0.1,https://www.perfumersworld.com/view.php?pro_id=5YT08604
0ZC00449,Triethyl Citrate (TEC) from PerfumersWorld,PerfumersWorld,77-93-0,,0.05,,FALSE,,,,https://www.perfumersworld.com/view.php?pro_id=0ZC00449
4GH00450,Triplal from PerfumersWorld,PerfumersWorld,68039-49-6,,0.24,,FALSE,,,,https://www.perfumersworld.com/view.php?pro_id=4GH00450
5GH07509,Triplal 10% in DPG from PerfumersWorld,PerfumersWorld,"68039-49-6|0.1
25265-71-8|0.9",,0.06,,TRUE,Triplal from PerfumersWorld,Dipropylene Glycol (DPG) from PerfumersWorld,0.1,https://www.perfumersworld.com/view.php?pro_id=5GH07509
6NM19144,TRUE LILY F-TEC from PerfumersWorld,PerfumersWorld,Mixture (Perfume Base),,0.15,,FALSE,,,,https://www.perfumersworld.com/view.php?pro_id=6NM19144
TRU06028,Truffle Concentrate from PerfumersWorld,PerfumersWorld,Not Found,,5.02,,FALSE,,,,https://www.perfumersworld.com/view.php?pro_id=TRU06028
TRU06029,Truffle Factor from PerfumersWorld,PerfumersWorld,Not Found,,0.52,,FALSE,,,,https://www.perfumersworld.com/view.php?pro_id=TRU06029
6ND09663,Tuberalia Base from PerfumersWorld,PerfumersWorld,Mixture (Perfume Base),,0.36,,FALSE,,,,https://www.perfumersworld.com/view.php?pro_id=6ND09663
8ND00451,Tuberose Absolute from PerfumersWorld,PerfumersWorld,94334-35-7,,33.60,,FALSE,,,,https://www.perfumersworld.com/view.php?pro_id=8ND00451
5ND09243,Tuberose Absolute 10% in DPG from PerfumersWorld,PerfumersWorld,"8024-05-3|0.1
25265-71-8|0.9",,3.40,,TRUE,Tuberose Absolute from PerfumersWorld,Dipropylene Glycol (DPG) from PerfumersWorld,0.1,https://www.perfumersworld.com/view.php?pro_id=5ND09243
5ND19125,Tuberose Absolute 10% in TEC from PerfumersWorld,PerfumersWorld,"8024-05-3|0.1
77-93-0|0.9",,3.50,,TRUE,Tuberose Absolute from PerfumersWorld,Triethyl Citrate (TEC) from PerfumersWorld,0.1,https://www.perfumersworld.com/view.php?pro_id=5ND19125
6ND18755,TUBEROSE F-TEC from PerfumersWorld,PerfumersWorld,Mixture (Perfume Base),,0.18,,FALSE,,,,https://www.perfumersworld.com/view.php?pro_id=6ND18755
6ND09418,Tuberose Fleuressence from PerfumersWorld,PerfumersWorld,Mixture (Perfume Base),,0.21,,FALSE,,,,https://www.perfumersworld.com/view.php?pro_id=6ND09418
6RR07706,Turkish Rose Blossoms from PerfumersWorld,PerfumersWorld,Mixture (Perfume Base),,0.42,,FALSE,,,,https://www.perfumersworld.com/view.php?pro_id=6RR07706
7SW08751,Turmeric Essential Oil from PerfumersWorld,PerfumersWorld,8024-37-1,,0.49,,FALSE,,,,https://www.perfumersworld.com/view.php?pro_id=7SW08751
7KQ00453,Turpentine Oil from PerfumersWorld,PerfumersWorld,8006-64-2,,0.10,,FALSE,,,,https://www.perfumersworld.com/view.php?pro_id=7KQ00453
6UU18051,U-ANIMAL F-TEC from PerfumersWorld,PerfumersWorld,Mixture (Perfume Base),,0.24,,FALSE,,,,https://www.perfumersworld.com/view.php?pro_id=6UU18051
6UU12452,U-Animal Fleuressence from PerfumersWorld,PerfumersWorld,Mixture (Perfume Base),,0.25,,FALSE,,,,https://www.perfumersworld.com/view.php?pro_id=6UU12452
ULT06030,Ultra-Feminine Concentrate from PerfumersWorld,PerfumersWorld,Not Found,,5.02,,FALSE,,,,https://www.perfumersworld.com/view.php?pro_id=ULT06030
ULT06031,Ultra-Feminine Factor from PerfumersWorld,PerfumersWorld,Not Found,,0.52,,FALSE,,,,https://www.perfumersworld.com/view.php?pro_id=ULT06031
6II13551,Ultralia from PerfumersWorld,PerfumersWorld,Mixture (Perfume Base),,0.30,,FALSE,,,,https://www.perfumersworld.com/view.php?pro_id=6II13551
4IG07330,Undecavertol from PerfumersWorld,PerfumersWorld,81782-77-6,,0.25,,FALSE,,,,https://www.perfumersworld.com/view.php?pro_id=4IG07330
UNI06026,Unisex Concentrate from PerfumersWorld,PerfumersWorld,Not Found,,5.02,,FALSE,,,,https://www.perfumersworld.com/view.php?pro_id=UNI06026
UNI06027,Unisex Factor from PerfumersWorld,PerfumersWorld,Not Found,,0.52,,FALSE,,,,https://www.perfumersworld.com/view.php?pro_id=UNI06027
6VW18054,V-VANILLA F-TEC from PerfumersWorld,PerfumersWorld,Mixture (Perfume Base),,0.15,,FALSE,,,,https://www.perfumersworld.com/view.php?pro_id=6VW18054
6VW10849,V-Vanilla Fleuressence from PerfumersWorld,PerfumersWorld,Mixture (Perfume Base),,0.20,,FALSE,,,,https://www.perfumersworld.com/view.php?pro_id=6VW10849
5FD11577,Valeraldehyde Iso 1% in DPG from PerfumersWorld,PerfumersWorld,"590-86-3|0.01
25265-71-8|0.99",,0.27,,TRUE,Valeraldehyde Iso from PerfumersWorld,Dipropylene Glycol (DPG) from PerfumersWorld,0.01,https://www.perfumersworld.com/view.php?pro_id=5FD11577
5FD19193,Valeraldehyde Iso 1% in TEC from PerfumersWorld,PerfumersWorld,"590-86-3|0.01
77-93-0|0.99",,0.27,,TRUE,Valeraldehyde Iso from PerfumersWorld,Triethyl Citrate (TEC) from PerfumersWorld,0.01,https://www.perfumersworld.com/view.php?pro_id=5FD19193
8VW08619,Vanilla Absolute from PerfumersWorld,PerfumersWorld,8024-06-4,,45.00,,FALSE,,,,https://www.perfumersworld.com/view.php?pro_id=8VW08619
5VW09926,Vanilla Absolute 10% in DPG from PerfumersWorld,PerfumersWorld,"8024-06-4|0.1
25265-71-8|0.9",,4.95,,TRUE,Vanilla Absolute from PerfumersWorld,Dipropylene Glycol (DPG) from PerfumersWorld,0.1,https://www.perfumersworld.com/view.php?pro_id=5VW09926
5VW08955,Vanilla Absolute 5% in DPG from PerfumersWorld,PerfumersWorld,"8024-06-4|0.05
25265-71-8|0.95",,2.55,,TRUE,Vanilla Absolute from PerfumersWorld,Dipropylene Glycol (DPG) from PerfumersWorld,0.05,https://www.perfumersworld.com/view.php?pro_id=5VW08955
1VW00456,Vanillin from PerfumersWorld,PerfumersWorld,121-33-5,,0.19,,FALSE,,,,https://www.perfumersworld.com/view.php?pro_id=1VW00456
5VW07530,Vanillin 10% in DPG from PerfumersWorld,PerfumersWorld,"121-33-5|0.1
25265-71-8|0.9",,0.04,,TRUE,Vanillin from PerfumersWorld,Dipropylene Glycol (DPG) from PerfumersWorld,0.1,https://www.perfumersworld.com/view.php?pro_id=5VW07530
3LH00459,Veloutone from PerfumersWorld,PerfumersWorld,65443-14-3,,0.51,,FALSE,,,,https://www.perfumersworld.com/view.php?pro_id=3LH00459
4XU11429,Velvione from PerfumersWorld,PerfumersWorld,37609-25-9,,1.57,,FALSE,,,,https://www.perfumersworld.com/view.php?pro_id=4XU11429
7CH17055,Verbena Oil from PerfumersWorld,PerfumersWorld,8024-12-2,,2.82,,FALSE,,,,https://www.perfumersworld.com/view.php?pro_id=7CH17055
4NM04579,Verdantiol from PerfumersWorld,PerfumersWorld,91-51-0,,0.38,,FALSE,,,,https://www.perfumersworld.com/view.php?pro_id=4NM04579
3FG00463,Verdox from PerfumersWorld,PerfumersWorld,88-41-5,,0.18,,FALSE,,,,https://www.perfumersworld.com/view.php?pro_id=3FG00463
3LJ01926,Verdyl Acetate from PerfumersWorld,PerfumersWorld,2500-83-6,,0.08,,FALSE,,,,https://www.perfumersworld.com/view.php?pro_id=3LJ01926
3LN08954,Verdyl Propionate from PerfumersWorld,PerfumersWorld,17511-60-3,,0.18,,FALSE,,,,https://www.perfumersworld.com/view.php?pro_id=3LN08954
3LW00464,Vertenex from PerfumersWorld,PerfumersWorld,32210-23-4,,0.09,,FALSE,,,,https://www.perfumersworld.com/view.php?pro_id=3LW00464
3WY00465,Vertofix Couer from PerfumersWorld,PerfumersWorld,32388-55-9,,0.22,,FALSE,,,,https://www.perfumersworld.com/view.php?pro_id=3WY00465
4WL15944,Vetival from PerfumersWorld,PerfumersWorld,4927-39-3,,0.60,,FALSE,,,,https://www.perfumersworld.com/view.php?pro_id=4WL15944
7WY00466,Vetiver Essential Oil from PerfumersWorld,PerfumersWorld,8016-96-4,,1.55,,FALSE,,,,https://www.perfumersworld.com/view.php?pro_id=7WY00466
6WY18702,VETIVER F-TEC from PerfumersWorld,PerfumersWorld,Mixture (Perfume Base),,0.45,,FALSE,,,,https://www.perfumersworld.com/view.php?pro_id=6WY18702
6WY09425,Vetivert Fleuressence from PerfumersWorld,PerfumersWorld,Mixture (Perfume Base),,0.54,,FALSE,,,,https://www.perfumersworld.com/view.php?pro_id=6WY09425
3WY00468,Vetiveryl Acetate from PerfumersWorld,PerfumersWorld,62563-80-8,,2.72,,FALSE,,,,https://www.perfumersworld.com/view.php?pro_id=3WY00468
6IG18244,VIOLET F-TEC from PerfumersWorld,PerfumersWorld,Mixture (Perfume Base),,0.28,,FALSE,,,,https://www.perfumersworld.com/view.php?pro_id=6IG18244
6IG08436,Violet Fleuressence from PerfumersWorld,PerfumersWorld,Mixture (Perfume Base),,0.15,,FALSE,,,,https://www.perfumersworld.com/view.php?pro_id=6IG08436
8IG00469,Violet Leaf Absolute from PerfumersWorld,PerfumersWorld,90147-36-7,,14.00,,FALSE,,,,https://www.perfumersworld.com/view.php?pro_id=8IG00469
5IG07712,Violet Leaf Absolute 10% in DPG from PerfumersWorld,PerfumersWorld,"8024-08-6|0.1
25265-71-8|0.9",,1.50,,TRUE,Violet Leaf Absolute from PerfumersWorld,Dipropylene Glycol (DPG) from PerfumersWorld,0.1,https://www.perfumersworld.com/view.php?pro_id=5IG07712
0ZV01460,Virgin Coconut Oil - Fixed Oil from PerfumersWorld,PerfumersWorld,8001-31-8,,0.08,,FALSE,,,,https://www.perfumersworld.com/view.php?pro_id=0ZV01460
0ZA07519,Vitamin E Acetate - Fixed Oil from PerfumersWorld,PerfumersWorld,58-95-7,,0.23,,FALSE,,,,https://www.perfumersworld.com/view.php?pro_id=0ZA07519
6WY18078,W-WOOD F-TEC from PerfumersWorld,PerfumersWorld,Mixture (Perfume Base),,0.15,,FALSE,,,,https://www.perfumersworld.com/view.php?pro_id=6WY18078
6WY10132,W-Wood Fleuressence from PerfumersWorld,PerfumersWorld,Mixture (Perfume Base),,0.20,,FALSE,,,,https://www.perfumersworld.com/view.php?pro_id=6WY10132
6RM21857,Wardia BM from PerfumersWorld,PerfumersWorld,Mixture (Perfume Base),,0.45,,FALSE,,,,https://www.perfumersworld.com/view.php?pro_id=6RM21857
0ZZ07723,White Mineral Oil - Fixed Oil from PerfumersWorld,PerfumersWorld,110-27-0,,0.08,,FALSE,,,,https://www.perfumersworld.com/view.php?pro_id=0ZZ07723
6XV18882,WHITE MUSK F-TEC from PerfumersWorld,PerfumersWorld,Mixture (Perfume Base),,0.18,,FALSE,,,,https://www.perfumersworld.com/view.php?pro_id=6XV18882
6XV09757,White Musk Fleuressence from PerfumersWorld,PerfumersWorld,Mixture (Perfume Base),,0.20,,FALSE,,,,https://www.perfumersworld.com/view.php?pro_id=6XV09757
6WY18600,WHITE OAK F-TEC from PerfumersWorld,PerfumersWorld,Mixture (Perfume Base),,0.15,,FALSE,,,,https://www.perfumersworld.com/view.php?pro_id=6WY18600
6WY11945,White Oak Fleuressence from PerfumersWorld,PerfumersWorld,Mixture (Perfume Base),,0.17,,FALSE,,,,https://www.perfumersworld.com/view.php?pro_id=6WY11945
7PS00441,White Thyme Essential Oil from PerfumersWorld,PerfumersWorld,8007-46-3,,0.59,,FALSE,,,,https://www.perfumersworld.com/view.php?pro_id=7PS00441
5PS09240,White Thyme Essential Oil 10% in DPG from PerfumersWorld,PerfumersWorld,"8007-46-3|0.1
25265-71-8|0.9",,0.09,,TRUE,White Thyme Essential Oil from PerfumersWorld,Dipropylene Glycol (DPG) from PerfumersWorld,0.1,https://www.perfumersworld.com/view.php?pro_id=5PS09240
7OP00947,Wintergreen Essential Oil from PerfumersWorld,PerfumersWorld,68917-75-9,,0.60,,FALSE,,,,https://www.perfumersworld.com/view.php?pro_id=7OP00947
6TW18844,WOOD SMOKE F-TEC from PerfumersWorld,PerfumersWorld,Mixture (Perfume Base),,0.24,,FALSE,,,,https://www.perfumersworld.com/view.php?pro_id=6TW18844
6TW09087,Wood Smoke Fleuressence from PerfumersWorld,PerfumersWorld,Mixture (Perfume Base),,0.79,,FALSE,,,,https://www.perfumersworld.com/view.php?pro_id=6TW09087
6XU18055,X-MUSK F-TEC from PerfumersWorld,PerfumersWorld,Mixture (Perfume Base),,0.15,,FALSE,,,,https://www.perfumersworld.com/view.php?pro_id=6XU18055
6XU09440,X-Musk Fleuressence from PerfumersWorld,PerfumersWorld,Mixture (Perfume Base),,0.21,,FALSE,,,,https://www.perfumersworld.com/view.php?pro_id=6XU09440
6YH18062,Y-MOSSY F-TEC from PerfumersWorld,PerfumersWorld,Mixture (Perfume Base),,0.24,,FALSE,,,,https://www.perfumersworld.com/view.php?pro_id=6YH18062
6YH12453,Y-Mossy Fleuressence from PerfumersWorld,PerfumersWorld,Mixture (Perfume Base),,0.37,,FALSE,,,,https://www.perfumersworld.com/view.php?pro_id=6YH12453
7NJ23636,Ylang Comoros Complete Essential Oil F3255 from PerfumersWorld,PerfumersWorld,8006-81-3,,0.70,,FALSE,,,,https://www.perfumersworld.com/view.php?pro_id=7NJ23636
7NJ23639,Ylang Comoros Extra Essential Oil F3350 from PerfumersWorld,PerfumersWorld,8006-81-3,,1.20,,FALSE,,,,https://www.perfumersworld.com/view.php?pro_id=7NJ23639
7NJ23638,Ylang Comoros I essential oil F3330 from PerfumersWorld,PerfumersWorld,8006-81-3,,1.00,,FALSE,,,,https://www.perfumersworld.com/view.php?pro_id=7NJ23638
7NJ23637,Ylang Comoros II essential oil F3315 from PerfumersWorld,PerfumersWorld,8006-81-3,,0.90,,FALSE,,,,https://www.perfumersworld.com/view.php?pro_id=7NJ23637
7NJ17821,Ylang Comoros III essential oil F3295 from PerfumersWorld,PerfumersWorld,8006-81-3,,0.60,,FALSE,,,,https://www.perfumersworld.com/view.php?pro_id=7NJ17821
6NJ18527,YLANG F-TEC from PerfumersWorld,PerfumersWorld,Mixture (Perfume Base),,0.30,,FALSE,,,,https://www.perfumersworld.com/view.php?pro_id=6NJ18527
7NJ23635,Ylang Madagascar Complete ORGANIC Ess. oil N1450 from PerfumersWorld,PerfumersWorld,8006-81-3,,0.90,,FALSE,,,,https://www.perfumersworld.com/view.php?pro_id=7NJ23635
7NJ00472,Ylang Ylang Essential Oil from PerfumersWorld,PerfumersWorld,8006-81-3,,0.90,,FALSE,,,,https://www.perfumersworld.com/view.php?pro_id=7NJ00472
7NJ07496,Ylang Ylang Essential Oil Extra from PerfumersWorld,PerfumersWorld,8006-81-3,,1.18,,FALSE,,,,https://www.perfumersworld.com/view.php?pro_id=7NJ07496
6NJ09074,Ylang Ylang Fleuressence from PerfumersWorld,PerfumersWorld,Mixture (Perfume Base),,0.30,,FALSE,,,,https://www.perfumersworld.com/view.php?pro_id=6NJ09074
6ZZ00449,Z-ZOLVENT F-TEC from PerfumersWorld,PerfumersWorld,Mixture (Perfume Base),,0.06,,FALSE,,,,https://www.perfumersworld.com/view.php?pro_id=6ZZ00449
6ZZ00501,Z-Zolvent Fleuressence from PerfumersWorld,PerfumersWorld,Mixture (Perfume Base),,0.06,,FALSE,,,,https://www.perfumersworld.com/view.php?pro_id=6ZZ00501
5WU21414,Z11 HD 8.5 from PerfumersWorld,PerfumersWorld,57345-19-4,,2.00,,FALSE,,,,https://www.perfumersworld.com/view.php?pro_id=5WU21414
3XA22378,Zenolide from PerfumersWorld,PerfumersWorld,54982-83-1,,0.22,,FALSE,,,,https://www.perfumersworld.com/view.php?pro_id=3XA22378
