Product_ID,Material_Name,CAS_Number,New CAS,Price_US/g,Notes,Is_Dilution,Active_Material,Solvent,Active_%
4EW07503,2 3-Dimethyl Pyrazine from PerfumersWorld,5910-89-4,,2.69,,FALSE,,,
5EW07840,2 3-Dimethyl Pyrazine 1% in DPG from PerfumersWorld,"5910-89-4|0.01
25265-71-8|0.99",,0.12,,TRUE,2 3-Dimethyl Pyrazine from PerfumersWorld,Dipropylene Glycol (DPG) from PerfumersWorld,0.01
5EW20137,2 3-Dimethyl Pyrazine 10% in DPG from PerfumersWorld,"5910-89-4|0.1
25265-71-8|0.9",,0.29,,TRUE,2 3-Dimethyl Pyrazine from PerfumersWorld,Dipropylene Glycol (DPG) from PerfumersWorld,0.1
4EW14326,2 Acetyl Thaizole from PerfumersWorld,24295-03-2,,2.50,,FALSE,,,
1EN13109,2-Acetyl Pyrazine from PerfumersWorld,22047-25-2,,0.71,,FALSE,,,
5EN13769,2-Acetyl Pyrazine 1% in DPG from PerfumersWorld,"22047-25-2|0.01
25265-71-8|0.99",,0.10,,TRUE,2-Acetyl Pyrazine from PerfumersWorld,Dipropylene Glycol (DPG) from PerfumersWorld,0.01
4ES11805,2-iso Propyl 4 Methyl Thiazole from PerfumersWorld,15679-13-7,,1.60,,FALSE,,,
5ES13952,2-iso Propyl 4 Methyl Thiazole 1% in DPG from PerfumersWorld,"15679-13-7|0.01
25265-71-8|0.99",,0.10,,TRUE,2-iso Propyl 4 Methyl Thiazole from PerfumersWorld,Dipropylene Glycol (DPG) from PerfumersWorld,0.01
4FC07622,2-Methyl-2-Pentenoic Acid from PerfumersWorld,3142-72-1,,0.32,,FALSE,,,
5FC07623,2-Methyl-2-Pentenoic Acid 10% in DPG from PerfumersWorld,"6297-41-2|0.1
25265-71-8|0.9",,0.05,,TRUE,2-Methyl-2-Pentenoic Acid from PerfumersWorld,Dipropylene Glycol (DPG) from PerfumersWorld,0.1
4FD00001,2-Methylbutyl 2-Methylbutyrate from PerfumersWorld,2445-78-5,,0.33,,FALSE,,,
4FY22527,2-Octen-4-one from PerfumersWorld,4643-27-0,,4.10,,FALSE,,,
0ZH20962,3-Methyl-3-Methoxy Butanol (MMB) from PerfumersWorld,56539-66-3,,0.03,,FALSE,,,
1VD00002,6-Methyl Coumarin from PerfumersWorld,Not Found,,0.58,,FALSE,,,
5VD07562,6-Methyl Coumarin 10% in DPG from PerfumersWorld,Not Found,,0.18,,TRUE,6-Methyl Coumarin from PerfumersWorld,Dipropylene Glycol (DPG) from PerfumersWorld,0.1
ISNIFF10,ISNIFF10 @ US$694.95/set from PerfumersWorld,Not Found,,,,FALSE,,,
ISNIFF30,ISNIFF30 @ US$1595.95/set from PerfumersWorld,Not Found,,,,FALSE,,,
ISNIFF60,ISNIFF60 @ US$2995.95/set from PerfumersWorld,Not Found,,,,FALSE,,,
6AN18003,A-ALDEHYDE F-TEC from PerfumersWorld,Mixture (Perfume Base),,0.18,,FALSE,,,
6AN07832,A-Aldehyde Fleuressence from PerfumersWorld,Mixture (Perfume Base),,0.20,,FALSE,,,
6NL18079,ACACIA F-TEC from PerfumersWorld,Mixture (Perfume Base),,0.20,,FALSE,,,
6NL08389,Acacia Fleuressence from PerfumersWorld,Mixture (Perfume Base),,0.19,,FALSE,,,
4FG02943,Acetic Acid from PerfumersWorld,64-19-7,,0.07,,FALSE,,,
4DV02664,Acetoin from PerfumersWorld,513-86-0,,0.92,,FALSE,,,
5DV09244,Acetoin 10% in DPG from PerfumersWorld,"513-86-0|0.1
25265-71-8|0.9",,0.13,,TRUE,Acetoin from PerfumersWorld,Dipropylene Glycol (DPG) from PerfumersWorld,0.1
1NP00009,Acetophenone from PerfumersWorld,98-86-2,,0.23,,FALSE,,,
1SP00011,Acetyl Isoeugenol from PerfumersWorld,93-29-8,,0.60,,FALSE,,,
5SP07823,Acetyl Isoeugenol 10% in DPG from PerfumersWorld,"93-29-8|0.1
25265-71-8|0.9",,0.12,,TRUE,Acetyl Isoeugenol from PerfumersWorld,Dipropylene Glycol (DPG) from PerfumersWorld,0.1
4GA00012,Adoxal from PerfumersWorld,141-13-9,,1.42,,FALSE,,,
5GA08479,Adoxal 10% in DPG from PerfumersWorld,"141-13-9|0.1
25265-71-8|0.9",,0.17,,TRUE,Adoxal from PerfumersWorld,Dipropylene Glycol (DPG) from PerfumersWorld,0.1
6WU18875,AGARWOOD F-TEC from PerfumersWorld,Mixture (Perfume Base),,1.30,,FALSE,,,
6WU08483,Agarwood Fleuressence from PerfumersWorld,Mixture (Perfume Base),,1.60,,FALSE,,,
7WU09890,Agarwood Oil Siam from PerfumersWorld,94350-09-1,,25.00,,FALSE,,,
5WU15067,Agarwood Oil Siam 10% in DPG from PerfumersWorld,"94350-09-1|0.1
25265-71-8|0.9",,2.80,,TRUE,Agarwood Oil Siam from PerfumersWorld,Dipropylene Glycol (DPG) from PerfumersWorld,0.1
8WU13317,Agarwood Siam 10% in Nagarmotha Oil from PerfumersWorld,94350-09-1|0.1,,3.94,,TRUE,Agarwood Siam from PerfumersWorld,Nagarmotha Oil from PerfumersWorld,0.1
6CG13368,Agrumen Aldehyde PW from PerfumersWorld,Mixture (Perfume Base),,0.20,,FALSE,,,
3AE13387,Alcohol C-7 Heptanol from PerfumersWorld,111-70-6,,0.34,,FALSE,,,
3AD13388,Alcohol C-8 Octanol from PerfumersWorld,111-87-5,,0.20,,FALSE,,,
3AD00017,Alcohol C-9 from PerfumersWorld,143-08-8,,0.70,,FALSE,,,
4AC00018,Aldehyde C-10 Decanal from PerfumersWorld,112-31-2,,0.17,,FALSE,,,
5AC07527,Aldehyde C-10 Decanal 10% in DPG from PerfumersWorld,"67634-00-8|0.1
25265-71-8|0.9",,0.08,,TRUE,Aldehyde C-10 Decanal from PerfumersWorld,Dipropylene Glycol (DPG) from PerfumersWorld,0.1
5AC08459,Aldehyde C-10 Decanal 50% in DPG from PerfumersWorld,"67634-00-8|0.5
25265-71-8|0.5",,0.12,,TRUE,Aldehyde C-10 Decanal from PerfumersWorld,Dipropylene Glycol (DPG) from PerfumersWorld,0.5
4AR00020,Aldehyde C-11 Undecanal from PerfumersWorld,112-44-7,,0.41,,FALSE,,,
5AR08831,Aldehyde C-11 Undecanal 10% in DPG from PerfumersWorld,"112-44-7|0.1
25265-71-8|0.9",,0.11,,TRUE,Aldehyde C-11 Undecanal from PerfumersWorld,Dipropylene Glycol (DPG) from PerfumersWorld,0.1
4AR01236,Aldehyde C-11 Undecylenic from PerfumersWorld,112-45-8,,0.30,,FALSE,,,
5AR08462,Aldehyde C-11 Undecylenic 10% in DPG from PerfumersWorld,"112-45-8|0.1
25265-71-8|0.9",,0.07,,TRUE,Aldehyde C-11 Undecylenic from PerfumersWorld,Dipropylene Glycol (DPG) from PerfumersWorld,0.1
4AA00021,Aldehyde C-12 Lauric Dodecanal from PerfumersWorld,112-54-9,,0.25,,FALSE,,,
5AA07834,Aldehyde C-12 Lauric Dodecanal 10% in DPG from PerfumersWorld,"67634-00-8|0.1
25265-71-8|0.9",,0.06,,TRUE,Aldehyde C-12 Lauric Dodecanal from PerfumersWorld,Dipropylene Glycol (DPG) from PerfumersWorld,0.1
4AG00022,Aldehyde C-12 MNA from PerfumersWorld,110-41-8,,0.28,,FALSE,,,
5AG07528,Aldehyde C-12 MNA 10% in DPG from PerfumersWorld,"67634-00-8|0.1
25265-71-8|0.9",,0.06,,TRUE,Aldehyde C-12 MNA from PerfumersWorld,Dipropylene Glycol (DPG) from PerfumersWorld,0.1
4DD00454,Aldehyde C-14 Gamma Undecalactone from PerfumersWorld,104-67-6,,0.17,,FALSE,,,
5DD07538,Aldehyde C-14 Gamma Undecalactone 10% in DPG from PerfumersWorld,"104-67-6|0.1
25265-71-8|0.9",,0.15,,TRUE,Aldehyde C-14 Gamma Undecalactone from PerfumersWorld,Dipropylene Glycol (DPG) from PerfumersWorld,0.1
4FC00176,Aldehyde C-16 Ethyl Methyl Phenyl Glycidate from PerfumersWorld,77-83-8,,0.14,,FALSE,,,
5FC07539,Aldehyde C-16 Ethyl Methyl Phenyl Glycidate 10% in DPG from PerfumersWorld,"77-83-8|0.1
25265-71-8|0.9",,0.06,,TRUE,Aldehyde C-16 Ethyl Methyl Phenyl Glycidate from PerfumersWorld,Dipropylene Glycol (DPG) from PerfumersWorld,0.1
4DD00324,Aldehyde C-18 Gamma Nonalactone from PerfumersWorld,104-61-0,,0.21,,FALSE,,,
5DD12925,Aldehyde C-18 Gamma Nonalactone 10% in DPG from PerfumersWorld,"104-61-0|0.1
25265-71-8|0.9",,0.07,,TRUE,Aldehyde C-18 Gamma Nonalactone from PerfumersWorld,Dipropylene Glycol (DPG) from PerfumersWorld,0.1
4AG00025,Aldehyde C-7 Heptanal from PerfumersWorld,111-71-7,,0.62,,FALSE,,,
4AC00026,Aldehyde C-8 Octanal from PerfumersWorld,124-13-0,,0.20,,FALSE,,,
5AC08158,Aldehyde C-8 Octanal 10% in DPG from PerfumersWorld,"124-13-0|0.1
25265-71-8|0.9",,0.07,,TRUE,Aldehyde C-8 Octanal from PerfumersWorld,Dipropylene Glycol (DPG) from PerfumersWorld,0.1
4AC00027,Aldehyde C-9 Nonanal from PerfumersWorld,124-19-6,,0.24,,FALSE,,,
5AC10167,Aldehyde C-9 Nonanal 10% in DPG from PerfumersWorld,"124-19-6|0.1
25265-71-8|0.9",,0.07,,TRUE,Aldehyde C-9 Nonanal from PerfumersWorld,Dipropylene Glycol (DPG) from PerfumersWorld,0.1
6GN23713,Algenone from PerfumersWorld,Mixture (Perfume Base),,0.40,,FALSE,,,
4GN23714,Algix Pure from PerfumersWorld,72987-59-8,,2.25,,FALSE,,,
4FG00029,Allyl Amyl Glycolate from PerfumersWorld,67634-00-8,,0.20,,FALSE,,,
5FG07543,Allyl Amyl Glycolate 10% in DPG from PerfumersWorld,"67634-00-8|0.1
25265-71-8|0.9",,0.05,,TRUE,Allyl Amyl Glycolate from PerfumersWorld,Dipropylene Glycol (DPG) from PerfumersWorld,0.1
4FC02995,Allyl Caproate from PerfumersWorld,123-68-2,,0.14,,FALSE,,,
4FC00030,Allyl Cyclohexyl Propionate from PerfumersWorld,2705-87-5,,0.17,,FALSE,,,
5FC12465,Allyl Cyclohexyl Propionate 10% in DPG from PerfumersWorld,"2705-87-5|0.1
25265-71-8|0.9",,0.06,,TRUE,Allyl Cyclohexyl Propionate from PerfumersWorld,Dipropylene Glycol (DPG) from PerfumersWorld,0.1
4IN10857,Allyl Ionone Cetone V from PerfumersWorld,79-78-7,,1.30,,FALSE,,,
9IF02656,Alpha Damascone from PerfumersWorld,43052-87-5,,1.90,,FALSE,,,
5IF07569,Alpha Damascone 10% in DPG from PerfumersWorld,"43052-87-5|0.1
25265-71-8|0.9",,0.21,,TRUE,Alpha Damascone from PerfumersWorld,Dipropylene Glycol (DPG) from PerfumersWorld,0.1
3IF00237,Alpha Ionone from PerfumersWorld,127-41-3,,0.26,,FALSE,,,
8II00243,Alpha Irone from PerfumersWorld,79-69-6,,5.10,,FALSE,,,
5II11436,Alpha Irone 10% in DPG from PerfumersWorld,"79-69-6|0.1
25265-71-8|0.9",,0.52,,TRUE,Alpha Irone from PerfumersWorld,Dipropylene Glycol (DPG) from PerfumersWorld,0.1
5II09179,Alpha Irone 10% in Myristic Acid(solid) from PerfumersWorld,79-69-6|0.1,,0.57,,TRUE,Alpha Irone from PerfumersWorld,Myristic Acid(solid) from PerfumersWorld,0.1
3IW00300,Alpha Isomethyl Ionone from PerfumersWorld,127-51-5,,0.23,,FALSE,,,
3KC14406,Alpha Pinene from PerfumersWorld,80-56-8,,0.08,,FALSE,,,
3KL00430,Alpha Terpineol from PerfumersWorld,98-55-5,,0.15,,FALSE,,,
ALP06024,Alpha-Male Concentrate from PerfumersWorld,Not Found,,5.02,,FALSE,,,
ALP06025,Alpha-Male Factor from PerfumersWorld,Not Found,,0.52,,FALSE,,,
3WQ11673,Amber Decane from PerfumersWorld,58567-11-6,,0.45,,FALSE,,,
6WV18080,AMBER F-TEC from PerfumersWorld,Mixture (Perfume Base),,0.15,,FALSE,,,
6WV12277,Amber Fleuressence from PerfumersWorld,Mixture (Perfume Base),,0.12,,FALSE,,,
BOTAM12M,BOTAM12M @ US$0.90/bottle from PerfumersWorld,Not Found,,,,FALSE,,,
BOTAMB30,BOTAMB30 @ US$2.40/bottle from PerfumersWorld,Not Found,,,,FALSE,,,
BOTAMB05,BOTAMB05 @ US$0.90/bottle from PerfumersWorld,Not Found,,,,FALSE,,,
BOTAMB60,BOTAMB60 @ US$2.40/bottle from PerfumersWorld,Not Found,,,,FALSE,,,
6VU09627,Amber Solid from PerfumersWorld,Mixture (Perfume Base),,0.28,,FALSE,,,
6UY18081,AMBERGRIS F-TEC from PerfumersWorld,Mixture (Perfume Base),,0.20,,FALSE,,,
6UY09424,Ambergris Fleuressence from PerfumersWorld,Mixture (Perfume Base),,0.22,,FALSE,,,
4WW16862,Amberketal IPM from PerfumersWorld,57345-19-4,,1.82,,FALSE,,,
4WU16860,Ambermax 50% Dowanol TPM from PerfumersWorld,929625-08-1,,0.99,,FALSE,,,
6UQ20900,AMBERNOIR F-TEC from PerfumersWorld,Mixture (Perfume Base),,0.35,,FALSE,,,
6UQ20857,AmberNoir Fleuressence from PerfumersWorld,Mixture (Perfume Base),,0.35,,FALSE,,,
6UQ09624,Amberome Base PW from PerfumersWorld,Mixture (Perfume Base),,1.80,,FALSE,,,
6UV16208,Ambreine Classic PW from PerfumersWorld,Mixture (Perfume Base),,0.80,,FALSE,,,
6VC09625,Ambreine Fleuressence from PerfumersWorld,Mixture (Perfume Base),,0.20,,FALSE,,,
8XU00529,Ambrette Seed Absolute from PerfumersWorld,84455-19-6,,20.02,,FALSE,,,
5XU12235,Ambrette Seed Absolute 10% in DPG from PerfumersWorld,"84455-19-6|0.1
25265-71-8|0.9",,2.52,,TRUE,Ambrette Seed Absolute from PerfumersWorld,Dipropylene Glycol (DPG) from PerfumersWorld,0.1
6XU18931,AMBRETTE SEED F-TEC from PerfumersWorld,Mixture (Perfume Base),,0.40,,FALSE,,,
4XU00034,Ambrettolide from PerfumersWorld,28645-51-4,,2.50,,FALSE,,,
5XU07617,Ambrettolide 10% in DPG from PerfumersWorld,"28645-51-4|0.1
25265-71-8|0.9",,0.27,,TRUE,Ambrettolide from PerfumersWorld,Dipropylene Glycol (DPG) from PerfumersWorld,0.1
5XU10231,Ambrettolide 50% in DPG from PerfumersWorld,"123-69-3|0.5
25265-71-8|0.5",,1.40,,TRUE,Ambrettolide from PerfumersWorld,Dipropylene Glycol (DPG) from PerfumersWorld,0.5
1WU21632,Ambrocenide from PerfumersWorld,211299-54-6,,4.93,,FALSE,,,
5WU22697,Ambrocenide 10% in DPG from PerfumersWorld,"211299-54-6|0.1
25265-71-8|0.9",,0.56,,TRUE,Ambrocenide from PerfumersWorld,Dipropylene Glycol (DPG) from PerfumersWorld,0.1
5WU22696,Ambrocenide 10% in TEC from PerfumersWorld,"211299-54-6|0.1
77-93-0|0.9",,0.58,,TRUE,Ambrocenide from PerfumersWorld,Triethyl Citrate (TEC) from PerfumersWorld,0.1
1UW16861,Ambrofix from PerfumersWorld,6790-58-5,,1.87,,FALSE,,,
1UW00035,Ambrox Super from PerfumersWorld,6790-58-5,,1.50,,FALSE,,,
5UW20027,Ambrox Super 10% in DPG from PerfumersWorld,"6790-58-5|0.1
25265-71-8|0.9",,0.20,,TRUE,Ambrox Super from PerfumersWorld,Dipropylene Glycol (DPG) from PerfumersWorld,0.1
1UW00036,Ambroxan from PerfumersWorld,6790-58-5,,2.52,,FALSE,,,
5UW07540,Ambroxan 10% in DPG from PerfumersWorld,"6790-58-5|0.1
25265-71-8|0.9",,0.37,,TRUE,Ambroxan from PerfumersWorld,Dipropylene Glycol (DPG) from PerfumersWorld,0.1
3JJ00005,3JJ00005 @ US$0.20/0 from PerfumersWorld,122-40-7,,,,FALSE,,,
3OH00037,Amyl Salicylate from PerfumersWorld,2050-08-0,,0.14,,FALSE,,,
4FD06346,Amyl Valerate from PerfumersWorld,2173-56-0,,0.95,,FALSE,,,
7WX00917,Amyris Essential Oil from PerfumersWorld,8015-65-4,,0.82,,FALSE,,,
4SB00038,Anethole from PerfumersWorld,4180-23-8,,0.20,,FALSE,,,
6DU18084,ANIMALISSIMO F-TEC from PerfumersWorld,Mixture (Perfume Base),,0.16,,FALSE,,,
6DU12415,Animalissio Blender Fleuressence from PerfumersWorld,Mixture (Perfume Base),,0.15,,FALSE,,,
3NV00040,Anisaldehyde from PerfumersWorld,123-11-5,,0.26,,FALSE,,,
7SB00041,Anise Essential Oil China from PerfumersWorld,8007-70-3,,0.24,,FALSE,,,
3LN00043,Anisyl Acetate from PerfumersWorld,104-21-2,,0.28,,FALSE,,,
3NL00044,Anisyl Alcohol from PerfumersWorld,105-13-5,,0.20,,FALSE,,,
7WY10413,Anthopogen Essential Oil from PerfumersWorld,116-26-7,,1.80,,FALSE,,,
SHAMPADD,Anti-dandruff Shampoo Base - unscented from PerfumersWorld,Not Found,,0.04,,FALSE,,,
4WF06853,Aphermate from PerfumersWorld,Not Found,,0.80,,FALSE,,,
6FG18856,APPLE F-TEC from PerfumersWorld,Mixture (Perfume Base),,0.16,,FALSE,,,
6FG07793,Apple Fleuressence from PerfumersWorld,Mixture (Perfume Base),,0.22,,FALSE,,,
6FG08058,Apple Green from PerfumersWorld,Mixture (Perfume Base),,0.15,,FALSE,,,
6FG08026,Apple Red from PerfumersWorld,Mixture (Perfume Base),,0.20,,FALSE,,,
0ZA01228,Apricot Oil - Fixed Oil from PerfumersWorld,68650-44-2,,0.10,,FALSE,,,
3FD06779,Apritone from PerfumersWorld,68133-79-9,,0.78,,FALSE,,,
6WQ18085,ARABIAN OUD F-TEC from PerfumersWorld,Mixture (Perfume Base),,0.40,,FALSE,,,
6WQ08484,Arabian Oud Fleuressence from PerfumersWorld,Mixture (Perfume Base),,0.28,,FALSE,,,
7HH00896,Armoise Essential Oil from PerfumersWorld,84775-45-1,,0.99,,FALSE,,,
6HH18090,ARMOISE F-TEC from PerfumersWorld,Mixture (Perfume Base),,0.37,,FALSE,,,
6HH09096,Armoise Fleuressence from PerfumersWorld,Mixture (Perfume Base),,0.35,,FALSE,,,
7WW00915,Atlas Cedarwood Essential Oil from PerfumersWorld,92201-55-3,,0.31,,FALSE,,,
5NC12180,Aurantiol (Methyl Anthranilate Schiffs Base) 50% in DPG from PerfumersWorld,"89-43-0|0.5
25265-71-8|0.5",,0.22,,TRUE,Aurantiol (Methyl Anthranilate Schiffs Base) from PerfumersWorld,Dipropylene Glycol (DPG) from PerfumersWorld,0.5
2NC00409,Aurantiol - Methyl Anthranilate Schiffs Base from PerfumersWorld,89-43-0,,0.37,,FALSE,,,
0ZA01433,Avocado Oil - Fixed Oil from PerfumersWorld,8024-32-6,,0.12,,FALSE,,,
4WB16858,Azarbre from PerfumersWorld,68845-36-3,,0.40,,FALSE,,,
6BB18004,B-ICEBERG F-TEC from PerfumersWorld,Mixture (Perfume Base),,0.12,,FALSE,,,
6BB07833,B-iceBerg Fleuressence from PerfumersWorld,Mixture (Perfume Base),,0.20,,FALSE,,,
4WR00045,Bacdanol from PerfumersWorld,28219-61-6,,0.29,,FALSE,,,
6FD18188,BANANA F-TEC from PerfumersWorld,Mixture (Perfume Base),,0.15,,FALSE,,,
6FD09062,Banana Fleuressence from PerfumersWorld,Mixture (Perfume Base),,0.26,,FALSE,,,
WSBKFOU1,WSBKFOU1 @ US$1450.00/pax from PerfumersWorld,Not Found,,,,FALSE,,,
WSBKPRO2,WSBKPRO2 @ US$2900.00/pax from PerfumersWorld,Not Found,,,,FALSE,,,
WSBKALL3,WSBKALL3 @ US$3950.00/pax from PerfumersWorld,Not Found,,,,FALSE,,,
6PS18638,BASIL F-TEC from PerfumersWorld,Mixture (Perfume Base),,0.38,,FALSE,,,
6PS12413,Basil Fleuressence from PerfumersWorld,Mixture (Perfume Base),,0.18,,FALSE,,,
7PL24627,Basil Linalool Oil Egypt from PerfumersWorld,Not Found,,0.30,,FALSE,,,
7SP00048,Bay West Indies Essential Oil from PerfumersWorld,85085-61-6,,1.30,,FALSE,,,
5SP07871,Bay West Indies Essential Oil 10% in DPG from PerfumersWorld,"85085-61-6|0.1
25265-71-8|0.9",,0.15,,TRUE,Bay West Indies Essential Oil from PerfumersWorld,Dipropylene Glycol (DPG) from PerfumersWorld,0.1
2QV23712,Benjoin Laos Matured from PerfumersWorld,9000-72-0,,0.60,,FALSE,,,
4FN00049,Benzaldehyde from PerfumersWorld,100-52-7,,0.18,,FALSE,,,
5FN07794,Benzaldehyde 10% in DPG from PerfumersWorld,"100-52-7|0.1
25265-71-8|0.9",,0.07,,TRUE,Benzaldehyde from PerfumersWorld,Dipropylene Glycol (DPG) from PerfumersWorld,0.1
6QV18435,BENZOIN F-TEC from PerfumersWorld,Mixture (Perfume Base),,0.30,,FALSE,,,
6QV09111,Benzoin Fleuressence from PerfumersWorld,Mixture (Perfume Base),,0.35,,FALSE,,,
2QV00050,Benzoin Siam Resinoid from PerfumersWorld,9000-72-0,,0.70,,FALSE,,,
5QV07505,Benzoin Siam Resinoid 50% in BB from PerfumersWorld,"9000-05-9|0.5
120-51-4|0.5",,0.40,,TRUE,Benzoin Siam Resinoid from PerfumersWorld,Benzyl Benzoate (BB) from PerfumersWorld,0.5
5QV13027,Benzoin Siam Resinoid 50% in DPG from PerfumersWorld,"9000-72-0|0.5
25265-71-8|0.5",,0.40,,TRUE,Benzoin Siam Resinoid from PerfumersWorld,Dipropylene Glycol (DPG) from PerfumersWorld,0.5
2QV08253,Benzoin Sumatra Resinoid from PerfumersWorld,9000-05-9,,0.40,,FALSE,,,
1RP00051,Benzophenone from PerfumersWorld,119-61-9,,0.15,,FALSE,,,
5RP09245,Benzophenone 10% in DPG from PerfumersWorld,"119-61-9|0.1
25265-71-8|0.9",,0.08,,TRUE,Benzophenone from PerfumersWorld,Dipropylene Glycol (DPG) from PerfumersWorld,0.1
3JF00052,Benzyl Acetate from PerfumersWorld,140-11-4,,0.20,,FALSE,,,
0ZN00053,Benzyl Alcohol (BA) from PerfumersWorld,100-51-6,,0.20,,FALSE,,,
0ZN00054,Benzyl Benzoate (BB) from PerfumersWorld,120-51-4,,0.20,,FALSE,,,
4JD00055,Benzyl Butyrate from PerfumersWorld,103-37-7,,0.20,,FALSE,,,
2SQ00056,Benzyl Cinnamate from PerfumersWorld,103-41-3,,0.30,,FALSE,,,
5SQ12479,Benzyl Cinnamate 10% in DPG from PerfumersWorld,"103-41-3|0.1
25265-71-8|0.9",,0.10,,TRUE,Benzyl Cinnamate from PerfumersWorld,Dipropylene Glycol (DPG) from PerfumersWorld,0.1
4JW00057,Benzyl Formate from PerfumersWorld,104-57-4,,0.84,,FALSE,,,
1SP00058,Benzyl Isoeugenol from PerfumersWorld,120-11-6,,0.70,,FALSE,,,
5SP12480,Benzyl Isoeugenol 10% in DPG from PerfumersWorld,"120-11-6|0.1
25265-71-8|0.9",,0.10,,TRUE,Benzyl Isoeugenol from PerfumersWorld,Dipropylene Glycol (DPG) from PerfumersWorld,0.1
3JF00059,Benzyl Propionate from PerfumersWorld,122-63-4,,0.09,,FALSE,,,
3ON00060,Benzyl Salicylate from PerfumersWorld,118-58-1,,0.09,,FALSE,,,
7CL00061,Bergamot Essential Oil from PerfumersWorld,8007-75-8,,0.35,,FALSE,,,
6CL18898,BERGAMOT F-TEC from PerfumersWorld,Mixture (Perfume Base),,0.18,,FALSE,,,
7CL24020,Bergamot FCF oil Sicilian from PerfumersWorld,68648-33-9,,0.22,,FALSE,,,
6CL09058,Bergamot Fleuressence from PerfumersWorld,Mixture (Perfume Base),,0.20,,FALSE,,,
3FG19149,Berry Hexanoate (BerryFlor) from PerfumersWorld,104986-28-9,,1.10,,FALSE,,,
3WS00089,Beta Caryophyllene from PerfumersWorld,87-44-5,,0.14,,FALSE,,,
9IR00141,Beta Damascone from PerfumersWorld,23696-85-7,,3.18,,FALSE,,,
5IR07532,Beta Damascone 10% in DPG from PerfumersWorld,"23696-85-7|0.1
25265-71-8|0.9",,0.35,,TRUE,Beta Damascone from PerfumersWorld,Dipropylene Glycol (DPG) from PerfumersWorld,0.1
4BC11314,Beta Homocyclocitral from PerfumersWorld,472-66-2,,7.60,,FALSE,,,
3IF00238,Beta Ionone from PerfumersWorld,79-77-6,,0.29,,FALSE,,,
3KC00386,Beta Pinene from PerfumersWorld,127-91-3,,0.06,,FALSE,,,
5TP07825,Birch Tar Essential Oil 1% in DPG from PerfumersWorld,"8001-88-5|0.01
25265-71-8|0.99",,0.15,,TRUE,Birch Tar Essential Oil from PerfumersWorld,Dipropylene Glycol (DPG) from PerfumersWorld,0.01
7TP00822,Birch Tar Oil Rectified from PerfumersWorld,8001-88-5,,2.30,,FALSE,,,
5TP11094,Birch Tar Oil Rectified 10% in DPG from PerfumersWorld,"8001-88-5|0.1
25265-71-8|0.9",,0.25,,TRUE,Birch Tar Oil Rectified from PerfumersWorld,Dipropylene Glycol (DPG) from PerfumersWorld,0.1
7CA00849,Bitter Orange Essential Oil from PerfumersWorld,68916-04-1,,0.50,,FALSE,,,
6WU07708,Black Agarwood Artificial from PerfumersWorld,Mixture (Perfume Base),,1.70,,FALSE,,,
7SQ00359,Black Pepper Essential Oil from PerfumersWorld,84929-41-9,,1.00,,FALSE,,,
6SH18444,BLACK PEPPER F-TEC from PerfumersWorld,Mixture (Perfume Base),,0.30,,FALSE,,,
6SH09677,Black Pepper Fleuressence from PerfumersWorld,Mixture (Perfume Base),,0.50,,FALSE,,,
6HE09224,Black Tea Base from PerfumersWorld,Mixture (Perfume Base),,0.29,,FALSE,,,
8FB00063,Blackcurrant Absolute from PerfumersWorld,97676-19-2,,8.10,,FALSE,,,
5FB20096,Blackcurrant Absolute 10% in DPG from PerfumersWorld,"97676-19-2|0.1
25265-71-8|0.9",,0.64,,TRUE,Blackcurrant Absolute from PerfumersWorld,Dipropylene Glycol (DPG) from PerfumersWorld,0.1
6FB18179,BLACKCURRANT F-TEC from PerfumersWorld,Mixture (Perfume Base),,0.32,,FALSE,,,
6FB09427,Blackcurrant Fleuressence from PerfumersWorld,Mixture (Perfume Base),,0.30,,FALSE,,,
7CA24032,Blood Orange oil Sicilian from PerfumersWorld,8028-48-6,,0.18,,FALSE,,,
7HF00102,Blue Chamomile Essential Oil from PerfumersWorld,8002-66-2,,2.12,,FALSE,,,
5HF07844,Blue Chamomile Essential Oil 10% in DPG from PerfumersWorld,"8002-66-2|0.1
25265-71-8|0.9",,0.24,,TRUE,Blue Chamomile Essential Oil from PerfumersWorld,Dipropylene Glycol (DPG) from PerfumersWorld,0.1
BODYLOTN,Body Lotion Base - unscented from PerfumersWorld,Not Found,,0.04,,FALSE,,,
6LW18324,BOIS DE ROSE F-TEC from PerfumersWorld,Mixture (Perfume Base),,0.16,,FALSE,,,
6LW12346,Bois de Rose Fleuressence from PerfumersWorld,Mixture (Perfume Base),,0.27,,FALSE,,,
BON06020,Bonding Concentrate from PerfumersWorld,Not Found,,5.02,,FALSE,,,
BON06021,Bonding Factor from PerfumersWorld,Not Found,,0.52,,FALSE,,,
1BW00064,Borneol from PerfumersWorld,507-70-0,,0.14,,FALSE,,,
5BW12462,Borneol 50% in DPG from PerfumersWorld,"507-70-0|0.5
25265-71-8|0.5",,0.07,,TRUE,Borneol from PerfumersWorld,Dipropylene Glycol (DPG) from PerfumersWorld,0.5
4MA00067,Bourgeonal from PerfumersWorld,18127-01-0,,0.52,,FALSE,,,
5MA12469,Bourgeonal 10% in DPG from PerfumersWorld,"18127-01-0|0.1
25265-71-8|0.9",,0.09,,TRUE,Bourgeonal from PerfumersWorld,Dipropylene Glycol (DPG) from PerfumersWorld,0.1
6NL18792,BROOM F-TEC from PerfumersWorld,Mixture (Perfume Base),,0.17,,FALSE,,,
6NL08427,Broom Fleuressence from PerfumersWorld,Mixture (Perfume Base),,0.18,,FALSE,,,
1FB00071,Buccoxime from PerfumersWorld,75147-23-8,,2.80,,FALSE,,,
5FB07818,Buccoxime 10% in DPG from PerfumersWorld,"75147-23-8|0.1
25265-71-8|0.9",,0.32,,TRUE,Buccoxime from PerfumersWorld,Dipropylene Glycol (DPG) from PerfumersWorld,0.1
3FD05860,Butyl Butyrate from PerfumersWorld,109-21-7,,0.11,,FALSE,,,
4FD05871,Butyl Isovalerate from PerfumersWorld,109-19-3,,0.24,,FALSE,,,
3OH00073,Butyl Salicylate from PerfumersWorld,Not Found,,0.10,,FALSE,,,
0ZP03359,Butylated Hydroxytoluene (BHT) antioxidant from PerfumersWorld,128-37-0,,0.09,,FALSE,,,
6CL18060,C-CITRUS F-TEC from PerfumersWorld,Mixture (Perfume Base),,0.20,,FALSE,,,
6CL07830,C-Citrus Fleuressence from PerfumersWorld,Mixture (Perfume Base),,0.22,,FALSE,,,
7LW00863,Cabreuva Essential Oil from PerfumersWorld,68188-03-4,,0.75,,FALSE,,,
7TW00076,Cade Oil Rectified from PerfumersWorld,8013-10-3,,0.75,,FALSE,,,
5TW10962,Cade Oil Rectified 10% in DPG from PerfumersWorld,"8013-10-3|0.1
25265-71-8|0.9",,0.20,,TRUE,Cade Oil Rectified from PerfumersWorld,Dipropylene Glycol (DPG) from PerfumersWorld,0.1
5TW07824,Cade Oil Rectified Oil 1% in DPG from PerfumersWorld,"8013-10-3|0.01
25265-71-8|0.99",,0.11,,TRUE,Cade Oil Rectified Oil from PerfumersWorld,Dipropylene Glycol (DPG) from PerfumersWorld,0.01
7BH00912,Cajuput Essential Oil from PerfumersWorld,8008-98-8,,0.36,,FALSE,,,
1YG00077,Calone from PerfumersWorld,28940-11-6,,4.46,,FALSE,,,
5YG11098,Calone 1% in DPG from PerfumersWorld,"28940-11-6|0.01
25265-71-8|0.99",,0.06,,TRUE,Calone from PerfumersWorld,Dipropylene Glycol (DPG) from PerfumersWorld,0.01
5YG07546,Calone 10% in DPG from PerfumersWorld,"28940-11-6|0.1
25265-71-8|0.9",,0.47,,TRUE,Calone from PerfumersWorld,Dipropylene Glycol (DPG) from PerfumersWorld,0.1
3BH00078,Camphene from PerfumersWorld,5794-03-6,,0.17,,FALSE,,,
6BH18118,CAMPHOR F-TEC from PerfumersWorld,Mixture (Perfume Base),,0.15,,FALSE,,,
1BH00080,Camphor Powder from PerfumersWorld,464-49-3,,0.10,,FALSE,,,
5BH09580,Camphor Powder 50% in DPG from PerfumersWorld,"464-49-3|0.5
25265-71-8|0.5",,0.09,,TRUE,Camphor Powder from PerfumersWorld,Dipropylene Glycol (DPG) from PerfumersWorld,0.5
7BH00079,Camphor White Essential Oil from PerfumersWorld,8008-51-3,,0.27,,FALSE,,,
6BH09017,Camphoraceous Fleuressence from PerfumersWorld,Mixture (Perfume Base),,0.19,,FALSE,,,
7NJ00081,Cananga Essential Oil from PerfumersWorld,68606-83-7,,0.30,,FALSE,,,
5VE14325,Caramel Furanone 0.003% from PerfumersWorld,28664-35-9,,0.12,,FALSE,,,
5VE14324,Caramel Furanone 0.03% from PerfumersWorld,28664-35-9,,0.17,,FALSE,,,
7SE00083,Caraway Seed Essential Oil from PerfumersWorld,8000-42-8,,0.82,,FALSE,,,
5SE07843,Caraway Seed Essential Oil 10% in DPG from PerfumersWorld,"8000-42-8|0.1
25265-71-8|0.9",,0.12,,TRUE,Caraway Seed Essential Oil from PerfumersWorld,Dipropylene Glycol (DPG) from PerfumersWorld,0.1
7SC00084,Cardamom Essential Oil from PerfumersWorld,8000-66-6,,3.56,,FALSE,,,
5SC07859,Cardamom Essential Oil 10% in DPG from PerfumersWorld,"8000-66-6|0.1
25265-71-8|0.9",,0.42,,TRUE,Cardamom Essential Oil from PerfumersWorld,Dipropylene Glycol (DPG) from PerfumersWorld,0.1
6SC09679,Cardamom Fleuressence from PerfumersWorld,Mixture (Perfume Base),,0.86,,FALSE,,,
6SC18557,CARDAMON F-TEC from PerfumersWorld,Mixture (Perfume Base),,0.60,,FALSE,,,
8FY24655,Caribbean Rum Extract from PerfumersWorld,Not Found,,8.80,,FALSE,,,
6SP18441,CARNATION F-TEC from PerfumersWorld,Mixture (Perfume Base),,0.22,,FALSE,,,
6SP09163,Carnation Fleuressence from PerfumersWorld,Mixture (Perfume Base),,0.22,,FALSE,,,
7IS00086,Carrot Seed Essential Oil from PerfumersWorld,8015-88-1,,4.00,,FALSE,,,
5IS07846,Carrot Seed Essential Oil 10% in DPG from PerfumersWorld,"8015-88-1|0.1
25265-71-8|0.9",,0.50,,TRUE,Carrot Seed Essential Oil from PerfumersWorld,Dipropylene Glycol (DPG) from PerfumersWorld,0.1
3WI03465,Caryophyllene Acetate from PerfumersWorld,32214-91-8,,0.10,,FALSE,,,
4XB00090,Cashmeran from PerfumersWorld,33704-61-9,,0.52,,FALSE,,,
5XB07615,Cashmeran 10% in DPG from PerfumersWorld,"33704-61-9|0.1
25265-71-8|0.9",,0.10,,TRUE,Cashmeran from PerfumersWorld,Dipropylene Glycol (DPG) from PerfumersWorld,0.1
6XB18881,CASHMERE MUSK F-TEC from PerfumersWorld,Mixture (Perfume Base),,0.25,,FALSE,,,
6XB09681,Cashmere Musk Fleuressence from PerfumersWorld,Mixture (Perfume Base),,0.23,,FALSE,,,
7SV00091,Cassia Essential Oil from PerfumersWorld,8007-80-5,,0.35,,FALSE,,,
5SV12481,Cassia Essential Oil 10% in DPG from PerfumersWorld,"8007-80-5|0.1
25265-71-8|0.9",,0.07,,TRUE,Cassia Essential Oil from PerfumersWorld,Dipropylene Glycol (DPG) from PerfumersWorld,0.1
6NI18791,CASSIE F-TEC from PerfumersWorld,Mixture (Perfume Base),,0.30,,FALSE,,,
6NI09419,Cassie Fleuressence from PerfumersWorld,Mixture (Perfume Base),,0.25,,FALSE,,,
6UP18499,CASTOREUM F-TEC from PerfumersWorld,Mixture (Perfume Base),,0.24,,FALSE,,,
6UP11559,Castoreum Fleuressence from PerfumersWorld,Mixture (Perfume Base),,0.37,,FALSE,,,
6UP07515,Castoreum Synthetic from PerfumersWorld,Mixture (Perfume Base),,2.02,,FALSE,,,
7WP00844,Cedarwood Chinese Essential Oil from PerfumersWorld,85085-29-6,,0.13,,FALSE,,,
6WW18687,CEDARWOOD F-TEC from PerfumersWorld,Mixture (Perfume Base),,0.28,,FALSE,,,
6WW09124,Cedarwood Fleuressence from PerfumersWorld,Mixture (Perfume Base),,0.30,,FALSE,,,
7WW00095,Cedarwood Virginian Essential Oil from PerfumersWorld,8000-27-9,,0.30,,FALSE,,,
3WW00097,Cedramber from PerfumersWorld,19870-74-7,,0.24,,FALSE,,,
7CC24028,Cedrat FCF oil Sicilian from PerfumersWorld,Not Found,,0.35,,FALSE,,,
1WW00096,Cedrenyl Acetate from PerfumersWorld,1405-92-1,,0.28,,FALSE,,,
1WW01281,Cedrol from PerfumersWorld,77-53-2,,0.24,,FALSE,,,
5WW09974,Cedrol 10% in DPG from PerfumersWorld,"77-53-2|0.1
25265-71-8|0.9",,0.06,,TRUE,Cedrol from PerfumersWorld,Dipropylene Glycol (DPG) from PerfumersWorld,0.1
3WI00098,Cedroxyde from PerfumersWorld,71735-79-0,,0.69,,FALSE,,,
2WW00099,Cedryl Acetate from PerfumersWorld,77-54-3,,0.21,,FALSE,,,
7SH00100,Celery Seed Essential Oil from PerfumersWorld,8015-90-5,,0.94,,FALSE,,,
5SH07845,Celery Seed Essential Oil 10% in DPG from PerfumersWorld,"8015-90-5|0.1
25265-71-8|0.9",,0.13,,TRUE,Celery Seed Essential Oil from PerfumersWorld,Dipropylene Glycol (DPG) from PerfumersWorld,0.1
1XY00101,Celestolide from PerfumersWorld,13171-00-1,,0.31,,FALSE,,,
5XY10869,Celestolide 10% in DPG from PerfumersWorld,"13171-00-1|0.1
25265-71-8|0.9",,0.12,,TRUE,Celestolide from PerfumersWorld,Dipropylene Glycol (DPG) from PerfumersWorld,0.1
6NJ18626,CHAMPACA F-TEC from PerfumersWorld,Mixture (Perfume Base),,0.25,,FALSE,,,
6NJ09072,Champaca Fleuressence from PerfumersWorld,Mixture (Perfume Base),,0.39,,FALSE,,,
7NJ07740,Champaca Flower Essential Oil from PerfumersWorld,94333-99-0,,2.54,,FALSE,,,
5NN07927,Champaca Flower Essential Oil 10% in DPG from PerfumersWorld,"94333-99-0|0.1
25265-71-8|0.9",,0.27,,TRUE,Champaca Flower Essential Oil from PerfumersWorld,Dipropylene Glycol (DPG) from PerfumersWorld,0.1
7LN08199,Champaca Leaf Essential Oil from PerfumersWorld,78-70-6,,0.55,,FALSE,,,
4YE09171,Champignol from PerfumersWorld,3687-48-7,,10.45,,FALSE,,,
5YE12329,Champignol 10% in DPG from PerfumersWorld,"3687-48-7|0.1
25265-71-8|0.9",,1.10,,TRUE,Champignol from PerfumersWorld,Dipropylene Glycol (DPG) from PerfumersWorld,0.1
6FN18183,CHERRY F-TEC from PerfumersWorld,Mixture (Perfume Base),,0.15,,FALSE,,,
6FN09071,Cherry Fleuressence from PerfumersWorld,Mixture (Perfume Base),,0.20,,FALSE,,,
6VE18548,CHOCOLATE F-TEC from PerfumersWorld,Mixture (Perfume Base),,0.25,,FALSE,,,
6VE12421,Chocolate Fleuressence from PerfumersWorld,Mixture (Perfume Base),,0.58,,FALSE,,,
6CL11946,Chrome Citrus Fleuressence from PerfumersWorld,Mixture (Perfume Base),,0.12,,FALSE,,,
6CL18125,CHROME F-TEC from PerfumersWorld,Mixture (Perfume Base),,0.12,,FALSE,,,
6UX18493,CHYPRE F-TEC from PerfumersWorld,Mixture (Perfume Base),,0.17,,FALSE,,,
6UX10406,Chypre Fleuressence from PerfumersWorld,Mixture (Perfume Base),,0.28,,FALSE,,,
7SV00107,Cinnamon Bark Essential Oil from PerfumersWorld,84649-98-9,,2.20,,FALSE,,,
5SV11510,Cinnamon Bark Essential Oil 10% in DPG from PerfumersWorld,"84649-98-9|0.1
25265-71-8|0.9",,0.24,,TRUE,Cinnamon Bark Essential Oil from PerfumersWorld,Dipropylene Glycol (DPG) from PerfumersWorld,0.1
6SV18443,CINNAMON F-TEC from PerfumersWorld,Mixture (Perfume Base),,0.12,,FALSE,,,
6SV08501,Cinnamon Fleuressence from PerfumersWorld,Mixture (Perfume Base),,0.20,,FALSE,,,
7SV00108,Cinnamon Leaf Essential Oil from PerfumersWorld,8015-91-6,,0.40,,FALSE,,,
3SQ00109,Cinnamyl Acetate from PerfumersWorld,103-54-8,,0.18,,FALSE,,,
2SV00105,Cinnamyl Alcohol from PerfumersWorld,104-54-1,,0.20,,FALSE,,,
5SV07857,Cinnamyl Alcohol 50% in DPG from PerfumersWorld,"104-54-1|0.5
25265-71-8|0.5",,0.12,,TRUE,Cinnamyl Alcohol from PerfumersWorld,Dipropylene Glycol (DPG) from PerfumersWorld,0.5
4SV00106,4SV00106 @ US$0.13/0 from PerfumersWorld,104-55-2,,,,FALSE,,,
5SV10991,Cinnamyl aldehyde 10% in DPG from PerfumersWorld,"104-55-2|0.1
25265-71-8|0.9",,0.05,,TRUE,Cinnamyl aldehyde from PerfumersWorld,Dipropylene Glycol (DPG) from PerfumersWorld,0.1
4SW23710,Cinnamyl Nitrile from PerfumersWorld,4360-47-8,,0.40,,FALSE,,,
4GL00225,cis-3 Hexenol from PerfumersWorld,928-96-1,,0.48,,FALSE,,,
5GG07890,cis-3 Hexenol 10% in DPG from PerfumersWorld,"928-96-1|0.1
25265-71-8|0.9",,0.11,,TRUE,cis-3 Hexenol from PerfumersWorld,Dipropylene Glycol (DPG) from PerfumersWorld,0.1
4GF00226,cis-3 Hexenyl Acetate from PerfumersWorld,3681-71-8,,0.80,,FALSE,,,
5GF07561,cis-3 Hexenyl Acetate 10% in DPG from PerfumersWorld,"3681-71-8|0.1
25265-71-8|0.9",,0.12,,TRUE,cis-3 Hexenyl Acetate from PerfumersWorld,Dipropylene Glycol (DPG) from PerfumersWorld,0.1
3GN00227,cis-3 Hexenyl Benzoate from PerfumersWorld,25152-85-6,,0.82,,FALSE,,,
4GD00228,cis-3 Hexenyl Butyrate from PerfumersWorld,16491-36-4,,0.90,,FALSE,,,
5GD08173,cis-3 Hexenyl Butyrate 10% in DPG from PerfumersWorld,"16491-36-4|0.1
25265-71-8|0.9",,0.07,,TRUE,cis-3 Hexenyl Butyrate from PerfumersWorld,Dipropylene Glycol (DPG) from PerfumersWorld,0.1
4GG01946,cis-3 Hexenyl Hexanoate from PerfumersWorld,31501-11-8,,0.60,,FALSE,,,
3GO00229,cis-3 Hexenyl Salicylate from PerfumersWorld,65405-77-8,,0.52,,FALSE,,,
5GO12259,cis-3 Hexenyl Salicylate 10% in DPG from PerfumersWorld,"65405-77-8|0.1
25265-71-8|0.9",,0.10,,TRUE,cis-3 Hexenyl Salicylate from PerfumersWorld,Dipropylene Glycol (DPG) from PerfumersWorld,0.1
4JN00257,cis-Jasmone from PerfumersWorld,488-10-8,,2.14,,FALSE,,,
5JN07525,cis-Jasmone 10% in DPG from PerfumersWorld,"488-10-8|0.1
25265-71-8|0.9",,0.32,,TRUE,cis-Jasmone from PerfumersWorld,Dipropylene Glycol (DPG) from PerfumersWorld,0.1
8UQ00540,Cistus Absolute F0779 from PerfumersWorld,89997-74-0,,0.90,,FALSE,,,
8UQ08229,Cistus Absolute SIS F0785 from PerfumersWorld,Not Found,,1.50,,FALSE,,,
7UQ08239,Cistus Essential Oil from PerfumersWorld,89997-74-0,,4.80,,FALSE,,,
5UQ14582,Cistus Essential Oil 10% in DPG from PerfumersWorld,"89997-74-0|0.1
25265-71-8|0.9",,0.50,,TRUE,Cistus Essential Oil from PerfumersWorld,Dipropylene Glycol (DPG) from PerfumersWorld,0.1
4CC00111,Citral from PerfumersWorld,5392-40-5,,0.16,,FALSE,,,
5CC07796,Citral 10% in DPG from PerfumersWorld,"5392-40-5|0.1
25265-71-8|0.9",,0.07,,TRUE,Citral from PerfumersWorld,Dipropylene Glycol (DPG) from PerfumersWorld,0.1
5CC07820,Citralva 10% in DPG from PerfumersWorld,"5146-66-7|0.1
25265-71-8|0.9",,0.07,,TRUE,Citralva from PerfumersWorld,Dipropylene Glycol (DPG) from PerfumersWorld,0.1
3CC00112,Citrathal from PerfumersWorld,7492-66-2,,0.48,,FALSE,,,
1ZX03525,Citric Acid from PerfumersWorld,77-92-9,,0.08,,FALSE,,,
7CR00114,Citronella Essential Oil from PerfumersWorld,8000-29-1,,0.14,,FALSE,,,
4CR00115,CitronellAL from PerfumersWorld,106-23-0,,0.12,,FALSE,,,
5CR07548,CitronellAL 10% in DPG from PerfumersWorld,"106-23-0|0.1
25265-71-8|0.9",,0.07,,TRUE,CitronellAL from PerfumersWorld,Dipropylene Glycol (DPG) from PerfumersWorld,0.1
3RM00116,CitronellOL from PerfumersWorld,106-22-9,,0.22,,FALSE,,,
3RL00118,Citronellyl Acetate from PerfumersWorld,150-84-5,,0.18,,FALSE,,,
4RC03548,Citronellyl Formate from PerfumersWorld,105-85-1,,0.18,,FALSE,,,
4CR06787,Citronellyl Nitrile from PerfumersWorld,51566-62-2,,0.22,,FALSE,,,
6AC18110,CITRUS ALDEHYDE F-TEC from PerfumersWorld,Mixture (Perfume Base),,0.12,,FALSE,,,
6AC09112,CITRUS ALDEHYDE FLEURESSENCE from PerfumersWorld,Mixture (Perfume Base),,0.20,,FALSE,,,
7CK01152,Citrus Hystrix Lime Essential Oil from PerfumersWorld,91771-50-5,,0.23,,FALSE,,,
7CK01077,Citrus Hystrix Lime Leaf Essential Oil from PerfumersWorld,91771-50-5,,0.56,,FALSE,,,
3UU07513,Civet Art from PerfumersWorld,Mixture,,4.00,,FALSE,,,
5UU07533,Civet Art 10% in DPG from PerfumersWorld,Mixture,,0.45,,TRUE,Civet Art from PerfumersWorld,Dipropylene Glycol (DPG) from PerfumersWorld,0.1
6UU18497,CIVET F-TEC from PerfumersWorld,Mixture (Perfume Base),,0.55,,FALSE,,,
6UU09106,Civet Fleuressence from PerfumersWorld,Mixture (Perfume Base),,0.60,,FALSE,,,
7HH00121,Clary Sage Essential Oil from PerfumersWorld,8016-63-5,,1.44,,FALSE,,,
6SC18558,CLASSIC SPICE F-TEC from PerfumersWorld,Mixture (Perfume Base),,0.19,,FALSE,,,
6SC12411,Classic Spice Fleuressence from PerfumersWorld,Mixture (Perfume Base),,0.22,,FALSE,,,
6GM12399,Clear Green Blender Fleuressence from PerfumersWorld,Mixture (Perfume Base),,0.22,,FALSE,,,
6GM18236,CLEAR GREEN F-TEC from PerfumersWorld,Mixture (Perfume Base),,0.19,,FALSE,,,
3WB13402,Clearwood from PerfumersWorld,84238-39-1,,0.34,,FALSE,,,
7SP00122,Clove Bud Essential Oil from PerfumersWorld,8000-34-8,,0.54,,FALSE,,,
6SP18442,CLOVE F-TEC from PerfumersWorld,Mixture (Perfume Base),,0.14,,FALSE,,,
6SP09088,Clove Fleuressence from PerfumersWorld,Mixture (Perfume Base),,0.20,,FALSE,,,
7SP00123,Clove Leaf Essential Oil from PerfumersWorld,8000-34-8,,0.19,,FALSE,,,
8VT00635,Cocoa Absolute from PerfumersWorld,8002-31-1,,3.52,,FALSE,,,
5VT07920,Cocoa Absolute 10% in DPG from PerfumersWorld,"84649-99-0|0.1
25265-71-8|0.9",,0.38,,TRUE,Cocoa Absolute from PerfumersWorld,Dipropylene Glycol (DPG) from PerfumersWorld,0.1
5VT08034,Cocoa Absolute 10% in IPM from PerfumersWorld,"8002-31-1|0.1
110-27-0|0.9",,0.39,,TRUE,Cocoa Absolute from PerfumersWorld,Isopropyl Myristate (IPM) from PerfumersWorld,0.1
8VT23451,Cocoa absolute grasse from PerfumersWorld,8002-31-1,,4.90,,FALSE,,,
5VT23692,Cocoa absolute grasse 10% in DPG from PerfumersWorld,"8002-31-1|0.1
25265-71-8|0.9",,0.53,,TRUE,Cocoa absolute grasse from PerfumersWorld,Dipropylene Glycol (DPG) from PerfumersWorld,0.1
6DV18549,COCOA BUTTER F-TEC from PerfumersWorld,Mixture (Perfume Base),,0.12,,FALSE,,,
6DV09055,Cocoa Butter Fleuressence from PerfumersWorld,Mixture (Perfume Base),,0.14,,FALSE,,,
1VT23924,Cocoa CO2 Extract from PerfumersWorld,84649-99-0,,1.70,,FALSE,,,
6DV18143,COCONUT F-TEC from PerfumersWorld,Mixture (Perfume Base),,0.18,,FALSE,,,
6DV12422,Coconut Fleuressence from PerfumersWorld,Mixture (Perfume Base),,0.18,,FALSE,,,
0ZV22213,Coconut Oil Fractionated (Coconut MCT) Fixed Oil from PerfumersWorld,8001-31-8,,0.08,,FALSE,,,
8TE23450,Coffee absolute grasse from PerfumersWorld,8001-67-0,,6.20,,FALSE,,,
5TE23680,Coffee absolute grasse 10% in DPG from PerfumersWorld,"8001-67-0|0.1
25265-71-8|0.9",,0.65,,TRUE,Coffee absolute grasse from PerfumersWorld,Dipropylene Glycol (DPG) from PerfumersWorld,0.1
8ET23923,Coffee CO2 Extract Organic from PerfumersWorld,84650-00-0,,2.00,,FALSE,,,
6ET18954,COFFEE F-TEC from PerfumersWorld,Mixture (Perfume Base),,0.30,,FALSE,,,
6ET20539,Coffee Fleuressence from PerfumersWorld,Mixture (Perfume Base),,0.30,,FALSE,,,
7ET08078,Coffee Oil Roasted from PerfumersWorld,84650-00-0,,2.20,,FALSE,,,
5ET12484,Coffee Oil Roasted 10% in DPG from PerfumersWorld,"84650-00-0|0.1
25265-71-8|0.9",,0.21,,TRUE,Coffee Oil Roasted from PerfumersWorld,Dipropylene Glycol (DPG) from PerfumersWorld,0.1
6FY18955,COGNAC F-TEC from PerfumersWorld,Mixture (Perfume Base),,0.20,,FALSE,,,
6FY08507,Cognac Wine Fleuressence from PerfumersWorld,Mixture (Perfume Base),,0.20,,FALSE,,,
6CL18897,COLOGNE F-TEC from PerfumersWorld,Mixture (Perfume Base),,0.22,,FALSE,,,
6CL10405,Cologne Fleuressence from PerfumersWorld,Mixture (Perfume Base),,0.24,,FALSE,,,
CLKIT3,CLKIT3 @ US$29.95/set from PerfumersWorld,Not Found,,,,FALSE,,,
3KK00124,Coniferan from PerfumersWorld,67874-72-0,,0.45,,FALSE,,,
CONS12MT,CONS12MT @ US$10000.00/month from PerfumersWorld,Not Found,,,,FALSE,,,
7SL00125,Coriander Essential Oil from PerfumersWorld,8008-52-4,,0.90,,FALSE,,,
5SL08473,Coriander Essential Oil 10% in DPG from PerfumersWorld,"8008-52-4|0.1
25265-71-8|0.9",,0.24,,TRUE,Coriander Essential Oil from PerfumersWorld,Dipropylene Glycol (DPG) from PerfumersWorld,0.1
7BB00832,Cornmint Essential Oil China from PerfumersWorld,68917-18-0,,0.27,,FALSE,,,
4XU10872,Cosmone from PerfumersWorld,259854-70-1,,4.30,,FALSE,,,
5UW08963,Costus Olifac 1% in DPG from PerfumersWorld,Mixture,,0.12,,TRUE,Costus Olifac from PerfumersWorld,Dipropylene Glycol (DPG) from PerfumersWorld,0.01
5UW11312,Costus Olifac 10% in DPG from PerfumersWorld,Mixture,,0.74,,TRUE,Costus Olifac from PerfumersWorld,Dipropylene Glycol (DPG) from PerfumersWorld,0.1
4UW09665,Costus Olifac Iff from PerfumersWorld,Mixture,,7.20,,FALSE,,,
1VD00129,Coumarin from PerfumersWorld,91-64-5,,0.11,,FALSE,,,
5VD07557,Coumarin 10% in DPG from PerfumersWorld,"8008-93-3|0.1
25265-71-8|0.9",,0.05,,TRUE,Coumarin from PerfumersWorld,Dipropylene Glycol (DPG) from PerfumersWorld,0.1
6GB18224,CUCUMBER F-TEC from PerfumersWorld,Mixture (Perfume Base),,0.20,,FALSE,,,
6GF07657,Cucumber Fleuressence from PerfumersWorld,Mixture (Perfume Base),,0.20,,FALSE,,,
7SU00130,Cumin Seed Essential Oil from PerfumersWorld,8014-13-9,,1.10,,FALSE,,,
5SU07604,Cumin Seed Essential Oil 1% in DPG from PerfumersWorld,"8014-13-9|0.01
25265-71-8|0.99",,0.05,,TRUE,Cumin Seed Essential Oil from PerfumersWorld,Dipropylene Glycol (DPG) from PerfumersWorld,0.01
5SU19106,Cumin Seed Essential Oil 1% in TEC from PerfumersWorld,"8014-13-9|0.01
77-93-0|0.99",,0.08,,TRUE,Cumin Seed Essential Oil from PerfumersWorld,Triethyl Citrate (TEC) from PerfumersWorld,0.01
5SU18711,Cumin Seed Essential Oil 10% in TEC from PerfumersWorld,"8014-13-9|0.1
77-93-0|0.9",,0.15,,TRUE,Cumin Seed Essential Oil from PerfumersWorld,Triethyl Citrate (TEC) from PerfumersWorld,0.1
CUSTOMPC,CUSTOMPC @ US$600.00/perfume from PerfumersWorld,Not Found,,,,FALSE,,,
3MG00134,Cyclamen Aldehyde from PerfumersWorld,103-95-7,,0.34,,FALSE,,,
6ML18413,CYCLAMEN F-TEC from PerfumersWorld,Mixture (Perfume Base),,0.18,,FALSE,,,
6MG09430,Cyclamen Fleuressence from PerfumersWorld,Mixture (Perfume Base),,0.19,,FALSE,,,
4PQ00352,Cymene Para from PerfumersWorld,99-87-6,,0.14,,FALSE,,,
8KB00542,Cypress Absolute from PerfumersWorld,8013-86-3,,1.87,,FALSE,,,
5KB13801,Cypress Absolute 10% in DPG from PerfumersWorld,Not Found,,0.08,,TRUE,Cypress Absolute from PerfumersWorld,Dipropylene Glycol (DPG) from PerfumersWorld,0.1
7KB00833,Cypress Essential Oil from PerfumersWorld,8013-86-3,,0.98,,FALSE,,,
6DF18006,D-DAIRY F-TEC from PerfumersWorld,Mixture (Perfume Base),,0.12,,FALSE,,,
6DD08537,D-Dairy Fleuressence from PerfumersWorld,Mixture (Perfume Base),,0.20,,FALSE,,,
3CQ00276,D-Limonene from PerfumersWorld,5989-27-5,,0.08,,FALSE,,,
9IF07120,Damascenone from PerfumersWorld,23696-85-7,,2.72,,FALSE,,,
3IL00139,Damascol from PerfumersWorld,4927-36-0,,0.66,,FALSE,,,
7HH00895,Davana Essential Oil from PerfumersWorld,91844-86-9,,5.10,,FALSE,,,
5HH12466,Davana Essential Oil 10% in DPG from PerfumersWorld,"8016-03-3|0.1
25265-71-8|0.9",,0.52,,TRUE,Davana Essential Oil from PerfumersWorld,Dipropylene Glycol (DPG) from PerfumersWorld,0.1
3AC00014,Decanol (Alcohol C-10) from PerfumersWorld,112-30-1,,0.12,,FALSE,,,
4CF19148,Decatone from PerfumersWorld,34131-98-1,,2.82,,FALSE,,,
4DD03683,Delta Decalactone from PerfumersWorld,2825-91-4,,0.73,,FALSE,,,
5DD12463,Delta Decalactone 10% in DPG from PerfumersWorld,"2825-91-4|0.1
25265-71-8|0.9",,0.12,,TRUE,Delta Decalactone from PerfumersWorld,Dipropylene Glycol (DPG) from PerfumersWorld,0.1
6FL18169,DEWBERRY F-TEC from PerfumersWorld,Mixture (Perfume Base),,0.12,,FALSE,,,
6FL09127,Dewberry Fleuressence from PerfumersWorld,Mixture (Perfume Base),,0.21,,FALSE,,,
9DV00144,Diacetyl from PerfumersWorld,431-03-8,,0.21,,FALSE,,,
5DV07644,Diacetyl 1% in DPG from PerfumersWorld,"431-03-8|0.01
25265-71-8|0.99",,0.08,,TRUE,Diacetyl from PerfumersWorld,Dipropylene Glycol (DPG) from PerfumersWorld,0.01
3FG00145,Diethyl Malonate from PerfumersWorld,105-53-3,,0.09,,FALSE,,,
0ZX00143,Diethyl Phthalate (DEP) from PerfumersWorld,84-66-2,,0.08,,FALSE,,,
3IL00153,Dihydro Beta Ionone from PerfumersWorld,17283-81-7,,0.60,,FALSE,,,
4HF00147,Dihydro Carvyl Acetate from PerfumersWorld,20777-49-5,,2.50,,FALSE,,,
2VD00148,Dihydro Coumarin from PerfumersWorld,119-84-6,,0.16,,FALSE,,,
4JN00149,Dihydro Jasmone from PerfumersWorld,1128-08-1,,0.90,,FALSE,,,
5JN10948,Dihydro Jasmone 10% in DPG from PerfumersWorld,"1128-08-1|0.1
25265-71-8|0.9",,0.12,,TRUE,Dihydro Jasmone from PerfumersWorld,Dipropylene Glycol (DPG) from PerfumersWorld,0.1
3LC03808,Dihydro Linalool from PerfumersWorld,Not Found,,0.50,,FALSE,,,
3CK00150,Dihydro Myrcenol from PerfumersWorld,18479-58-8,,0.12,,FALSE,,,
3KL00152,Dihydro Terpinyl Acetate from PerfumersWorld,80-25-1,,0.30,,FALSE,,,
7HH07671,Dill Essential Oil from PerfumersWorld,8006-75-5,,0.67,,FALSE,,,
3NC00155,Dimethyl Anthranilate from PerfumersWorld,85-91-6,,0.33,,FALSE,,,
3LL00156,Dimethyl Benzyl Carbinol from PerfumersWorld,100-86-7,,0.27,,FALSE,,,
3LF00157,Dimethyl Benzyl Carbinyl Acetate from PerfumersWorld,151-05-3,,0.17,,FALSE,,,
4LD02865,Dimethyl Benzyl Carbinyl Butyrate from PerfumersWorld,10094-34-5,,0.14,,FALSE,,,
5EG09234,Dimethyl Sulfide 1% in DPG from PerfumersWorld,"75-18-3|0.01
25265-71-8|0.99",,0.10,,TRUE,Dimethyl Sulfide from PerfumersWorld,Dipropylene Glycol (DPG) from PerfumersWorld,0.01
3CK07504,Dimetol from PerfumersWorld,13254-34-7,,0.36,,FALSE,,,
2RB00163,Diphenyl Oxide from PerfumersWorld,101-84-8,,0.08,,FALSE,,,
5RB09235,Diphenyl Oxide 10% in DPG from PerfumersWorld,"101-84-8|0.1
25265-71-8|0.9",,0.06,,TRUE,Diphenyl Oxide from PerfumersWorld,Dipropylene Glycol (DPG) from PerfumersWorld,0.1
5RB07855,Diphenyl Oxide 50% in DPG from PerfumersWorld,"101-84-8|0.5
25265-71-8|0.5",,0.07,,TRUE,Diphenyl Oxide from PerfumersWorld,Dipropylene Glycol (DPG) from PerfumersWorld,0.5
0ZW00165,Dipropylene Glycol (DPG) from PerfumersWorld,25265-71-8,,0.07,,FALSE,,,
3AC03955,Dodecyl Nitrile from PerfumersWorld,2437-25-4,,0.46,,FALSE,,,
5AC07788,Dodecyl Nitrile 10% in DPG from PerfumersWorld,"2437-25-4|0.1
25265-71-8|0.9",,0.09,,TRUE,Dodecyl Nitrile from PerfumersWorld,Dipropylene Glycol (DPG) from PerfumersWorld,0.1
4MA00167,Dupical from PerfumersWorld,30168-23-1,,1.82,,FALSE,,,
5MA08874,Dupical 10% in DPG from PerfumersWorld,"30168-23-1|0.1
25265-71-8|0.9",,0.26,,TRUE,Dupical from PerfumersWorld,Dipropylene Glycol (DPG) from PerfumersWorld,0.1
4FG07161,Dynascone from PerfumersWorld,56973-85-4,,2.40,,FALSE,,,
5FG22457,Dynascone 10% in DPG from PerfumersWorld,"56973-85-4|0.1
25265-71-8|0.9",,0.27,,TRUE,Dynascone from PerfumersWorld,Dipropylene Glycol (DPG) from PerfumersWorld,0.1
6EG18010,E-EDIBLE F-TEC from PerfumersWorld,Mixture (Perfume Base),,0.12,,FALSE,,,
6EG08432,E-Edible Fleuressence from PerfumersWorld,Mixture (Perfume Base),,0.20,,FALSE,,,
4WX07563,Ebanol from PerfumersWorld,67801-20-1,,0.76,,FALSE,,,
7QC00902,Elemi Essential Oil from PerfumersWorld,8023-89-0,,0.50,,FALSE,,,
2CQ00168,Elemi Gum from PerfumersWorld,8023-89-0,,0.27,,FALSE,,,
7PH00170,Estragon Oil from PerfumersWorld,8016-88-4,,1.30,,FALSE,,,
4FD04118,Ethyl 2-Methylbutyrate from PerfumersWorld,7452-79-1,,0.36,,FALSE,,,
5FD12135,Ethyl 2-Methylbutyrate 10% in DPG from PerfumersWorld,"7452-79-1|0.1
25265-71-8|0.9",,0.07,,TRUE,Ethyl 2-Methylbutyrate from PerfumersWorld,Dipropylene Glycol (DPG) from PerfumersWorld,0.1
9FC01313,Ethyl Acetate from PerfumersWorld,141-78-6,,0.05,,FALSE,,,
5FC12427,Ethyl Acetate 10% in DPG from PerfumersWorld,"141-78-6|0.1
25265-71-8|0.9",,0.03,,TRUE,Ethyl Acetate from PerfumersWorld,Dipropylene Glycol (DPG) from PerfumersWorld,0.1
3FG00172,Ethyl Acetoacetate from PerfumersWorld,141-97-9,,0.08,,FALSE,,,
4FY00173,Ethyl Amyl Ketone from PerfumersWorld,106-68-3,,1.10,,FALSE,,,
3NF03984,Ethyl Anthranilate from PerfumersWorld,87-25-2,,0.37,,FALSE,,,
3NJ01315,Ethyl Benzoate from PerfumersWorld,93-89-0,,0.13,,FALSE,,,
5NJ12470,Ethyl Benzoate 10% in DPG from PerfumersWorld,"93-89-0|0.1
25265-71-8|0.9",,0.05,,TRUE,Ethyl Benzoate from PerfumersWorld,Dipropylene Glycol (DPG) from PerfumersWorld,0.1
3FD00174,Ethyl Butyrate from PerfumersWorld,105-54-4,,0.08,,FALSE,,,
4FY02024,Ethyl Heptylate from PerfumersWorld,106-30-9,,0.11,,FALSE,,,
4FD02026,Ethyl Isovalerate from PerfumersWorld,108-64-5,,0.09,,FALSE,,,
3FD04102,Ethyl Lactate from PerfumersWorld,97-64-3,,0.09,,FALSE,,,
3FH04104,Ethyl Levulinate from PerfumersWorld,539-88-8,,0.22,,FALSE,,,
4LL11499,Ethyl Linalool from PerfumersWorld,10339-55-6,,0.19,,FALSE,,,
3LC19147,Ethyl Linalyl Acetate from PerfumersWorld,61931-80-4,,0.28,,FALSE,,,
1VF00175,Ethyl Maltol from PerfumersWorld,4940-11-8,,0.48,,FALSE,,,
5VF07861,Ethyl Maltol 1% in DPG from PerfumersWorld,"4940-11-8|0.01
25265-71-8|0.99",,0.04,,TRUE,Ethyl Maltol from PerfumersWorld,Dipropylene Glycol (DPG) from PerfumersWorld,0.01
5VF07531,Ethyl Maltol 5% in DPG from PerfumersWorld,"4940-11-8|0.05
25265-71-8|0.95",,0.09,,TRUE,Ethyl Maltol from PerfumersWorld,Dipropylene Glycol (DPG) from PerfumersWorld,0.05
3PF02759,Ethyl Phenyl Acetate from PerfumersWorld,101-97-3,,0.20,,FALSE,,,
5PF07867,Ethyl Phenyl Acetate 10% in DPG from PerfumersWorld,"101-97-3|0.1
25265-71-8|0.9",,0.07,,TRUE,Ethyl Phenyl Acetate from PerfumersWorld,Dipropylene Glycol (DPG) from PerfumersWorld,0.1
4ES06848,Ethyl Safranate from PerfumersWorld,35044-57-6,,1.57,,FALSE,,,
5ES13018,Ethyl Safranate 10% in DPG from PerfumersWorld,"35044-57-6|0.1
25265-71-8|0.9",,0.20,,TRUE,Ethyl Safranate from PerfumersWorld,Dipropylene Glycol (DPG) from PerfumersWorld,0.1
3OP01253,Ethyl Salicylate from PerfumersWorld,118-61-6,,0.45,,FALSE,,,
5OP12472,Ethyl Salicylate 10% in DPG from PerfumersWorld,"118-61-6|0.1
25265-71-8|0.9",,0.06,,TRUE,Ethyl Salicylate from PerfumersWorld,Dipropylene Glycol (DPG) from PerfumersWorld,0.1
1VV00179,Ethyl Vanillin from PerfumersWorld,121-32-4,,0.30,,FALSE,,,
5VV07559,Ethyl Vanillin 10% in DPG from PerfumersWorld,"121-32-4|0.1
25265-71-8|0.9",,0.07,,TRUE,Ethyl Vanillin from PerfumersWorld,Dipropylene Glycol (DPG) from PerfumersWorld,0.1
3XU00180,Ethylene Brassylate from PerfumersWorld,105-95-3,,0.29,,FALSE,,,
3BH00181,Eucalyptol from PerfumersWorld,470-82-6,,0.21,,FALSE,,,
7CC00914,Eucalyptus Citriodora Essential Oil from PerfumersWorld,8000-48-4,,0.25,,FALSE,,,
6CA07765,Eucalyptus Citriodora Natural Blend from PerfumersWorld,Mixture (Perfume Base),,0.25,,FALSE,,,
7BH00182,Eucalyptus Globulus Essential Oil from PerfumersWorld,8000-48-4,,0.17,,FALSE,,,
3SP00184,Eugenol from PerfumersWorld,97-53-0,,0.20,,FALSE,,,
0ZA01393,Evening Primrose Oil - Fixed Oil from PerfumersWorld,90028-66-3,,0.25,,FALSE,,,
1YP00185,Evernyl from PerfumersWorld,4707-47-5,,0.52,,FALSE,,,
5YY07815,Evernyl 10% in DPG from PerfumersWorld,"4707-47-5|0.1
25265-71-8|0.9",,0.09,,TRUE,Evernyl from PerfumersWorld,Dipropylene Glycol (DPG) from PerfumersWorld,0.1
2XX00186,Exaltolide Pentadecanolide from PerfumersWorld,106-02-5,,1.10,,FALSE,,,
5XX07862,Exaltolide Pentadecanolide 10% in DPG from PerfumersWorld,"106-02-5|0.1
25265-71-8|0.9",,0.15,,TRUE,Exaltolide Pentadecanolide from PerfumersWorld,Dipropylene Glycol (DPG) from PerfumersWorld,0.1
5XX08283,Exaltolide Pentadecanolide 50% in DPG from PerfumersWorld,"106-02-5|0.5
25265-71-8|0.5",,0.84,,TRUE,Exaltolide Pentadecanolide from PerfumersWorld,Dipropylene Glycol (DPG) from PerfumersWorld,0.5
6FD10042,F-Fruit Fleuressence from PerfumersWorld,Mixture (Perfume Base),,0.20,,FALSE,,,
6FD18011,F-FRUITY F-TEC from PerfumersWorld,Mixture (Perfume Base),,0.12,,FALSE,,,
F-TEC-10,F-TEC-10 @ US$695.10/set from PerfumersWorld,Not Found,,,,FALSE,,,
F-TEC-30,F-TEC-30 @ US$1595.30/set from PerfumersWorld,Not Found,,,,FALSE,,,
F-TEC-60,F-TEC-60 @ US$2995.60/set from PerfumersWorld,Not Found,,,,FALSE,,,
3LW00187,Farnesol from PerfumersWorld,4602-84-0,,1.35,,FALSE,,,
FEM06032,Female Concentrate from PerfumersWorld,Not Found,,5.02,,FALSE,,,
FEM06033,Female Factor from PerfumersWorld,Not Found,,0.52,,FALSE,,,
7SB00189,Fennel Sweet Essential Oil from PerfumersWorld,8006-84-6,,0.79,,FALSE,,,
7KG07758,Fir Essential Oil from PerfumersWorld,8021-28-1,,0.70,,FALSE,,,
3XU22434,Fixamber from PerfumersWorld,144020-22-4,,0.50,,FALSE,,,
4UY07514,Fixative 505 from PerfumersWorld,Mixture,,2.30,,FALSE,,,
5UY10543,Fixative 505 1% in DPG from PerfumersWorld,Mixture,,0.10,,TRUE,Fixative 505 from PerfumersWorld,Dipropylene Glycol (DPG) from PerfumersWorld,0.01
5UY07860,Fixative 505 10% in DPG from PerfumersWorld,Mixture,,0.26,,TRUE,Fixative 505 from PerfumersWorld,Dipropylene Glycol (DPG) from PerfumersWorld,0.1
3MX07491,Fixetal from PerfumersWorld,Mixture,,0.16,,FALSE,,,
6ML12398,Fleurissimo Blender Fleuressence from PerfumersWorld,Mixture (Perfume Base),,0.18,,FALSE,,,
6ML18412,FLEURISSIMO F-TEC from PerfumersWorld,Mixture (Perfume Base),,0.17,,FALSE,,,
4YM00191,Floralozone from PerfumersWorld,67634-15-5,,0.22,,FALSE,,,
3ML00192,Florol from PerfumersWorld,63500-71-0,,0.10,,FALSE,,,
6JV18248,FLOWER BOUQUET F-TEC from PerfumersWorld,Mixture (Perfume Base),,0.16,,FALSE,,,
6JV10408,Flower Bouquet Fleuressence from PerfumersWorld,Mixture (Perfume Base),,0.20,,FALSE,,,
6YG18317,FOUGERE VERT F-TEC from PerfumersWorld,Mixture (Perfume Base),,0.22,,FALSE,,,
6YG10384,Fougere Vert Fleuressence from PerfumersWorld,Mixture (Perfume Base),,0.21,,FALSE,,,
FCOLINEF,FCOLINEF @ US$0.00/pax from PerfumersWorld,Not Found,,,,FALSE,,,
FCOKIT26,FCOKIT26 @ US$229.95/pax from PerfumersWorld,Not Found,,,,FALSE,,,
6EJ18929,FRAGRANT RICE F-TEC from PerfumersWorld,Mixture (Perfume Base),,0.12,,FALSE,,,
6EJ20524,Fragrant Rice Fleuressence from PerfumersWorld,Mixture (Perfume Base),,0.20,,FALSE,,,
8ON00534,Frangipani Absolute from PerfumersWorld,94350-02-4,,13.02,,FALSE,,,
5ON09236,Frangipani Absolute 10% in DPG from PerfumersWorld,"223748-06-9|0.1
25265-71-8|0.9",,2.02,,TRUE,Frangipani Absolute from PerfumersWorld,Dipropylene Glycol (DPG) from PerfumersWorld,0.1
6ON18794,FRANGIPANI F-TEC from PerfumersWorld,Mixture (Perfume Base),,0.17,,FALSE,,,
6ON09090,Frangipani Fleuressence from PerfumersWorld,Mixture (Perfume Base),,0.19,,FALSE,,,
6QK19340,FRANKINCENSE F-TEC from PerfumersWorld,Mixture (Perfume Base),,0.49,,FALSE,,,
6QC09083,Frankincense Fleuressence from PerfumersWorld,Mixture (Perfume Base),,0.46,,FALSE,,,
6LF18321,FREESIA F-TEC from PerfumersWorld,Mixture (Perfume Base),,0.15,,FALSE,,,
6LF09041,Freesia Fleuressence from PerfumersWorld,Mixture (Perfume Base),,0.14,,FALSE,,,
6LC07501,Freesia HDL from PerfumersWorld,Mixture (Perfume Base),,0.14,,FALSE,,,
6FB07709,Fresh Blackcurrant Leaf from PerfumersWorld,Mixture (Perfume Base),,0.62,,FALSE,,,
6LF18323,FRESH BLENDER F-TEC from PerfumersWorld,Mixture (Perfume Base),,0.12,,FALSE,,,
6LF09429,Fresh Blender Fleuressence from PerfumersWorld,Mixture (Perfume Base),,0.32,,FALSE,,,
3FG00196,Fructone B from PerfumersWorld,6290-17-1,,0.14,,FALSE,,,
6IF18246,FRUITY IONONE F-TEC from PerfumersWorld,Mixture (Perfume Base),,0.18,,FALSE,,,
6JF09428,Fruity Jasmine Fleuressence from PerfumersWorld,Mixture (Perfume Base),,0.20,,FALSE,,,
5VE09272,Furaneol 10% in PG from PerfumersWorld,3658-77-3|0.1,,0.20,,TRUE,Furaneol from PerfumersWorld,PG from PerfumersWorld,0.1
6GG18012,G-GREEN F-TEC from PerfumersWorld,Mixture (Perfume Base),,0.18,,FALSE,,,
6GG07716,G-Green Fleuressence from PerfumersWorld,Mixture (Perfume Base),,0.20,,FALSE,,,
7SH00198,Galanga Root Essential Oil from PerfumersWorld,8024-40-6,,2.50,,FALSE,,,
4XA13770,Galaxolide 100 (Undiluted) from PerfumersWorld,1222-05-5,,0.15,,FALSE,,,
3XA00199,Galaxolide 50 DEP from PerfumersWorld,1222-05-5,,0.10,,FALSE,,,
3XA10721,Galaxolide 50 DPG from PerfumersWorld,1222-05-5,,0.10,,FALSE,,,
7GQ00200,Galbanum Essential Oil from PerfumersWorld,8023-91-4,,2.65,,FALSE,,,
7GQ10557,Galbanum Essential Oil 10% in DPG from PerfumersWorld,"8023-91-4|0.1
25265-71-8|0.9",,0.30,,TRUE,Galbanum Essential Oil from PerfumersWorld,Dipropylene Glycol (DPG) from PerfumersWorld,0.1
6GQ18226,GALBANUM F-TEC from PerfumersWorld,Mixture (Perfume Base),,0.50,,FALSE,,,
6GQ09095,Galbanum Fleuressence from PerfumersWorld,Mixture (Perfume Base),,0.45,,FALSE,,,
2GQ01781,Galbanum Resinoid from PerfumersWorld,9000-24-2,,1.52,,FALSE,,,
5GQ08833,Galbanum Resinoid 10% in DPG from PerfumersWorld,"9000-24-2|0.1
25265-71-8|0.9",,0.20,,TRUE,Galbanum Resinoid from PerfumersWorld,Dipropylene Glycol (DPG) from PerfumersWorld,0.1
5GQ18775,Galbanum Resinoid 10% in TEC from PerfumersWorld,"9000-24-2|0.1
77-93-0|0.9",,0.23,,TRUE,Galbanum Resinoid from PerfumersWorld,Triethyl Citrate (TEC) from PerfumersWorld,0.1
5GQ13590,Galbanum Resinoid 50% in DEP from PerfumersWorld,"9000-24-2|0.5
84-66-2|0.5",,1.25,,TRUE,Galbanum Resinoid from PerfumersWorld,Diethyl Phthalate (DEP) from PerfumersWorld,0.5
5GQ07827,Galbanum Resinoid 50% in DPG from PerfumersWorld,"9000-24-2|0.5
25265-71-8|0.5",,1.25,,TRUE,Galbanum Resinoid from PerfumersWorld,Dipropylene Glycol (DPG) from PerfumersWorld,0.5
3GF19243,Galbex183 from PerfumersWorld,106-24-1,,1.00,,FALSE,,,
4DD01639,Gamma Decalactone from PerfumersWorld,706-14-9,,0.12,,FALSE,,,
5DD07874,Gamma Decalactone 10% in DPG from PerfumersWorld,"706-14-9|0.1
25265-71-8|0.9",,0.11,,TRUE,Gamma Decalactone from PerfumersWorld,Dipropylene Glycol (DPG) from PerfumersWorld,0.1
4DF00164,Gamma Dodecalactone from PerfumersWorld,2305-05-7,,0.85,,FALSE,,,
4DD00331,Gamma Octalactone from PerfumersWorld,104-50-7,,0.47,,FALSE,,,
5DV08651,Gamma Octalactone 10% in DPG from PerfumersWorld,"104-50-7|0.1
25265-71-8|0.9",,0.08,,TRUE,Gamma Octalactone from PerfumersWorld,Dipropylene Glycol (DPG) from PerfumersWorld,0.1
6ND18759,GARDENIA F-TEC from PerfumersWorld,Mixture (Perfume Base),,0.18,,FALSE,,,
6ND09094,Gardenia Fleuressence from PerfumersWorld,Mixture (Perfume Base),,0.20,,FALSE,,,
GCMS2RUN,GCMS2RUN @ US$600.00/sample from PerfumersWorld,Not Found,,,,FALSE,,,
GCMSSELF,GCMSSELF @ US$300.00/sample from PerfumersWorld,Not Found,,,,FALSE,,,
GCMSRUSH,GCMSRUSH @ US$105.00/sample from PerfumersWorld,Not Found,,,,FALSE,,,
5YW13682,Geosmin 1% in DPG from PerfumersWorld,"23333-91-7|0.01
25265-71-8|0.99",,1.39,,TRUE,Geosmin from PerfumersWorld,Dipropylene Glycol (DPG) from PerfumersWorld,0.01
5YW18061,Geosmin 1% in TEC from PerfumersWorld,"23333-91-7|0.01
77-93-0|0.99",,1.42,,TRUE,Geosmin from PerfumersWorld,Triethyl Citrate (TEC) from PerfumersWorld,0.01
3RL00204,Geraniol from PerfumersWorld,106-24-1,,0.12,,FALSE,,,
7RB00930,Geranium Bourbon Essential Oil from PerfumersWorld,8000-46-2,,1.38,,FALSE,,,
7RB00205,Geranium Essential Oil from PerfumersWorld,8000-46-2,,0.62,,FALSE,,,
6RB18440,GERANIUM F-TEC from PerfumersWorld,Mixture (Perfume Base),,0.30,,FALSE,,,
6RB07924,Geranium Fleuressence from PerfumersWorld,Mixture (Perfume Base),,0.28,,FALSE,,,
7RB00837,Geranium Oil Egypt from PerfumersWorld,Not Found,,0.50,,FALSE,,,
3RL00206,Geranyl Acetate from PerfumersWorld,105-87-3,,0.20,,FALSE,,,
4RD00207,Geranyl Butyrate from PerfumersWorld,106-29-6,,0.81,,FALSE,,,
4RW00208,Geranyl Formate from PerfumersWorld,105-86-2,,0.30,,FALSE,,,
3RP04262,Geranyl Phenylacetate from PerfumersWorld,102-22-7,,1.90,,FALSE,,,
7SC00209,Ginger Essential Oil from PerfumersWorld,84696-15-1,,0.60,,FALSE,,,
6SC18559,GINGER F-TEC from PerfumersWorld,Mixture (Perfume Base),,0.18,,FALSE,,,
6SC12414,Ginger Fleuressence from PerfumersWorld,Mixture (Perfume Base),,0.30,,FALSE,,,
4RF06840,Givescone from PerfumersWorld,57934-97-1,,1.57,,FALSE,,,
3MW11714,Glycolierral from PerfumersWorld,68901-32-6,,0.59,,FALSE,,,
6VF18896,GOURMANDE F-TEC from PerfumersWorld,Mixture (Perfume Base),,0.16,,FALSE,,,
6VF12416,Gourmande Fleuressence from PerfumersWorld,Mixture (Perfume Base),,0.22,,FALSE,,,
6FN18883,GRAPE F-TEC from PerfumersWorld,Mixture (Perfume Base),,0.18,,FALSE,,,
6FN09097,Grape Fleuressence from PerfumersWorld,Mixture (Perfume Base),,0.14,,FALSE,,,
6CA18126,GRAPEFRUIT F-TEC from PerfumersWorld,Mixture (Perfume Base),,0.20,,FALSE,,,
7CA24030,Grapefruit FCF oil Sicilian from PerfumersWorld,68917-32-8,,0.18,,FALSE,,,
6CN12394,Grapefruit Fleuressence from PerfumersWorld,Mixture (Perfume Base),,0.25,,FALSE,,,
7CN00210,Grapefruit Pink Essential Oil from PerfumersWorld,8016-20-4,,0.39,,FALSE,,,
7CA00868,Grapefruit White Essential Oil from PerfumersWorld,8016-20-4,,0.68,,FALSE,,,
7CA24033,Grapefruit White oil Sicilian from PerfumersWorld,8016-20-4,,0.20,,FALSE,,,
0ZA01434,Grapeseed Oil - Fixed Oil from PerfumersWorld,85594-37-2,,0.09,,FALSE,,,
6AG18116,GREEN ALDEHYDE F-TEC from PerfumersWorld,Mixture (Perfume Base),,0.16,,FALSE,,,
6AG09015,Green Aldehyde Fleuressence from PerfumersWorld,Mixture (Perfume Base),,0.24,,FALSE,,,
8KG23405,Green pine absolute from PerfumersWorld,8000-26-8,,2.20,,FALSE,,,
5KG23683,Green Pine Absolute 10% in DPG from PerfumersWorld,"8000-26-8|0.1
25265-71-8|0.9",,0.25,,TRUE,Green Pine Absolute from PerfumersWorld,Dipropylene Glycol (DPG) from PerfumersWorld,0.1
6KG18320,GREEN PINE F-TEC from PerfumersWorld,Mixture (Perfume Base),,0.20,,FALSE,,,
6KG08506,Green Pine Fleuressence from PerfumersWorld,Mixture (Perfume Base),,0.20,,FALSE,,,
6EG18166,GREEN TEA F-TEC from PerfumersWorld,Mixture (Perfume Base),,0.25,,FALSE,,,
6EG12402,Green Tea Fleuressence from PerfumersWorld,Mixture (Perfume Base),,0.25,,FALSE,,,
9PT00213,Guaiacol from PerfumersWorld,90-05-1,,0.19,,FALSE,,,
5PT18969,Guaiacol 1% in TEC from PerfumersWorld,"90-05-1|0.01
77-93-0|0.99",,0.05,,TRUE,Guaiacol from PerfumersWorld,Triethyl Citrate (TEC) from PerfumersWorld,0.01
5PT07645,Guaiacol 10% in DPG from PerfumersWorld,"90-05-1|0.1
25265-71-8|0.9",,0.10,,TRUE,Guaiacol from PerfumersWorld,Dipropylene Glycol (DPG) from PerfumersWorld,0.1
3RW04286,Guaiyl Acetate from PerfumersWorld,134-28-1,,0.95,,FALSE,,,
7WS13096,Guava Leaf Essential Oil from PerfumersWorld,91770-12-6,,1.45,,FALSE,,,
6HL18013,H-HERB F-TEC from PerfumersWorld,Mixture (Perfume Base),,0.26,,FALSE,,,
6HL11969,H-Herb Fleuressence from PerfumersWorld,Mixture (Perfume Base),,0.29,,FALSE,,,
3XA09821,Habanolide from PerfumersWorld,111879-80-2,,0.45,,FALSE,,,
HAIRCOND,Hair Conditioner Base - unscented from PerfumersWorld,Not Found,,0.04,,FALSE,,,
HANDLOTN,Hand Lotion Base - unscented from PerfumersWorld,Not Found,,0.04,,FALSE,,,
8NY00523,Hay Absolute from PerfumersWorld,8031-00-3,,4.40,,FALSE,,,
5NY12745,Hay Absolute 10% in DPG from PerfumersWorld,"8031-00-3|0.1
25265-71-8|0.9",,0.41,,TRUE,Hay Absolute from PerfumersWorld,Dipropylene Glycol (DPG) from PerfumersWorld,0.1
3JJ00218,Hedione from PerfumersWorld,24851-98-7,,0.15,,FALSE,,,
4JJ10013,Hedione High Cis from PerfumersWorld,24851-98-7,,1.00,,FALSE,,,
5JJ21775,Hedione High Cis 10% in TEC from PerfumersWorld,"24851-98-7|0.1
77-93-0|0.9",,0.13,,TRUE,Hedione High Cis from PerfumersWorld,Triethyl Citrate (TEC) from PerfumersWorld,0.1
3GM00219,Helional from PerfumersWorld,1205-17-0,,0.29,,FALSE,,,
6VN21924,HELIOTROPAL from PerfumersWorld,Mixture (Perfume Base),,0.39,,FALSE,,,
6VN21659,Heliotrope Base - Heliotropin Replacement from PerfumersWorld,Mixture (Perfume Base),,0.50,,FALSE,,,
6VN18501,HELIOTROPE F-TEC from PerfumersWorld,Mixture (Perfume Base),,0.25,,FALSE,,,
6VN09081,Heliotrope Fleuressence from PerfumersWorld,Mixture (Perfume Base),,0.20,,FALSE,,,
3XD17215,Helvetolide from PerfumersWorld,141773-73-1,,1.90,,FALSE,,,
2QZ00223,Hercolyn D from PerfumersWorld,8050-15-5,,0.10,,FALSE,,,
4DH02050,Hexanlactone-gamma from PerfumersWorld,695-06-7,,0.72,,FALSE,,,
4FG13385,Hexanoic Acid from PerfumersWorld,142-62-1,,0.10,,FALSE,,,
4FG04398,Hexanol from PerfumersWorld,111-27-3,,0.20,,FALSE,,,
4FG01284,Hexyl Acetate from PerfumersWorld,142-92-7,,0.12,,FALSE,,,
3JJ00217,Hexyl Cinnamic Aldehyde (HCA) from PerfumersWorld,101-86-0,,0.10,,FALSE,,,
3OG00230,Hexyl Salicylate from PerfumersWorld,6259-76-3,,0.09,,FALSE,,,
4WX24656,Hindinol from PerfumersWorld,Not Found,,0.39,,FALSE,,,
7LB07762,Ho Essential Oil from PerfumersWorld,8022-91-1,,0.29,,FALSE,,,
7HS08359,Holy Basil Essential Oil from PerfumersWorld,91845-35-1,,0.84,,FALSE,,,
6PF18597,HONEY F-TEC from PerfumersWorld,Mixture (Perfume Base),,0.15,,FALSE,,,
6PF08147,Honey Fleuressence from PerfumersWorld,Mixture (Perfume Base),,0.20,,FALSE,,,
4GN00231,Hyacinth Body from PerfumersWorld,Mixture,,0.60,,FALSE,,,
5GN08474,Hyacinth Body 10% in DPG from PerfumersWorld,"2556-10-7|0.1
25265-71-8|0.9",,0.11,,TRUE,Hyacinth Body from PerfumersWorld,Dipropylene Glycol (DPG) from PerfumersWorld,0.1
6GN18227,HYACINTH F-TEC from PerfumersWorld,Mixture (Perfume Base),,0.25,,FALSE,,,
6GN09131,Hyacinth Fleuressence from PerfumersWorld,Mixture (Perfume Base),,0.22,,FALSE,,,
4GM00232,Hydratropic Aldehyde from PerfumersWorld,93-53-8,,0.30,,FALSE,,,
3MC00233,Hydroxycitronellal from PerfumersWorld,107-75-5,,0.23,,FALSE,,,
7HS00870,Hyssop Essential Oil from PerfumersWorld,8006-83-5,,1.77,,FALSE,,,
6IA18014,I-IRIS F-TEC from PerfumersWorld,Mixture (Perfume Base),,0.18,,FALSE,,,
6IA09182,I-Iris Fleuressence from PerfumersWorld,Mixture (Perfume Base),,0.20,,FALSE,,,
8NY23449,Immortelle Absolute from PerfumersWorld,8023-95-8,,4.80,,FALSE,,,
5NY23688,Immortelle Absolute 10% in DPG from PerfumersWorld,"8023-95-8|0.1
25265-71-8|0.9",,0.52,,TRUE,Immortelle Absolute from PerfumersWorld,Dipropylene Glycol (DPG) from PerfumersWorld,0.1
3WX10767,Indisan from PerfumersWorld,80748-58-9,,0.12,,FALSE,,,
6UN22430,Indocolore from PerfumersWorld,Mixture (Perfume Base),,1.60,,FALSE,,,
6UN22737,Indofleur ND from PerfumersWorld,Mixture (Perfume Base),,0.20,,FALSE,,,
9UN00235,Indole from PerfumersWorld,120-72-9,,0.36,,FALSE,,,
5UN07558,Indole 10% in DPG from PerfumersWorld,"120-72-9|0.1
25265-71-8|0.9",,0.10,,TRUE,Indole from PerfumersWorld,Dipropylene Glycol (DPG) from PerfumersWorld,0.1
4NU04558,Indolene from PerfumersWorld,68527-79-7,,0.52,,FALSE,,,
5NU07552,Indolene 10% in DPG from PerfumersWorld,"68527-79-7|0.1
25265-71-8|0.9",,0.08,,TRUE,Indolene from PerfumersWorld,Dipropylene Glycol (DPG) from PerfumersWorld,0.1
6NU23529,Indolene ND Replacer from PerfumersWorld,Mixture (Perfume Base),,0.13,,FALSE,,,
6IF08388,Ionone Fruity Fleuressence from PerfumersWorld,Mixture (Perfume Base),,0.21,,FALSE,,,
3IA06874,Irotyl from PerfumersWorld,2983-37-1,,0.60,,FALSE,,,
3WY00244,Iso E Super from PerfumersWorld,54464-57-2,,0.12,,FALSE,,,
9FD00245,Isoamyl Acetate from PerfumersWorld,123-92-2,,0.10,,FALSE,,,
3FD00246,Isoamyl Butyrate from PerfumersWorld,106-27-4,,0.09,,FALSE,,,
3KH00065,Isobornyl Acetate from PerfumersWorld,125-12-2,,0.12,,FALSE,,,
4VV16856,Isobutavan from PerfumersWorld,20665-85-4,,0.46,,FALSE,,,
9UP00247,Isobutyl Quinoline from PerfumersWorld,65442-31-1,,1.80,,FALSE,,,
5UP07523,Isobutyl Quinoline 10% in DPG from PerfumersWorld,"65442-31-1|0.1
25265-71-8|0.9",,0.20,,TRUE,Isobutyl Quinoline from PerfumersWorld,Dipropylene Glycol (DPG) from PerfumersWorld,0.1
4DF13384,Isobutyric Acid from PerfumersWorld,79-31-2,,0.44,,FALSE,,,
5DF14120,Isobutyric Acid 10% in DPG from PerfumersWorld,"79-31-2|0.1
25265-71-8|0.9",,0.22,,TRUE,Isobutyric Acid from PerfumersWorld,Dipropylene Glycol (DPG) from PerfumersWorld,0.1
4CA03618,Isocyclocitral from PerfumersWorld,1335-66-6,,0.77,,FALSE,,,
3SP00250,Isoeugenol from PerfumersWorld,97-54-1,,0.30,,FALSE,,,
3WY14446,Isolongifolanone from PerfumersWorld,14727-47-0,,0.42,,FALSE,,,
3LH00252,Isononyl Acetate from PerfumersWorld,58430-94-7,,0.12,,FALSE,,,
0ZZ00239,Isopropyl Myristate (IPM) from PerfumersWorld,110-27-0,,0.06,,FALSE,,,
0ZZ00240,Isopropyl Palmitate (IPP) from PerfumersWorld,142-91-6,,0.11,,FALSE,,,
3GS16129,Ivybase from PerfumersWorld,Mixture,,0.52,,FALSE,,,
6JN18016,J-JASMIN F-TEC from PerfumersWorld,Mixture (Perfume Base),,0.16,,FALSE,,,
6JN08956,J-Jasmine Fleuressence from PerfumersWorld,Mixture (Perfume Base),,0.20,,FALSE,,,
6JN19189,JASMIN ABS F-TEC from PerfumersWorld,Mixture (Perfume Base),,0.15,,FALSE,,,
6JL18251,JASMIN FRUIT F-TEC from PerfumersWorld,Mixture (Perfume Base),,0.12,,FALSE,,,
3JF07351,Jasmin Lactone from PerfumersWorld,34686-71-0,,5.80,,FALSE,,,
8JN00254,Jasmine Absolute from PerfumersWorld,8022-96-6,,18.50,,FALSE,,,
5JN08464,Jasmine Absolute 10% in DPG from PerfumersWorld,"8022-96-6|0.1
25265-71-8|0.9",,1.90,,TRUE,Jasmine Absolute from PerfumersWorld,Dipropylene Glycol (DPG) from PerfumersWorld,0.1
5JN09617,Jasmine Absolute 10% in Palm Oil Fractionated from PerfumersWorld,8022-96-6|0.1,,1.95,,TRUE,Jasmine Absolute from PerfumersWorld,Palm Oil Fractionated from PerfumersWorld,0.1
6JN07720,Jasmine Absolute Fleuressence from PerfumersWorld,Mixture (Perfume Base),,0.26,,FALSE,,,
6JJ18250,JASMINE PETAL F-TEC from PerfumersWorld,Mixture (Perfume Base),,0.12,,FALSE,,,
6JJ09085,Jasmine Petal Fleuressence from PerfumersWorld,Mixture (Perfume Base),,0.20,,FALSE,,,
8JN00256,Jasmine Sambac Absolute from PerfumersWorld,91770-14-8,,11.00,,FALSE,,,
5JN08327,Jasmine Sambac Absolute 10% in DPG from PerfumersWorld,"91770-14-8|0.1
25265-71-8|0.9",,1.20,,TRUE,Jasmine Sambac Absolute from PerfumersWorld,Dipropylene Glycol (DPG) from PerfumersWorld,0.1
6JN07707,Jasmine Sambac Blossoms from PerfumersWorld,Mixture (Perfume Base),,0.45,,FALSE,,,
4WX10027,Javanol from PerfumersWorld,198404-98-7,,2.16,,FALSE,,,
3JN00258,Jessemal Jasmonyl from PerfumersWorld,18871-14-2,,0.20,,FALSE,,,
0ZA01456,Jojoba Oil - Fixed Oil from PerfumersWorld,90045-98-0,,0.25,,FALSE,,,
7SL24626,Jungle Pepper Oil from PerfumersWorld,Not Found,,4.10,,FALSE,,,
7KH00262,Juniper Berry Essential Oil from PerfumersWorld,8012-91-7,,2.80,,FALSE,,,
5KH07869,Juniper Berry Essential Oil 10% in DPG from PerfumersWorld,"8012-91-7|0.1
25265-71-8|0.9",,0.35,,TRUE,Juniper Berry Essential Oil from PerfumersWorld,Dipropylene Glycol (DPG) from PerfumersWorld,0.1
6KL18017,K-KONIFER F-TEC from PerfumersWorld,Mixture (Perfume Base),,0.14,,FALSE,,,
6KL11970,K-Konifer Fleuressence from PerfumersWorld,Mixture (Perfume Base),,0.20,,FALSE,,,
4WU16857,Karanal from PerfumersWorld,117933-89-8,,0.87,,FALSE,,,
4WY07089,Kephalis from PerfumersWorld,36306-87-3,,0.57,,FALSE,,,
7CK24631,Key Lime Oil Egypt from PerfumersWorld,Not Found,,0.25,,FALSE,,,
4WI10591,Koavone from PerfumersWorld,81786-73-4,,0.18,,FALSE,,,
4BB00088,L-Carvone from PerfumersWorld,99-49-0,,0.22,,FALSE,,,
6LL00487,L-Linalool Fleuressence from PerfumersWorld,Mixture (Perfume Base),,0.20,,FALSE,,,
LABKIT01,LABKIT01 @ US$56.00/set from PerfumersWorld,Not Found,,,,FALSE,,,
8UQ08219,Labdanum Absolute from PerfumersWorld,8016-26-0,,1.20,,FALSE,,,
5UQ07791,Labdanum Absolute 10% in DPG from PerfumersWorld,"8016-26-0|0.1
25265-71-8|0.9",,0.18,,TRUE,Labdanum Absolute from PerfumersWorld,Dipropylene Glycol (DPG) from PerfumersWorld,0.1
6UH18500,LABDANUM F-TEC from PerfumersWorld,Mixture (Perfume Base),,0.32,,FALSE,,,
6UH09680,Labdanum Fleuressence from PerfumersWorld,Mixture (Perfume Base),,0.32,,FALSE,,,
2UQ00264,Labdanum Resinoid from PerfumersWorld,8016-26-0,,0.68,,FALSE,,,
5UQ12486,Labdanum Resinoid 10% in DEP from PerfumersWorld,"8016-26-0|0.1
84-66-2|0.9",,0.12,,TRUE,Labdanum Resinoid from PerfumersWorld,Diethyl Phthalate (DEP) from PerfumersWorld,0.1
5UQ07566,Labdanum Resinoid 10% in DPG from PerfumersWorld,"8016-26-0|0.1
25265-71-8|0.9",,0.12,,TRUE,Labdanum Resinoid from PerfumersWorld,Dipropylene Glycol (DPG) from PerfumersWorld,0.1
6DD18141,LACTONE F-TEC from PerfumersWorld,Mixture (Perfume Base),,0.12,,FALSE,,,
6DD08390,Lactone Fleuressence from PerfumersWorld,Mixture (Perfume Base),,0.14,,FALSE,,,
1AA06214,Lauric Acid from PerfumersWorld,143-07-7,,0.09,,FALSE,,,
5AA12488,Lauric Acid 10% in DPG from PerfumersWorld,"143-07-7|0.1
25265-71-8|0.9",,0.06,,TRUE,Lauric Acid from PerfumersWorld,Dipropylene Glycol (DPG) from PerfumersWorld,0.1
8HY00554,Lavandin Absolute from PerfumersWorld,8022-15-9,,1.60,,FALSE,,,
7HB00265,Lavandin Essential Oil from PerfumersWorld,8022-15-9,,0.24,,FALSE,,,
7HB07675,Lavandin Grosso Essential Oil from PerfumersWorld,8022-15-9,,0.46,,FALSE,,,
7HB08129,Lavandin Super from PerfumersWorld,8022-18-2,,0.20,,FALSE,,,
4HW03807,Lavender Aldehyde from PerfumersWorld,35158-25-9,,0.80,,FALSE,,,
5HW23697,Lavender Aldehyde 10% in DPG from PerfumersWorld,"35158-25-9|0.1
25265-71-8|0.9",,0.15,,TRUE,Lavender Aldehyde from PerfumersWorld,Dipropylene Glycol (DPG) from PerfumersWorld,0.1
7HL00267,Lavender Essential Oil from PerfumersWorld,8000-28-0,,0.37,,FALSE,,,
6HL18238,LAVENDER F-TEC from PerfumersWorld,Mixture (Perfume Base),,0.30,,FALSE,,,
6HL09061,Lavender Fleuressence from PerfumersWorld,Mixture (Perfume Base),,0.30,,FALSE,,,
8HY09000,Lavender Green Absolute from PerfumersWorld,8000-28-0,,1.86,,FALSE,,,
7HB00269,Lavender Spike Essential Oil from PerfumersWorld,8016-78-2,,0.45,,FALSE,,,
4GI15439,Leafovert from PerfumersWorld,67633-96-9,,0.74,,FALSE,,,
6UT18496,LEATHER F-TEC from PerfumersWorld,Mixture (Perfume Base),,0.45,,FALSE,,,
6UT12424,Leather Fleuressence from PerfumersWorld,Mixture (Perfume Base),,0.37,,FALSE,,,
7CC00271,Lemon Essential Oil from PerfumersWorld,84929-31-7,,0.27,,FALSE,,,
6CC18122,LEMON F-TEC from PerfumersWorld,Mixture (Perfume Base),,0.16,,FALSE,,,
7CC24029,Lemon FCF oil Sicilian from PerfumersWorld,8008-56-8,,0.18,,FALSE,,,
6CC09059,Lemon Fleuressence from PerfumersWorld,Mixture (Perfume Base),,0.24,,FALSE,,,
7CC24027,Lemon Terpeneless oil Sicilian from PerfumersWorld,68648-39-5,,0.44,,FALSE,,,
7CC24031,Lemon Verdello oil Sicilian from PerfumersWorld,8008-56-8,,0.18,,FALSE,,,
7CC00272,Lemongrass Essential Oil from PerfumersWorld,84238-19-7,,0.21,,FALSE,,,
3CC06770,Lemonile from PerfumersWorld,61792-11-8,,0.20,,FALSE,,,
7SY07764,Lesser Galangal Essential Oil from PerfumersWorld,8023-91-4,,0.85,,FALSE,,,
4GI24147,Liffarome from PerfumersWorld,67633-96-9,,0.95,,FALSE,,,
6FG18210,LIGHT AND AIRY F-TEC from PerfumersWorld,Mixture (Perfume Base),,0.12,,FALSE,,,
6FG11947,Light and Airy Fleuressence from PerfumersWorld,Mixture (Perfume Base),,0.08,,FALSE,,,
6LJ18322,LIGHT BLENDER F-TEC from PerfumersWorld,Mixture (Perfume Base),,0.15,,FALSE,,,
6LJ09076,Light Blender Fleuressence from PerfumersWorld,Mixture (Perfume Base),,0.30,,FALSE,,,
6LL18018,LIGHT CRISP FLORAL F-TEC from PerfumersWorld,Mixture (Perfume Base),,0.12,,FALSE,,,
6LL00278,Light Crisp Floral Fleuressence from PerfumersWorld,Mixture (Perfume Base),,0.12,,FALSE,,,
6GK18228,LILAC F-TEC from PerfumersWorld,Mixture (Perfume Base),,0.18,,FALSE,,,
6GK09255,Lilac Fleuressence from PerfumersWorld,Mixture (Perfume Base),,0.18,,FALSE,,,
3MA00273,Lilial from PerfumersWorld,80-54-6,,0.19,,FALSE,,,
6MA20144,Lilial Substitute IFRA from PerfumersWorld,Mixture (Perfume Base),,0.21,,FALSE,,,
6NN18625,LILY F-TEC from PerfumersWorld,Mixture (Perfume Base),,0.15,,FALSE,,,
6NN09110,Lily Fleuressence from PerfumersWorld,Mixture (Perfume Base),,0.19,,FALSE,,,
6MA22621,Lilylal ND from PerfumersWorld,Mixture (Perfume Base),,0.20,,FALSE,,,
6MG18474,Lilyreal IFRA from PerfumersWorld,Mixture (Perfume Base),,0.23,,FALSE,,,
6MG22777,Lilyreal ND from PerfumersWorld,Mixture (Perfume Base),,0.23,,FALSE,,,
7CK00274,Lime Distilled Essential Oil from PerfumersWorld,8008-26-2,,0.33,,FALSE,,,
4CK00275,Lime Oxide from PerfumersWorld,7392-19-0,,0.50,,FALSE,,,
5CK21690,Lime Oxide 10% in TEC from PerfumersWorld,"7392-19-0|0.1
77-93-0|0.9",,0.08,,TRUE,Lime Oxide from PerfumersWorld,Triethyl Citrate (TEC) from PerfumersWorld,0.1
6CK18135,LIME ZEST F-TEC from PerfumersWorld,Mixture (Perfume Base),,0.15,,FALSE,,,
6CK12391,Lime Zest Tops Fleuressence from PerfumersWorld,Mixture (Perfume Base),,0.18,,FALSE,,,
4LL00277,Linalool Oxide from PerfumersWorld,5989-33-3,,0.60,,FALSE,,,
3LL00278,Linalool Synthetic from PerfumersWorld,78-70-6,,0.12,,FALSE,,,
3LF00279,Linalyl Acetate from PerfumersWorld,115-95-7,,0.10,,FALSE,,,
3LC12899,Linalyl Propionate from PerfumersWorld,144-39-8,,0.32,,FALSE,,,
7CC00280,Litsea Cubeba Essential Oil from PerfumersWorld,68855-99-2,,0.19,,FALSE,,,
8NN07699,Lotus Absolute from PerfumersWorld,84696-27-5,,19.00,,FALSE,,,
5NN13571,Lotus Absolute 1% in DPG from PerfumersWorld,"84696-27-5|0.01
25265-71-8|0.99",,0.51,,TRUE,Lotus Absolute from PerfumersWorld,Dipropylene Glycol (DPG) from PerfumersWorld,0.01
5NN12069,Lotus Absolute 10% in DPG from PerfumersWorld,"84696-27-5|0.1
25265-71-8|0.9",,1.95,,TRUE,Lotus Absolute from PerfumersWorld,Dipropylene Glycol (DPG) from PerfumersWorld,0.1
8SW08238,Lovage Roots Oil from PerfumersWorld,8016-31-7,,8.80,,FALSE,,,
3MG00282,Lyral from PerfumersWorld,31906-04-4,,0.23,,FALSE,,,
6MM18498,M-MUGUET F-TEC from PerfumersWorld,Mixture (Perfume Base),,0.18,,FALSE,,,
6MM08681,M-Muguet Fleuressence from PerfumersWorld,Mixture (Perfume Base),,0.20,,FALSE,,,
4GL22835,Maceal from PerfumersWorld,67845-30-1,,0.99,,FALSE,,,
5GL23703,Maceal 10% in DPG from PerfumersWorld,"67845-30-1|0.1
25265-71-8|0.9",,0.15,,TRUE,Maceal from PerfumersWorld,Dipropylene Glycol (DPG) from PerfumersWorld,0.1
6XD18354,MACROCYCLIC F-TEC from PerfumersWorld,Mixture (Perfume Base),,0.15,,FALSE,,,
6XD09426,Macrocyclic Fleuressence from PerfumersWorld,Mixture (Perfume Base),,0.19,,FALSE,,,
2XX14556,Macrolide from PerfumersWorld,106-02-5,,1.12,,FALSE,,,
3MN13569,Magnolan from PerfumersWorld,27606-09-3,,0.60,,FALSE,,,
MAL06022,Male Concentrate from PerfumersWorld,Not Found,,5.02,,FALSE,,,
MAL06023,Male Factor from PerfumersWorld,Not Found,,0.52,,FALSE,,,
6CL18121,MALE FLORAL F-TEC from PerfumersWorld,Mixture (Perfume Base),,0.15,,FALSE,,,
6CL10386,Male Floral Fleuressence from PerfumersWorld,Mixture (Perfume Base),,0.20,,FALSE,,,
6WC18598,MALE WOODSY F-TEC from PerfumersWorld,Mixture (Perfume Base),,0.15,,FALSE,,,
6WC12407,Male Woodsy Fleuressence from PerfumersWorld,Mixture (Perfume Base),,0.27,,FALSE,,,
1VE00283,Maltol from PerfumersWorld,118-71-8,,0.32,,FALSE,,,
5VE08421,Maltol 1% in DPG from PerfumersWorld,"118-71-8|0.01
25265-71-8|0.99",,0.06,,TRUE,Maltol from PerfumersWorld,Dipropylene Glycol (DPG) from PerfumersWorld,0.01
5VE10963,Maltol 5% in DPG from PerfumersWorld,"118-71-8|0.05
25265-71-8|0.95",,0.10,,TRUE,Maltol from PerfumersWorld,Dipropylene Glycol (DPG) from PerfumersWorld,0.05
7CA00285,Mandarin Essential Oil from PerfumersWorld,8008-31-9,,0.50,,FALSE,,,
6CA18124,MANDARIN F-TEC from PerfumersWorld,Mixture (Perfume Base),,0.16,,FALSE,,,
6CA09060,Mandarin Fleuressence from PerfumersWorld,Mixture (Perfume Base),,0.15,,FALSE,,,
6FV18841,MANGO F-TEC from PerfumersWorld,Mixture (Perfume Base),,0.12,,FALSE,,,
6FV10907,Mango Fleuressence from PerfumersWorld,Mixture (Perfume Base),,0.17,,FALSE,,,
7HP07679,Manuka Essential Oil from PerfumersWorld,223749-44-8,,3.30,,FALSE,,,
4FG15438,Manzanate from PerfumersWorld,39255-32-8,,0.28,,FALSE,,,
1VE00286,Maple Lactone from PerfumersWorld,80-71-7,,0.71,,FALSE,,,
5VE09632,Maple Lactone 10% in DPG from PerfumersWorld,"80-71-7|0.1
25265-71-8|0.9",,0.10,,TRUE,Maple Lactone from PerfumersWorld,Dipropylene Glycol (DPG) from PerfumersWorld,0.1
8HE00557,Mate Absolute from PerfumersWorld,68916-96-1,,8.50,,FALSE,,,
5HE13845,Mate Absolute 10% in DPG from PerfumersWorld,"68916-96-1|0.1
25265-71-8|0.9",,0.80,,TRUE,Mate Absolute from PerfumersWorld,Dipropylene Glycol (DPG) from PerfumersWorld,0.1
3MG11691,Mayol from PerfumersWorld,5502-75-0,,0.35,,FALSE,,,
6GF18175,MELON F-TEC from PerfumersWorld,Mixture (Perfume Base),,0.12,,FALSE,,,
6FG08392,Melon Fleuressence from PerfumersWorld,Mixture (Perfume Base),,0.20,,FALSE,,,
4FG00289,Melonal from PerfumersWorld,106-72-9,,1.00,,FALSE,,,
5FG08480,Melonal 10% in DPG from PerfumersWorld,"106-72-9|0.1
25265-71-8|0.9",,0.14,,TRUE,Melonal from PerfumersWorld,Dipropylene Glycol (DPG) from PerfumersWorld,0.1
1BB00290,Menthol Crystals from PerfumersWorld,2216-51-5,,0.16,,FALSE,,,
5BB08460,Menthol Crystals 50% in DPG from PerfumersWorld,"2216-51-5|0.5
25265-71-8|0.5",,0.11,,TRUE,Menthol Crystals from PerfumersWorld,Dipropylene Glycol (DPG) from PerfumersWorld,0.5
4BB00291,Menthone from PerfumersWorld,89-80-5,,0.40,,FALSE,,,
5BB08203,Menthone 10% in DPG from PerfumersWorld,"10458-14-7|0.1
25265-71-8|0.9",,0.09,,TRUE,Menthone from PerfumersWorld,Dipropylene Glycol (DPG) from PerfumersWorld,0.1
3LB00292,Menthyl Acetate from PerfumersWorld,16409-45-3,,0.39,,FALSE,,,
4LF00294,Methyl Amyl Ketone from PerfumersWorld,110-43-0,,0.30,,FALSE,,,
4NC00295,Methyl Anthranilate from PerfumersWorld,134-20-3,,0.12,,FALSE,,,
5NC12471,Methyl Anthranilate 10% in DPG from PerfumersWorld,"134-20-3|0.1
25265-71-8|0.9",,0.04,,TRUE,Methyl Anthranilate from PerfumersWorld,Dipropylene Glycol (DPG) from PerfumersWorld,0.1
4NJ00296,Methyl Benzoate from PerfumersWorld,93-58-3,,0.07,,FALSE,,,
5NJ07849,Methyl Benzoate 10% in DPG from PerfumersWorld,"93-58-3|0.1
25265-71-8|0.9",,0.04,,TRUE,Methyl Benzoate from PerfumersWorld,Dipropylene Glycol (DPG) from PerfumersWorld,0.1
4PS02272,Methyl Chavicol from PerfumersWorld,140-67-0,,0.62,,FALSE,,,
5PS07822,Methyl Chavicol 10% in DPG from PerfumersWorld,"140-67-0|0.1
25265-71-8|0.9",,0.12,,TRUE,Methyl Chavicol from PerfumersWorld,Dipropylene Glycol (DPG) from PerfumersWorld,0.1
2SC00297,Methyl Cinnamate from PerfumersWorld,103-26-4,,0.24,,FALSE,,,
5SC12482,Methyl Cinnamate 10% in DPG from PerfumersWorld,"103-26-4|0.1
25265-71-8|0.9",,0.05,,TRUE,Methyl Cinnamate from PerfumersWorld,Dipropylene Glycol (DPG) from PerfumersWorld,0.1
5SC07858,Methyl cinnamate 50% in DPG from PerfumersWorld,"103-26-4|0.5
25265-71-8|0.5",,0.14,,TRUE,Methyl cinnamate from PerfumersWorld,Dipropylene Glycol (DPG) from PerfumersWorld,0.5
4SP16859,Methyl Diantilis from PerfumersWorld,5595-79-9,,0.99,,FALSE,,,
9SW00298,Methyl Eugenol from PerfumersWorld,93-15-2,,0.35,,FALSE,,,
3LF00299,Methyl Hexyl Ketone from PerfumersWorld,111-13-7,,0.12,,FALSE,,,
9SP02300,Methyl Isoeugenol from PerfumersWorld,93-16-3,,0.41,,FALSE,,,
4JN15333,Methyl Jasmonate from PerfumersWorld,39924-52-2,,12.80,,FALSE,,,
5VD10871,METHYL LAITONE 10% DPG from PerfumersWorld,94201-19-1,,0.50,,FALSE,,,
4LY00304,Methyl Nonyl Ketone from PerfumersWorld,112-12-9,,0.32,,FALSE,,,
4GI00305,Methyl Octine Carbonate from PerfumersWorld,111-80-8,,1.23,,FALSE,,,
5GI07522,Methyl Octine Carbonate 10% in DPG from PerfumersWorld,"111-80-8|0.1
25265-71-8|0.9",,0.15,,TRUE,Methyl Octine Carbonate from PerfumersWorld,Dipropylene Glycol (DPG) from PerfumersWorld,0.1
4FC11677,Methyl Pample Mousse from PerfumersWorld,67674-46-8,,1.06,,FALSE,,,
5FC19406,Methyl Pamplemousse 10% in TEC from PerfumersWorld,"67674-46-8|0.1
77-93-0|0.9",,0.20,,TRUE,Methyl Pamplemousse from PerfumersWorld,Triethyl Citrate (TEC) from PerfumersWorld,0.1
3OP00306,Methyl Salicylate from PerfumersWorld,119-36-8,,0.08,,FALSE,,,
5OP07554,Methyl Salicylate 10% in DPG from PerfumersWorld,"119-36-8|0.1
25265-71-8|0.9",,0.04,,TRUE,Methyl Salicylate from PerfumersWorld,Dipropylene Glycol (DPG) from PerfumersWorld,0.1
SHAMPBBY,Mild Baby Shampoo Base - unscented from PerfumersWorld,Not Found,,0.04,,FALSE,,,
6DD18140,MILK F-TEC from PerfumersWorld,Mixture (Perfume Base),,0.12,,FALSE,,,
6DD09086,Milk Fleuressence from PerfumersWorld,Mixture (Perfume Base),,0.19,,FALSE,,,
8NG00307,Mimosa Absolute from PerfumersWorld,8031-03-6,,7.12,,FALSE,,,
5NG07850,Mimosa Absolute 10% in DPG from PerfumersWorld,"100-51-6|0.1
25265-71-8|0.9",,0.75,,TRUE,Mimosa Absolute from PerfumersWorld,Dipropylene Glycol (DPG) from PerfumersWorld,0.1
6NN18760,MIMOSA F-TEC from PerfumersWorld,Mixture (Perfume Base),,0.22,,FALSE,,,
6NN09420,Mimosa Fleuressence from PerfumersWorld,Mixture (Perfume Base),,0.20,,FALSE,,,
MINISCAL,MINISCAL @ US$29.95/scale from PerfumersWorld,Not Found,,,,FALSE,,,
MINISNIF,MINISNIF @ US$1.00/pack from PerfumersWorld,Not Found,,,,FALSE,,,
MIXPOT50,MIXPOT50 @ US$7.50/pack(50) from PerfumersWorld,Not Found,,,,FALSE,,,
4XU05022,Muscone from PerfumersWorld,541-91-3,,4.50,,FALSE,,,
6YE18885,MUSHROOM F-TEC from PerfumersWorld,Mixture (Perfume Base),,0.50,,FALSE,,,
6YE09107,Mushroom Fleuressence from PerfumersWorld,Mixture (Perfume Base),,0.22,,FALSE,,,
2XA09558,Musk Concentrate from PerfumersWorld,1222-05-5,,0.19,,FALSE,,,
1XU00308,Musk Ketone from PerfumersWorld,81-14-1,,0.20,,FALSE,,,
5XU07864,Musk Ketone 10% in DEP from PerfumersWorld,"81-14-1|0.1
84-66-2|0.9",,0.06,,TRUE,Musk Ketone from PerfumersWorld,Diethyl Phthalate (DEP) from PerfumersWorld,0.1
5XU09977,Musk Ketone 10% in DPG from PerfumersWorld,"81-14-1|0.1
25265-71-8|0.9",,0.06,,TRUE,Musk Ketone from PerfumersWorld,Dipropylene Glycol (DPG) from PerfumersWorld,0.1
6XY17557,Musk X Super from PerfumersWorld,Mixture (Perfume Base),,0.30,,FALSE,,,
6XU17558,Musk Xylol REP from PerfumersWorld,Mixture (Perfume Base),,0.31,,FALSE,,,
4MA00312,Myrac Aldehyde from PerfumersWorld,37677-14-8,,0.18,,FALSE,,,
5MA08478,Myrac Aldehyde 10% in DPG from PerfumersWorld,"37677-14-8|0.1
25265-71-8|0.9",,0.06,,TRUE,Myrac Aldehyde from PerfumersWorld,Dipropylene Glycol (DPG) from PerfumersWorld,0.1
3CQ00313,Myrcene from PerfumersWorld,123-35-3,,0.45,,FALSE,,,
1AA05031,Myristic Acid from PerfumersWorld,544-63-8,,0.18,,FALSE,,,
7QC00314,Myrrh Essential Oil from PerfumersWorld,8016-37-3,,3.10,,FALSE,,,
6NJ18033,N-NARCOTIC F-TEC from PerfumersWorld,Mixture (Perfume Base),,0.15,,FALSE,,,
6NJ07696,N-Narcotic Fleuressence from PerfumersWorld,Mixture (Perfume Base),,0.21,,FALSE,,,
7WU09815,Nagarmotha Oil from PerfumersWorld,68916-60-9,,1.60,,FALSE,,,
6NP18957,NARCISSUS F-TEC from PerfumersWorld,Mixture (Perfume Base),,0.18,,FALSE,,,
6NP08694,Narcissus Fleuressence from PerfumersWorld,Mixture (Perfume Base),,0.36,,FALSE,,,
6GL18214,NATURELLE F-TEC from PerfumersWorld,Mixture (Perfume Base),,0.18,,FALSE,,,
6GL10383,Naturelle Fleuressence from PerfumersWorld,Mixture (Perfume Base),,0.48,,FALSE,,,
6GW18223,NATURELLE HOMME F-TEC from PerfumersWorld,Mixture (Perfume Base),,0.27,,FALSE,,,
6GG10387,Naturelle Homme Fleuressence from PerfumersWorld,Mixture (Perfume Base),,0.50,,FALSE,,,
4GI02379,Neofolione from PerfumersWorld,111-79-5,,0.75,,FALSE,,,
8CS23654,Nepal Pepper Co2 Extract from PerfumersWorld,Not Found,,4.40,,FALSE,,,
3CR00317,Nerol from PerfumersWorld,106-25-2,,0.20,,FALSE,,,
7CN00318,Neroli Essential Oil from PerfumersWorld,8016-38-4,,20.80,,FALSE,,,
5CN07545,Neroli Essential Oil 10% in DPG from PerfumersWorld,"8016-38-4|0.1
25265-71-8|0.9",,2.30,,TRUE,Neroli Essential Oil from PerfumersWorld,Dipropylene Glycol (DPG) from PerfumersWorld,0.1
6CN18131,NEROLI F-TEC from PerfumersWorld,Mixture (Perfume Base),,0.15,,FALSE,,,
6CN09093,Neroli Fleuressence from PerfumersWorld,Mixture (Perfume Base),,0.31,,FALSE,,,
3LM00319,Nerolidol from PerfumersWorld,7212-44-4,,0.17,,FALSE,,,
1CN00320,Nerolin Bromelia from PerfumersWorld,93-18-5,,0.15,,FALSE,,,
5CN09239,Nerolin Bromelia 10% in DPG from PerfumersWorld,"93-18-5|0.1
25265-71-8|0.9",,0.07,,TRUE,Nerolin Bromelia from PerfumersWorld,Dipropylene Glycol (DPG) from PerfumersWorld,0.1
1CN00321,Nerolin Yara yara from PerfumersWorld,93-04-9,,0.11,,FALSE,,,
5CN09971,Nerolin Yara Yara 10% in DPG from PerfumersWorld,"93-04-9|0.1
25265-71-8|0.9",,0.04,,TRUE,Nerolin Yara Yara from PerfumersWorld,Dipropylene Glycol (DPG) from PerfumersWorld,0.1
3RF05061,Neryl Acetate from PerfumersWorld,141-12-8,,0.20,,FALSE,,,
6VD18542,NEW MOWN HAY F-TEC from PerfumersWorld,Mixture (Perfume Base),,0.15,,FALSE,,,
6VD09091,New Mown Hay Fleuressence from PerfumersWorld,Mixture (Perfume Base),,0.20,,FALSE,,,
WSNZ1806,WSNZ1806 @ US$2242.50/pax from PerfumersWorld,Not Found,,,,FALSE,,,
WSNZ1807,WSNZ1807 @ US$2242.50/pax from PerfumersWorld,Not Found,,,,FALSE,,,
7BH07692,Niaouli essential oil from PerfumersWorld,8022-72-8,,0.47,,FALSE,,,
6XU18880,NITRO MUSK F-TEC from PerfumersWorld,Mixture (Perfume Base),,0.12,,FALSE,,,
6XU09117,Nitro Musk Fleuressence from PerfumersWorld,Mixture (Perfume Base),,0.14,,FALSE,,,
3LA00326,Nopyl Acetate from PerfumersWorld,128-51-8,,0.14,,FALSE,,,
4WU22432,Norlimbanol Dextro from PerfumersWorld,70788-30-6,,1.00,,FALSE,,,
5WU23677,Norlimbanol Dextro 10% in DPG from PerfumersWorld,"70788-30-6|0.1
25265-71-8|0.9",,0.15,,TRUE,Norlimbanol Dextro from PerfumersWorld,Dipropylene Glycol (DPG) from PerfumersWorld,0.1
6EW18930,NUT F-TEC from PerfumersWorld,Mixture (Perfume Base),,0.24,,FALSE,,,
6EW09105,Nut Fleuressence from PerfumersWorld,Mixture (Perfume Base),,0.22,,FALSE,,,
7SC00327,Nutmeg Essential Oil from PerfumersWorld,8008-45-5,,1.02,,FALSE,,,
6SL18489,NUTMEG F-TEC from PerfumersWorld,Mixture (Perfume Base),,0.35,,FALSE,,,
6SL09678,Nutmeg Fleuressence from PerfumersWorld,Mixture (Perfume Base),,0.47,,FALSE,,,
3MA22553,Nympheal from PerfumersWorld,1637294-12-2,,0.61,,FALSE,,,
6OV18034,O-ORCHID F-TEC from PerfumersWorld,Mixture (Perfume Base),,0.17,,FALSE,,,
6OV09421,O-Orchid Fleuressence from PerfumersWorld,Mixture (Perfume Base),,0.20,,FALSE,,,
5YH07549,Oakmoss Absolute  (IFRA Low Atranol) 10% in DPG from PerfumersWorld,"9000-50-4|0.1
25265-71-8|0.9",,0.38,,TRUE,Oakmoss Absolute  (IFRA Low Atranol) from PerfumersWorld,Dipropylene Glycol (DPG) from PerfumersWorld,0.1
8YH00328,Oakmoss Absolute (IFRA Low Atranol) from PerfumersWorld,9000-50-4,,3.30,,FALSE,,,
6YH18894,OAKMOSS F-TEC from PerfumersWorld,Mixture (Perfume Base),,0.76,,FALSE,,,
6YH09092,Oakmoss Fleuressence from PerfumersWorld,Mixture (Perfume Base),,0.70,,FALSE,,,
5YQ09979,Oakmoss Resinoid (IFRA Low Atranol) 10% in DPG from PerfumersWorld,"9000-50-4|0.1
25265-71-8|0.9",,0.12,,TRUE,Oakmoss Resinoid (IFRA Low Atranol) from PerfumersWorld,Dipropylene Glycol (DPG) from PerfumersWorld,0.1
2YQ00329,Oakmoss Resinoid - IFRA Low Atranol from PerfumersWorld,9000-50-4,,0.60,,FALSE,,,
3QC00330,Ocimene from PerfumersWorld,13877-91-3,,0.71,,FALSE,,,
7QK00333,Olibanum Essential Oil from PerfumersWorld,8016-36-2,,3.50,,FALSE,,,
5QK10958,Olibanum Essential Oil 10% in DPG from PerfumersWorld,"8016-36-2|0.1
25265-71-8|0.9",,0.29,,TRUE,Olibanum Essential Oil from PerfumersWorld,Dipropylene Glycol (DPG) from PerfumersWorld,0.1
2QK21856,Olibanum Resinoid (Viscous) from PerfumersWorld,8016-36-2,,0.65,,FALSE,,,
5QK12179,Olibanum Resinoid 10% in DPG from PerfumersWorld,"8016-36-2|0.1
25265-71-8|0.9",,0.12,,TRUE,Olibanum Resinoid from PerfumersWorld,Dipropylene Glycol (DPG) from PerfumersWorld,0.1
5QK12474,Olibanum Resinoid 50% in DEP from PerfumersWorld,"8016-36-2|0.5
84-66-2|0.5",,0.49,,TRUE,Olibanum Resinoid from PerfumersWorld,Diethyl Phthalate (DEP) from PerfumersWorld,0.5
5QK07853,Olibanum Resinoid 50% in DPG from PerfumersWorld,"8016-36-2|0.5
25265-71-8|0.5",,0.49,,TRUE,Olibanum Resinoid from PerfumersWorld,Dipropylene Glycol (DPG) from PerfumersWorld,0.5
2QK00334,Olibanum Resinoid Absolute - Solid from PerfumersWorld,8016-36-2,,0.86,,FALSE,,,
0ZA01437,Olive Oil - Fixed Oil from PerfumersWorld,8001-25-0,,0.09,,FALSE,,,
7QC00561,Opoponax Absolute from PerfumersWorld,9000-78-6,,2.95,,FALSE,,,
7QC00336,Opoponax Essential Oil from PerfumersWorld,8021-36-1,,4.40,,FALSE,,,
5QC10959,Opoponax Essential Oil 10% in DPG from PerfumersWorld,"8021-36-1|0.1
25265-71-8|0.9",,0.38,,TRUE,Opoponax Essential Oil from PerfumersWorld,Dipropylene Glycol (DPG) from PerfumersWorld,0.1
2QC00337,Opoponax Resinoid from PerfumersWorld,9000-78-6,,0.72,,FALSE,,,
5QC12475,Opoponax Resinoid 50% in BB from PerfumersWorld,"9000-78-6|0.5
120-51-4|0.5",,0.40,,TRUE,Opoponax Resinoid from PerfumersWorld,Benzyl Benzoate (BB) from PerfumersWorld,0.5
5QC12239,Opoponax Resinoid 50% in DPG from PerfumersWorld,"9000-78-6|0.5
25265-71-8|0.5",,0.38,,TRUE,Opoponax Resinoid from PerfumersWorld,Dipropylene Glycol (DPG) from PerfumersWorld,0.5
6CA18123,ORANGE F-TEC from PerfumersWorld,Mixture (Perfume Base),,0.12,,FALSE,,,
6CA09018,Orange Fleuressence from PerfumersWorld,Mixture (Perfume Base),,0.09,,FALSE,,,
8NC00338,Orange Flower Absolute from PerfumersWorld,8016-38-4,,29.90,,FALSE,,,
5NC07544,Orange Flower Absolute 10% in DPG from PerfumersWorld,"8030-28-2|0.1
25265-71-8|0.9",,3.12,,TRUE,Orange Flower Absolute from PerfumersWorld,Dipropylene Glycol (DPG) from PerfumersWorld,0.1
6NC18793,ORANGE FLOWER F-TEC from PerfumersWorld,Mixture (Perfume Base),,0.26,,FALSE,,,
6NC11558,Orange Flower Fleuressence from PerfumersWorld,Mixture (Perfume Base),,0.22,,FALSE,,,
1NC00340,Oranger Crystals from PerfumersWorld,93-08-3,,0.29,,FALSE,,,
5NC07839,Oranger Crystals 10% in DPG from PerfumersWorld,"93-08-3|0.1
25265-71-8|0.9",,0.07,,TRUE,Oranger Crystals from PerfumersWorld,Dipropylene Glycol (DPG) from PerfumersWorld,0.1
6OQ18798,ORCHIDIA BLENDER F-TEC from PerfumersWorld,Mixture (Perfume Base),,0.15,,FALSE,,,
6OQ12406,Orchidia Blender Fleuressence from PerfumersWorld,Mixture (Perfume Base),,0.17,,FALSE,,,
7PS00342,Oregano Essential Oil from PerfumersWorld,84012-24-8,,1.59,,FALSE,,,
5PS10974,Oregano Essential Oil 10% in DPG from PerfumersWorld,"8007-11-2|0.1
25265-71-8|0.9",,0.19,,TRUE,Oregano Essential Oil from PerfumersWorld,Dipropylene Glycol (DPG) from PerfumersWorld,0.1
7HL10443,Organic Lavender Essential Oil from PerfumersWorld,90063-37-9,,0.67,,FALSE,,,
6QV18436,ORIENTAL F-TEC from PerfumersWorld,Mixture (Perfume Base),,0.26,,FALSE,,,
6QV10404,Oriental Fleuressence from PerfumersWorld,Mixture (Perfume Base),,0.28,,FALSE,,,
3IA00343,3IA00343 @ US$0.52/0 from PerfumersWorld,16587-71-6,,,,FALSE,,,
8IA00344,Orris Concrete Orris Butter from PerfumersWorld,8002-73-1,,21.50,,FALSE,,,
5IA07847,Orris Concrete Orris Butter 10% in DPG from PerfumersWorld,"8002-73-1|0.1
25265-71-8|0.9",,2.20,,TRUE,Orris Concrete Orris Butter from PerfumersWorld,Dipropylene Glycol (DPG) from PerfumersWorld,0.1
6IA18245,ORRIS F-TEC from PerfumersWorld,Mixture (Perfume Base),,0.25,,FALSE,,,
6IA09073,Orris Fleuressence from PerfumersWorld,Mixture (Perfume Base),,0.29,,FALSE,,,
8IQ24653,Orris Liquid from PerfumersWorld,Not Found,,18.00,,FALSE,,,
8ND00346,Osmanthus Absolute from PerfumersWorld,68917-05-5,,18.14,,FALSE,,,
5ND10990,Osmanthus Absolute 10% in DPG from PerfumersWorld,"68917-05-5|0.1
25265-71-8|0.9",,1.85,,TRUE,Osmanthus Absolute from PerfumersWorld,Dipropylene Glycol (DPG) from PerfumersWorld,0.1
3WX00347,Osyrol from PerfumersWorld,41890-92-0,,0.49,,FALSE,,,
6WU07495,Oud Base from PerfumersWorld,Mixture (Perfume Base),,2.04,,FALSE,,,
6YG18599,OZONE F-TEC from PerfumersWorld,Mixture (Perfume Base),,0.15,,FALSE,,,
6YG07910,Ozone Fleuressence from PerfumersWorld,Mixture (Perfume Base),,0.17,,FALSE,,,
6PP18044,P-PHENOL F-TEC from PerfumersWorld,Mixture (Perfume Base),,0.12,,FALSE,,,
6PP09422,P-Phenol Fleuressence from PerfumersWorld,Mixture (Perfume Base),,0.20,,FALSE,,,
6FQ21068,Palm Dates Base from PerfumersWorld,Mixture (Perfume Base),,0.40,,FALSE,,,
0ZA07555,Palm Oil Fractionated - Fixed Oil (Palm MCT) from PerfumersWorld,8023-79-8,,0.08,,FALSE,,,
7RL00353,Palmarosa Essential Oil from PerfumersWorld,8014-19-5,,0.44,,FALSE,,,
6CN23709,Pamzest from PerfumersWorld,Mixture (Perfume Base),,0.50,,FALSE,,,
9PP00348,para-Cresol from PerfumersWorld,106-44-5,,0.39,,FALSE,,,
5PP11272,para-Cresol 10% in DPG from PerfumersWorld,"106-44-5|0.1
25265-71-8|0.9",,0.10,,TRUE,para-Cresol from PerfumersWorld,Dipropylene Glycol (DPG) from PerfumersWorld,0.1
9PP01951,para-Cresyl Acetate from PerfumersWorld,140-39-6,,0.75,,FALSE,,,
5PN11524,para-Cresyl Acetate 10% in DPG from PerfumersWorld,"140-39-6|0.1
25265-71-8|0.9",,0.15,,TRUE,para-Cresyl Acetate from PerfumersWorld,Dipropylene Glycol (DPG) from PerfumersWorld,0.1
4PP00350,para-Cresyl Methyl Ether from PerfumersWorld,104-93-8,,0.18,,FALSE,,,
5PN08178,para-Cresyl Methyl Ether 10% in DPG from PerfumersWorld,"104-93-8|0.1
25265-71-8|0.9",,0.10,,TRUE,para-Cresyl Methyl Ether from PerfumersWorld,Dipropylene Glycol (DPG) from PerfumersWorld,0.1
1PF01952,para-Cresyl Phenyl Acetate from PerfumersWorld,101-94-0,,0.89,,FALSE,,,
5PN07817,para-Cresyl Phenyl Acetate 10% in DPG from PerfumersWorld,"101-94-0|0.1
25265-71-8|0.9",,0.17,,TRUE,para-Cresyl Phenyl Acetate from PerfumersWorld,Dipropylene Glycol (DPG) from PerfumersWorld,0.1
3NP02253,para-Methyl Acetophenone from PerfumersWorld,122-00-9,,0.15,,FALSE,,,
4GF14127,Paradisamide from PerfumersWorld,406488-30-0,,0.55,,FALSE,,,
4IG05175,Parmavert from PerfumersWorld,13257-44-8,,1.65,,FALSE,,,
5IG11455,Parmavert 10% in DPG from PerfumersWorld,"13257-44-8|0.1
25265-71-8|0.9",,0.19,,TRUE,Parmavert from PerfumersWorld,Dipropylene Glycol (DPG) from PerfumersWorld,0.1
7SW00970,Parsley Seed Essential Oil from PerfumersWorld,8000-68-8,,1.92,,FALSE,,,
5SH08967,Parsley Seed Oil 10% in DPG from PerfumersWorld,"8000-68-8|0.1
25265-71-8|0.9",,0.22,,TRUE,Parsley Seed Oil from PerfumersWorld,Dipropylene Glycol (DPG) from PerfumersWorld,0.1
7WB00357,Patchouli Essential Oil from PerfumersWorld,84238-39-1,,0.96,,FALSE,,,
6WB18685,PATCHOULI F-TEC from PerfumersWorld,Mixture (Perfume Base),,0.45,,FALSE,,,
6WB09123,Patchouli Fleuressence from PerfumersWorld,Mixture (Perfume Base),,0.50,,FALSE,,,
7WB13670,Patchouli Light Essential Oil from PerfumersWorld,Not Found,,0.35,,FALSE,,,
6FD18170,PEACH F-TEC from PerfumersWorld,Mixture (Perfume Base),,0.15,,FALSE,,,
6FD08610,Peach Fleuressence from PerfumersWorld,Mixture (Perfume Base),,0.20,,FALSE,,,
3RB12753,Peonile from PerfumersWorld,10461-98-0,,0.20,,FALSE,,,
7BB00360,Peppermint Essential Oil from PerfumersWorld,8006-90-4,,0.20,,FALSE,,,
6BB18120,PEPPERMINT F-TEC from PerfumersWorld,Mixture (Perfume Base),,0.12,,FALSE,,,
6BB09016,Peppermint Fleuressence from PerfumersWorld,Mixture (Perfume Base),,0.16,,FALSE,,,
2QV00363,Peru Balsam Resinoid from PerfumersWorld,8007-00-9,,0.78,,FALSE,,,
5QV12476,Peru Balsam Resinoid 50% in BB from PerfumersWorld,"8007-00-9|0.5
120-51-4|0.5",,0.46,,TRUE,Peru Balsam Resinoid from PerfumersWorld,Benzyl Benzoate (BB) from PerfumersWorld,0.5
5QV10578,Peru Balsam Resinoid 50% in DPG from PerfumersWorld,"8007-00-9|0.5
25265-71-8|0.5",,0.45,,TRUE,Peru Balsam Resinoid from PerfumersWorld,Dipropylene Glycol (DPG) from PerfumersWorld,0.5
6CN24668,Petigrain Bigarade from PerfumersWorld,Mixture (Perfume Base),,0.45,,FALSE,,,
7CN00364,Petitgrain Essential Oil Paraguay from PerfumersWorld,8014-17-3,,0.65,,FALSE,,,
3RB00369,Phenoxy Ethyl Isobutyrate from PerfumersWorld,103-60-6,,0.17,,FALSE,,,
5GN10163,Phenyl acetaldehyde 10% in DPG from PerfumersWorld,"122-78-1|0.1
25265-71-8|0.9",,0.09,,TRUE,Phenyl acetaldehyde from PerfumersWorld,Dipropylene Glycol (DPG) from PerfumersWorld,0.1
5GP07498,Phenyl acetaldehyde 50% in PEA from PerfumersWorld,122-78-1|0.5,,0.32,,TRUE,Phenyl acetaldehyde from PerfumersWorld,PEA from PerfumersWorld,0.5
5GP07497,Phenyl Acetaldehyde 85% in PEA from PerfumersWorld,122-78-1|0.85,,0.35,,TRUE,Phenyl Acetaldehyde from PerfumersWorld,PEA from PerfumersWorld,0.85
4GN00382,Phenyl Acetaldehyde Dimethyl Acetal (PADMA) from PerfumersWorld,101-48-4,,0.25,,FALSE,,,
5GN08326,Phenyl Acetaldehyde Dimethyl Acetal (PADMA) 10% in DPG from PerfumersWorld,"101-48-4|0.1
25265-71-8|0.9",,0.13,,TRUE,Phenyl Acetaldehyde Dimethyl Acetal (PADMA) from PerfumersWorld,Dipropylene Glycol (DPG) from PerfumersWorld,0.1
3RP00371,Phenyl Ethyl Acetate from PerfumersWorld,103-45-7,,0.20,,FALSE,,,
3RM00358,Phenyl Ethyl Alcohol (PEA) from PerfumersWorld,60-12-8,,0.07,,FALSE,,,
3MR02826,Phenyl Ethyl Dimethyl Carbinol from PerfumersWorld,103-05-9,,0.41,,FALSE,,,
3LR00160,Phenyl Ethyl Dimethyl Carbinyl Acetate from PerfumersWorld,103-07-1,,0.63,,FALSE,,,
4RW00373,Phenyl Ethyl Formate from PerfumersWorld,104-62-1,,0.34,,FALSE,,,
4RL00374,Phenyl Ethyl Isoamyl Ether from PerfumersWorld,56011-02-0,,0.15,,FALSE,,,
5RL08476,Phenyl Ethyl Isoamyl Ether 10% in DPG from PerfumersWorld,"56011-02-0|0.1
25265-71-8|0.9",,0.06,,TRUE,Phenyl Ethyl Isoamyl Ether from PerfumersWorld,Dipropylene Glycol (DPG) from PerfumersWorld,0.1
3RB00375,Phenyl Ethyl Isobutyrate from PerfumersWorld,103-48-0,,0.22,,FALSE,,,
3RP00377,Phenyl Ethyl Phenyl Acetate from PerfumersWorld,102-20-5,,0.32,,FALSE,,,
5RP07854,Phenyl Ethyl Phenyl Acetate 50% in DPG from PerfumersWorld,"102-20-5|0.5
25265-71-8|0.5",,0.20,,TRUE,Phenyl Ethyl Phenyl Acetate from PerfumersWorld,Dipropylene Glycol (DPG) from PerfumersWorld,0.5
1RO05275,Phenyl Ethyl Salicylate from PerfumersWorld,87-22-9,,0.35,,FALSE,,,
5RO12473,Phenyl Ethyl Salicylate 10% in DPG from PerfumersWorld,"87-22-9|0.1
25265-71-8|0.9",,0.09,,TRUE,Phenyl Ethyl Salicylate from PerfumersWorld,Dipropylene Glycol (DPG) from PerfumersWorld,0.1
3GN00379,Phenyl Propyl Alcohol from PerfumersWorld,122-97-4,,0.20,,FALSE,,,
3WI00384,Physeol from PerfumersWorld,68845-00-1,,1.80,,FALSE,,,
7KQ07511,Pine Essential Oil from PerfumersWorld,84012-35-1,,0.09,,FALSE,,,
6KL18318,PINE F-TEC from PerfumersWorld,Mixture (Perfume Base),,0.15,,FALSE,,,
6KL09075,Pine Fleuressence from PerfumersWorld,Mixture (Perfume Base),,0.19,,FALSE,,,
7KH08741,Pine Needle Essential Oil from PerfumersWorld,8021-29-2,,0.35,,FALSE,,,
6KH18319,PINE NEEDLE F-TEC from PerfumersWorld,Mixture (Perfume Base),,0.35,,FALSE,,,
6KH08503,Pine Needle Fleuressence from PerfumersWorld,Mixture (Perfume Base),,0.34,,FALSE,,,
6FC18181,PINEAPPLE F-TEC from PerfumersWorld,Mixture (Perfume Base),,0.10,,FALSE,,,
6FC08433,Pineapple Fleuressence from PerfumersWorld,Mixture (Perfume Base),,0.14,,FALSE,,,
7SC00941,Pink Pepper Essential Oil from PerfumersWorld,68917-52-2,,4.92,,FALSE,,,
3VN06814,Piperonyl acetate from PerfumersWorld,326-61-4,,0.98,,FALSE,,,
7HS07556,Plai Essential Oil Siam from PerfumersWorld,8016-63-5,,0.52,,FALSE,,,
3WM16912,Polysantol from PerfumersWorld,107898-54-4,,1.40,,FALSE,,,
7CN23708,Pomelo Essential Oil from PerfumersWorld,8016-20-4,,1.00,,FALSE,,,
6AJ18111,POWDERY F-TEC from PerfumersWorld,Mixture (Perfume Base),,0.15,,FALSE,,,
6AJ12410,Powdery Fleuressence from PerfumersWorld,Mixture (Perfume Base),,0.19,,FALSE,,,
3MC11054,Precyclemone B from PerfumersWorld,52474-60-9,,0.25,,FALSE,,,
3FG00387,Prenyl Acetate from PerfumersWorld,1191-16-8,,0.12,,FALSE,,,
STRIP14C,STRIP14C @ US$1.50/pack(50) from PerfumersWorld,Not Found,,,,FALSE,,,
PRONO-RM,PRONO-RM @ US$1190.00/pax from PerfumersWorld,Not Found,,,,FALSE,,,
PRO1FULL,PRO1FULL @ US$1550.00/pax from PerfumersWorld,Not Found,,,,FALSE,,,
PROPAY11,PROPAY11 @ US$229.11/unit from PerfumersWorld,Not Found,,,,FALSE,,,
PROPAY12,PROPAY12 @ US$229.12/unit from PerfumersWorld,Not Found,,,,FALSE,,,
PROPAY13,PROPAY13 @ US$229.13/unit from PerfumersWorld,Not Found,,,,FALSE,,,
PROPAY14,PROPAY14 @ US$229.14/unit from PerfumersWorld,Not Found,,,,FALSE,,,
PROPAY15,PROPAY15 @ US$229.15/unit from PerfumersWorld,Not Found,,,,FALSE,,,
PROPAY16,PROPAY16 @ US$229.16/unit from PerfumersWorld,Not Found,,,,FALSE,,,
PROPAY17,PROPAY17 @ US$229.17/unit from PerfumersWorld,Not Found,,,,FALSE,,,
PROPAY18,PROPAY18 @ US$229.18/unit from PerfumersWorld,Not Found,,,,FALSE,,,
PROPAY19,PROPAY19 @ US$229.19/unit from PerfumersWorld,Not Found,,,,FALSE,,,
PROPAY20,PROPAY20 @ US$229.20/unit from PerfumersWorld,Not Found,,,,FALSE,,,
0ZP00365,Propylene Glycol (PG) from PerfumersWorld,57-55-6,,0.06,,FALSE,,,
6FD18956,PRUNE F-TEC from PerfumersWorld,Mixture (Perfume Base),,0.15,,FALSE,,,
6FD07547,Prune Fleuressence from PerfumersWorld,Mixture (Perfume Base),,0.14,,FALSE,,,
6XZ10738,PWx Factor from PerfumersWorld,Mixture (Perfume Base),,0.62,,FALSE,,,
6XZ12347,PWx Oil Factor - Natural from PerfumersWorld,Mixture (Perfume Base),,0.62,,FALSE,,,
9UY19188,Pyralone from PerfumersWorld,65442-31-1,,2.70,,FALSE,,,
5UY19282,Pyralone 10% in DPG from PerfumersWorld,"65442-31-1|0.1
25265-71-8|0.9",,0.30,,TRUE,Pyralone from PerfumersWorld,Dipropylene Glycol (DPG) from PerfumersWorld,0.1
6QV18045,Q-QUEEN F-TEC from PerfumersWorld,Mixture (Perfume Base),,0.16,,FALSE,,,
6QV09582,Q-Queen of the Orient Fleuressence from PerfumersWorld,Mixture (Perfume Base),,0.22,,FALSE,,,
6RR18074,R-ROSE F-TEC from PerfumersWorld,Mixture (Perfume Base),,0.15,,FALSE,,,
6RR07636,R-Rose Fleuressence from PerfumersWorld,Mixture (Perfume Base),,0.20,,FALSE,,,
6FV18190,RASPBERRY F-TEC from PerfumersWorld,Mixture (Perfume Base),,0.12,,FALSE,,,
6FV08343,Raspberry Fleuressence from PerfumersWorld,Mixture (Perfume Base),,0.14,,FALSE,,,
1FL00392,Raspberry Ketone from PerfumersWorld,5471-51-2,,0.36,,FALSE,,,
5FL07524,Raspberry Ketone 10% in DPG from PerfumersWorld,"5471-51-2|0.1
25265-71-8|0.9",,0.09,,TRUE,Raspberry Ketone from PerfumersWorld,Dipropylene Glycol (DPG) from PerfumersWorld,0.1
5ES18560,Red Saffron Infusion from PerfumersWorld,8022-19-3,,2.02,,FALSE,,,
GCMSCOPY,GCMSCOPY @ US$699.00/sample from PerfumersWorld,Not Found,,,,FALSE,,,
3RB07724,Rhodinol ex Citronella from PerfumersWorld,68916-43-8,,0.20,,FALSE,,,
7RB23711,Rhodinol Ex-Natural from PerfumersWorld,6812-78-8,,1.50,,FALSE,,,
3FL06757,Rhubofix from PerfumersWorld,41816-03-9,,1.90,,FALSE,,,
0ZA01442,Rice Bran Oil - Fixed Oil from PerfumersWorld,68553-81-1,,0.07,,FALSE,,,
7HH00104,Roman Chamomile Essential Oil from PerfumersWorld,8015-92-7,,4.77,,FALSE,,,
5HH09983,Roman Chamomile Essential Oil 10% in DPG from PerfumersWorld,"8015-92-7|0.1
25265-71-8|0.9",,0.52,,TRUE,Roman Chamomile Essential Oil from PerfumersWorld,Dipropylene Glycol (DPG) from PerfumersWorld,0.1
3XU22379,Romandolide from PerfumersWorld,236391-76-7,,0.30,,FALSE,,,
6EY09115,Root Fleuressence from PerfumersWorld,Mixture (Perfume Base),,0.20,,FALSE,,,
4RA00394,Rosalva from PerfumersWorld,13019-22-2,,0.89,,FALSE,,,
5RA07537,Rosalva 10% in DPG from PerfumersWorld,"13019-22-2|0.1
25265-71-8|0.9",,0.11,,TRUE,Rosalva from PerfumersWorld,Dipropylene Glycol (DPG) from PerfumersWorld,0.1
4RM06950,Rose Absolute Pentalol (Mefrosol) from PerfumersWorld,55066-48-3,,0.97,,FALSE,,,
6AR18117,ROSE ALDEHYDE F-TEC from PerfumersWorld,Mixture (Perfume Base),,0.16,,FALSE,,,
6AR09113,Rose Aldehyde Fleuressence from PerfumersWorld,Mixture (Perfume Base),,0.20,,FALSE,,,
8RM00395,Rose de Mai Absolute from PerfumersWorld,8007-01-0,,13.00,,FALSE,,,
5RM07856,Rose de Mai Absolute 10% in DPG from PerfumersWorld,"8007-01-0|0.1
25265-71-8|0.9",,1.35,,TRUE,Rose de Mai Absolute from PerfumersWorld,Dipropylene Glycol (DPG) from PerfumersWorld,0.1
6RM18942,ROSE DE MAI F-TEC from PerfumersWorld,Mixture (Perfume Base),,0.15,,FALSE,,,
6RM09423,Rose de Mai Fleuressence from PerfumersWorld,Mixture (Perfume Base),,0.32,,FALSE,,,
8RR00397,Rose Otto Anatolian from PerfumersWorld,8007-01-0,,30.27,,FALSE,,,
5RB10952,Rose Otto Anatolian 10% in DPG from PerfumersWorld,"8007-01-0|0.1
25265-71-8|0.9",,3.32,,TRUE,Rose Otto Anatolian from PerfumersWorld,Dipropylene Glycol (DPG) from PerfumersWorld,0.1
7RB00900,Rose Otto Bulgarian from PerfumersWorld,8007-01-0,,40.02,,FALSE,,,
5RR12478,Rose Otto Bulgarian 10% in DPG from PerfumersWorld,"8007-01-0|0.1
25265-71-8|0.9",,4.12,,TRUE,Rose Otto Bulgarian from PerfumersWorld,Dipropylene Glycol (DPG) from PerfumersWorld,0.1
6RB18944,ROSE OTTO F-TEC from PerfumersWorld,Mixture (Perfume Base),,0.29,,FALSE,,,
6RB00398,Rose Otto Fleuressence from PerfumersWorld,Mixture (Perfume Base),,0.45,,FALSE,,,
4RL00399,Rose Oxide from PerfumersWorld,16409-43-1,,0.43,,FALSE,,,
5RL07536,Rose Oxide 10% in DPG from PerfumersWorld,"16409-43-1|0.1
25265-71-8|0.9",,0.15,,TRUE,Rose Oxide from PerfumersWorld,Dipropylene Glycol (DPG) from PerfumersWorld,0.1
6RM18941,ROSE PETAL F-TEC from PerfumersWorld,Mixture (Perfume Base),,0.12,,FALSE,,,
6RM07757,Rose Petal Fleuressence from PerfumersWorld,Mixture (Perfume Base),,0.14,,FALSE,,,
0ZV01349,Rosemary Antioxidant - Extract from PerfumersWorld,84604-14-8,,0.65,,FALSE,,,
7HB00400,Rosemary Essential Oil from PerfumersWorld,8000-25-7,,0.35,,FALSE,,,
6HB18237,ROSEMARY F-TEC from PerfumersWorld,Mixture (Perfume Base),,0.20,,FALSE,,,
6HB09063,Rosemary Fleuressence from PerfumersWorld,Mixture (Perfume Base),,0.26,,FALSE,,,
7LW00401,Rosewood Leaf Essential Oil from PerfumersWorld,8015-77-8,,2.50,,FALSE,,,
1RP05672,Rosone Rose Crystals from PerfumersWorld,90-17-5,,0.12,,FALSE,,,
5RP08966,Rosone Rose Crystals 10% in DEP from PerfumersWorld,"90-17-5|0.1
84-66-2|0.9",,0.09,,TRUE,Rosone Rose Crystals from PerfumersWorld,Diethyl Phthalate (DEP) from PerfumersWorld,0.1
5RP07870,Rosone Rose Crystals 10% in DPG from PerfumersWorld,"90-17-5|0.1
25265-71-8|0.9",,0.09,,TRUE,Rosone Rose Crystals from PerfumersWorld,Dipropylene Glycol (DPG) from PerfumersWorld,0.1
6SP18049,S-SPICE F-TEC from PerfumersWorld,Mixture (Perfume Base),,0.15,,FALSE,,,
6SP12451,S-Spice Fleuressence from PerfumersWorld,Mixture (Perfume Base),,0.22,,FALSE,,,
0ZV01445,Safflower Oil - Fixed Oil from PerfumersWorld,8001-23-8,,0.09,,FALSE,,,
4ES00402,Saffranal from PerfumersWorld,116-26-7,,3.74,,FALSE,,,
5ES07841,Saffranal 10% in DPG from PerfumersWorld,"116-26-7|0.1
25265-71-8|0.9",,0.42,,TRUE,Saffranal from PerfumersWorld,Dipropylene Glycol (DPG) from PerfumersWorld,0.1
6EV18158,SAFFRON F-TEC from PerfumersWorld,Mixture (Perfume Base),,0.25,,FALSE,,,
6EV12393,Saffron Fleuressence from PerfumersWorld,Mixture (Perfume Base),,0.20,,FALSE,,,
7ES01835,Saffron Oil Light from PerfumersWorld,8022-19-3,,2.02,,FALSE,,,
4ES11978,Safraleine from PerfumersWorld,54440-17-4,,1.15,,FALSE,,,
5ES09556,Safranal 1% in DPG from PerfumersWorld,"116-26-7|0.01
25265-71-8|0.99",,0.12,,TRUE,Safranal from PerfumersWorld,Dipropylene Glycol (DPG) from PerfumersWorld,0.01
7HP00403,Sage Dalmation Essential Oil from PerfumersWorld,8022-56-8,,0.80,,FALSE,,,
GCMSEXTR,GCMSEXTR @ US$102.00/sample from PerfumersWorld,Not Found,,,,FALSE,,,
SAMPLS01,SAMPLS01 @ US$56.00/set from PerfumersWorld,Not Found,,,,FALSE,,,
SAMPLS02,SAMPLS02 @ US$56.00/set from PerfumersWorld,Not Found,,,,FALSE,,,
SAMPLS03,SAMPLS03 @ US$56.00/set from PerfumersWorld,Not Found,,,,FALSE,,,
SAMPLS04,SAMPLS04 @ US$56.00/set from PerfumersWorld,Not Found,,,,FALSE,,,
SAMPLS05,SAMPLS05 @ US$56.00/set from PerfumersWorld,Not Found,,,,FALSE,,,
SAMPLS06,SAMPLS06 @ US$56.00/set from PerfumersWorld,Not Found,,,,FALSE,,,
SAMPLS07,SAMPLS07 @ US$56.00/set from PerfumersWorld,Not Found,,,,FALSE,,,
SAMPLS08,SAMPLS08 @ US$56.00/set from PerfumersWorld,Not Found,,,,FALSE,,,
SAMPLS09,SAMPLS09 @ US$56.00/set from PerfumersWorld,Not Found,,,,FALSE,,,
SAMPLS10,SAMPLS10 @ US$56.00/set from PerfumersWorld,Not Found,,,,FALSE,,,
SAMPLS11,SAMPLS11 @ US$56.00/set from PerfumersWorld,Not Found,,,,FALSE,,,
SAMPLS12,SAMPLS12 @ US$56.00/set from PerfumersWorld,Not Found,,,,FALSE,,,
SAMPLS13,SAMPLS13 @ US$56.00/set from PerfumersWorld,Not Found,,,,FALSE,,,
SAMPLS14,SAMPLS14 @ US$56.00/set from PerfumersWorld,Not Found,,,,FALSE,,,
SAMPLS15,SAMPLS15 @ US$56.00/set from PerfumersWorld,Not Found,,,,FALSE,,,
SAMPLS16,SAMPLS16 @ US$56.00/set from PerfumersWorld,Not Found,,,,FALSE,,,
SAMPLS17,SAMPLS17 @ US$56.00/set from PerfumersWorld,Not Found,,,,FALSE,,,
SAMPLS18,SAMPLS18 @ US$56.00/set from PerfumersWorld,Not Found,,,,FALSE,,,
SAMPLS19,SAMPLS19 @ US$56.00/set from PerfumersWorld,Not Found,,,,FALSE,,,
SAMPLS20,SAMPLS20 @ US$56.00/set from PerfumersWorld,Not Found,,,,FALSE,,,
4WX00405,Sandalore from PerfumersWorld,65113-99-7,,0.22,,FALSE,,,
6WX07911,Sandalwood Base from PerfumersWorld,Mixture (Perfume Base),,2.22,,FALSE,,,
6WX24054,Sandalwood Base X3 from PerfumersWorld,Mixture (Perfume Base),,0.27,,FALSE,,,
7WX00406,Sandalwood Essential Oil from PerfumersWorld,84787-70-2,,6.52,,FALSE,,,
5WX12225,Sandalwood Essential Oil 10% in DPG from PerfumersWorld,"84787-70-2|0.1
25265-71-8|0.9",,0.71,,TRUE,Sandalwood Essential Oil from PerfumersWorld,Dipropylene Glycol (DPG) from PerfumersWorld,0.1
6WX09344,Sandalwood Extra 208 from PerfumersWorld,Mixture (Perfume Base),,0.94,,FALSE,,,
6WX18686,SANDALWOOD F-TEC from PerfumersWorld,Mixture (Perfume Base),,0.30,,FALSE,,,
6WX12457,Sandalwood Fleuressence from PerfumersWorld,Mixture (Perfume Base),,0.39,,FALSE,,,
7WX21054,Sandalwood Oil S.album from PerfumersWorld,Not Found,,7.30,,FALSE,,,
7WX21055,Sandalwood Oil S.spicatum from PerfumersWorld,8024-35-9,,3.80,,FALSE,,,
3WX00407,Sandela 50 from PerfumersWorld,Mixture,,0.18,,FALSE,,,
3WX13005,Sandela 85 from PerfumersWorld,Mixture,,0.22,,FALSE,,,
3WX07632,Sandenol 208 from PerfumersWorld,65113-99-7,,0.32,,FALSE,,,
3WX07631,Sandenol 803 from PerfumersWorld,66068-84-6,,0.12,,FALSE,,,
4YM22431,Scentenal from PerfumersWorld,86803-90-9,,0.45,,FALSE,,,
5YM23701,Scentenal 10% in DPG from PerfumersWorld,"86803-90-9|0.1
25265-71-8|0.9",,0.12,,TRUE,Scentenal from PerfumersWorld,Dipropylene Glycol (DPG) from PerfumersWorld,0.1
6YG18895,SEAWEED F-TEC from PerfumersWorld,Mixture (Perfume Base),,0.29,,FALSE,,,
6YG09070,Seaweed Fleuressence from PerfumersWorld,Mixture (Perfume Base),,0.25,,FALSE,,,
SHAMPDRY,Shampoo Base for Dry Hair - unscented from PerfumersWorld,Mixture,,0.04,,FALSE,,,
SHAMPNOR,Shampoo Base for Normal Hair (unscented) from PerfumersWorld,Not Found,,0.04,,FALSE,,,
SHWERGEL,Shower Gel Base (unscented) from PerfumersWorld,Not Found,,0.04,,FALSE,,,
9UU00413,Skatole from PerfumersWorld,83-34-1,,8.74,,FALSE,,,
5UN08964,Skatole 1% in DPG from PerfumersWorld,"83-34-1|0.01
25265-71-8|0.99",,0.19,,TRUE,Skatole from PerfumersWorld,Dipropylene Glycol (DPG) from PerfumersWorld,0.01
SOAPCLER,Soap Clear Translucent Glycerine - unscented from PerfumersWorld,Not Found,,0.04,,FALSE,,,
SOAPWHIT,Soap White Glycerine - unscented from PerfumersWorld,Not Found,,0.04,,FALSE,,,
0ZS05357,Solubilizer (Polysorbate 20) from PerfumersWorld,Mixture,,0.08,,FALSE,,,
0ZS07781,Solubilizer Extra Clear from PerfumersWorld,Mixture,,0.19,,FALSE,,,
0ZS07626,Solubilizer PWS from PerfumersWorld,Mixture,,0.07,,FALSE,,,
7HB00404,Spanish Sage Essential Oil from PerfumersWorld,8016-65-7,,0.79,,FALSE,,,
7BB00414,Spearmint Essential Oil from PerfumersWorld,Not Found,,0.35,,FALSE,,,
5BB11414,Spearmint Essential Oil 10% in DPG from PerfumersWorld,"8008-79-5|0.1
25265-71-8|0.9",,0.07,,TRUE,Spearmint Essential Oil from PerfumersWorld,Dipropylene Glycol (DPG) from PerfumersWorld,0.1
6BG18119,SPEARMINT F-TEC from PerfumersWorld,Mixture (Perfume Base),,0.15,,FALSE,,,
6BB08505,Spearmint Fleuressence from PerfumersWorld,Mixture (Perfume Base),,0.27,,FALSE,,,
7WU13382,Spikenard Essential Oil from PerfumersWorld,8022-22-8,,5.50,,FALSE,,,
7KH00888,Spruce Essential Oil from PerfumersWorld,8008-80-8,,0.80,,FALSE,,,
4GL00415,Stemone from PerfumersWorld,22457-23-4,,0.70,,FALSE,,,
5GL08170,Stemone 10% in DPG from PerfumersWorld,"22457-23-4|0.1
25265-71-8|0.9",,0.18,,TRUE,Stemone from PerfumersWorld,Dipropylene Glycol (DPG) from PerfumersWorld,0.1
6FV18953,STRAWBERRY F-TEC from PerfumersWorld,Mixture (Perfume Base),,0.12,,FALSE,,,
6FV09104,Strawberry Fleuressence from PerfumersWorld,Mixture (Perfume Base),,0.22,,FALSE,,,
4GN00417,Styralyl Acetate from PerfumersWorld,93-92-5,,0.21,,FALSE,,,
5GN07535,Styralyl Acetate 10% in DPG from PerfumersWorld,"93-92-5|0.1
25265-71-8|0.9",,0.07,,TRUE,Styralyl Acetate from PerfumersWorld,Dipropylene Glycol (DPG) from PerfumersWorld,0.1
4GN00418,Styralyl Alcohol from PerfumersWorld,98-85-1,,0.22,,FALSE,,,
4GN00419,Styralyl Propionate from PerfumersWorld,120-45-6,,0.19,,FALSE,,,
6QS18438,STYRAX F-TEC from PerfumersWorld,Mixture (Perfume Base),,0.20,,FALSE,,,
6QS09084,Styrax Fleuressence from PerfumersWorld,Mixture (Perfume Base),,0.62,,FALSE,,,
2QS00421,Styrax Resinoid from PerfumersWorld,8046-19-3,,1.97,,FALSE,,,
5QS09108,Styrax Resinoid 10% in DPG from PerfumersWorld,"8096-19-3|0.1
25265-71-8|0.9",,0.27,,TRUE,Styrax Resinoid from PerfumersWorld,Dipropylene Glycol (DPG) from PerfumersWorld,0.1
3UP14351,Suederal from PerfumersWorld,Mixture,,0.70,,FALSE,,,
7WY09904,Sugandha Kokila Essential Oil from PerfumersWorld,100-52-7,,0.64,,FALSE,,,
4ED00423,Sulfurol from PerfumersWorld,137-00-8,,0.72,,FALSE,,,
5ED08420,Sulfurol 1% in DPG from PerfumersWorld,"137-00-8|0.01
25265-71-8|0.99",,0.14,,TRUE,Sulfurol from PerfumersWorld,Dipropylene Glycol (DPG) from PerfumersWorld,0.01
0ZV01452,Sunflower Oil - Fixed Oil from PerfumersWorld,8001-21-6,,0.07,,FALSE,,,
0ZA01431,Sweet Almond Oil - Fixed Oil from PerfumersWorld,8007-69-0,,0.09,,FALSE,,,
7PS00047,Sweet Basil Essential Oil from PerfumersWorld,8015-73-4,,0.36,,FALSE,,,
6EV18167,SWEET CORN F-TEC from PerfumersWorld,Mixture (Perfume Base),,0.15,,FALSE,,,
6EV10628,Sweet Corn Fleuressence from PerfumersWorld,Mixture (Perfume Base),,0.19,,FALSE,,,
7HS00288,Sweet Marjoram Essential Oil from PerfumersWorld,84082-58-6,,0.81,,FALSE,,,
7CA00339,Sweet Orange Essential Oil from PerfumersWorld,8028-48-6,,0.18,,FALSE,,,
6VV18540,SWEET VANILLA F-TEC from PerfumersWorld,Mixture (Perfume Base),,0.15,,FALSE,,,
6VV09134,Sweet Vanilla Fleuressence from PerfumersWorld,Mixture (Perfume Base),,0.13,,FALSE,,,
6MG18355,SYRINGA F-TEC from PerfumersWorld,Mixture (Perfume Base),,0.15,,FALSE,,,
6MG08411,Syringa Fleuressence from PerfumersWorld,Mixture (Perfume Base),,0.20,,FALSE,,,
6TW11971,T-Tar and Smoke Fleuressence from PerfumersWorld,Mixture (Perfume Base),,0.20,,FALSE,,,
6TW18050,T-TAR SMOKE F-TEC from PerfumersWorld,Mixture (Perfume Base),,0.15,,FALSE,,,
7NH00426,Tagetes Essential Oil from PerfumersWorld,8016-84-0,,3.20,,FALSE,,,
5NH08325,Tagetes Essential Oil 10% in DPG from PerfumersWorld,"8016-84-0|0.1
25265-71-8|0.9",,0.32,,TRUE,Tagetes Essential Oil from PerfumersWorld,Dipropylene Glycol (DPG) from PerfumersWorld,0.1
7CA00857,Tangerine Essential Oil from PerfumersWorld,8008-31-9,,0.22,,FALSE,,,
6RG18421,TEA ROSE F-TEC from PerfumersWorld,Mixture (Perfume Base),,0.15,,FALSE,,,
6RG12419,Tea Rose Fleuressence from PerfumersWorld,Mixture (Perfume Base),,0.22,,FALSE,,,
7HK00427,Tea Tree Oil from PerfumersWorld,85085-48-9,,0.32,,FALSE,,,
3KK05584,Terpineol from PerfumersWorld,8000-41-7,,0.12,,FALSE,,,
3KC00431,Terpinolene from PerfumersWorld,586-62-9,,0.10,,FALSE,,,
3LK00432,Terpinyl Acetate from PerfumersWorld,80-26-2,,0.23,,FALSE,,,
3RL03873,Tetrahydro Geraniol from PerfumersWorld,106-21-8,,0.66,,FALSE,,,
3LM00435,Tetrahydro Muguol from PerfumersWorld,41678-36-8,,0.26,,FALSE,,,
AROMAKIT,AROMAKIT @ US$349.95/set from PerfumersWorld,Not Found,,,,FALSE,,,
PTFTEC26,PTFTEC26 @ US$230.00/set from PerfumersWorld,Not Found,,,,FALSE,,,
BULSAM01,BULSAM01 @ US$149.95/set from PerfumersWorld,Not Found,,,,FALSE,,,
BULSAM02,BULSAM02 @ US$149.95/set from PerfumersWorld,Not Found,,,,FALSE,,,
BULSAM03,BULSAM03 @ US$149.95/set from PerfumersWorld,Not Found,,,,FALSE,,,
BULSAM04,BULSAM04 @ US$149.95/set from PerfumersWorld,Not Found,,,,FALSE,,,
BULSAM05,BULSAM05 @ US$149.95/set from PerfumersWorld,Not Found,,,,FALSE,,,
BULSAM06,BULSAM06 @ US$149.95/set from PerfumersWorld,Not Found,,,,FALSE,,,
BULSAM07,BULSAM07 @ US$149.95/set from PerfumersWorld,Not Found,,,,FALSE,,,
BULSAM08,BULSAM08 @ US$149.95/set from PerfumersWorld,Not Found,,,,FALSE,,,
BULSAM09,BULSAM09 @ US$149.95/set from PerfumersWorld,Not Found,,,,FALSE,,,
BULSAM10,BULSAM10 @ US$149.95/set from PerfumersWorld,Not Found,,,,FALSE,,,
BULSAM11,BULSAM11 @ US$149.95/set from PerfumersWorld,Not Found,,,,FALSE,,,
BULSAM12,BULSAM12 @ US$149.95/set from PerfumersWorld,Not Found,,,,FALSE,,,
BULSAM13,BULSAM13 @ US$149.95/set from PerfumersWorld,Not Found,,,,FALSE,,,
BULSAM14,BULSAM14 @ US$149.95/set from PerfumersWorld,Not Found,,,,FALSE,,,
BULSAM15,BULSAM15 @ US$149.95/set from PerfumersWorld,Not Found,,,,FALSE,,,
BULSAM16,BULSAM16 @ US$149.95/set from PerfumersWorld,Not Found,,,,FALSE,,,
BULSAM17,BULSAM17 @ US$149.95/set from PerfumersWorld,Not Found,,,,FALSE,,,
BULSAM18,BULSAM18 @ US$149.95/set from PerfumersWorld,Not Found,,,,FALSE,,,
BULSAM19,BULSAM19 @ US$149.95/set from PerfumersWorld,Not Found,,,,FALSE,,,
BULSAM20,BULSAM20 @ US$149.95/set from PerfumersWorld,Not Found,,,,FALSE,,,
FORMLB01,FORMLB01 @ US$99.95/issue from PerfumersWorld,Not Found,,,,FALSE,,,
FORMLB02,FORMLB02 @ US$99.95/issue from PerfumersWorld,Not Found,,,,FALSE,,,
FORMLB03,FORMLB03 @ US$99.95/issue from PerfumersWorld,Not Found,,,,FALSE,,,
FORMLB04,FORMLB04 @ US$99.95/issue from PerfumersWorld,Not Found,,,,FALSE,,,
FORMLB05,FORMLB05 @ US$99.95/issue from PerfumersWorld,Not Found,,,,FALSE,,,
FORMLB06,FORMLB06 @ US$99.95/issue from PerfumersWorld,Not Found,,,,FALSE,,,
FORMLB07,FORMLB07 @ US$99.95/issue from PerfumersWorld,Not Found,,,,FALSE,,,
FORMLB08,FORMLB08 @ US$99.95/issue from PerfumersWorld,Not Found,,,,FALSE,,,
FORMLB09,FORMLB09 @ US$99.95/issue from PerfumersWorld,Not Found,,,,FALSE,,,
FORMLB10,FORMLB10 @ US$99.95/issue from PerfumersWorld,Not Found,,,,FALSE,,,
FORMLB11,FORMLB11 @ US$99.95/issue from PerfumersWorld,Not Found,,,,FALSE,,,
FORMLB12,FORMLB12 @ US$99.95/issue from PerfumersWorld,Not Found,,,,FALSE,,,
FORMLB13,FORMLB13 @ US$99.95/issue from PerfumersWorld,Not Found,,,,FALSE,,,
FORMLB14,FORMLB14 @ US$99.95/issue from PerfumersWorld,Not Found,,,,FALSE,,,
FORMLB15,FORMLB15 @ US$99.95/issue from PerfumersWorld,Not Found,,,,FALSE,,,
FORMLB16,FORMLB16 @ US$99.95/issue from PerfumersWorld,Not Found,,,,FALSE,,,
FORMLB17,FORMLB17 @ US$99.95/issue from PerfumersWorld,Not Found,,,,FALSE,,,
FORMLB18,FORMLB18 @ US$99.95/issue from PerfumersWorld,Not Found,,,,FALSE,,,
FORMLB19,FORMLB19 @ US$99.95/issue from PerfumersWorld,Not Found,,,,FALSE,,,
FORMLB20,FORMLB20 @ US$99.95/issue from PerfumersWorld,Not Found,,,,FALSE,,,
PWSTUDIO,PWSTUDIO @ US$200.00/person/day from PerfumersWorld,Not Found,,,,FALSE,,,
TPW11111,TPW11111 @ US$0.00/unlimited from PerfumersWorld,Not Found,,,,FALSE,,,
TPW00031,TPW00031 @ US$15.00/month from PerfumersWorld,Not Found,,,,FALSE,,,
TPW00008,TPW00008 @ US$5.00/week from PerfumersWorld,Not Found,,,,FALSE,,,
TPW00366,TPW00366 @ US$100.00/year from PerfumersWorld,Not Found,,,,FALSE,,,
WKBKFREE,WKBKFREE @ US$0.00/user from PerfumersWorld,Not Found,,,,FALSE,,,
WKBKPRO9,WKBKPRO9 @ US$5000.00/user from PerfumersWorld,Not Found,,,,FALSE,,,
WKBKSTUP,WKBKSTUP @ US$1.00/rows from PerfumersWorld,Not Found,,,,FALSE,,,
WKBKREG2,WKBKREG2 @ US$159.00/user from PerfumersWorld,Not Found,,,,FALSE,,,
PTKITK26,PTKITK26 @ US$229.95/set from PerfumersWorld,Not Found,,,,FALSE,,,
PROACCYR,PROACCYR @ US$1000.00/year from PerfumersWorld,Not Found,,,,FALSE,,,
RMKIT161,RMKIT161 @ US$873.59/set from PerfumersWorld,Not Found,,,,FALSE,,,
6QZ21000,Thixener X 300 from PerfumersWorld,Mixture (Perfume Base),,0.20,,FALSE,,,
6PP18420,THYME F-TEC from PerfumersWorld,Mixture (Perfume Base),,0.22,,FALSE,,,
6PP12412,Thyme Fleuressence from PerfumersWorld,Mixture (Perfume Base),,0.20,,FALSE,,,
1PS00442,Thymol from PerfumersWorld,89-83-8,,0.27,,FALSE,,,
5PS09241,Thymol 10% in DPG from PerfumersWorld,"89-83-8|0.1
25265-71-8|0.9",,0.10,,TRUE,Thymol from PerfumersWorld,Dipropylene Glycol (DPG) from PerfumersWorld,0.1
3WW07134,Timberol from PerfumersWorld,70788-30-6,,1.06,,FALSE,,,
8TH08212,Tobacco Absolute from PerfumersWorld,8037-19-2,,12.80,,FALSE,,,
5TH13846,Tobacco Absolute 10% in DPG from PerfumersWorld,"8037-19-2|0.1
25265-71-8|0.9",,1.33,,TRUE,Tobacco Absolute from PerfumersWorld,Dipropylene Glycol (DPG) from PerfumersWorld,0.1
6TW18445,TOBACCO F-TEC from PerfumersWorld,Mixture (Perfume Base),,0.37,,FALSE,,,
6TW08328,Tobacco Fleuressence from PerfumersWorld,Mixture (Perfume Base),,0.28,,FALSE,,,
8QV18357,Tolu Balsam Absolute (Solid) from PerfumersWorld,8016-26-0,,3.00,,FALSE,,,
2QV00443,Tolu Balsam Resinoid from PerfumersWorld,8016-26-0,,1.27,,FALSE,,,
5QV12477,Tolu Balsam Resinoid (50% in BB) from PerfumersWorld,"8016-26-0|0.5
120-51-4|0.5",,0.82,,TRUE,Tolu Balsam Resinoid ( from PerfumersWorld,Benzyl Benzoate (BB) from PerfumersWorld,0.5
5QV10949,Tolu Balsam Resinoid 10% in DPG from PerfumersWorld,"9000-64-0|0.1
25265-71-8|0.9",,0.22,,TRUE,Tolu Balsam Resinoid from PerfumersWorld,Dipropylene Glycol (DPG) from PerfumersWorld,0.1
5QV09976,Tolu Balsam Resinoid 50% in DPG from PerfumersWorld,"8016-26-0|0.5
25265-71-8|0.5",,0.82,,TRUE,Tolu Balsam Resinoid from PerfumersWorld,Dipropylene Glycol (DPG) from PerfumersWorld,0.5
8GE14861,Tomato Leaf Natural from PerfumersWorld,90131-63-8,,1.99,,FALSE,,,
5GE14870,Tomato Leaf Natural 10% in DPG from PerfumersWorld,"90131-63-8|0.1
25265-71-8|0.9",,0.35,,TRUE,Tomato Leaf Natural from PerfumersWorld,Dipropylene Glycol (DPG) from PerfumersWorld,0.1
1XA00444,Tonalide from PerfumersWorld,1506-02-1,,0.22,,FALSE,,,
5XA09242,Tonalide 10% in DPG from PerfumersWorld,"1506-02-1|0.1
25265-71-8|0.9",,0.05,,TRUE,Tonalide from PerfumersWorld,Dipropylene Glycol (DPG) from PerfumersWorld,0.1
5VN07564,Tonka Bean Absolute 10% in DPG from PerfumersWorld,"8046-22-8|0.1
25265-71-8|0.9",,1.01,,TRUE,Tonka Bean Absolute from PerfumersWorld,Dipropylene Glycol (DPG) from PerfumersWorld,0.1
2QV23715,Tonkarome from PerfumersWorld,Mixture,,0.25,,FALSE,,,
4SP12754,Toscanol from PerfumersWorld,16510-27-3,,1.15,,FALSE,,,
5GH07673,Trans-2-cis-6-nonadienoal 1% in DPG from PerfumersWorld,"557-48-2|0.01
25265-71-8|0.99",,0.20,,TRUE,Trans-2-cis-6-nonadienoal from PerfumersWorld,Dipropylene Glycol (DPG) from PerfumersWorld,0.01
8YT00576,Treemoss Absolute from PerfumersWorld,9000-50-4,,5.45,,FALSE,,,
5YT08337,Treemoss Absolute 10% in DEP from PerfumersWorld,"9000-50-4|0.1
84-66-2|0.9",,0.58,,TRUE,Treemoss Absolute from PerfumersWorld,Diethyl Phthalate (DEP) from PerfumersWorld,0.1
5YT08604,Treemoss Absolute 10% in DPG from PerfumersWorld,"9000-50-4|0.1
25265-71-8|0.9",,0.58,,TRUE,Treemoss Absolute from PerfumersWorld,Dipropylene Glycol (DPG) from PerfumersWorld,0.1
0ZC00449,Triethyl Citrate (TEC) from PerfumersWorld,77-93-0,,0.05,,FALSE,,,
4GH00450,Triplal from PerfumersWorld,68039-49-6,,0.24,,FALSE,,,
5GH07509,Triplal 10% in DPG from PerfumersWorld,"68039-49-6|0.1
25265-71-8|0.9",,0.06,,TRUE,Triplal from PerfumersWorld,Dipropylene Glycol (DPG) from PerfumersWorld,0.1
6NM19144,TRUE LILY F-TEC from PerfumersWorld,Mixture (Perfume Base),,0.15,,FALSE,,,
TRU06028,Truffle Concentrate from PerfumersWorld,Not Found,,5.02,,FALSE,,,
TRU06029,Truffle Factor from PerfumersWorld,Not Found,,0.52,,FALSE,,,
6ND09663,Tuberalia Base from PerfumersWorld,Mixture (Perfume Base),,0.36,,FALSE,,,
8ND00451,Tuberose Absolute from PerfumersWorld,94334-35-7,,33.60,,FALSE,,,
5ND09243,Tuberose Absolute 10% in DPG from PerfumersWorld,"8024-05-3|0.1
25265-71-8|0.9",,3.40,,TRUE,Tuberose Absolute from PerfumersWorld,Dipropylene Glycol (DPG) from PerfumersWorld,0.1
5ND19125,Tuberose Absolute 10% in TEC from PerfumersWorld,"8024-05-3|0.1
77-93-0|0.9",,3.50,,TRUE,Tuberose Absolute from PerfumersWorld,Triethyl Citrate (TEC) from PerfumersWorld,0.1
6ND18755,TUBEROSE F-TEC from PerfumersWorld,Mixture (Perfume Base),,0.18,,FALSE,,,
6ND09418,Tuberose Fleuressence from PerfumersWorld,Mixture (Perfume Base),,0.21,,FALSE,,,
6RR07706,Turkish Rose Blossoms from PerfumersWorld,Mixture (Perfume Base),,0.42,,FALSE,,,
7SW08751,Turmeric Essential Oil from PerfumersWorld,8024-37-1,,0.49,,FALSE,,,
7KQ00453,Turpentine Oil from PerfumersWorld,8006-64-2,,0.10,,FALSE,,,
6UU18051,U-ANIMAL F-TEC from PerfumersWorld,Mixture (Perfume Base),,0.24,,FALSE,,,
6UU12452,U-Animal Fleuressence from PerfumersWorld,Mixture (Perfume Base),,0.25,,FALSE,,,
ULT06030,Ultra-Feminine Concentrate from PerfumersWorld,Not Found,,5.02,,FALSE,,,
ULT06031,Ultra-Feminine Factor from PerfumersWorld,Not Found,,0.52,,FALSE,,,
6II13551,Ultralia from PerfumersWorld,Mixture (Perfume Base),,0.30,,FALSE,,,
4IG07330,Undecavertol from PerfumersWorld,81782-77-6,,0.25,,FALSE,,,
UNI06026,Unisex Concentrate from PerfumersWorld,Not Found,,5.02,,FALSE,,,
UNI06027,Unisex Factor from PerfumersWorld,Not Found,,0.52,,FALSE,,,
6VW18054,V-VANILLA F-TEC from PerfumersWorld,Mixture (Perfume Base),,0.15,,FALSE,,,
6VW10849,V-Vanilla Fleuressence from PerfumersWorld,Mixture (Perfume Base),,0.20,,FALSE,,,
5FD11577,Valeraldehyde Iso 1% in DPG from PerfumersWorld,"590-86-3|0.01
25265-71-8|0.99",,0.27,,TRUE,Valeraldehyde Iso from PerfumersWorld,Dipropylene Glycol (DPG) from PerfumersWorld,0.01
5FD19193,Valeraldehyde Iso 1% in TEC from PerfumersWorld,"590-86-3|0.01
77-93-0|0.99",,0.27,,TRUE,Valeraldehyde Iso from PerfumersWorld,Triethyl Citrate (TEC) from PerfumersWorld,0.01
8VW08619,Vanilla Absolute from PerfumersWorld,8024-06-4,,45.00,,FALSE,,,
5VW09926,Vanilla Absolute 10% in DPG from PerfumersWorld,"8024-06-4|0.1
25265-71-8|0.9",,4.95,,TRUE,Vanilla Absolute from PerfumersWorld,Dipropylene Glycol (DPG) from PerfumersWorld,0.1
5VW08955,Vanilla Absolute 5% in DPG from PerfumersWorld,"8024-06-4|0.05
25265-71-8|0.95",,2.55,,TRUE,Vanilla Absolute from PerfumersWorld,Dipropylene Glycol (DPG) from PerfumersWorld,0.05
1VW00456,Vanillin from PerfumersWorld,121-33-5,,0.19,,FALSE,,,
5VW07530,Vanillin 10% in DPG from PerfumersWorld,"121-33-5|0.1
25265-71-8|0.9",,0.04,,TRUE,Vanillin from PerfumersWorld,Dipropylene Glycol (DPG) from PerfumersWorld,0.1
3LH00459,Veloutone from PerfumersWorld,65443-14-3,,0.51,,FALSE,,,
4XU11429,Velvione from PerfumersWorld,37609-25-9,,1.57,,FALSE,,,
7CH17055,Verbena Oil from PerfumersWorld,8024-12-2,,2.82,,FALSE,,,
4NM04579,Verdantiol from PerfumersWorld,91-51-0,,0.38,,FALSE,,,
3FG00463,Verdox from PerfumersWorld,88-41-5,,0.18,,FALSE,,,
3LJ01926,Verdyl Acetate from PerfumersWorld,2500-83-6,,0.08,,FALSE,,,
3LN08954,Verdyl Propionate from PerfumersWorld,17511-60-3,,0.18,,FALSE,,,
3LW00464,Vertenex from PerfumersWorld,32210-23-4,,0.09,,FALSE,,,
3WY00465,Vertofix Couer from PerfumersWorld,32388-55-9,,0.22,,FALSE,,,
4WL15944,Vetival from PerfumersWorld,4927-39-3,,0.60,,FALSE,,,
7WY00466,Vetiver Essential Oil from PerfumersWorld,8016-96-4,,1.55,,FALSE,,,
6WY18702,VETIVER F-TEC from PerfumersWorld,Mixture (Perfume Base),,0.45,,FALSE,,,
6WY09425,Vetivert Fleuressence from PerfumersWorld,Mixture (Perfume Base),,0.54,,FALSE,,,
3WY00468,Vetiveryl Acetate from PerfumersWorld,62563-80-8,,2.72,,FALSE,,,
6IG18244,VIOLET F-TEC from PerfumersWorld,Mixture (Perfume Base),,0.28,,FALSE,,,
6IG08436,Violet Fleuressence from PerfumersWorld,Mixture (Perfume Base),,0.15,,FALSE,,,
8IG00469,Violet Leaf Absolute from PerfumersWorld,90147-36-7,,14.00,,FALSE,,,
5IG07712,Violet Leaf Absolute 10% in DPG from PerfumersWorld,"8024-08-6|0.1
25265-71-8|0.9",,1.50,,TRUE,Violet Leaf Absolute from PerfumersWorld,Dipropylene Glycol (DPG) from PerfumersWorld,0.1
0ZV01460,Virgin Coconut Oil - Fixed Oil from PerfumersWorld,8001-31-8,,0.08,,FALSE,,,
0ZA07519,Vitamin E Acetate - Fixed Oil from PerfumersWorld,58-95-7,,0.23,,FALSE,,,
6WY18078,W-WOOD F-TEC from PerfumersWorld,Mixture (Perfume Base),,0.15,,FALSE,,,
6WY10132,W-Wood Fleuressence from PerfumersWorld,Mixture (Perfume Base),,0.20,,FALSE,,,
6RM21857,Wardia BM from PerfumersWorld,Mixture (Perfume Base),,0.45,,FALSE,,,
0ZZ07723,White Mineral Oil - Fixed Oil from PerfumersWorld,110-27-0,,0.08,,FALSE,,,
6XV18882,WHITE MUSK F-TEC from PerfumersWorld,Mixture (Perfume Base),,0.18,,FALSE,,,
6XV09757,White Musk Fleuressence from PerfumersWorld,Mixture (Perfume Base),,0.20,,FALSE,,,
6WY18600,WHITE OAK F-TEC from PerfumersWorld,Mixture (Perfume Base),,0.15,,FALSE,,,
6WY11945,White Oak Fleuressence from PerfumersWorld,Mixture (Perfume Base),,0.17,,FALSE,,,
7PS00441,White Thyme Essential Oil from PerfumersWorld,8007-46-3,,0.59,,FALSE,,,
5PS09240,White Thyme Essential Oil 10% in DPG from PerfumersWorld,"8007-46-3|0.1
25265-71-8|0.9",,0.09,,TRUE,White Thyme Essential Oil from PerfumersWorld,Dipropylene Glycol (DPG) from PerfumersWorld,0.1
7OP00947,Wintergreen Essential Oil from PerfumersWorld,68917-75-9,,0.60,,FALSE,,,
6TW18844,WOOD SMOKE F-TEC from PerfumersWorld,Mixture (Perfume Base),,0.24,,FALSE,,,
6TW09087,Wood Smoke Fleuressence from PerfumersWorld,Mixture (Perfume Base),,0.79,,FALSE,,,
6XU18055,X-MUSK F-TEC from PerfumersWorld,Mixture (Perfume Base),,0.15,,FALSE,,,
6XU09440,X-Musk Fleuressence from PerfumersWorld,Mixture (Perfume Base),,0.21,,FALSE,,,
6YH18062,Y-MOSSY F-TEC from PerfumersWorld,Mixture (Perfume Base),,0.24,,FALSE,,,
6YH12453,Y-Mossy Fleuressence from PerfumersWorld,Mixture (Perfume Base),,0.37,,FALSE,,,
7NJ23636,Ylang Comoros Complete Essential Oil F3255 from PerfumersWorld,8006-81-3,,0.70,,FALSE,,,
7NJ23639,Ylang Comoros Extra Essential Oil F3350 from PerfumersWorld,8006-81-3,,1.20,,FALSE,,,
7NJ23638,Ylang Comoros I essential oil F3330 from PerfumersWorld,8006-81-3,,1.00,,FALSE,,,
7NJ23637,Ylang Comoros II essential oil F3315 from PerfumersWorld,8006-81-3,,0.90,,FALSE,,,
7NJ17821,Ylang Comoros III essential oil F3295 from PerfumersWorld,8006-81-3,,0.60,,FALSE,,,
6NJ18527,YLANG F-TEC from PerfumersWorld,Mixture (Perfume Base),,0.30,,FALSE,,,
7NJ23635,Ylang Madagascar Complete ORGANIC Ess. oil N1450 from PerfumersWorld,8006-81-3,,0.90,,FALSE,,,
7NJ00472,Ylang Ylang Essential Oil from PerfumersWorld,8006-81-3,,0.90,,FALSE,,,
7NJ07496,Ylang Ylang Essential Oil Extra from PerfumersWorld,8006-81-3,,1.18,,FALSE,,,
6NJ09074,Ylang Ylang Fleuressence from PerfumersWorld,Mixture (Perfume Base),,0.30,,FALSE,,,
6ZZ00449,Z-ZOLVENT F-TEC from PerfumersWorld,Mixture (Perfume Base),,0.06,,FALSE,,,
6ZZ00501,Z-Zolvent Fleuressence from PerfumersWorld,Mixture (Perfume Base),,0.06,,FALSE,,,
5WU21414,Z11 HD 8.5 from PerfumersWorld,57345-19-4,,2.00,,FALSE,,,
3XA22378,Zenolide from PerfumersWorld,54982-83-1,,0.22,,FALSE,,,
