Status,Cleaned_Name,WIP_CAS,PubChem_CID,PubChem_Title,PubChem_CAS_All,PubChem_Synonyms_Top10,Audit_Notes,Original_Name,Supplier_CAS_Map,Product_URL
WIP_DISCREPANCY,Ocimene,13877-91-3,6434062,Ocimene,29714-87-2,"EINECS 249-805-0|29714-87-2|2,6-Dimethyloctane, hexadehydro derivative|11LWZ8H108|ocimenes|OCIMENE [MI]|RefChem:855387|CHEBI:87751|OCIMENE|Octatriene, dimethyl-",WIP CAS 13877-91-3 not in PubChem ['29714-87-2']; Supplier PerfumersWorld CAS 13877-91-3 error; Supplier MySkinRecipes CAS 13877-91-3 error; Supplier SimpleScentsDIY CAS 13877-91-3 error,Ocimene from PerfumersWorld,"{'PerfumersWorld': '13877-91-3', 'MySkinRecipes': '13877-91-3', 'SimpleScentsDIY': '13877-91-3'}",https://www.perfumersworld.com/view.php?pro_id=3QC00330
WIP_VERIFIED,Polysantol,107898-54-4,15984303,"4-Penten-2-ol, 3,3-dimethyl-5-(2,2,3-trimethyl-3-cyclopenten-1-yl)-",107898-54-4|244626-73-1,"107898-54-4|(E)-3,3-dimethyl-5-(2,2,3-trimethylcyclopent-3-en-1-yl)pent-4-en-2-ol|4-Penten-2-ol, 3,3-dimethyl-5-(2,2,3-trimethyl-3-cyclopenten-1-yl)-|EC 411-580-3|(+/-) trans-3,3-dimethyl-5-(2,2,3-trimethyl-cyclopent-3-en-1-yl)pent-4-en-2-ol|244626-73-1|SCHEMBL238074|QZFSNJAQFWEXEA-MDZDMXLPSA-N|DTXSID401021085|MFCD16038640",,Polysantol from PerfumersWorld,"{'PerfumersWorld': '107898-54-4', 'MySkinRecipes': '107898-54-4', 'SimpleScentsDIY': '107898-54-4'}",https://www.perfumersworld.com/view.php?pro_id=3WM16912
WIP_VERIFIED,Allyl Amyl Glycolate,67634-00-8,106729,Allyl amyl glycolate,67634-00-8,"Allyl (3-methylbutoxy)acetate|67634-00-8|Allyl 2-(isopentyloxy)acetate|Glycolic acid 2-pentyloxy allyl ester|Isoamyloxyacetic acid, allyl ester|Acetic acid, (3-methylbutoxy)-, 2-propenyl ester|EINECS 266-803-5|EMX89K493E|DTXSID9025580|Acetic acid, 2-(3-methylbutoxy)-, 2-propen-1-yl ester",,Allyl Amyl Glycolate from PerfumersWorld,"{'PerfumersWorld': '67634-00-8', 'MySkinRecipes': '67634-00-8', 'SimpleScentsDIY': '67634-00-8'}",https://www.perfumersworld.com/view.php?pro_id=4FG00029
WIP_VERIFIED,Ethyl Linalool,10339-55-6,6433547,Ethyl linalool,10339-55-6|92590-71-1,"Ethyl linalool|10339-55-6|3,7-Dimethyl-1,6-nonadien-3-ol|1,6-NONADIEN-3-OL, 3,7-DIMETHYL-|EINECS 233-732-6|DTXSID9047415|AI3-35814|SF2JS9GF5T|DTXCID7027415|EC 233-732-6",,Ethyl Linalool from PerfumersWorld,"{'PerfumersWorld': '10339-55-6', 'MySkinRecipes': '10339-55-6', 'SimpleScentsDIY': '10339-55-6'}",https://www.perfumersworld.com/view.php?pro_id=4LL11499
SUPPLIER_MISMATCH,Bourgeonal,18127-01-0,64832,Bourgeonal,18127-01-0,"3-(4-tert-butylphenyl)propanal|Bourgeonal|18127-01-0|Benzenepropanal, 4-(1,1-dimethylethyl)-|DTXSID6044808|H3XVS6E70V|DTXCID4024808|RefChem:121158|242-016-2|3-(4-(tert-Butyl)phenyl)propanal",Supplier SimpleScentsDIY CAS 110-41-8 error,Bourgeonal from PerfumersWorld,"{'PerfumersWorld': '18127-01-0', 'MySkinRecipes': '18127-01-0', 'SimpleScentsDIY': '110-41-8'}",https://www.perfumersworld.com/view.php?pro_id=4MA00067
WIP_VERIFIED,Isopropyl Myristate,110-27-0,8042,Isopropyl Myristate,110-27-0,"ISOPROPYL MYRISTATE|110-27-0|Isopropyl tetradecanoate|Isomyst|Bisomel|Estergel|Tetradecanoic acid, 1-methylethyl ester|Deltyl Extra|propan-2-yl tetradecanoate|Kesscomir",,Isopropyl Myristate (IPM) from PerfumersWorld,"{'PerfumersWorld': '110-27-0', 'MySkinRecipes': '110-27-0'}",https://www.perfumersworld.com/view.php?pro_id=0ZZ00239
WIP_VERIFIED,Borneol,507-70-0,64685,Borneol,507-70-0|124-76-5|10385-78-1,"Borneol|507-70-0|2-borneol|Bingpian|Bornyl alcohol|Hechenglongnao|Camphol|Endo-2-camphanol|Borneol, dl-|Borneolum syntheticum",,Borneol from PerfumersWorld,"{'PerfumersWorld': '507-70-0', 'MySkinRecipes': '507-70-0'}",https://www.perfumersworld.com/view.php?pro_id=1BW00064
WIP_VERIFIED,Acetophenone,98-86-2,7410,Acetophenone,98-86-2,"ACETOPHENONE|98-86-2|1-Phenylethanone|Phenyl methyl ketone|Methyl phenyl ketone|Acetylbenzene|Hypnone|Ethanone, 1-phenyl-|Benzoyl methide|1-phenylethan-1-one",,Acetophenone from PerfumersWorld,"{'PerfumersWorld': '98-86-2', 'MySkinRecipes': '98-86-2'}",https://www.perfumersworld.com/view.php?pro_id=1NP00009
WIP_VERIFIED,Thymol,89-83-8,6989,Thymol,89-83-8,THYMOL|89-83-8|2-Isopropyl-5-methylphenol|5-Methyl-2-(1-methylethyl)phenol|Thyme camphor|5-Methyl-2-isopropylphenol|6-Isopropyl-m-cresol|3-p-Cymenol|m-Thymol|p-Cymen-3-ol,,Thymol from PerfumersWorld,"{'PerfumersWorld': '89-83-8', 'MySkinRecipes': '89-83-8'}",https://www.perfumersworld.com/view.php?pro_id=1PS00442
WIP_VERIFIED,Benzophenone,119-61-9,3102,Benzophenone,119-61-9,"BENZOPHENONE|119-61-9|diphenylmethanone|Diphenyl ketone|Benzoylbenzene|Methanone, diphenyl-|Phenyl ketone|alpha-Oxoditane|Ketone, diphenyl|Diphenylketone",,Benzophenone from PerfumersWorld,"{'PerfumersWorld': '119-61-9', 'MySkinRecipes': '119-61-9'}",https://www.perfumersworld.com/view.php?pro_id=1RP00051
WIP_VERIFIED,Benzyl Isoeugenol,120-11-6,61046,Benzyl isoeugenol,120-11-6,"120-11-6|Benzyl isoeugenol|RefChem:1079476|Benzene, 2-methoxy-1-(phenylmethoxy)-4-(1-propenyl)-|1-Benzyloxy-2-methoxy-4-(1-propenyl)benzene|MFCD00026985|2-methoxy-1-phenylmethoxy-4-prop-1-enylbenzene|1-(Benzyloxy)-2-methoxy-4-(1-propenyl)benzene|1-benzyloxy-2-methoxy-4-prop-1-enyl-benzene|SCHEMBL873590",,Benzyl Isoeugenol from PerfumersWorld,"{'PerfumersWorld': '120-11-6', 'MySkinRecipes': '120-11-6'}",https://www.perfumersworld.com/view.php?pro_id=1SP00058
WIP_VERIFIED,Maltol,118-71-8,8369,Maltol,118-71-8,MALTOL|118-71-8|3-Hydroxy-2-methyl-4-pyrone|3-Hydroxy-2-methyl-4H-pyran-4-one|Larixinic acid|Palatone|Larixic acid|Talmon|Vetol|Veltol,,Maltol from PerfumersWorld,"{'PerfumersWorld': '118-71-8', 'MySkinRecipes': '118-71-8'}",https://www.perfumersworld.com/view.php?pro_id=1VE00283
WIP_VERIFIED,Vanillin,121-33-5,1183,Vanillin,121-33-5,vanillin|4-Hydroxy-3-methoxybenzaldehyde|121-33-5|Vanillic aldehyde|Vanillaldehyde|p-Vanillin|Vanilline|Lioxin|3-Methoxy-4-hydroxybenzaldehyde|4-Hydroxy-3-methoxy-benzaldehyde,,Vanillin from PerfumersWorld,"{'PerfumersWorld': '121-33-5', 'MySkinRecipes': '121-33-5'}",https://www.perfumersworld.com/view.php?pro_id=1VW00456
WIP_VERIFIED,Cedrol,77-53-2,65575,Cedrol,77-53-2,Cedrol|alpha-Cedrol|8betaH-Cedran-8-ol|cedar camphor|a-Cedrol|(8R)-cedran-8-ol|8-betaH-Cedran-8-ol|CYPRESS CAMPHOR|63ZM9703BO|NSC-403883,,Cedrol from PerfumersWorld,"{'PerfumersWorld': '77-53-2', 'MySkinRecipes': '77-53-2'}",https://www.perfumersworld.com/view.php?pro_id=1WW01281
WIP_VERIFIED,Tonalide,21145-77-7,89440,Tonalide,21145-77-7|1506-02-1,Tonalide|21145-77-7|Tonalid|Tetralide|AHTN|Tentarome|Musk tonalid|AHMT (perfume)|DTXSID7041544|360Q8Z01IP,,Tonalide from PerfumersWorld,"{'PerfumersWorld': '1506-02-1', 'MySkinRecipes': ''}",https://www.perfumersworld.com/view.php?pro_id=1XA00444
WIP_VERIFIED,Musk Ketone,81-14-1,6669,Musk ketone,81-14-1,"MUSK KETONE|81-14-1|4'-tert-Butyl-2',6'-dimethyl-3',5'-dinitroacetophenone|2-Acetyl-5-tert-butyl-4,6-dinitroxylene|DTXSID6025690|Acetophenone, 4'-tert-butyl-2',6'-dimethyl-3',5'-dinitro-|3,5-Dinitro-2,6-dimethyl-4-tert-butylacetophenone|4-tert-Butyl-3,5-dinitro-2,6-dimethylacetophenone|2,6-Dinitro-3,5-dimethyl-4-acetyl-tert-butylbenzene|2,6-Dimethyl-3,5-dinitro-4-t-butylacetophenone",,Musk Ketone from PerfumersWorld,"{'PerfumersWorld': '81-14-1', 'MySkinRecipes': '81-14-1'}",https://www.perfumersworld.com/view.php?pro_id=1XU00308
WIP_VERIFIED,Celestolide,13171-00-1,61585,Celestolide,13171-00-1,"CELESTOLIDE|13171-00-1|4-Acetyl-6-tert-butyl-1,1-dimethylindane|FEMA No. 3653|Ethanone, 1-[6-(1,1-dimethylethyl)-2,3-dihydro-1,1-dimethyl-1H-inden-4-yl]-|acetyl tert-butyl dimethylindan|4-Acetyl-6-butyl-1,1-dimethylindane|DTXSID9044536|6-tert-Butyl-1,1-dimethyl-4-indanyl methyl ketone|Ketone, 6-tert-butyl-1,1-dimethyl-4-indanyl methyl",,Celestolide from PerfumersWorld,"{'PerfumersWorld': '13171-00-1', 'MySkinRecipes': '13171-00-1'}",https://www.perfumersworld.com/view.php?pro_id=1XY00101
WIP_VERIFIED,Evernyl,4707-47-5,78435,Atraric Acid,4707-47-5,"4707-47-5|Methyl 2,4-dihydroxy-3,6-dimethylbenzoate|Atraric acid|Methyl 3-methylorsellinate|Evernyl|Methyl beta-orcinolcarboxylate|Benzoic acid, 2,4-dihydroxy-3,6-dimethyl-, methyl ester|EVERNIATE|12YH9T04QE|DTXSID9041653",,Evernyl from PerfumersWorld,"{'PerfumersWorld': '4707-47-5', 'MySkinRecipes': '4707-47-5'}",https://www.perfumersworld.com/view.php?pro_id=1YP00185
DATA_GAP,Hercolyn D,8050-15-5,,,,,,Hercolyn D from PerfumersWorld,"{'PerfumersWorld': '8050-15-5', 'MySkinRecipes': '8050-15-5'}",https://www.perfumersworld.com/view.php?pro_id=2QZ00223
WIP_VERIFIED,Diphenyl Oxide,101-84-8,7583,Diphenyl Ether,32576-61-7|101-84-8,"DIPHENYL ETHER|Diphenyl oxide|101-84-8|Phenoxybenzene|Phenyl ether|Benzene, 1,1'-oxybis-|Diphenylether|Oxybisbenzene|Phenyl oxide|Biphenyl oxide",,Diphenyl Oxide from PerfumersWorld,"{'PerfumersWorld': '101-84-8', 'MySkinRecipes': '101-84-8'}",https://www.perfumersworld.com/view.php?pro_id=2RB00163
WIP_VERIFIED,Methyl Cinnamate,103-26-4,637520,Methyl Cinnamate,1754-62-7|103-26-4,"Methyl cinnamate|103-26-4|Cinnamic acid methyl ester|Methyl (E)-3-phenylprop-2-enoate|Methyl cinnamylate|FEMA No. 2698|CINNAMIC ACID, METHYL ESTER|SemaSORB 9815|533CV2ZCQL|NSC-9411",,Methyl Cinnamate from PerfumersWorld,"{'PerfumersWorld': '103-26-4', 'MySkinRecipes': '103-26-4'}",https://www.perfumersworld.com/view.php?pro_id=2SC00297
WIP_VERIFIED,Cedryl Acetate,77-54-3,13918856,Cedryl Acetate,77-54-3|61789-42-2,"Cedryl acetate|77-54-3|Cedrol acetate|Cedrol, acetate|0WS0WJ9WNV|Acetic acid, cedrol ester|8beta-H-Cedran-8-ol acetate|DTXSID4047204|8.beta.H-Cedran-8-ol, acetate|EINECS 201-036-1",,Cedryl Acetate from PerfumersWorld,"{'PerfumersWorld': '77-54-3', 'MySkinRecipes': '77-54-3'}",https://www.perfumersworld.com/view.php?pro_id=2WW00099
SUPPLIER_MISMATCH,Camphene,79-92-5,6616,Camphene,79-92-5,"CAMPHENE|79-92-5|Comphene|DL-Camphene|2,2-Dimethyl-3-methylenenorbornane|2,2-dimethyl-3-methylidenebicyclo[2.2.1]heptane|2,2-Dimethyl-3-methylenebicyclo[2.2.1]heptane|3,3-Dimethyl-2-methylenenorbornane|3,3-Dimethyl-2-methylenenorcamphane|FEMA No. 2229",Supplier PerfumersWorld CAS 5794-03-6 error,Camphene from PerfumersWorld,"{'PerfumersWorld': '5794-03-6', 'MySkinRecipes': '79-92-5'}",https://www.perfumersworld.com/view.php?pro_id=3BH00078
WIP_VERIFIED,Eucalyptol,470-82-6,2758,"1,8-Cineole",470-82-6|8024-53-1,"Eucalyptol|cineole|1,8-Cineole|470-82-6|1,8-Cineol|Cajeputol|Eucalyptole|Eucapur|p-Cineole|1,8-Epoxy-p-menthane",,Eucalyptol from PerfumersWorld,"{'PerfumersWorld': '470-82-6', 'MySkinRecipes': '470-82-6'}",https://www.perfumersworld.com/view.php?pro_id=3BH00181
WIP_VERIFIED,Citrathal,7492-66-2,5365794,Citral diethyl acetal,7492-66-2|89553-30-0,"1,1-Diethoxy-3,7-dimethylocta-2,6-diene|CITRAL DIETHYL ACETAL|7492-66-2|citral diethylacetal|3,7-Dimethyl-2,6-octadienal diethyl acetal|2,6-Octadiene, 1,1-diethoxy-3,7-dimethyl-|FEMA No. 2304|CCRIS 4600|EINECS 231-323-7|2,6-Octadienal, 3,7-dimethyl-, diethyl acetal",,Citrathal from PerfumersWorld,"{'PerfumersWorld': '7492-66-2', 'MySkinRecipes': '7492-66-2'}",https://www.perfumersworld.com/view.php?pro_id=3CC00112
WIP_VERIFIED,Dimetol,13254-34-7,83268,"2,6-Dimethyl-2-heptanol",13254-34-7,"2,6-Dimethyl-2-heptanol|2,6-Dimethylheptan-2-ol|13254-34-7|2-Heptanol, 2,6-dimethyl-|Dimetol|Freesiol|Lolitol|DTXSID6041424|DTXCID4021424|991142090Z",,Dimetol from PerfumersWorld,"{'PerfumersWorld': '13254-34-7', 'MySkinRecipes': '13254-34-7'}",https://www.perfumersworld.com/view.php?pro_id=3CK07504
WIP_VERIFIED,Myrcene,123-35-3,31253,Myrcene,123-35-3,"MYRCENE|123-35-3|beta-Myrcene|7-Methyl-3-methylene-1,6-octadiene|1,6-Octadiene, 7-methyl-3-methylene-|7-methyl-3-methylideneocta-1,6-diene|beta-geraniolene|3-Methylene-7-methyl-1,6-octadiene|FEMA No. 2762|NSC-406264",,Myrcene from PerfumersWorld,"{'PerfumersWorld': '123-35-3', 'MySkinRecipes': '123-35-3'}",https://www.perfumersworld.com/view.php?pro_id=3CQ00313
WIP_VERIFIED,Nerol,106-25-2,643820,Nerol,624-15-7|106-25-2,"nerol|106-25-2|Neryl alcohol|cis-Geraniol|(Z)-3,7-dimethylocta-2,6-dien-1-ol|(Z)-Geraniol|(2Z)-3,7-dimethylocta-2,6-dien-1-ol|cis-3,7-Dimethyl-2,6-octadien-1-ol|(Z)-Nerol|2,6-Octadien-1-ol, 3,7-dimethyl-, (2Z)-",,Nerol from PerfumersWorld,"{'PerfumersWorld': '106-25-2', 'MySkinRecipes': '106-25-2'}",https://www.perfumersworld.com/view.php?pro_id=3CR00317
WIP_VERIFIED,Ethyl Butyrate,105-54-4,7762,Ethyl butyrate,105-54-4,"ETHYL BUTYRATE|Ethyl butanoate|105-54-4|Butyric acid ethyl ester|Ethyl n-butyrate|Butanoic acid, ethyl ester|Ethyl n-butanoate|Butyric ether|Butanoic acid ethyl ester|Butyric ester",,Ethyl Butyrate from PerfumersWorld,"{'PerfumersWorld': '105-54-4', 'MySkinRecipes': '105-54-4'}",https://www.perfumersworld.com/view.php?pro_id=3FD00174
WIP_VERIFIED,Isoamyl Butyrate,106-27-4,7795,Isoamyl butyrate,106-27-4,"Isoamyl butyrate|Isopentyl butyrate|106-27-4|3-Methylbutyl butanoate|Butanoic acid, 3-methylbutyl ester|ISOPENTYL BUTANOATE|Isoamyl butanoate|3-Methylbutyl butyrate|Butyric acid, isopentyl ester|Isoamyl-n-butyrate",,Isoamyl Butyrate from PerfumersWorld,"{'PerfumersWorld': '106-27-4', 'MySkinRecipes': '106-27-4'}",https://www.perfumersworld.com/view.php?pro_id=3FD00246
WIP_VERIFIED,Ethyl Lactate,97-64-3,7344,Ethyl Lactate,97-64-3,"ETHYL LACTATE|97-64-3|Ethyl 2-hydroxypropanoate|Solactol|Actylol|Acytol|Ethyl 2-hydroxypropionate|Propanoic acid, 2-hydroxy-, ethyl ester|Lactate d'ethyle|2-Hydroxypropanoic acid ethyl ester",,Ethyl Lactate from PerfumersWorld,"{'PerfumersWorld': '97-64-3', 'MySkinRecipes': '97-64-3'}",https://www.perfumersworld.com/view.php?pro_id=3FD04102
WIP_VERIFIED,Butyl Butyrate,109-21-7,7983,Butyl butyrate,109-21-7,"Butyl butyrate|109-21-7|Butyl butanoate|n-Butyl butyrate|Butanoic acid, butyl ester|1-Butyl butyrate|n-Butyl butanoate|N-BUTYL N-BUTYRATE|Butyl butylate|Butyric acid, butyl ester",,Butyl Butyrate from PerfumersWorld,"{'PerfumersWorld': '109-21-7', 'MySkinRecipes': '109-21-7'}",https://www.perfumersworld.com/view.php?pro_id=3FD05860
WIP_VERIFIED,Ethyl Acetoacetate,141-97-9,8868,Ethyl Acetoacetate,141-97-9,"ethyl acetoacetate|ethyl 3-oxobutanoate|141-97-9|ethyl acetylacetate|ethyl 3-oxobutyrate|diacetic ether|Butanoic acid, 3-oxo-, ethyl ester|Acetoacetic ester|acetoacetic acid, ethyl ester|ethyl acetylacetonate",,Ethyl Acetoacetate from PerfumersWorld,"{'PerfumersWorld': '141-97-9', 'MySkinRecipes': '141-97-9'}",https://www.perfumersworld.com/view.php?pro_id=3FG00172
WIP_VERIFIED,Prenyl Acetate,1191-16-8,14489,Prenyl acetate,1191-16-8,"Prenyl acetate|1191-16-8|3,3-Dimethylallyl acetate|3-Methyl-2-butenyl acetate|Isopent-2-enyl acetate|3-methylbut-2-enyl acetate|Dimethylallyl acetate|2-Buten-1-ol, 3-methyl-, 1-acetate|2-BUTEN-1-OL, 3-METHYL-, ACETATE|3-Methyl-2-buten-1-ol, acetate",,Prenyl Acetate from PerfumersWorld,"{'PerfumersWorld': '1191-16-8', 'MySkinRecipes': '1191-16-8'}",https://www.perfumersworld.com/view.php?pro_id=3FG00387
WIP_VERIFIED,Verdox,88-41-5,62334,2-tert-Butylcyclohexyl acetate,88-41-5,"2-tert-Butylcyclohexyl acetate|88-41-5|o-tert-Butylcyclohexyl acetate|Verdox|2-t-Butylcyclohexyl acetate|Grumex|2-tert-Butylcyclohexanol acetate|o-t-Butylcyclohexyl acetate|1-Acetoxy-2-tert-butylcyclohexane|2-(1,1-Dimethylethyl)cyclohexanol acetate",,Verdox from PerfumersWorld,"{'PerfumersWorld': '88-41-5', 'MySkinRecipes': '88-41-5'}",https://www.perfumersworld.com/view.php?pro_id=3FG00463
WIP_VERIFIED,Berry Hexanoate,104986-28-9,113640,Ethyl 6-acetoxyhexanoate,104986-28-9,"104986-28-9|Ethyl 6-acetoxyhexanoate|Hexanoic acid, 6-(acetyloxy)-, ethyl ester|ethyl 6-(acetyloxy)hexanoate|Berryflor|1OAQ63V3NJ|DTXSID9051531|RefChem:595892|DTXCID0030083|412-930-8",,Berry Hexanoate (BerryFlor) from PerfumersWorld,"{'PerfumersWorld': '104986-28-9', 'MySkinRecipes': '104986-28-9'}",https://www.perfumersworld.com/view.php?pro_id=3FG19149
WIP_VERIFIED,Helional,1205-17-0,64805,"3-(3,4-Methylenedioxyphenyl)-2-methylpropanal",1205-17-0,"1205-17-0|Helional|2-Methyl-3-(3,4-Methylenedioxyphenyl)Propanal|2-Methyl-3-(3,4-methylenedioxyphenyl)propionaldehyde|Tropional|Heliobouquet|Helipropanal|3-(3,4-methylenedioxyphenyl)-2-methylpropanal|ocean propanal|1,3-Benzodioxole-5-propanal, .alpha.-methyl-",,Helional from PerfumersWorld,"{'PerfumersWorld': '1205-17-0', 'MySkinRecipes': '1205-17-0'}",https://www.perfumersworld.com/view.php?pro_id=3GM00219
WIP_VERIFIED,Phenyl Propyl Alcohol,122-97-4,31234,Benzenepropanol,93842-54-7|1335-12-2|122-97-4,"3-PHENYL-1-PROPANOL|3-Phenylpropan-1-ol|122-97-4|Benzenepropanol|3-Phenylpropanol|3-Phenylpropyl alcohol|Hydrocinnamic alcohol|3-Benzenepropanol|1-Propanol, 3-phenyl-|3-Phenyl-n-propanol",,Phenyl Propyl Alcohol from PerfumersWorld,"{'PerfumersWorld': '122-97-4', 'MySkinRecipes': '122-97-4'}",https://www.perfumersworld.com/view.php?pro_id=3GN00379
WIP_VERIFIED,Beta Ionone,14901-07-6,638014,I2-Ionone,79-77-6|14901-07-6|85949-43-5,"BETA-IONONE|(E)-beta-Ionone|trans-beta-Ionone|(3E)-4-(2,6,6-trimethylcyclohex-1-en-1-yl)but-3-en-2-one|(E)-4-(2,6,6-trimethylcyclohexen-1-yl)but-3-en-2-one|4-(2,6,6-Trimethyl-1-cyclohexenyl)-3-buten-2-one|FEMA No. 2595|A7NRR1HLH6|(E)-4-(2,6,6-Trimethyl-1-cyclohexen-1-yl)-3-buten-2-one|DTXSID4021769",,Beta Ionone from PerfumersWorld,"{'PerfumersWorld': '79-77-6', 'SimpleScentsDIY': '14901-07-6'}",https://www.perfumersworld.com/view.php?pro_id=3IF00238
WIP_DISCREPANCY,Benzyl Acetate,0140-11-4,8785,Benzyl acetate,140-11-4,"BENZYL ACETATE|140-11-4|Acetic acid benzyl ester|Phenylmethyl acetate|Acetic acid, phenylmethyl ester|Benzyl ethanoate|Acetic acid, benzyl ester|Phenylmethyl ethanoate|alpha-Acetoxytoluene|(Acetoxymethyl)benzene",WIP CAS 0140-11-4 not in PubChem ['140-11-4'],Benzyl Acetate from PerfumersWorld,"{'PerfumersWorld': '140-11-4', 'MySkinRecipes': ''}",https://www.perfumersworld.com/view.php?pro_id=3JF00052
WIP_VERIFIED,Benzyl Propionate,122-63-4,31219,Benzyl propionate,122-63-4,"BENZYL PROPIONATE|Benzyl propanoate|Propanoic acid, phenylmethyl ester|Propionic acid, benzyl ester|Phenylmethyl propanoate|Phenylmethyl propionate|Benzyl propionate (natrual)|FEMA No. 2150|Benzyl n-propionate|enzyl n-propionate",,Benzyl Propionate from PerfumersWorld,"{'PerfumersWorld': '122-63-4', 'MySkinRecipes': '122-63-4'}",https://www.perfumersworld.com/view.php?pro_id=3JF00059
WIP_VERIFIED,Hedione,24851-98-7,102861,Hedione,24851-98-7,"Methyl dihydrojasmonate|24851-98-7|methyl 2-(3-oxo-2-pentylcyclopentyl)acetate|Hedione|Kharismal|Cyclopentaneacetic acid, 3-oxo-2-pentyl-, methyl ester|Methyl (2-pentyl-3-oxocyclopentyl)acetate|Methyl (3-oxo-2-pentylcyclopentyl)acetate|FEMA No. 3408|3GW44CIE3Y",,Hedione from PerfumersWorld,"{'PerfumersWorld': '24851-98-7', 'MySkinRecipes': ''}",https://www.perfumersworld.com/view.php?pro_id=3JJ00218
WIP_VERIFIED,Terpinolene,586-62-9,11463,Terpinolene,586-62-9,"TERPINOLENE|586-62-9|Isoterpinene|Terpinolen|alpha-Terpinolene|4-Isopropylidene-1-methylcyclohexene|p-Mentha-1,4(8)-diene|1,4(8)-p-Menthadiene|Nofmer TP|Tereben",,Terpinolene from PerfumersWorld,"{'PerfumersWorld': '586-62-9', 'MySkinRecipes': ''}",https://www.perfumersworld.com/view.php?pro_id=3KC00431
WIP_VERIFIED,Terpineol,8000-41-7,17100,Alpha-Terpineol,10482-56-1|98-55-5|8000-41-7|68797-63-7|8006-39-1,alpha-TERPINEOL|98-55-5|2-(4-methylcyclohex-3-en-1-yl)propan-2-ol|p-Menth-1-en-8-ol|1-p-Menthen-8-ol|Terpineol 350|alpha-Terpinenol|Terpenol|1-Menthene-8-ol|Terpineol schlechthin,,Terpineol from PerfumersWorld,"{'PerfumersWorld': '8000-41-7', 'SimpleScentsDIY': '8000-41-7'}",https://www.perfumersworld.com/view.php?pro_id=3KK05584
WIP_VERIFIED,Nopyl Acetate,128-51-8,929336,Nopyl acetate,128-51-8|35836-72-7,"(-)-Nopyl acetate|Nopyl acetate, (-)-|Citroviol|35836-72-7|Nopol acetate|F361JE87ST|OTX3UCY28V|2-Norpinene-2-ethanol, 6,6-dimethyl-, acetate|EC 800-940-9|Bicyclo(3.1.1)hept-2-ene-2-ethanol, 6,6-dimethyl-, 2-acetate, (1R,5S)-",,Nopyl Acetate from PerfumersWorld,"{'PerfumersWorld': '128-51-8', 'MySkinRecipes': '128-51-8'}",https://www.perfumersworld.com/view.php?pro_id=3LA00326
WIP_VERIFIED,Menthyl Acetate,89-48-5,27867,Menthyl acetate,16409-45-3|2230-87-7|89-48-5|2552-91-2|2623-23-6|29066-34-0,"Menthyl acetate|16409-45-3|Menthol, acetate|Menthyl acetate racemic|Cyclohexanol, 5-methyl-2-(1-methylethyl)-, acetate|Acetic acid, p-menth-3-yl ester, dl-|DTXSID20859153|RefChem:1088940|DTXCID30210413|Cyclohexanol, 5-methyl-2-(1-methylethyl)-, acetate, (1alpha,2beta,5alpha)-",,Menthyl Acetate from PerfumersWorld,"{'PerfumersWorld': '16409-45-3', 'MySkinRecipes': '2623-23-6'}",https://www.perfumersworld.com/view.php?pro_id=3LB00292
SUPPLIER_MISMATCH,Methyl,57-55-6,1030,Propylene Glycol,63625-56-9|25322-68-3|57-55-6,"propylene glycol|1,2-propanediol|propane-1,2-diol|57-55-6|1,2-Propylene glycol|1,2-dihydroxypropane|2-Hydroxypropanol|Isopropylene glycol|Dowfrost|Sirlene",Supplier MySkinRecipes CAS 82356-51-2 error,Methyl (Z)-5-Octenoate (FEMA 4165),"{'MySkinRecipes': '82356-51-2', 'SimpleScentsDIY': ''}",https://www.myskinrecipes.com/shop/th/ungrouped/33698-methyl-z-5-octenoate-fema-4165.html
WIP_VERIFIED,Linalyl Propionate,144-39-8,61098,Linalyl propionate,144-39-8,"Linalyl propionate|144-39-8|Linalyl propanoate|3,7-dimethylocta-1,6-dien-3-yl propanoate|Linalool propionate|1,6-OCTADIEN-3-OL, 3,7-DIMETHYL-, PROPANOATE|Propionic acid, linalyl ester|1,6-Octadien-3-ol, 3,7-dimethyl-, propionate|FEMA No. 2645|1,6-Octadien-3-ol, 3,7-dimethyl-, 3-propanoate",,Linalyl Propionate from PerfumersWorld,"{'PerfumersWorld': '144-39-8', 'MySkinRecipes': '144-39-8'}",https://www.perfumersworld.com/view.php?pro_id=3LC12899
WIP_VERIFIED,Ethyl Linalyl Acetate,61931-80-4,43851,"3,7-Dimethylnona-1,6-dien-3-yl acetate",61931-80-4,"3,7-dimethylnona-1,6-dien-3-yl acetate|61931-80-4|SCHEMBL1472631|IVSZEHYDOLAREK-UHFFFAOYSA-N|NS00012621",,Ethyl Linalyl Acetate from PerfumersWorld,"{'PerfumersWorld': '61931-80-4', 'MySkinRecipes': '61931-80-4'}",https://www.perfumersworld.com/view.php?pro_id=3LC19147
WIP_VERIFIED,Isononyl Acetate,58430-94-7,42745,"3,5,5-Trimethylhexyl acetate",40379-24-6|58430-94-7,"3,5,5-Trimethylhexyl acetate|Nonanyl acetate|1-Hexanol, 3,5,5-trimethyl-, acetate|EINECS 261-245-9|Acetic Acid 3,5,5-Trimethylhexyl Ester|3,5,5-Trimethylhexan-1-ol acetate|UNII-9HMD71U17Z|BRN 1758391|VANORIS|9HMD71U17Z",,Isononyl Acetate from PerfumersWorld,"{'PerfumersWorld': '58430-94-7', 'MySkinRecipes': '40379-24-6'}",https://www.perfumersworld.com/view.php?pro_id=3LH00252
WIP_VERIFIED,Veloutone,65443-14-3,103402,"2,2,5-Trimethyl-5-pentylcyclopentanone",65443-14-3,"2,2,5-Trimethyl-5-pentylcyclopentanone|65443-14-3|2,2,5-Trimethyl-5-pentylcyclopentan-1-one|BN3YZU63MN|Cyclopentanone, 2,2,5-trimethyl-5-pentyl-|DTXSID9052341|2,2,5-trimethyl-5-pentyl-cyclopentanone|RefChem:440753|DTXCID9030913|265-779-3",,Veloutone from PerfumersWorld,"{'PerfumersWorld': '65443-14-3', 'MySkinRecipes': '65443-14-3'}",https://www.perfumersworld.com/view.php?pro_id=3LH00459
SUPPLIER_MISMATCH,Verdyl Acetate,5413-60-5,110655,Verdyl acetate,5413-60-5,"5413-60-5|Verdyl acetate|Jasmacyclen|3a,4,5,6,7,7a-hexahydro-1H-4,7-methanoinden-6-yl acetate|Tricyclodecenyl acetate|Greenyl acetate|Tricyclodecen-4-yl 8-acetate|Herbaflorat|4,7-Methano-1H-inden-6-ol, 3a,4,5,6,7,7a-hexahydro-, acetate|Dihydro-nordicyclopentadienyl acetate",Supplier PerfumersWorld CAS 2500-83-6 error,Verdyl Acetate from PerfumersWorld,"{'PerfumersWorld': '2500-83-6', 'MySkinRecipes': '5413-60-5'}",https://www.perfumersworld.com/view.php?pro_id=3LJ01926
WIP_VERIFIED,Dimethyl Benzyl Carbinol,100-86-7,7531,2-Methyl-1-phenyl-2-propanol,100-86-7,"2-Methyl-1-phenyl-2-propanol|100-86-7|2-Methyl-1-phenylpropan-2-ol|Dimethylbenzylcarbinol|DMBC|1,1-Dimethylphenylethanol|Benzylpropyl alcohol|FEMA No. 2393|N95NCI59MI|Benzeneethanol, alpha,alpha-dimethyl-",,Dimethyl Benzyl Carbinol from PerfumersWorld,"{'PerfumersWorld': '100-86-7', 'MySkinRecipes': ''}",https://www.perfumersworld.com/view.php?pro_id=3LL00156
WIP_VERIFIED,Nerolidol,7212-44-4,5284507,Nerolidol,40716-66-3|7212-44-4|142-50-7,"NEROLIDOL|7212-44-4|(6E)-3,7,11-trimethyldodeca-1,6,10-trien-3-ol|3,7,11-Trimethyl-1,6,10-dodecatrien-3-ol|Stirrup|FEMA No. 2772|3-Hydroxy-3,7,11-trimethyl-1,6,10-dodecatriene|DTXSID3022247|CHEBI:7524|DTXCID602247",,Nerolidol from PerfumersWorld,"{'PerfumersWorld': '7212-44-4', 'SimpleScentsDIY': '7212-44-4'}",https://www.perfumersworld.com/view.php?pro_id=3LM00319
WIP_VERIFIED,Lilial,80-54-6,228987,Lilial,80-54-6,"80-54-6|Lilial|lily aldehyde|2-(4-tert-Butylbenzyl)propionaldehyde|Butylphenyl methylpropional|DTXSID9026500|4-tert-butyl-alpha-methylhydrocinnamaldehyde|Benzenepropanal, 4-(1,1-dimethylethyl)-alpha-methyl-|T7540GJV69|p-tert-Butyl-alpha-methylhydrocinnamic aldehyde",,Lilial from PerfumersWorld,"{'PerfumersWorld': '80-54-6', 'SimpleScentsDIY': ''}",https://www.perfumersworld.com/view.php?pro_id=3MA00273
WIP_VERIFIED,Hydroxycitronellal,107-75-5,7888,Hydroxycitronellal,107-75-5,"Hydroxycitronellal|7-Hydroxy-3,7-dimethyloctanal|107-75-5|7-Hydroxycitronellal|Citronellal hydrate|3,7-Dimethyl-7-hydroxyoctanal|Phixia|Cyclalia|Cyclosia|Laurine",,Hydroxycitronellal from PerfumersWorld,"{'PerfumersWorld': '107-75-5', 'MySkinRecipes': '107-75-5'}",https://www.perfumersworld.com/view.php?pro_id=3MC00233
WIP_VERIFIED,Lyral,31906-04-4,91604,Liral,31906-04-4|130066-44-3,"31906-04-4|4-(4-Hydroxy-4-methylpentyl)-3-cyclohexene-1-carboxaldehyde|hydroxyisohexyl 3-cyclohexene carboxaldehyde|4-(4-hydroxy-4-methylpentyl)cyclohex-3-ene-1-carbaldehyde|Liral|3-Cyclohexene-1-carboxaldehyde, 4-(4-hydroxy-4-methylpentyl)-|QUE43B9Z2Q|DTXSID1027970|DTXCID607970|RefChem:789491",,Lyral from PerfumersWorld,"{'PerfumersWorld': '31906-04-4', 'SimpleScentsDIY': ''}",https://www.perfumersworld.com/view.php?pro_id=3MG00282
WIP_VERIFIED,Dimethyl Anthranilate,85-91-6,6826,Methyl N-methylanthranilate,85-91-6,"Methyl 2-(methylamino)benzoate|85-91-6|Dimethyl anthranilate|METHYL N-METHYLANTHRANILATE|Methyl methylaminobenzoate|Methyl methanthranilate|Methyl methylanthranilate|Benzoic acid, 2-(methylamino)-, methyl ester|Methyl N-methyl anthranilate|N-Methylanthranilic acid, methyl ester",,Dimethyl Anthranilate from PerfumersWorld,"{'PerfumersWorld': '85-91-6', 'MySkinRecipes': '85-91-6'}",https://www.perfumersworld.com/view.php?pro_id=3NC00155
WIP_VERIFIED,Ethyl Benzoate,93-89-0,7165,Ethyl benzoate,93-89-0,ETHYL BENZOATE|93-89-0|Benzoic ether|Ethyl benzenecarboxylate|Benzoic Acid Ethyl Ester|Benzoyl ethyl ether|Ethylester kyseliny benzoove|FEMA No. 2422|Ethyl benzoate (natural)|NSC 8884,,Ethyl Benzoate from PerfumersWorld,"{'PerfumersWorld': '93-89-0', 'MySkinRecipes': '93-89-0'}",https://www.perfumersworld.com/view.php?pro_id=3NJ01315
WIP_VERIFIED,Hexyl Salicylate,6259-76-3,22629,Hexyl Salicylate,6259-76-3,"Hexyl salicylate|6259-76-3|N-HEXYL SALICYLATE|1-Hexyl salicylate|Benzoic acid, 2-hydroxy-, hexyl ester|8F78EY72YL|DTXSID4038924|DTXCID601473521|RefChem:788304|228-408-6",,Hexyl Salicylate from PerfumersWorld,"{'PerfumersWorld': '6259-76-3', 'MySkinRecipes': '6259-76-3'}",https://www.perfumersworld.com/view.php?pro_id=3OG00230
WIP_VERIFIED,Butyl Salicylate,2052-14-4,16330,Butyl salicylate,1322-01-6|2052-14-4,"Butyl salicylate|Butyl 2-hydroxybenzoate|2052-14-4|n-Butyl salicylate|Benzoic acid, 2-hydroxy-, butyl ester|Butyl O-hydroxybenzoate|SALICYLIC ACID, BUTYL ESTER|FEMA No. 3650|QPR9LM8VZO|NSC-1511",,Butyl Salicylate from PerfumersWorld,"{'PerfumersWorld': '', 'MySkinRecipes': '2052-14-4'}",https://www.perfumersworld.com/view.php?pro_id=3OH00073
WIP_VERIFIED,Benzyl Salicylate,118-58-1,8363,Benzyl Salicylate,118-58-1,"BENZYL SALICYLATE|118-58-1|Benzyl 2-hydroxybenzoate|Benzyl o-hydroxybenzoate|Salicylic Acid Benzyl Ester|Salicylic acid, benzyl ester|Phenylmethyl 2-hydroxybenzoate|Benzoic acid, 2-hydroxy-, phenylmethyl ester|Salicylsaeurebenzylester|Salicyclic acid, benzyl ester",,Benzyl Salicylate from PerfumersWorld,"{'PerfumersWorld': '118-58-1', 'MySkinRecipes': '118-58-1'}",https://www.perfumersworld.com/view.php?pro_id=3ON00060
WIP_VERIFIED,Methyl Salicylate,119-36-8,4133,Methyl Salicylate,90045-28-6|119-36-8,methyl salicylate|Methyl 2-hydroxybenzoate|119-36-8|Analgit|Flucarmit|Exagien|Betula|2-Hydroxybenzoic acid methyl ester|Gaultheriaoel|Wintergruenoel,,Methyl Salicylate from PerfumersWorld,"{'PerfumersWorld': '119-36-8', 'MySkinRecipes': '119-36-8'}",https://www.perfumersworld.com/view.php?pro_id=3OP00306
WIP_VERIFIED,Ethyl Salicylate,118-61-6,8365,Ethyl Salicylate,118-61-6|1321-50-2,"Ethyl salicylate|ETHYL 2-HYDROXYBENZOATE|118-61-6|Sal ethyl|Mesotol|Salicylic ether|Salotan|Ethyl o-hydroxybenzoate|Benzoic acid, 2-hydroxy-, ethyl ester|Salicylic acid, ethyl ester",,Ethyl Salicylate from PerfumersWorld,"{'PerfumersWorld': '118-61-6', 'MySkinRecipes': '118-61-6'}",https://www.perfumersworld.com/view.php?pro_id=3OP01253
WIP_VERIFIED,Ethyl Phenyl Acetate,101-97-3,7590,Ethyl phenylacetate,101-97-3,"ETHYL PHENYLACETATE|101-97-3|ethyl 2-phenylacetate|Benzeneacetic acid, ethyl ester|Ethyl phenacetate|Ethyl 2-phenylethanoate|Ethyl benzeneacetate|Ethyl phenylethanoate|Phenylacetic acid, ethyl ester|Ethyl alpha-toluate",,Ethyl Phenyl Acetate from PerfumersWorld,"{'PerfumersWorld': '101-97-3', 'MySkinRecipes': '101-97-3'}",https://www.perfumersworld.com/view.php?pro_id=3PF02759
WIP_VERIFIED,Guaiyl Acetate,134-28-1,240122,Guaiyl acetate,134-28-1,"Guaiol acetate|Guaiac acetate|Guaiyl acetate|Guaiol, acetate|134-28-1|Guaiac wood acetate|Octahydroazulene acetate|Guai-1(5)-en-11-ol, acetate|Guai-1-en-11-ol acetate|4J2P61VYV9",,Guaiyl Acetate from PerfumersWorld,"{'PerfumersWorld': '134-28-1', 'MySkinRecipes': '134-28-1'}",https://www.perfumersworld.com/view.php?pro_id=3RW04286
WIP_VERIFIED,Cinnamyl Acetate,103-54-8,5282110,Cinnamyl Acetate,103-54-8|21040-45-9,"Cinnamyl acetate|103-54-8|(E)-Cinnamyl acetate|3-Phenylallyl acetate|2-Propen-1-ol, 3-phenyl-, acetate|3-Phenyl-2-propenyl acetate|Acetic acid, cinnamyl ester|CINNAMYL ALCOHOL, ACETATE|1-Acetoxy-3-phenyl-2-propene|gamma-Phenylallyl acetate",,Cinnamyl Acetate from PerfumersWorld,"{'PerfumersWorld': '103-54-8', 'MySkinRecipes': '103-54-8'}",https://www.perfumersworld.com/view.php?pro_id=3SQ00109
DATA_GAP,Clearwood,84238-39-1,,,,,,Clearwood from PerfumersWorld,"{'PerfumersWorld': '84238-39-1', 'MySkinRecipes': ''}",https://www.perfumersworld.com/view.php?pro_id=3WB13402
WIP_DISCREPANCY,Cedroxyde,71735-79-0,6436727,"13-Oxabicyclo(10.1.0)trideca-4,8-diene, 1,5,9-trimethyl-",13786-79-3,"13786-79-3|EINECS 237-443-6|1,5,9-TRIMETHYL-13-OXABICYCLO[10.1.0]TRIDECA-4,8-DIENE|DTXSID6051697|13-Oxabicyclo(10.1.0)trideca-4,8-diene, 1,5,9-trimethyl-|1,5,9-Trimethyl-13-oxabicyclo(10.1.0)trideca-4,8-diene|13-Oxabicyclo[10.1.0]trideca-4,8-diene, 1,5,9-trimethyl-|RefChem:236527|DTXCID9030252|13-Oxabicyclo10.1.0trideca-4,8-diene, 1,5,9-trimethyl-",WIP CAS 71735-79-0 not in PubChem ['13786-79-3']; Supplier PerfumersWorld CAS 71735-79-0 error; Supplier SimpleScentsDIY CAS 71735-79-0 error,Cedroxyde from PerfumersWorld,"{'PerfumersWorld': '71735-79-0', 'SimpleScentsDIY': '71735-79-0'}",https://www.perfumersworld.com/view.php?pro_id=3WI00098
SUPPLIER_MISMATCH,Amber Decane,338735-71-0,57357974,"2,6,6,7,8,8-Hexamethyldecahydro-2H-indeno[4,5-b]furan",338735-71-0,"2,6,6,7,8,8-Hexamethyldecahydro-2H-indeno[4,5-b]furan|Decahydro-2,6,6,7,8,8-hexamethyl-2H-indeno[4,5-b]furan|2,6,6,7,8,8-hexamethyl-3,3a,4,5,5a,7,8a,8b-octahydro-2H-cyclopenta[g][1]benzofuran|DTXSID9051373|2H-Indeno[4,5-b]furan, decahydro-2,6,6,7,8,8-hexamethyl-|2H-Indeno(4,5-b)furan, decahydro-2,6,6,7,8,8-hexamethyl-|Decahydro-2,6,6,7,8,8-hexamethyl-2H-indeno(4,5-b)furan|2,6,6,7,8,8-hexamethyldecahydro-2H-indeno(4,5-b)furan|2,6,6,7,8,8-hexamethyl-3,3a,4,5,5a,7,8a,8b-octahydro-2H-cyclopenta(g)(1)benzofuran|RefChem:445138",Supplier PerfumersWorld CAS 58567-11-6 error; Supplier MySkinRecipes CAS 58567-11-6 error,Amber Decane from PerfumersWorld,"{'PerfumersWorld': '58567-11-6', 'MySkinRecipes': '58567-11-6'}",https://www.perfumersworld.com/view.php?pro_id=3WQ11673
WIP_VERIFIED,Cedramber,19870-74-7,11085796,Cedramber,2182025-97-2|19870-74-7|67874-81-1,"Cedramber|Cedrol methyl ether|Cedryl methyl ether|84S7T555CV|1H-3a,7-Methanoazulene, octahydro-6-methoxy-3,6,8,8-tetramethyl-, (3R,3aS,6R,7R,8aS)-|DTXSID90886996|EINECS 267-510-5|(3R,3AS,6R,7R,8AS)-OCTAHYDRO-6-METHOXY-3,6,8,8-TETRAMETHYL-1H-3A,7-METHANOAZULENE|1H-3A,7-METHANOAZULENE, OCTAHYDRO-6-METHOXY-3,6,8,8-TETRAMETHYL-, (3R-(3.ALPHA.,3A.BETA.,6.ALPHA.,7.BETA.,8A.ALPHA.))-|1H-3a,7-Methanoazulene, octahydro-6-methoxy-3,6,8,8-tetramethyl-, [3R-(3.alpha.,3a.beta.,6.alpha.,7.beta.,8a.alpha.)]-",,Cedramber from PerfumersWorld,"{'PerfumersWorld': '19870-74-7', 'MySkinRecipes': '19870-74-7'}",https://www.perfumersworld.com/view.php?pro_id=3WW00097
WIP_DISCREPANCY,Osyrol,1325-54-8,162053,,41890-92-0,"3,7-dimethyl-7-methoxyoctan-2-ol|RefChem:811837|7-Methoxy-3,7-dimethyloctan-2-ol|41890-92-0|Methoxyelgenol|Elesant|Dihydromethoxyelgenol|methoxytrimethylheptanol|2-Octanol, 7-methoxy-3,7-dimethyl-|3,7-Dimethyl-7-methoxy-2-octanol",,Osyrol from PerfumersWorld,"{'PerfumersWorld': '41890-92-0', 'MySkinRecipes': '41890-92-0'}",https://www.perfumersworld.com/view.php?pro_id=3WX00347
WIP_VERIFIED,Sandenol 803,66068-84-6,106673,4-Hydroxy-1-(5-isocamphyl)cyclohexane,66068-84-6,"66068-84-6|Cyclohexanol, 4-(5,5,6-trimethylbicyclo(2.2.1)hept-2-yl)-|4-Hydroxy-1-(5-isocamphyl)cyclohexane|4-(5,5,6-trimethylbicyclo[2.2.1]hept-2-yl)cyclohexanol|UNII-TVJ25725XP|TVJ25725XP|EINECS 266-100-3|4-(5,5,6-TRIMETHYLBICYCLO[2.2.1]HEPT-2-YL)CYCLOHEXAN-1-OL|J349.334B|DTXSID4041816",,Sandenol 803 from PerfumersWorld,"{'PerfumersWorld': '66068-84-6', 'MySkinRecipes': '66068-84-6'}",https://www.perfumersworld.com/view.php?pro_id=3WX07631
WIP_DISCREPANCY,Iso E Super,54464-57-2,1808124,"1-(2,3,8,8-Tetramethyl-1,2,3,4,5,6,7,8-octahydronaphthalen-2-YL)ethanone, trans-(A+-)-",144651-56-9|59056-94-9,"8L3TU41CCC|Ethanone, 1-((2R,3R)-1,2,3,4,5,6,7,8-octahydro-2,3,8,8-tetramethyl-2-naphthalenyl)-, rel-|RefChem:1053803|1-(2,3,8,8-Tetramethyl-1,2,3,4,5,6,7,8-octahydronaphthalen-2-YL)ethanone, trans-(A+-)-|ISO E SUPER|UNII-8L3TU41CCC|59056-94-9|1-(2,3,8,8-Tetramethyl-1,2,3,4,5,6,7,8-octahydronaphthalen-2-yl)ethanone, trans-(+/-)-|ISO E SUPER [MI]|SCHEMBL17627724","WIP CAS 54464-57-2 not in PubChem ['144651-56-9', '59056-94-9']; Supplier PerfumersWorld CAS 54464-57-2 error; Supplier MySkinRecipes CAS 54464-57-2 error",Iso E Super from PerfumersWorld,"{'PerfumersWorld': '54464-57-2', 'MySkinRecipes': '54464-57-2'}",https://www.perfumersworld.com/view.php?pro_id=3WY00244
WIP_VERIFIED,Vetiveryl Acetate,62563-80-8,8347,Vetivert acetate,62563-80-8|117-98-6,"Vetiveryl acetate|Vetivert acetate|117-98-6|Z5JO63XGNK|6-Azulenol, 1,2,3,3a,4,5,6,8a-octahydro-4,8-dimethyl-2-(1-methylethylidene)-, 6-acetate|FEMA NO. 4218|DTXSID60861750|4,8-dimethyl-2-(propan-2-ylidene)-1,2,3,3a,4,5,6,8a-octahydroazulen-6-yl acetate|6-AZULENOL, 1,2,3,3a,4,5,6,8a-OCTAHYDRO-2-ISOPROPYLIDENE-4,8-DIMETHYL-, ACETATE|RefChem:1100971",,Vetiveryl Acetate from PerfumersWorld,"{'PerfumersWorld': '62563-80-8', 'MySkinRecipes': '117-98-6'}",https://www.perfumersworld.com/view.php?pro_id=3WY00468
SUPPLIER_MISMATCH,Isolongifolanone,23787-90-8,21116680,Isolongifolanone,23787-90-8|29461-14-1|33407-62-4,"Isolongifolanone|Isolongifolene ketone|5916QUE93V|DTXSID2047228|Isolongifolanone-parent|RefChem:149495|2,2,8,8-tetramethyl-octahydro-1H-2,4a-methanonapthalen-10-one|DTXCID0027228|245-890-3|29461-14-1",Supplier PerfumersWorld CAS 14727-47-0 error,Isolongifolanone from PerfumersWorld,"{'PerfumersWorld': '14727-47-0', 'SimpleScentsDIY': '23787-90-8'}",https://www.perfumersworld.com/view.php?pro_id=3WY14446
SUPPLIER_MISMATCH,Habanolide,111879-80-2,9856149,"Oxacyclohexadecen-2-one, (12E)-",423773-57-3|111879-80-2,"Oxacyclohexadec-12-en-2-one, (12E)-|111879-80-2|Oxacyclohexadecen-2-one, (12E)-|9SP3WD261B|DTXSID5051313|OXACYCLOHEXADECENONE, (12E)-|15-PENTADECENOLIDE, (11E)-|(12E)-OXACYCLOHEXADEC-12-EN-2-ONE|OXACYCLOHEXADEC-13-EN-2-ONE, (12E)-|RefChem:857012",Supplier MySkinRecipes CAS 3796-70-1 error,Habanolide from PerfumersWorld,"{'PerfumersWorld': '111879-80-2', 'MySkinRecipes': '3796-70-1'}",https://www.perfumersworld.com/view.php?pro_id=3XA09821
WIP_DISCREPANCY,Zenolide,34902-57-3,41270,Ethylene dodecanedioate,54982-83-1,"1,4-DIOXACYCLOHEXADECANE-5,16-DIONE|Ethylene dodecanedioate|54982-83-1|Cyclic ethylene dodecanedioate|ZENOLIDE|NBW53A4P49|DTXSID1044568|DTXCID9024568|RefChem:139132|259-423-6",WIP CAS 34902-57-3 not in PubChem ['54982-83-1'],Zenolide from PerfumersWorld,"{'PerfumersWorld': '54982-83-1', 'MySkinRecipes': '54982-83-1'}",https://www.perfumersworld.com/view.php?pro_id=3XA22378
WIP_VERIFIED,Helvetolide,141773-73-1,16063567,"1-Propanol, 2-(1-(3,3-dimethylcyclohexyl)ethoxy)-2-methyl-, 1-propanoate",141773-73-1,"141773-73-1|HELVETOLIDE|1-Propanol, 2-[1-(3,3-dimethylcyclohexyl)ethoxy]-2-methyl-, 1-propanoate|Dimethylcyclohexylethoxy isobutylpropanoate|UNII-I1AI9W9CAB|I1AI9W9CAB|DTXSID7051341|EC 415-490-5|EC 604-250-7|1-Propanol, 2-(1-(3,3-dimethylcyclohexyl)ethoxy)-2-methyl-, 1-propanoate",,Helvetolide from PerfumersWorld,"{'PerfumersWorld': '141773-73-1', 'MySkinRecipes': '141773-73-1'}",https://www.perfumersworld.com/view.php?pro_id=3XD17215
WIP_VERIFIED,Ethylene Brassylate,105-95-3,61014,Ethylene brassylate,105-95-3,"Ethylene brassylate|1,4-DIOXACYCLOHEPTADECANE-5,17-DIONE|105-95-3|Ethylene undecane dicarboxylate|Tridecanedioic acid, cyclic ethylene ester|FEMA No. 3543|9A87HC7ROD|DTXSID1044774|1,1'-Undecanedicarboxylic acid, ester with ethylene glycol|NSC-46155",,Ethylene Brassylate from PerfumersWorld,"{'PerfumersWorld': '105-95-3', 'MySkinRecipes': '105-95-3'}",https://www.perfumersworld.com/view.php?pro_id=3XU00180
WIP_VERIFIED,Romandolide,236391-76-7,21933618,"Acetic acid, 2-(1-oxopropoxy)-, 1-(3,3-dimethylcyclohexyl)ethyl ester",236391-76-7,"Acetic acid, 2-(1-oxopropoxy)-, 1-(3,3-dimethylcyclohexyl)ethyl ester|1-(3,3-Dimethylcyclohexyl)ethyl 2-(1-oxopropoxy)acetate|DTXSID0051360|EC 607-255-2|Acetic acid, (1-oxopropoxy)-, 1-(3,3-dimethylcyclohexyl)ethyl ester|RefChem:552082|DTXCID1029962|236391-76-7|[2-[1-(3,3-dimethylcyclohexyl)ethoxy]-2-oxoethyl] propanoate|SCHEMBL1482871",,Romandolide from PerfumersWorld,"{'PerfumersWorld': '236391-76-7', 'MySkinRecipes': '236391-76-7'}",https://www.perfumersworld.com/view.php?pro_id=3XU22379
SUPPLIER_MISMATCH,Aldehyde C-12 MNA,110-41-8,61031,2-Methylundecanal,110-41-8,"2-Methylundecanal|110-41-8|UNDECANAL, 2-METHYL-|Aldehyde M.N.A.|Methylnonylacetaldehyde|Aldehyde C-12|Methyl-n-nonylacetaldehyde|2-Methylhendecanal|Methylnonylacetic aldehyde|Aldehyde C-12 mna",Supplier PerfumersWorld CAS 67634-00-8 error,Aldehyde C-12 MNA from PerfumersWorld,"{'PerfumersWorld': '67634-00-8', 'SimpleScentsDIY': '110-41-8'}",https://www.perfumersworld.com/view.php?pro_id=4AG00022
WIP_VERIFIED,Menthone,89-80-5,26447,Menthone,1074-95-9|14073-97-3|10458-14-7|89-80-5,"MENTHONE|89-80-5|trans-Menthone|p-Menthone|Neomenthone|Menthone racemic|trans-Menthan-3-one|trans-p-Menthan-3-one|p-Menthan-3-one, trans-|Menthone G",,Menthone from PerfumersWorld,"{'PerfumersWorld': '10458-14-7', 'MySkinRecipes': '89-80-5'}",https://www.perfumersworld.com/view.php?pro_id=4BB00291
WIP_VERIFIED,Isocyclocitral,1335-66-6,16204527,Isocyclocitral,1335-66-6,"1335-66-6|RefChem:149237|DTXSID8044541|215-638-7|2,4,6-trimethylcyclohex-3-ene-1-carbaldehyde|Isocyclocitral|Isocyclocitral(mixture of isomers)|2,4,6-Trimethylcyclohex-3-ene-1-carbaldehyde;3,5,6-trimethylcyclohex-3-ene-1-carbaldehyde|EINECS 215-638-7|1-Formyl-3,5,6-trimethyl-3-cyclohexene and 1-formyl-2,4,6-trimethyl-3-cyclohexene",,Isocyclocitral from PerfumersWorld,"{'PerfumersWorld': '1335-66-6', 'MySkinRecipes': ''}",https://www.perfumersworld.com/view.php?pro_id=4CA03618
WIP_VERIFIED,Citral,5392-40-5,638011,Citral,5392-40-5|141-27-5,"Citral|5392-40-5|geranialdehyde|Lemsyn GB|3,7-Dimethyl-2,6-octadienal|2,6-Octadienal, 3,7-dimethyl-|FEMA Number 2303|NCI-C56348|FEMA No. 2303|3,7-Dimethyl-trans-2,6-octadienal",,Citral from PerfumersWorld,"{'PerfumersWorld': '5392-40-5', 'MySkinRecipes': '5392-40-5'}",https://www.perfumersworld.com/view.php?pro_id=4CC00111
WIP_DISCREPANCY,Lime Oxide,73018-51-6,522514,,7392-19-0,"7392-19-0|LIMETOL|2-ethenyl-2,6,6-trimethyloxane|2,6,6-Trimethyl-2-vinyltetrahydropyran|Linaloyl oxide|Bois de rose oxide|2,2,6-Trimethyl-6-vinyltetrahydropyran|2,2,6-Trimethyl-6-vinyltetrahydro-2H-pyran|2H-Pyran, 2-ethenyltetrahydro-2,6,6-trimethyl-|13837-56-4",,Lime Oxide from PerfumersWorld,"{'PerfumersWorld': '7392-19-0', 'MySkinRecipes': '7392-19-0'}",https://www.perfumersworld.com/view.php?pro_id=4CK00275
WIP_VERIFIED,Citronellyl Nitrile,51566-62-2,3033030,Citronellyl nitrile,51566-62-2,"Citronellyl nitrile|3,7-dimethyl-6-octenenitrile|RefChem:577486|52671-32-6|51566-62-2|3,7-Dimethyloct-6-enenitrile|citronellylnitrile|6-OCTENENITRILE, 3,7-DIMETHYL-|GP9AT16H16|Citronellyl nitrile, (+/-)-",,Citronellyl Nitrile from PerfumersWorld,"{'PerfumersWorld': '51566-62-2', 'MySkinRecipes': '51566-62-2'}",https://www.perfumersworld.com/view.php?pro_id=4CR06787
WIP_VERIFIED,Isobutyric Acid,79-31-2,6590,Isobutyric Acid,79-31-2,"ISOBUTYRIC ACID|2-Methylpropanoic acid|79-31-2|Isobutanoic acid|Isopropylformic acid|Dimethylacetic acid|Iso-butyric acid|Propanoic acid, 2-methyl-|Cenex RP b2|alpha-Methylpropanoic acid",,Isobutyric Acid from PerfumersWorld,"{'PerfumersWorld': '79-31-2', 'MySkinRecipes': '79-31-2'}",https://www.perfumersworld.com/view.php?pro_id=4DF13384
WIP_VERIFIED,Acetoin,513-86-0,179,Acetoin,51555-24-9|513-86-0,"acetoin|3-hydroxy-2-butanone|513-86-0|3-hydroxybutan-2-one|Dimethylketol|Acetyl methyl carbinol|acetylmethylcarbinol|2,3-Butanolone|2-Butanone, 3-hydroxy-|2-Hydroxy-3-butanone",,Acetoin from PerfumersWorld,"{'PerfumersWorld': '513-86-0', 'MySkinRecipes': '513-86-0'}",https://www.perfumersworld.com/view.php?pro_id=4DV02664
WIP_VERIFIED,Sulfurol,137-00-8,1136,4-Methyl-5-(2-hydroxyethyl)thiazole,137-00-8,"4-METHYL-5-THIAZOLEETHANOL|137-00-8|5-(2-Hydroxyethyl)-4-methylthiazole|Hemineurine|5-Thiazoleethanol, 4-methyl-|2-(4-Methyl-1,3-thiazol-5-yl)ethanol|4-Methyl-5-thiazolethanol|4-Methyl-5-(2-hydroxyethyl)thiazole|4-Methyl-5-thiazolylethanol|2-(4-Methylthiazole-5-yl)ethanol",,Sulfurol from PerfumersWorld,"{'PerfumersWorld': '137-00-8', 'MySkinRecipes': '137-00-8'}",https://www.perfumersworld.com/view.php?pro_id=4ED00423
SUPPLIER_MISMATCH,Ethyl Safranate,35044-59-8,118201,"1,3-Cyclohexadiene-1-carboxylic acid, 2,6,6-trimethyl-, ethyl ester",35044-59-8,"Ethyl safranate|1,3-Cyclohexadiene-1-carboxylic acid, 2,6,6-trimethyl-, ethyl ester|35044-59-8|ethyl 2,6,6-trimethylcyclohexa-1,3-diene-1-carboxylate|FZ10F6BJB5|Ethyl beta-safranate|EINECS 252-335-9|UNII-FZ10F6BJB5|ETHYL .BETA.-SAFRANATE|DTXSID6067884",Supplier PerfumersWorld CAS 35044-57-6 error,Ethyl Safranate from PerfumersWorld,"{'PerfumersWorld': '35044-57-6', 'MySkinRecipes': '35044-59-8'}",https://www.perfumersworld.com/view.php?pro_id=4ES06848
WIP_DISCREPANCY,Allyl Cyclohexyl Propionate,2705-87-5,21862952,Allyl cyclohexyl propionate,,allyl cyclohexyl propionate|SCHEMBL310454,WIP CAS 2705-87-5 not in PubChem []; Supplier PerfumersWorld CAS 2705-87-5 error; Supplier MySkinRecipes CAS 2705-87-5 error,Allyl Cyclohexyl Propionate from PerfumersWorld,"{'PerfumersWorld': '2705-87-5', 'MySkinRecipes': '2705-87-5'}",https://www.perfumersworld.com/view.php?pro_id=4FC00030
WIP_VERIFIED,Ethyl Isovalerate,108-64-5,7945,Ethyl isovalerate,108-64-5,"ETHYL ISOVALERATE|108-64-5|Ethyl 3-methylbutanoate|Ethyl 3-methylbutyrate|Ethyl isopentanoate|Isovaleric acid, ethyl ester|Butanoic acid, 3-methyl-, ethyl ester|3-Methylbutyric acid ethyl ester|Ethyl beta-methylbutyrate|FEMA No. 2463",,Ethyl Isovalerate from PerfumersWorld,"{'PerfumersWorld': '108-64-5', 'MySkinRecipes': '108-64-5'}",https://www.perfumersworld.com/view.php?pro_id=4FD02026
WIP_VERIFIED,Butyl Isovalerate,109-19-3,7981,Butyl isovalerate,109-19-3,"BUTYL ISOVALERATE|Butyl 3-methylbutanoate|Butyl isopentanoate|n-Butyl isovalerate|1-Butyl isovalerate|Butyl 3-methylbutyrate|Butyl isovalerianate|Butanoic acid, 3-methyl-, butyl ester|Isovaleric acid, butyl ester|n-Butyl isopentanoate",,Butyl Isovalerate from PerfumersWorld,"{'PerfumersWorld': '109-19-3', 'MySkinRecipes': '109-19-3'}",https://www.perfumersworld.com/view.php?pro_id=4FD05871
WIP_VERIFIED,Amyl Valerate,2173-56-0,62433,Pentyl valerate,2173-56-0,Pentyl valerate|Pentyl pentanoate|Amyl valerate|2173-56-0|Valeric Acid Pentyl Ester|N-Amyl N-valerate|DTXSID8042218|EINECS 218-528-7|NSC-76414|694D4BU139,,Amyl Valerate from PerfumersWorld,"{'PerfumersWorld': '2173-56-0', 'MySkinRecipes': '2173-56-0'}",https://www.perfumersworld.com/view.php?pro_id=4FD06346
WIP_VERIFIED,Hexyl Acetate,142-92-7,8908,Hexyl acetate,88230-35-7|142-92-7,"Hexyl acetate|142-92-7|n-Hexyl acetate|Acetic Acid Hexyl Ester|ACETIC ACID, HEXYL ESTER|Hexyl ethanoate|1-Hexyl acetate|n-Hexyl ethanoate|Hexyl alcohol, acetate|FEMA No. 2565",,Hexyl Acetate from PerfumersWorld,"{'PerfumersWorld': '142-92-7', 'MySkinRecipes': '142-92-7'}",https://www.perfumersworld.com/view.php?pro_id=4FG01284
WIP_VERIFIED,Manzanate,39255-32-8,62902,Ethyl 2-methylpentanoate,39255-32-8,"Ethyl 2-methylpentanoate|39255-32-8|Ethyl 2-methylvalerate|Pentanoic acid, 2-methyl-, ethyl ester|Melon valerate|Ethyl alpha-methylvalerate|Ethyl .alpha.-methylvalerate|FEMA No. 3488|DTXSID7047198|EINECS 254-384-1",,Manzanate from PerfumersWorld,"{'PerfumersWorld': '39255-32-8', 'MySkinRecipes': ''}",https://www.perfumersworld.com/view.php?pro_id=4FG15438
WIP_VERIFIED,Benzaldehyde,100-52-7,240,Benzaldehyde,100-52-7|1334-78-7,benzaldehyde|100-52-7|Benzoic aldehyde|Phenylmethanal|Benzenecarbonal|Benzenecarboxaldehyde|Benzenemethylal|Benzaldehyde FFC|Benzene carbaldehyde|Benzene carboxaldehyde,,Benzaldehyde from PerfumersWorld,"{'PerfumersWorld': '100-52-7', 'MySkinRecipes': '100-52-7'}",https://www.perfumersworld.com/view.php?pro_id=4FN00049
WIP_VERIFIED,Adoxal,141-13-9,98403,"2,6,10-Trimethyl-9-undecenal",141-13-9,"Adoxal|2,6,10-Trimethylundec-9-enal|141-13-9|Farenal|Doxal|9-Undecenal, 2,6,10-trimethyl-|2,6,10-Trimethyl-9-undecenal|Trimethyl undecylenic aldehyde|2,6,10-Trimethyl-9-undecen-1-al|JNM5JFE28J",,Adoxal from PerfumersWorld,"{'PerfumersWorld': '141-13-9', 'MySkinRecipes': '141-13-9'}",https://www.perfumersworld.com/view.php?pro_id=4GA00012
WIP_VERIFIED,Paradisamide,406488-30-0,57495095,"Butanamide, 2-ethyl-N-methyl-N-(3-methylphenyl)-",406488-30-0,"Butanamide, 2-ethyl-N-methyl-N-(3-methylphenyl)-|406488-30-0|2-ethyl-n-methyl-n-(3-methylphenyl)butanamide|2-ethyl-n-methyl-n-(3-methylphenyl) butanamide|EC 446-190-2|DTXSID20889177|RefChem:570664|DTXCID801028445|446-190-2|804-897-7",,Paradisamide from PerfumersWorld,"{'PerfumersWorld': '406488-30-0', 'MySkinRecipes': '406488-30-0'}",https://www.perfumersworld.com/view.php?pro_id=4GF14127
WIP_VERIFIED,Triplal,68039-49-6,93375,"2,4-Dimethyl-3-cyclohexene carboxaldehyde",68737-61-1|68039-49-6,"68039-49-6|Ligustral|2,4-Dimethylcyclohex-3-ene-1-carbaldehyde|3-Cyclohexene-1-carboxaldehyde, 2,4-dimethyl-|TRIPLAL|2,4-ivy carbaldehyde|Cyclal C|2,4-DIMETHYL-3-CYCLOHEXENE-1-CARBOXALDEHYDE|TRICYCLAL|TRIPRAL",,Triplal from PerfumersWorld,"{'PerfumersWorld': '68039-49-6', 'MySkinRecipes': '68039-49-6'}",https://www.perfumersworld.com/view.php?pro_id=4GH00450
WIP_VERIFIED,Methyl Octine Carbonate,111-80-8,8137,Methyl 2-nonynoate,111-80-8,"Methyl 2-nonynoate|Methyl non-2-ynoate|111-80-8|Methyl octine carbonate|2-Nonynoic acid methyl ester|2-NONYNOIC ACID, METHYL ESTER|Methyl octyne carbonate|Methyloctyne carboxylate|Methyloctyne carbonate|Octynecarboxylic acid, methyl ester",,Methyl Octine Carbonate from PerfumersWorld,"{'PerfumersWorld': '111-80-8', 'MySkinRecipes': '111-80-8'}",https://www.perfumersworld.com/view.php?pro_id=4GI00305
WIP_VERIFIED,Phenyl Acetaldehyde Dimethyl Acetal,101-48-4,60995,Phenyl acetaldehyde dimethyl acetal,101-48-4,"101-48-4|(2,2-Dimethoxyethyl)benzene|Phenylacetaldehyde dimethyl acetal|Viridine|Hyscylene P|1,1-Dimethoxy-2-phenylethane|BENZENE, (2,2-DIMETHOXYETHYL)-|PADMA|2,2-Dimethoxy-1-phenylethane|Phenacetaldehyde dimethyl acetal",,Phenyl Acetaldehyde Dimethyl Acetal (PADMA) from PerfumersWorld,"{'PerfumersWorld': '101-48-4', 'MySkinRecipes': '101-48-4'}",https://www.perfumersworld.com/view.php?pro_id=4GN00382
WIP_VERIFIED,Styralyl Acetate,93-92-5,62341,1-Phenylethyl Acetate,29759-11-3|93-92-5,"1-Phenylethyl acetate|93-92-5|Styralyl acetate|alpha-Methylbenzyl acetate|Methylphenylcarbinyl acetate|Methyl phenyl carbinyl acetate|sec-Phenylethyl acetate|methyl phenylcarbinyl acetate|.alpha.-Methylbenzyl acetate|Benzenemethanol, alpha-methyl-, acetate",,Styralyl Acetate from PerfumersWorld,"{'PerfumersWorld': '93-92-5', 'MySkinRecipes': '93-92-5'}",https://www.perfumersworld.com/view.php?pro_id=4GN00417
SUPPLIER_MISMATCH,Styralyl Alcohol,98-85-1,7409,1-Phenylethanol,98-85-1|13323-81-4,1-Phenylethanol|98-85-1|ALPHA-METHYLBENZYL ALCOHOL|Styrallyl alcohol|Methylphenyl carbinol|Styralyl alcohol|Methylphenylcarbinol|1-Phenethyl alcohol|(1-Hydroxyethyl)benzene|1-Phenylethyl alcohol,Supplier MySkinRecipes CAS 7549-33-9 error,Styralyl Alcohol from PerfumersWorld,"{'PerfumersWorld': '98-85-1', 'MySkinRecipes': '7549-33-9'}",https://www.perfumersworld.com/view.php?pro_id=4GN00418
WIP_VERIFIED,Styralyl Propionate,120-45-6,8432,1-Phenylethyl propionate,120-45-6,"1-Phenylethyl propionate|120-45-6|Styralyl propionate|Methylphenylcarbinyl propionate|alpha-Methylbenzyl propionate|FEMA No. 2689|Benzenemethanol, alpha-methyl-, propanoate|J5A62A7WWF|BENZYL ALCOHOL, alpha-METHYL-, PROPIONATE|DTXSID9047091",,Styralyl Propionate from PerfumersWorld,"{'PerfumersWorld': '120-45-6', 'MySkinRecipes': '120-45-6'}",https://www.perfumersworld.com/view.php?pro_id=4GN00419
WIP_VERIFIED,Methyl Jasmonate,1211-29-6,5281929,(-)-Methyl jasmonate,1211-29-6|39924-52-2|20073-13-6,"Methyl jasmonate|1211-29-6|(-)-Methyl jasmonate|Methyl cis-jasmonate|Jasmonic acid methyl ester|(-)-Jasmonic acid methyl ester|methyl (-)-jasmonate|methyl 2-[(1R,2R)-3-oxo-2-[(Z)-pent-2-enyl]cyclopentyl]acetate|CHEBI:15929|Methyl (2-pent-2-enyl-3-oxo-1-cyclopentyl)acetate",,Methyl Jasmonate from PerfumersWorld,"{'PerfumersWorld': '39924-52-2', 'MySkinRecipes': '39924-52-2'}",https://www.perfumersworld.com/view.php?pro_id=4JN15333
WIP_VERIFIED,Benzyl Formate,104-57-4,7708,Benzyl formate,104-57-4,"Benzyl formate|104-57-4|Benzyl methanoate|Formic acid, phenylmethyl ester|Phenylmethyl formate|Benzyl alcohol, formate|Formic acid, benzyl ester|FEMA No. 2145|79GJF97O0Y|NSC-8049",,Benzyl Formate from PerfumersWorld,"{'PerfumersWorld': '104-57-4', 'MySkinRecipes': ''}",https://www.perfumersworld.com/view.php?pro_id=4JW00057
WIP_VERIFIED,Methyl Anthranilate,134-20-3,8635,Methyl Anthranilate,134-20-3,"METHYL ANTHRANILATE|Methyl 2-aminobenzoate|134-20-3|2-Aminobenzoic acid methyl ester|Methyl o-aminobenzoate|Anthranilic acid methyl ester|o-Carbomethoxyaniline|2-Carbomethoxyaniline|2-(Methoxycarbonyl)aniline|Benzoic acid, 2-amino-, methyl ester",,Methyl Anthranilate from PerfumersWorld,"{'PerfumersWorld': '134-20-3', 'MySkinRecipes': '134-20-3'}",https://www.perfumersworld.com/view.php?pro_id=4NC00295
WIP_VERIFIED,Methyl Benzoate,93-58-3,7150,Methyl Benzoate,93-58-3,"METHYL BENZOATE|93-58-3|benzoic acid methyl ester|Methylbenzoate|Benzoic acid, methyl ester|Clorius|Methyl benzenecarboxylate|Essence of niobe|FEMA No. 2683|Methylester kyseliny benzoove",,Methyl Benzoate from PerfumersWorld,"{'PerfumersWorld': '93-58-3', 'MySkinRecipes': '93-58-3'}",https://www.perfumersworld.com/view.php?pro_id=4NJ00296
WIP_VERIFIED,Citronellyl Formate,105-85-1,7778,Citronellyl formate,105-85-1|93919-91-6|93919-93-8,"Citronellyl formate|105-85-1|6-OCTEN-1-OL, 3,7-DIMETHYL-, FORMATE|3,7-dimethyloct-6-enyl formate|FEMA No. 2314|(1)-3,7-Dimethyloct-6-enyl formate|7B1MY2BRDK|DTXSID1044772|6-Octen-1-ol, 3,7-dimethyl-, 1-formate|NSC-46117",,Citronellyl Formate from PerfumersWorld,"{'PerfumersWorld': '105-85-1', 'MySkinRecipes': '105-85-1'}",https://www.perfumersworld.com/view.php?pro_id=4RC03548
WIP_VERIFIED,Geranyl Butyrate,106-29-6,5355856,Geranyl butyrate,106-29-6|2173-82-2,"Geranyl butyrate|106-29-6|Geraniol butyrate|Geranyl butanoate|Geranyl n-butyrate|Butanoic acid, (2E)-3,7-dimethyl-2,6-octadienyl ester|FEMA No. 2512|Butyric acid geranyl ester|Geranyl butyrate (natural)|Butanoic acid, 3,7-dimethyl-2,6-octadienyl ester, (E)-",,Geranyl Butyrate from PerfumersWorld,"{'PerfumersWorld': '106-29-6', 'MySkinRecipes': '106-29-6'}",https://www.perfumersworld.com/view.php?pro_id=4RD00207
WIP_VERIFIED,Rose Oxide,16409-43-1,27866,Rose oxide,16409-43-1,"16409-43-1|Rose oxide|4-Methyl-2-(2-methylprop-1-en-1-yl)tetrahydro-2H-pyran|Rosenoxide|Rosoxide|4-methyl-2-(2-methylprop-1-enyl)oxane|FEMA No. 3236|Tetrahydro-4-methyl-2-(2-methyl-1-propenyl)-2H-pyran|2H-Pyran, tetrahydro-4-methyl-2-(2-methyl-1-propenyl)-|4-methyl-2-(2-methylprop-1-en-1-yl)oxane",,Rose Oxide from PerfumersWorld,"{'PerfumersWorld': '16409-43-1', 'MySkinRecipes': '16409-43-1'}",https://www.perfumersworld.com/view.php?pro_id=4RL00399
WIP_VERIFIED,Anethole,4180-23-8,637563,Anethole,4180-23-8|104-46-1|50770-19-9,"ANETHOLE|104-46-1|Anise camphor|Monasirup|Anethol|4-Propenylanisole|trans-p-Propenylanisole|p-Anethole|Anethole, trans|1-Methoxy-4-(1-propenyl)benzene",,Anethole from PerfumersWorld,"{'PerfumersWorld': '4180-23-8', 'MySkinRecipes': '4180-23-8'}",https://www.perfumersworld.com/view.php?pro_id=4SB00038
SUPPLIER_MISMATCH,Toscanol,92585-24-5,3021997,2-Methyl-4-phenyl-1-pentanol,92585-24-5,"92585-24-5|2-Methyl-4-phenylpentanol|2-Methyl-4-phenyl-1-pentanol|Benzenebutanol, beta,delta-dimethyl-|DTXSID1052616|RefChem:88152|DTXCID5031189|402-770-7|2-methyl-4-phenylpentan-1-ol|Pamplefleur",Supplier PerfumersWorld CAS 16510-27-3 error; Supplier MySkinRecipes CAS 16510-27-3 error,Toscanol from PerfumersWorld,"{'PerfumersWorld': '16510-27-3', 'MySkinRecipes': '16510-27-3'}",https://www.perfumersworld.com/view.php?pro_id=4SP12754
WIP_VERIFIED,Methyl Diantilis,5595-79-9,6453284,"Phenol, 2-ethoxy-4-(methoxymethyl)-",5595-79-9,"2-ethoxy-4-(methoxymethyl)phenol|5595-79-9|Phenol, 2-ethoxy-4-(methoxymethyl)-|DTXSID6074918|RefChem:172760|DTXCID8042000|611-336-8|Methyl diantilis|7QHC87YPG8|UNII-7QHC87YPG8",,Methyl Diantilis from PerfumersWorld,"{'PerfumersWorld': '5595-79-9', 'MySkinRecipes': '5595-79-9'}",https://www.perfumersworld.com/view.php?pro_id=4SP16859
WIP_VERIFIED,Ebanol,67801-20-1,6437266,Ebanol,67801-20-1,"67801-20-1|28N247O58B|3-Methyl-5-(2,2,3-trimethyl-3-cyclopenten-1-yl)pent-4-en-2-ol|3-Methyl-5-(2,2,3-trimethyl-3-cyclopenten-1-yl)-4-penten-2-ol|4-Penten-2-ol, 3-methyl-5-(2,2,3-trimethyl-3-cyclopenten-1-yl)-|DTXSID7052369|RefChem:920792|DTXCID1030941|FEMA NO. 4775|267-140-4",,Ebanol from PerfumersWorld,"{'PerfumersWorld': '67801-20-1', 'MySkinRecipes': '67801-20-1'}",https://www.perfumersworld.com/view.php?pro_id=4WX07563
WIP_VERIFIED,Kephalis,36306-87-3,118292,"4-(1-Ethoxyvinyl)-3,3,5,5-tetramethylcyclohexanone",36306-87-3,"Kephalis|4-(1-Ethoxyvinyl)-3,3,5,5-tetramethylcyclohexanone|4-(1-Ethoxyethenyl)-3,3,5,5-tetramethylcyclohexanone|Kephalor|3,3,5,5-Tetramethyl-4-(1-ethoxyvinyl)cyclohexanone|EINECS 252-961-2|Cyclohexanone, 4-(1-ethoxyethenyl)-3,3,5,5-tetramethyl-|3,3,5,5-Tetramethyl-4-ethoxyvinylcyclohexanone|BRN 2258311|A27U1GP15P",,Kephalis from PerfumersWorld,"{'PerfumersWorld': '36306-87-3', 'MySkinRecipes': '36306-87-3'}",https://www.perfumersworld.com/view.php?pro_id=4WY07089
WIP_VERIFIED,Cashmeran,33704-61-9,92292,(+-)-Cashmeran,33704-61-9,"Cashmeran|33704-61-9|1,2,3,5,6,7-Hexahydro-1,1,2,3,3-pentamethyl-4H-inden-4-one|Musk indanone|4H-Inden-4-one, 1,2,3,5,6,7-hexahydro-1,1,2,3,3-pentamethyl-|dihydro pentamethylindanone|(+-)-Cashmeran|DTXSID8047399|EINECS 251-649-3|CCRIS 8406",,Cashmeran from PerfumersWorld,"{'PerfumersWorld': '33704-61-9', 'MySkinRecipes': '33704-61-9'}",https://www.perfumersworld.com/view.php?pro_id=4XB00090
SUPPLIER_MISMATCH,Cosmone,259854-70-1,66823518,"5-Cyclotetradecen-1-one, 3-methyl-, (5E)-",1117765-92-0|259854-70-1,"259854-70-1|5-Cyclotetradecen-1-one, 3-methyl-, (5E)-|RefChem:535243|620-553-7|5-Cyclotetradecen-1-one,3-methyl-, (5E)-|(5E)-3-METHYLCYCLOTETRADEC-5-EN-1-ONE|SCHEMBL868351|DTXSID60888265|ZFGBKXBPHOUSJX-VQHVLOKHSA-N",Supplier MySkinRecipes CAS 10461-98-0 error,Cosmone from PerfumersWorld,"{'PerfumersWorld': '259854-70-1', 'MySkinRecipes': '10461-98-0'}",https://www.perfumersworld.com/view.php?pro_id=4XU10872
WIP_DISCREPANCY,Floralozone,67634-14-4,105513,"Ethyl 2,2-dimethylhydrocinnamal",67634-15-5|93963-78-1,"3-(4-ethylphenyl)-2,2-dimethylpropanal|Ethyl 2,2-dimethylhydrocinnamal|EINECS 266-819-2|5V2FN5AA3W|Benzenepropanal, 4-ethyl-alpha,alpha-dimethyl-|2,2-Dimethyl-3-(p-ethylphenyl)propanal|alpha,alpha-Dimethyl-p-ethylphenylpropanal|alpha,alpha-Dimethyl-4-ethylbenzenepropanal|SEAWIND ALDEHYDE E|Benzenepropanal, 4-ethyl-.alpha.,.alpha.-dimethyl-","WIP CAS 67634-14-4 not in PubChem ['67634-15-5', '93963-78-1']",Floralozone from PerfumersWorld,"{'PerfumersWorld': '67634-15-5', 'MySkinRecipes': '67634-15-5'}",https://www.perfumersworld.com/view.php?pro_id=4YM00191
WIP_VERIFIED,Scentenal,86803-90-9,163529,Scentenal,86803-90-9,"Scentenal|86803-90-9|AUK25Q8UTG|4,7-Methano-1H-indene-2-carboxaldehyde, octahydro-5-methoxy-|6-Methoxy dicyclopentadiene carboxaldehyde|Octahydro-5-methoxy-4,7-methano-1H-indene-2-carboxaldehyde|8-Methoxytricyclo(5.2.2.1)decane-4-carboxaldehyde|5-METHOXYOCTAHYDRO-1H-4,7-METHANOINDENE-2-CARBOXALDEHYDE|RefChem:884668|429-860-9",,Scentenal from PerfumersWorld,"{'PerfumersWorld': '86803-90-9', 'MySkinRecipes': '86803-90-9'}",https://www.perfumersworld.com/view.php?pro_id=4YM22431
NATURAL_MIXTURE,Spearmint Essential Oil,8008-79-5,,,,,,Spearmint Essential Oil 10% in DPG from PerfumersWorld,"{'PerfumersWorld': '8008-79-5', 'SimpleScentsDIY': ''}",https://www.perfumersworld.com/view.php?pro_id=7BB00414
WIP_VERIFIED,Diacetyl,431-03-8,650,Butanedione,431-03-8|1173018-75-1,"2,3-butanedione|diacetyl|biacetyl|Butane-2,3-dione|431-03-8|dimethylglyoxal|Butanedione|dimethyl diketone|Dimethyl glyoxal|2,3-diketobutane",,Diacetyl 1% in DPG from PerfumersWorld,"{'PerfumersWorld': '431-03-8', 'MySkinRecipes': '431-03-8'}",https://www.perfumersworld.com/view.php?pro_id=9DV00144
WIP_VERIFIED,Ethyl Acetate,141-78-6,8857,Ethyl Acetate,141-78-6,"ETHYL ACETATE|141-78-6|Ethyl ethanoate|Acetic acid ethyl ester|Vinegar naphtha|Acetoxyethane|Acetic ether|Ethyl acetic ester|Acetic acid, ethyl ester|Acetidin",,Ethyl Acetate 10% in DPG from PerfumersWorld,"{'PerfumersWorld': '141-78-6', 'MySkinRecipes': '141-78-6'}",https://www.perfumersworld.com/view.php?pro_id=9FC01313
WIP_VERIFIED,Phenyl Acetaldehyde,122-78-1,998,Phenylacetaldehyde,122-78-1,phenylacetaldehyde|2-phenylacetaldehyde|122-78-1|Benzeneacetaldehyde|alpha-Tolualdehyde|Phenylethanal|2-Phenylethanal|Phenylacetic aldehyde|alpha-Toluic aldehyde|Oxophenylethane,,Phenyl Acetaldehyde 85% in PEA from PerfumersWorld,"{'PerfumersWorld': '122-78-1', 'MySkinRecipes': '122-78-1'}",https://www.perfumersworld.com/view.php?pro_id=5GP07497
WIP_VERIFIED,Galbanum Resinoid,9000-24-2,131750174,Ferula galbaniflua resin,9000-24-2,Ferula resin|Ferula gummosa resin|Ferula galbaniflua resin|Galbanum absolute (Ferula galbaliflua)|9000-24-2|WEFHSZAZNMEWKJ-KEDVMYETSA-N,,Galbanum Resinoid 10% in DPG from PerfumersWorld,"{'PerfumersWorld': '9000-24-2', 'MySkinRecipes': '9000-24-2'}",https://www.perfumersworld.com/view.php?pro_id=2GQ01781
NATURAL_MIXTURE,Mate Absolute,68916-96-1,,,,,,Mate Absolute 10% in DPG from PerfumersWorld,"{'PerfumersWorld': '68916-96-1', 'SimpleScentsDIY': '73296-98-7'}",https://www.perfumersworld.com/view.php?pro_id=8HE00557
WIP_VERIFIED,Aurantiol,89-43-0,98118,Aurantiol,663958-46-1|89-43-0,"Aurantiol|89-43-0|Aurantium|Aurantion|Hydroxycitronellal methyl anthranilate|NSC-78483|UNII-495739WRQE|Methyl N-3,7-dimethyl-7-hydroxyoctylideneanthranilate|495739WRQE|NSC 78483",,Aurantiol (Methyl Anthranilate Schiffs Base) 50% in DPG from PerfumersWorld,"{'PerfumersWorld': '89-43-0', 'MySkinRecipes': '89-43-0'}",https://www.perfumersworld.com/view.php?pro_id=5NC12180
NATURAL_MIXTURE,Hay Absolute,8031-00-3,,,,,,Hay Absolute 10% in DPG from PerfumersWorld,"{'PerfumersWorld': '8031-00-3', 'SimpleScentsDIY': '100209-32-3'}",https://www.perfumersworld.com/view.php?pro_id=8NY00523
WIP_VERIFIED,Guaiacol,90-05-1,460,Guaiacol,9009-62-5|26638-03-9|90-05-1,"guaiacol|2-Methoxyphenol|90-05-1|o-Methoxyphenol|2-Hydroxyanisole|o-Guaiacol|Guaiastil|o-Hydroxyanisole|Phenol, 2-methoxy-|Pyroguaiac acid",,Guaiacol 10% in DPG from PerfumersWorld,"{'PerfumersWorld': '90-05-1', 'MySkinRecipes': '90-05-1'}",https://www.perfumersworld.com/view.php?pro_id=9PT00213
NATURAL_MIXTURE,Birch Tar Oil Rectified,8001-88-5,,,,,,Birch Tar Oil Rectified 10% in DPG from PerfumersWorld,"{'PerfumersWorld': '8001-88-5', 'SimpleScentsDIY': ''}",https://www.perfumersworld.com/view.php?pro_id=7TP00822
WIP_VERIFIED,Indole,120-72-9,798,Indole,120-72-9,"indole|1H-Indole|120-72-9|2,3-Benzopyrrole|Indol|1-Benzazole|Ketole|1-Azaindene|Benzopyrrole|FEMA No. 2593",,Indole 10% in DPG from PerfumersWorld,"{'PerfumersWorld': '120-72-9', 'MySkinRecipes': '120-72-9'}",https://www.perfumersworld.com/view.php?pro_id=9UN00235
WIP_VERIFIED,Skatole,83-34-1,6736,Skatole,83-34-1,"3-METHYLINDOLE|3-Methyl-1H-indole|Skatole|83-34-1|1H-Indole, 3-methyl-|Scatole|Skatol|Indole, 3-methyl-|beta-Methylindole|FEMA No. 3019",,Skatole 1% in DPG from PerfumersWorld,"{'PerfumersWorld': '83-34-1', 'MySkinRecipes': '83-34-1'}",https://www.perfumersworld.com/view.php?pro_id=9UU00413
WIP_DISCREPANCY,Isobutyl Quinoline,65442-31-1,74005,(Isobutyl)quinoline,1333-58-0|7661-51-0,"(Isobutyl)quinoline|Quinoline, (2-methylpropyl)-|EINECS 215-598-0|RefChem:406549|215-598-0|4-Isobutylquinoline|4-(2-methylpropyl)quinoline|1333-58-0|7661-51-0|Quinoline, 4-(2-methylpropyl)-","WIP CAS 65442-31-1 not in PubChem ['1333-58-0', '7661-51-0']; Supplier PerfumersWorld CAS 65442-31-1 error; Supplier MySkinRecipes CAS 65442-31-1 error",Isobutyl Quinoline 10% in DPG from PerfumersWorld,"{'PerfumersWorld': '65442-31-1', 'MySkinRecipes': '65442-31-1'}",https://www.perfumersworld.com/view.php?pro_id=9UP00247
NATURAL_MIXTURE,Cocoa Absolute,8002-31-1,,,,,,Cocoa Absolute 10% in DPG from PerfumersWorld,"{'PerfumersWorld': '8002-31-1', 'MySkinRecipes': ''}",https://www.perfumersworld.com/view.php?pro_id=8VT00635
PROPRIETARY_MIXTURE,Neroli,Mixture,,,,,,Neroli Fleuressence from PerfumersWorld,"{'PerfumersWorld': 'Mixture (Perfume Base)', 'SimpleScentsDIY': ''}",https://www.perfumersworld.com/view.php?pro_id=6CN09093
PROPRIETARY_MIXTURE,Apple,Mixture,,,,,,Apple Fleuressence from PerfumersWorld,"{'PerfumersWorld': 'Mixture (Perfume Base)', 'SimpleScentsDIY': ''}",https://www.perfumersworld.com/view.php?pro_id=6FG07793
PROPRIETARY_MIXTURE,Tuberose,Mixture,,,,,,Tuberose Fleuressence from PerfumersWorld,"{'PerfumersWorld': 'Mixture (Perfume Base)', 'SimpleScentsDIY': ''}",https://www.perfumersworld.com/view.php?pro_id=6ND09418
PROPRIETARY_MIXTURE,Styrax,Mixture,,,,,,Styrax Fleuressence from PerfumersWorld,"{'PerfumersWorld': 'Mixture (Perfume Base)', 'SimpleScentsDIY': ''}",https://www.perfumersworld.com/view.php?pro_id=6QS09084
NATURAL_MIXTURE,Peppermint Essential Oil,8006-90-4,,,,,,Peppermint Essential Oil from PerfumersWorld,"{'PerfumersWorld': '8006-90-4', 'SimpleScentsDIY': ''}",https://www.perfumersworld.com/view.php?pro_id=7BB00360
NATURAL_MIXTURE,Bitter Orange Essential Oil,8008-57-9,,,,,,Bitter Orange Essential Oil from PerfumersWorld,"{'PerfumersWorld': '68916-04-1', 'SimpleScentsDIY': ''}",https://www.perfumersworld.com/view.php?pro_id=7CA00849
NATURAL_MIXTURE,Lemon Essential Oil,8008-56-8,,,,,,Lemon Essential Oil from PerfumersWorld,"{'PerfumersWorld': '84929-31-7', 'SimpleScentsDIY': ''}",https://www.perfumersworld.com/view.php?pro_id=7CC00271
NATURAL_MIXTURE,Lemongrass Essential Oil,8007-02-1,,,,,,Lemongrass Essential Oil from PerfumersWorld,"{'PerfumersWorld': '84238-19-7', 'SimpleScentsDIY': ''}",https://www.perfumersworld.com/view.php?pro_id=7CC00272
NATURAL_MIXTURE,Bergamot Essential Oil,8007-75-8,,,,,,Bergamot Essential Oil from PerfumersWorld,"{'PerfumersWorld': '8007-75-8', 'SimpleScentsDIY': ''}",https://www.perfumersworld.com/view.php?pro_id=7CL00061
NATURAL_MIXTURE,Citronella Essential Oil,8000-29-1,,,,,,Citronella Essential Oil from PerfumersWorld,"{'PerfumersWorld': '8000-29-1', 'SimpleScentsDIY': ''}",https://www.perfumersworld.com/view.php?pro_id=7CR00114
NATURAL_MIXTURE,Rosemary Essential Oil,8000-25-7,,,,,,Rosemary Essential Oil from PerfumersWorld,"{'PerfumersWorld': '8000-25-7', 'SimpleScentsDIY': ''}",https://www.perfumersworld.com/view.php?pro_id=7HB00400
NATURAL_MIXTURE,Lavandin Grosso Essential Oil,8022-15-9,,,,,,Lavandin Grosso Essential Oil from PerfumersWorld,"{'PerfumersWorld': '8022-15-9', 'SimpleScentsDIY': ''}",https://www.perfumersworld.com/view.php?pro_id=7HB07675
NATURAL_MIXTURE,Pine Essential Oil,8021-29-2,,,,,,Pine Essential Oil from PerfumersWorld,"{'PerfumersWorld': '84012-35-1', 'SimpleScentsDIY': ''}",https://www.perfumersworld.com/view.php?pro_id=7KQ07511
NATURAL_MIXTURE,Ginger Essential Oil,8007-08-7,,,,,,Ginger Essential Oil from PerfumersWorld,"{'PerfumersWorld': '84696-15-1', 'SimpleScentsDIY': ''}",https://www.perfumersworld.com/view.php?pro_id=7SC00209
NATURAL_MIXTURE,Nagarmotha Oil,68916-60-9,,,,,,Nagarmotha Oil from PerfumersWorld,"{'PerfumersWorld': '68916-60-9', 'SimpleScentsDIY': ''}",https://www.perfumersworld.com/view.php?pro_id=7WU09815
WIP_VERIFIED,Isoamyl Acetate,123-92-2,31276,Isoamyl Acetate,123-92-2,"ISOAMYL ACETATE|3-Methylbutyl acetate|123-92-2|Isopentyl acetate|Isopentyl ethanoate|Isoamyl ethanoate|3-Methylbutyl ethanoate|Isopentyl alcohol, acetate|3-Methyl-1-butyl acetate|Amylacetic ester",,Isoamyl Acetate from PerfumersWorld,"{'PerfumersWorld': '123-92-2', 'MySkinRecipes': '123-92-2'}",https://www.perfumersworld.com/view.php?pro_id=9FD00245
WIP_VERIFIED,Florhydral,125109-85-5,86209,Florhydral,125109-85-5,"Isopropylphenylbutanal|125109-85-5|Florhydral|3-(3-Isopropylphenyl)butanal|beta-Methyl-3-(1-methylethyl)benzenepropanal|DTXSID7051632|Z92022479Y|Benzenepropanal, beta-methyl-3-(1-methylethyl)-|RefChem:149863|DTXCID8030184",,Florhydral from SimpleScentsDIY,"{'MySkinRecipes': '125109-85-5', 'SimpleScentsDIY': '125109-85-5'}",https://www.myskinrecipes.com/shop/th/green-พืช-ใบไม้เขียว/2636-floral-butanal.html
WIP_DISCREPANCY,Galaxolide,1222-05-05,91497,Galaxolide,1222-05-5,"Galaxolide|1222-05-5|Abbalide|Galoxolide|HHCB|Pearlide|Galaxolide White|hexamethylindanopyran|Cyclopenta[g]-2-benzopyran, 1,3,4,6,7,8-hexahydro-4,6,6,7,8,8-hexamethyl-|Hexahydrohexamethyl cyclopentabenzopyran",WIP CAS 1222-05-05 not in PubChem ['1222-05-5'],Galaxolide 100% (Pure) from SimpleScentsDIY,"{'MySkinRecipes': '1222-05-5', 'SimpleScentsDIY': '1222-05-5'}",https://www.myskinrecipes.com/shop/th/musk-มัสก์/2884-galaxolide-musk-gx.html
WIP_DISCREPANCY,Kohinool,87118-95-4,21909238,"3,5,6,6-Tetramethyl-4-methyleneheptan-2-ol",81787-06-6,"RefChem:486467|3,5,6,6-tetramethyl-4-methyleneheptan-2-ol|Kohinool|81787-06-6|3,5,6,6-tetramethyl-4-methylideneheptan-2-ol|2-Heptanol, 3,5,6,6-tetramethyl-4-methylene-|SCHEMBL112430|KQHNSYOQXVRMSX-UHFFFAOYSA-N|DTXSID201002223",WIP CAS 87118-95-4 not in PubChem ['81787-06-6']; Supplier MySkinRecipes CAS 87118-95-4 error; Supplier SimpleScentsDIY CAS 87118-95-4 error,Kohinool from SimpleScentsDIY,"{'MySkinRecipes': '87118-95-4', 'SimpleScentsDIY': '87118-95-4'}",https://www.myskinrecipes.com/shop/th/wood-ไม้-เปลือกไม้/2866-kohinool-amber-carbinol.html
WIP_VERIFIED,Octahydrocoumarin Bicyclonona Lactone,4430-31-3,20487,Octahydrocoumarin,4430-31-3,"Octahydrocoumarin|4430-31-3|Octahydro-2H-1-benzopyran-2-one|Bicyclononalactone|Cyclohexyllactone|Cyclohexyl lactone|Octahydro-1-benzopyran-2-one|2H-1-Benzopyran-2-one, octahydro-|FEMA No. 3791|COUMARIN, OCTAHYDRO-",,Octahydrocoumarin Bicyclonona Lactone (FEMA 3791),"{'MySkinRecipes': '4430-31-3', 'SimpleScentsDIY': '4430-31-3'}",https://www.myskinrecipes.com/shop/th/dairy-นม-เนย/2517-octahydrocoumarin-bicyclonona-lactone-fema-3791-.html
WIP_VERIFIED,Silvanone Supra,109-29-5,7984,Hexadecanolide,109-29-5,"109-29-5|OXACYCLOHEPTADECAN-2-ONE|Cyclohexadecanolide|hexadecanolactone|Hexadecanolide|Juniperic acid lactone|16-Hexadecanolactone|1,16-Hexadecanolide|DTXSID4047622|64E2HO00C7",,Silvanone Supra from SimpleScentsDIY,"{'MySkinRecipes': '109-29-5', 'SimpleScentsDIY': '109-29-5'}",https://www.myskinrecipes.com/shop/th/musk-มัสก์/2900-silvanone-supra.html
WIP_VERIFIED,Violiff,87731-18-8,5463762,"Carbonic acid, 4-cycloocten-1-yl methyl ester",87731-18-8,"Carbonic acid, 4-cycloocten-1-yl methyl ester|methoxycarbonyloxycyclooct-4-ene|EC 401-620-8|RefChem:574379|401-620-8|87731-18-8|[(4Z)-cyclooct-4-en-1-yl] methyl carbonate|(Z)-cyclooct-4-en-1-yl methyl carbonate|SCHEMBL756915|LDHHCYCOENSXIM-IHWYPQMZSA-N",,Violiff from SimpleScentsDIY,"{'MySkinRecipes': '', 'SimpleScentsDIY': '87731-18-8'}",https://www.myskinrecipes.com/shop/th/iris-ไอริส/2662-violet-methyl-carbonate-violiff.html
NATURAL_MIXTURE,Apricot Oil - Fixed Oil,72869-69-3,,,,,,Apricot Oil - Fixed Oil from PerfumersWorld,{'PerfumersWorld': '68650-44-2'},https://www.perfumersworld.com/view.php?pro_id=0ZA01228
NATURAL_MIXTURE,Evening Primrose Oil - Fixed Oil,90028-66-3,,,,,,Evening Primrose Oil - Fixed Oil from PerfumersWorld,{'PerfumersWorld': '90028-66-3'},https://www.perfumersworld.com/view.php?pro_id=0ZA01393
NATURAL_MIXTURE,Sweet Almond Oil - Fixed Oil,8007-69-0,,,,,,Sweet Almond Oil - Fixed Oil from PerfumersWorld,{'PerfumersWorld': '8007-69-0'},https://www.perfumersworld.com/view.php?pro_id=0ZA01431
NATURAL_MIXTURE,Avocado Oil - Fixed Oil,8024-32-6,,,,,,Avocado Oil - Fixed Oil from PerfumersWorld,{'PerfumersWorld': '8024-32-6'},https://www.perfumersworld.com/view.php?pro_id=0ZA01433
WIP_VERIFIED,Grapeseed Oil - Fixed Oil,8024-22-4,5280450,Linoleic Acid,6144-28-1|60-33-3|80969-37-5|506-21-8|8024-22-4|2197-37-7|85594-37-2,"linoleic acid|60-33-3|Linolic acid|(9Z,12Z)-octadeca-9,12-dienoic acid|Telfairic acid|cis,cis-Linoleic acid|9,12-Linoleic acid|Unifac 6550|Emersol 315|alpha-Linoleic acid",,Grapeseed Oil - Fixed Oil from PerfumersWorld,{'PerfumersWorld': '85594-37-2'},https://www.perfumersworld.com/view.php?pro_id=0ZA01434
NATURAL_MIXTURE,Olive Oil - Fixed Oil,8001-25-0,,,,,,Olive Oil - Fixed Oil from PerfumersWorld,{'PerfumersWorld': '8001-25-0'},https://www.perfumersworld.com/view.php?pro_id=0ZA01437
NATURAL_MIXTURE,Rice Bran Oil - Fixed Oil,68553-81-1,,,,,,Rice Bran Oil - Fixed Oil from PerfumersWorld,{'PerfumersWorld': '68553-81-1'},https://www.perfumersworld.com/view.php?pro_id=0ZA01442
NATURAL_MIXTURE,Jojoba Oil - Fixed Oil,61789-91-1,,,,,,Jojoba Oil - Fixed Oil from PerfumersWorld,{'PerfumersWorld': '90045-98-0'},https://www.perfumersworld.com/view.php?pro_id=0ZA01456
WIP_VERIFIED,Vitamin E Acetate - Fixed Oil,7695-91-2,2117,Dl-alpha-tocopherol acetate,58-95-7|52225-20-4|7695-91-2,"DL-alpha-Tocopherol acetate|52225-20-4|all-rac-alpha-Tocopheryl acetate|(+-)-alpha-Tocopherol acetate|WR1WPI7EW8|Alpha-tocopherol acetate, dl-|[2,5,7,8-tetramethyl-2-(4,8,12-trimethyltridecyl)-3,4-dihydrochromen-6-yl] acetate|Tocopheryl Acetate, dl-Alpha|Alpha-tocopheryl acetate, dl-|J262.912G",,Vitamin E Acetate - Fixed Oil from PerfumersWorld,{'PerfumersWorld': '58-95-7'},https://www.perfumersworld.com/view.php?pro_id=0ZA07519
NATURAL_MIXTURE,Palm Oil Fractionated - Fixed Oil,8002-75-3,,,,,,Palm Oil Fractionated - Fixed Oil (Palm MCT) from PerfumersWorld,{'PerfumersWorld': '8023-79-8'},https://www.perfumersworld.com/view.php?pro_id=0ZA07555
WIP_VERIFIED,Triethyl Citrate,77-93-0,6506,Triethyl Citrate,77-93-0,"TRIETHYL CITRATE|77-93-0|Ethyl citrate|Citroflex 2|Eudraflex|Hydragen CAT|Citric acid, triethyl ester|1,2,3-Propanetricarboxylic acid, 2-hydroxy-, triethyl ester|Triaethylcitrat|FEMA No. 3083",,Triethyl Citrate (TEC) from PerfumersWorld,{'PerfumersWorld': '77-93-0'},https://www.perfumersworld.com/view.php?pro_id=0ZC00449
WIP_VERIFIED,3-Methyl-3-Methoxy Butanol,56539-66-3,62118,Methoxymethylbutanol,56539-66-3,"3-Methoxy-3-methylbutan-1-ol|56539-66-3|3-Methoxy-3-methyl-1-butanol|3-Methyl-3-methoxybutanol|3-Methoxy-3-methylbutanol|METHOXYMETHYLBUTANOL|1-Butanol, 3-methoxy-3-methyl-|Solfit S 110|3-methyl-3-methoxy-1-butanol|3-Methxoy-3-methylbutan-1-ol",,3-Methyl-3-Methoxy Butanol (MMB) from PerfumersWorld,{'PerfumersWorld': '56539-66-3'},https://www.perfumersworld.com/view.php?pro_id=0ZH20962
WIP_VERIFIED,Benzyl Alcohol,100-51-6,244,Benzyl Alcohol,100-51-6|957205-23-1,benzyl alcohol|phenylmethanol|benzenemethanol|100-51-6|phenylcarbinol|Benzoyl alcohol|Benzenecarbinol|Hydroxytoluene|alpha-Toluenol|Phenylmethyl alcohol,,Benzyl Alcohol (BA) from PerfumersWorld,{'PerfumersWorld': '100-51-6'},https://www.perfumersworld.com/view.php?pro_id=0ZN00053
WIP_VERIFIED,Benzyl Benzoate,120-51-4,2345,Benzyl Benzoate,120-51-4,"BENZYL BENZOATE|120-51-4|Ascabiol|Benzoic acid, phenylmethyl ester|Benylate|Novoscabin|Scobenol|Benzoic acid, benzyl ester|Ascabin|Scabiozon",,Benzyl Benzoate (BB) from PerfumersWorld,{'PerfumersWorld': '120-51-4'},https://www.perfumersworld.com/view.php?pro_id=0ZN00054
WIP_VERIFIED,Butylated Hydroxytoluene (BHT) antioxidant,128-37-0,31404,"2,6-Di-tert-butyl-4-methylphenol",128-37-0|950-56-1,"2,6-Di-tert-butyl-4-methylphenol|128-37-0|2,6-Di-tert-butyl-p-cresol|Butylhydroxytoluene|2,6-Di-t-butyl-4-methylphenol|Ionol|Stavox|DBPC|Impruvol|Dalpac",,Butylated Hydroxytoluene (BHT) antioxidant from PerfumersWorld,{'PerfumersWorld': '128-37-0'},https://www.perfumersworld.com/view.php?pro_id=0ZP03359
PROPRIETARY_MIXTURE,Solubilizer,9005-64-5,,,,,,Solubilizer (Polysorbate 20) from PerfumersWorld,{'PerfumersWorld': ''},https://www.perfumersworld.com/view.php?pro_id=0ZS05357
PROPRIETARY_MIXTURE,Solubilizer PWS,Mixture,,,,,,Solubilizer PWS from PerfumersWorld,{'PerfumersWorld': ''},https://www.perfumersworld.com/view.php?pro_id=0ZS07626
PROPRIETARY_MIXTURE,Solubilizer Extra Clear,Mixture,,,,,,Solubilizer Extra Clear from PerfumersWorld,{'PerfumersWorld': ''},https://www.perfumersworld.com/view.php?pro_id=0ZS07781
NATURAL_MIXTURE,Rosemary Antioxidant - Extract,84604-14-8,,,,,,Rosemary Antioxidant - Extract from PerfumersWorld,{'PerfumersWorld': '84604-14-8'},https://www.perfumersworld.com/view.php?pro_id=0ZV01349
NATURAL_MIXTURE,Safflower Oil - Fixed Oil,8001-23-8,,,,,,Safflower Oil - Fixed Oil from PerfumersWorld,{'PerfumersWorld': '8001-23-8'},https://www.perfumersworld.com/view.php?pro_id=0ZV01445
NATURAL_MIXTURE,Sunflower Oil - Fixed Oil,8001-21-6,,,,,,Sunflower Oil - Fixed Oil from PerfumersWorld,{'PerfumersWorld': '8001-21-6'},https://www.perfumersworld.com/view.php?pro_id=0ZV01452
NATURAL_MIXTURE,Virgin Coconut Oil - Fixed Oil,8001-31-8,,,,,,Virgin Coconut Oil - Fixed Oil from PerfumersWorld,{'PerfumersWorld': '8001-31-8'},https://www.perfumersworld.com/view.php?pro_id=0ZV01460
NATURAL_MIXTURE,Coconut Oil Fractionated (Coconut MCT) Fixed Oil,73398-61-5,,,,,,Coconut Oil Fractionated (Coconut MCT) Fixed Oil from PerfumersWorld,{'PerfumersWorld': '8001-31-8'},https://www.perfumersworld.com/view.php?pro_id=0ZV22213
WIP_VERIFIED,Dipropylene Glycol,25265-71-8,134692469,Dipropylene Glycol,25265-71-8|110-98-5,"Dipropylenglykol|4-Oxa-2,6-heptandiol|E107L85C40|EPA Pesticide Chemical Code 068604|RefChem:57330|Abelia seaweed refining mask|Abelia green tea energy mask|Abelia cucumber soothing mask|Abelia lemon brightening mask|Abelia collagen amplifying mask",,Dipropylene Glycol (DPG) from PerfumersWorld,{'PerfumersWorld': '25265-71-8'},https://www.perfumersworld.com/view.php?pro_id=0ZW00165
WIP_VERIFIED,Diethyl Phthalate,84-66-2,6781,Diethyl Phthalate,84-66-2,"DIETHYL PHTHALATE|84-66-2|Ethyl phthalate|phthalic acid diethyl ester|Anozol|Neantine|Phthalol|Solvanol|diethyl benzene-1,2-dicarboxylate|Palatinol A",,Diethyl Phthalate (DEP) from PerfumersWorld,{'PerfumersWorld': '84-66-2'},https://www.perfumersworld.com/view.php?pro_id=0ZX00143
WIP_VERIFIED,Isopropyl Palmitate,142-91-6,8907,Isopropyl Palmitate,142-91-6,"ISOPROPYL PALMITATE|142-91-6|Isopropyl hexadecanoate|Hexadecanoic acid, 1-methylethyl ester|Isopalm|Emerest 2316|Wickenol 111|Deltyl|Isopal|Propal",,Isopropyl Palmitate (IPP) from PerfumersWorld,{'PerfumersWorld': '142-91-6'},https://www.perfumersworld.com/view.php?pro_id=0ZZ00240
NATURAL_MIXTURE,White Mineral Oil - Fixed Oil,8042-47-5,,,,,,White Mineral Oil - Fixed Oil from PerfumersWorld,{'PerfumersWorld': '110-27-0'},https://www.perfumersworld.com/view.php?pro_id=0ZZ07723
WIP_VERIFIED,Myristic Acid,544-63-8,11005,Myristic Acid,544-63-8|32112-52-0|62217-70-3,Tetradecanoic acid|MYRISTIC ACID|544-63-8|n-Tetradecanoic acid|n-Tetradecan-1-oic acid|Crodacid|1-Tridecanecarboxylic acid|n-Tetradecoic acid|Hydrofol acid 1495|Univol U 316S,,Myristic Acid from PerfumersWorld,{'PerfumersWorld': '544-63-8'},https://www.perfumersworld.com/view.php?pro_id=1AA05031
WIP_VERIFIED,Lauric Acid,143-07-7,3893,Lauric Acid,8045-27-0|203714-07-2|7632-48-6|8000-62-2|143-07-7,lauric acid|DODECANOIC ACID|143-07-7|n-Dodecanoic acid|Dodecylic acid|Laurostearic acid|Vulvic acid|Dodecoic acid|Duodecylic acid|1-Undecanecarboxylic acid,,Lauric Acid from PerfumersWorld,{'PerfumersWorld': '143-07-7'},https://www.perfumersworld.com/view.php?pro_id=1AA06214
WIP_VERIFIED,Menthol Crystals,2216-51-5,16666,(-)-Menthol,89-78-1|2216-51-5|1490-04-6|98167-53-4,"l-Menthol|(-)-menthol|2216-51-5|Levomenthol|l-(-)-Menthol|Levomentholum|U.S.P. Menthol|(-)-Menthyl alcohol|(1R)-(-)-Menthol|(-)-(1R,3R,4S)-Menthol",,Menthol Crystals from PerfumersWorld,{'PerfumersWorld': '2216-51-5'},https://www.perfumersworld.com/view.php?pro_id=1BB00290
WIP_VERIFIED,Camphor Powder,76-22-2,2537,Camphor,464-48-2|464-49-3|21368-68-3|76-22-2,"camphor|76-22-2|DL-Camphor|2-Camphanone|2-Bornanone|1,7,7-Trimethylbicyclo[2.2.1]heptan-2-one|Bornan-2-one|21368-68-3|Alphanon|Kampfer",,Camphor Powder from PerfumersWorld,{'PerfumersWorld': '464-49-3'},https://www.perfumersworld.com/view.php?pro_id=1BH00080
WIP_VERIFIED,Nerolin Bromelia,93-18-5,7129,2-Ethoxynaphthalene,93-18-5,"2-ETHOXYNAPHTHALENE|93-18-5|Neroline|Naphthalene, 2-ethoxy-|Nerolin II|Ethyl 2-naphthyl ether|Nerolin new|beta-Naphthyl ethyl ether|Bromelia (compound)|2-Naphthol ethyl ether",,Nerolin Bromelia from PerfumersWorld,{'PerfumersWorld': '93-18-5'},https://www.perfumersworld.com/view.php?pro_id=1CN00320
WIP_VERIFIED,Nerolin Yara yara,93-04-9,7119,2-Methoxynaphthalene,93-04-9,"2-METHOXYNAPHTHALENE|93-04-9|Naphthalene, 2-methoxy-|Nerolin|Methyl 2-naphthyl ether|2-Naphthol methyl ether|beta-Naphthyl methyl ether|beta-Methoxynaphthalene|Nerolin (old)|beta-Naphthol methyl ether",,Nerolin Yara yara from PerfumersWorld,{'PerfumersWorld': '93-04-9'},https://www.perfumersworld.com/view.php?pro_id=1CN00321
WIP_DISCREPANCY,Buccoxime,95962-14-4,166450,"Bicyclo[3.2.1]octan-8-one, 1,5-dimethyl-, oxime",75147-23-8,"1,5-Dimethylbicyclo[3.2.1]octan-8-one oxime|75147-23-8|EINECS 278-079-8|1,5-Dimethylbicyclo(3.2.1)octan-8-one oxime|Bicyclo(3.2.1)octan-8-one, 1,5-dimethyl-, oxime|DTXSID2052495|Bicyclo[3.2.1]octan-8-one, 1,5-dimethyl-, oxime|RefChem:568239|DTXCID9031068|Bicyclo3.2.1octan-8-one, 1,5-dimethyl-, oxime",WIP CAS 95962-14-4 not in PubChem ['75147-23-8'],Buccoxime from PerfumersWorld,{'PerfumersWorld': '75147-23-8'},https://www.perfumersworld.com/view.php?pro_id=1FB00071
WIP_VERIFIED,Oranger Crystals,93-08-3,7122,2-Acetylnaphthalene,93-08-3|1333-52-4,"2-Acetylnaphthalene|2-Acetonaphthone|93-08-3|2'-Acetonaphthone|1-(naphthalen-2-yl)ethanone|Ethanone, 1-(2-naphthalenyl)-|Methyl 2-naphthyl ketone|1-(2-Naphthyl)ethanone|2-Naphthyl methyl ketone|Acetonaphthone",,Oranger Crystals from PerfumersWorld,{'PerfumersWorld': '93-08-3'},https://www.perfumersworld.com/view.php?pro_id=1NC00340
WIP_VERIFIED,para-Cresyl Phenyl Acetate,101-94-0,60997,p-CRESYL PHENYLACETATE,101-94-0,"p-Tolyl phenylacetate|101-94-0|p-Cresyl phenylacetate|BENZENEACETIC ACID, 4-METHYLPHENYL ESTER|Phenylacetic acid, p-tolyl ester|Acetic acid, phenyl-, p-tolyl ester|4-methylphenyl 2-phenylacetate|4-Methylphenyl benzeneacetate|FEMA No. 3077|Cresyl phenylacetate, p-",,para-Cresyl Phenyl Acetate from PerfumersWorld,{'PerfumersWorld': '101-94-0'},https://www.perfumersworld.com/view.php?pro_id=1PF01952
WIP_DISCREPANCY,Phenyl Ethyl Salicylate,87-22-9,15066011,Phenyl ethyl salicylate,,phenyl ethyl salicylate,WIP CAS 87-22-9 not in PubChem []; Supplier PerfumersWorld CAS 87-22-9 error,Phenyl Ethyl Salicylate from PerfumersWorld,{'PerfumersWorld': '87-22-9'},https://www.perfumersworld.com/view.php?pro_id=1RO05275
WIP_VERIFIED,Rosone Rose Crystals,90-17-5,7007,Rosacetol,90-17-5,"2,2,2-Trichloro-1-phenylethyl acetate|90-17-5|Rosacetol|Rose crystals|alpha-(Trichloromethyl)benzyl acetate|Rosephenone|Trichloromethylphenylcarbinyl acetate|Trichlor phenyl methyl carbinyl acetate|NSC 165582|EINECS 201-972-0",,Rosone Rose Crystals from PerfumersWorld,{'PerfumersWorld': '90-17-5'},https://www.perfumersworld.com/view.php?pro_id=1RP05672
WIP_VERIFIED,Acetyl Isoeugenol,93-29-8,876160,Isoeugenyl acetate,5912-87-8|93-29-8,Acetylisoeugenol|Isoeugenyl acetate|Isoeugenol acetate|5912-87-8|Acetisoeugenol|Acetyl isoeugenol|(E)-isoeugenyl acetate|2-methoxy-4-(prop-1-en-1-yl)phenyl acetate|2-Methoxy-4-propenylphenyl acetate|trans-Isoeugenol acetate,,Acetyl Isoeugenol from PerfumersWorld,{'PerfumersWorld': '93-29-8'},https://www.perfumersworld.com/view.php?pro_id=1SP00011
WIP_VERIFIED,Ambrox Super,6790-58-5,10857465,(-)-Ambroxide,100679-85-4|6790-58-5,"(-)-Ambroxide|6790-58-5|Ambroxide|Ambroxan|(-)-ambrox|Ambroxide, (-)-|K60YJF1E9A|(3aR,5aS,9aS,9bR)-3a,6,6,9a-tetramethyldodecahydronaphtho[2,1-b]furan|AMBERMOX|AMBROFIX",,Ambrox Super from PerfumersWorld,{'PerfumersWorld': '6790-58-5'},https://www.perfumersworld.com/view.php?pro_id=1UW00035
WIP_VERIFIED,Ambrofix,6790-58-5,10857465,(-)-Ambroxide,100679-85-4|6790-58-5,"(-)-Ambroxide|6790-58-5|Ambroxide|Ambroxan|(-)-ambrox|Ambroxide, (-)-|K60YJF1E9A|(3aR,5aS,9aS,9bR)-3a,6,6,9a-tetramethyldodecahydronaphtho[2,1-b]furan|AMBERMOX|AMBROFIX",,Ambrofix from PerfumersWorld,{'PerfumersWorld': '6790-58-5'},https://www.perfumersworld.com/view.php?pro_id=1UW16861
WIP_VERIFIED,6-Methyl Coumarin,92-48-8,7092,6-Methylcoumarin,92-48-8,"6-Methylcoumarin|92-48-8|6-Methyl-2H-chromen-2-one|Toncarine|6-Methyl coumarin|6-Methylbenzopyrone|Coumarin, 6-methyl-|6-Methylcoumarinic anhydride|METHYL COUMARIN|Cocodescol",,6-Methyl Coumarin from PerfumersWorld,{'PerfumersWorld': ''},https://www.perfumersworld.com/view.php?pro_id=1VD00002
WIP_VERIFIED,Maple Lactone,80-71-7,6660,2-Hydroxy-3-methyl-2-cyclopenten-1-one,80-71-7,"80-71-7|Cyclotene|Corylone|2-HYDROXY-3-METHYL-2-CYCLOPENTEN-1-ONE|2-hydroxy-3-methylcyclopent-2-en-1-one|Cycloten|2-Cyclopenten-1-one, 2-hydroxy-3-methyl-|Methylcyclopentenolone|Cyclotene (ordorant)|2-Hydroxy-1-methylcyclopenten-3-one",,Maple Lactone from PerfumersWorld,{'PerfumersWorld': '80-71-7'},https://www.perfumersworld.com/view.php?pro_id=1VE00286
NATURAL_MIXTURE,Cocoa CO2 Extract,84649-99-0,,,,,,Cocoa CO2 Extract from PerfumersWorld,{'PerfumersWorld': '84649-99-0'},https://www.perfumersworld.com/view.php?pro_id=1VT23924
WIP_DISCREPANCY,Cedrenyl Acetate,77-54-3,102120,Cedrenyl acetate,1405-92-1,"Cedrenyl acetate|Cedrenol, acetate|EINECS 215-789-9|1H-3a,7-Methanoazulene-6-methanol, 2,3,4,7,8,8a-hexahydro-3,8,8-trimethyl-, 6-acetate, (3R,3aS,7R,8aS)-|RefChem:574956|Cedrenol, acetate (8CI)|1405-92-1|[(1S,2R,5S,7R)-2,6,6-trimethyl-8-tricyclo[5.3.1.01,5]undec-8-enyl]methyl acetate|cedr-8-en-15-yl acetate|SCHEMBL2574341",WIP CAS 77-54-3 not in PubChem ['1405-92-1'],Cedrenyl Acetate from PerfumersWorld,{'PerfumersWorld': '1405-92-1'},https://www.perfumersworld.com/view.php?pro_id=1WW00096
WIP_VERIFIED,Citric Acid,77-92-9,311,Citric Acid,77-92-9|60267-61-0,"citric acid|77-92-9|2-hydroxypropane-1,2,3-tricarboxylic acid|Citric acid, anhydrous|Aciletten|Anhydrous citric acid|Citro|Citretten|Citric acid anhydrous|Chemfill",,Citric Acid from PerfumersWorld,{'PerfumersWorld': '77-92-9'},https://www.perfumersworld.com/view.php?pro_id=1ZX03525
DATA_GAP,Elemi Gum,9000-75-3,,,,,,Elemi Gum from PerfumersWorld,{'PerfumersWorld': '8023-89-0'},https://www.perfumersworld.com/view.php?pro_id=2CQ00168
WIP_VERIFIED,Aurantiol - Methyl Anthranilate Schiffs,89-43-0,98118,Aurantiol,663958-46-1|89-43-0,"Aurantiol|89-43-0|Aurantium|Aurantion|Hydroxycitronellal methyl anthranilate|NSC-78483|UNII-495739WRQE|Methyl N-3,7-dimethyl-7-hydroxyoctylideneanthranilate|495739WRQE|NSC 78483",,Aurantiol - Methyl Anthranilate Schiffs Base from PerfumersWorld,{'PerfumersWorld': '89-43-0'},https://www.perfumersworld.com/view.php?pro_id=2NC00409
NATURAL_MIXTURE,Opoponax Resinoid,9000-78-6,,,,,,Opoponax Resinoid from PerfumersWorld,{'PerfumersWorld': '9000-78-6'},https://www.perfumersworld.com/view.php?pro_id=2QC00337
NATURAL_MIXTURE,Olibanum Resinoid Absolute - Solid,8016-36-2,,,,,,Olibanum Resinoid Absolute - Solid from PerfumersWorld,{'PerfumersWorld': '8016-36-2'},https://www.perfumersworld.com/view.php?pro_id=2QK00334
SUPPLIER_MISMATCH,Olibanum Resinoid,8050-07-5,4197136,"6-Amino-4-(hydroxymethyl)cyclohex-4-ene-1,2,3-triol",8050-07-5,"6-amino-4-(hydroxymethyl)cyclohex-4-ene-1,2,3-triol|8050-07-5|SCHEMBL352747|XPHOBMULWMGEBA-UHFFFAOYSA-N|SB47811|DB-017909",Supplier PerfumersWorld CAS 8016-36-2 error,Olibanum Resinoid (Viscous) from PerfumersWorld,{'PerfumersWorld': '8016-36-2'},https://www.perfumersworld.com/view.php?pro_id=2QK21856
NATURAL_MIXTURE,Styrax Resinoid,9000-74-2,,,,,,Styrax Resinoid from PerfumersWorld,{'PerfumersWorld': '8096-19-3'},https://www.perfumersworld.com/view.php?pro_id=2QS00421
NATURAL_MIXTURE,Benzoin Siam Resinoid,9000-72-0,,,,,,Benzoin Siam Resinoid from PerfumersWorld,{'PerfumersWorld': '9000-72-0'},https://www.perfumersworld.com/view.php?pro_id=2QV00050
NATURAL_MIXTURE,Peru Balsam Resinoid,8007-00-9,,,,,,Peru Balsam Resinoid from PerfumersWorld,{'PerfumersWorld': '8007-00-9'},https://www.perfumersworld.com/view.php?pro_id=2QV00363
NATURAL_MIXTURE,Tolu Balsam Resinoid,9000-64-0,,,,,,Tolu Balsam Resinoid from PerfumersWorld,{'PerfumersWorld': '8016-26-0'},https://www.perfumersworld.com/view.php?pro_id=2QV00443
NATURAL_MIXTURE,Benzoin Sumatra Resinoid,9000-73-1,,,,,,Benzoin Sumatra Resinoid from PerfumersWorld,{'PerfumersWorld': '9000-05-9'},https://www.perfumersworld.com/view.php?pro_id=2QV08253
DATA_GAP,Benjoin Laos Matured,9000-05-9,,,,,,Benjoin Laos Matured from PerfumersWorld,{'PerfumersWorld': '9000-72-0'},https://www.perfumersworld.com/view.php?pro_id=2QV23712
PROPRIETARY_MIXTURE,Tonkarome,Mixture,,,,,,Tonkarome from PerfumersWorld,{'PerfumersWorld': ''},https://www.perfumersworld.com/view.php?pro_id=2QV23715
WIP_DISCREPANCY,Benzyl Cinnamate,103-41-3,5273469,,103-41-3,"BENZYL CINNAMATE|103-41-3|Cinnamein|Benzyl 3-phenylpropenoate|benzyl (E)-3-phenylprop-2-enoate|trans-Cinnamic acid benzyl ester|Cinnamic acid, benzyl ester|Benzylcinnamate|Benzyl alcohol, cinnamic ester|FEMA No. 2142",,Benzyl Cinnamate from PerfumersWorld,{'PerfumersWorld': '103-41-3'},https://www.perfumersworld.com/view.php?pro_id=2SQ00056
WIP_DISCREPANCY,Cinnamyl Alcohol,104-54-1,5315892,,104-54-1,cinnamyl alcohol|104-54-1|3-PHENYL-2-PROPEN-1-OL|cinnamic alcohol|(E)-3-phenylprop-2-en-1-ol|(E)-cinnamyl alcohol|Styryl carbinol|Styrone|3-Phenylallyl alcohol|Styryl alcohol,,Cinnamyl Alcohol from PerfumersWorld,{'PerfumersWorld': '104-54-1'},https://www.perfumersworld.com/view.php?pro_id=2SV00105
NATURAL_MIXTURE,Labdanum Resinoid,89997-74-0,,,,,,Labdanum Resinoid from PerfumersWorld,{'PerfumersWorld': '8016-26-0'},https://www.perfumersworld.com/view.php?pro_id=2UQ00264
WIP_DISCREPANCY,Dihydro Coumarin,119-84-6,660,,119-84-6,"dihydrocoumarin|3,4-dihydrocoumarin|119-84-6|hydrocoumarin|Benzodihydropyrone|melilotin|2-chromanone|1,2-benzodihydropyrone|melilotic lactone|Melilotine",,Dihydro Coumarin from PerfumersWorld,{'PerfumersWorld': '119-84-6'},https://www.perfumersworld.com/view.php?pro_id=2VD00148
WIP_DISCREPANCY,Musk Concentrate,Mixture,91497,,1222-05-5,"Galaxolide|1222-05-5|Abbalide|Galoxolide|HHCB|Pearlide|Galaxolide White|hexamethylindanopyran|Cyclopenta[g]-2-benzopyran, 1,3,4,6,7,8-hexahydro-4,6,6,7,8,8-hexamethyl-|Hexahydrohexamethyl cyclopentabenzopyran",,Musk Concentrate from PerfumersWorld,{'PerfumersWorld': '1222-05-5'},https://www.perfumersworld.com/view.php?pro_id=2XA09558
WIP_DISCREPANCY,Exaltolide Pentadecanolide,106-02-5,235414,,106-02-5,Oxacyclohexadecan-2-one|106-02-5|Cyclopentadecanolide|Exaltolide|Pentalide|Pentadecan-15-olide|Muskolactone|Thibetolide|PENTADECALACTONE|omega-Pentadecalactone,,Exaltolide Pentadecanolide from PerfumersWorld,{'PerfumersWorld': '106-02-5'},https://www.perfumersworld.com/view.php?pro_id=2XX00186
WIP_DISCREPANCY,Macrolide,105-95-3,235414,,106-02-5,Oxacyclohexadecan-2-one|106-02-5|Cyclopentadecanolide|Exaltolide|Pentalide|Pentadecan-15-olide|Muskolactone|Thibetolide|PENTADECALACTONE|omega-Pentadecalactone,,Macrolide from PerfumersWorld,{'PerfumersWorld': '106-02-5'},https://www.perfumersworld.com/view.php?pro_id=2XX14556
NATURAL_MIXTURE,Oakmoss Resinoid - IFRA Low Atranol,90028-68-5,,,,,,Oakmoss Resinoid - IFRA Low Atranol from PerfumersWorld,{'PerfumersWorld': '9000-50-4'},https://www.perfumersworld.com/view.php?pro_id=2YQ00329
WIP_DISCREPANCY,Decanol,112-30-1,8174,,112-30-1,1-DECANOL|Decyl alcohol|Decan-1-ol|112-30-1|n-Decyl alcohol|n-Decanol|Capric alcohol|Nonylcarbinol|Antak|Royaltac,,Decanol (Alcohol C-10) from PerfumersWorld,{'PerfumersWorld': '112-30-1'},https://www.perfumersworld.com/view.php?pro_id=3AC00014
WIP_DISCREPANCY,Dodecyl Nitrile,2437-25-4,17092,,2437-25-4,Dodecanenitrile|2437-25-4|TL45I6761P|NSC-1804|RefChem:135430|219-440-1|LAURONITRILE|Undecyl cyanide|n-Undecyl cyanide|Dodecanonitrile,,Dodecyl Nitrile from PerfumersWorld,{'PerfumersWorld': '2437-25-4'},https://www.perfumersworld.com/view.php?pro_id=3AC03955
WIP_DISCREPANCY,Alcohol C-9,143-08-8,8914,,143-08-8,1-Nonanol|Nonan-1-ol|143-08-8|NONYL ALCOHOL|Pelargonic alcohol|n-Nonyl alcohol|n-Nonanol|Nonalol|1-Hydroxynonane|Octyl carbinol,,Alcohol C-9 from PerfumersWorld,{'PerfumersWorld': '143-08-8'},https://www.perfumersworld.com/view.php?pro_id=3AD00017
WIP_DISCREPANCY,Alcohol C-8 Octanol,111-87-5,957,,111-87-5,1-octanol|Octan-1-ol|N-octanol|111-87-5|Octyl alcohol|caprylic alcohol|n-Octyl alcohol|Heptyl carbinol|1-Hydroxyoctane|Octilin,,Alcohol C-8 Octanol from PerfumersWorld,{'PerfumersWorld': '111-87-5'},https://www.perfumersworld.com/view.php?pro_id=3AD13388
WIP_DISCREPANCY,Alcohol C-7 Heptanol,111-70-6,8129,,111-70-6,1-HEPTANOL|Heptan-1-ol|Heptyl alcohol|Heptanol|n-Heptanol|Enanthic alcohol|Hydroxy heptane|Hydroxyheptane|Hexyl carbinol|C7 alcohol,,Alcohol C-7 Heptanol from PerfumersWorld,{'PerfumersWorld': '111-70-6'},https://www.perfumersworld.com/view.php?pro_id=3AE13387
WIP_DISCREPANCY,Lemonile,61792-11-8,112446,,61792-11-8,"3,7-Dimethylnona-2,6-dienenitrile|Lemonile|3,7-Dimethyl-2,6-nonadienenitrile|2,6-Nonadienenitrile, 3,7-dimethyl-|EINECS 263-214-5|UNII-B8MK5EZU56|B8MK5EZU56|DTXSID1052296|EC 263-214-5|RefChem:91882",,Lemonile from PerfumersWorld,{'PerfumersWorld': '61792-11-8'},https://www.perfumersworld.com/view.php?pro_id=3CC06770
WIP_DISCREPANCY,Dihydro Myrcenol,18479-58-8,29096,,18479-58-8,"Dihydromyrcenol|2,6-Dimethyloct-7-en-2-ol|2,6-Dimethyl-7-octen-2-ol|7-OCTEN-2-OL, 2,6-DIMETHYL-|1,1,5-trimethyl-6-heptenol|DTXSID8029317|BRN 1840872|EINECS 242-362-4|EINECS 246-787-6|UNII-46L1B02ND9",,Dihydro Myrcenol from PerfumersWorld,{'PerfumersWorld': '18479-58-8'},https://www.perfumersworld.com/view.php?pro_id=3CK00150
WIP_DISCREPANCY,D-Limonene,5989-27-5,440917,,5989-27-5,D-Limonene|5989-27-5|(+)-Limonene|(R)-(+)-Limonene|(D)-Limonene|(+)-(4R)-Limonene|(4R)-Limonene|(R)-4-Isopropenyl-1-methyl-1-cyclohexene|D-(+)-Limonene|(+)-Dipentene,,D-Limonene from PerfumersWorld,{'PerfumersWorld': '5989-27-5'},https://www.perfumersworld.com/view.php?pro_id=3CQ00276
WIP_DISCREPANCY,Apritone,68133-79-9,6437428,,68133-79-9,"2-(3,7-Dimethyl-2,6-octadienyl)cyclopentanone|FEMA No. 3829|TNV73M6I50|RefChem:454792|Apritone|68133-79-9|Geranylcyclopentanone|Decenyl cyclopentanone|2-[(2E)-3,7-dimethylocta-2,6-dienyl]cyclopentan-1-one|EINECS 268-706-3",,Apritone from PerfumersWorld,{'PerfumersWorld': '68133-79-9'},https://www.perfumersworld.com/view.php?pro_id=3FD06779
WIP_DISCREPANCY,Diethyl Malonate,105-53-3,7761,,105-53-3,"DIETHYL MALONATE|105-53-3|Diethyl propanedioate|Ethyl malonate|Malonic ester|Propanedioic acid, diethyl ester|Carbethoxyacetic ester|Malonic acid, diethyl ester|Dicarbethoxymethane|1,3-diethyl propanedioate",,Diethyl Malonate from PerfumersWorld,{'PerfumersWorld': '105-53-3'},https://www.perfumersworld.com/view.php?pro_id=3FG00145
WIP_DISCREPANCY,Fructone B,6413-10-1,95392,,6290-17-1,"6290-17-1|ethyl 2-(2,4-dimethyl-1,3-dioxolan-2-yl)acetate|Ethyl acetoacetate propylene glycol ketal|Ethyl 2,4-dimethyl-1,3-dioxolane-2-acetate|1,3-Dioxolane-2-acetic acid, 2,4-dimethyl-, ethyl ester|DTXSID4047549|UNII-087792Q4F6|NSC 6547|EINECS 228-536-2|Acetoacetic acid, ethyl ester, 1,2-propylene ketal",,Fructone B from PerfumersWorld,{'PerfumersWorld': '6290-17-1'},https://www.perfumersworld.com/view.php?pro_id=3FG00196
WIP_DISCREPANCY,Ethyl Levulinate,539-88-8,10883,,539-88-8,"ETHYL LEVULINATE|Ethyl 4-oxopentanoate|539-88-8|Ethyl 4-ketovalerate|Ethyl 4-oxovalerate|Levulinic acid, ethyl ester|Pentanoic acid, 4-oxo-, ethyl ester|Ethyl acetylpropanoate|FEMA No. 2442|DTXSID8047058",,Ethyl Levulinate from PerfumersWorld,{'PerfumersWorld': '539-88-8'},https://www.perfumersworld.com/view.php?pro_id=3FH04104
WIP_DISCREPANCY,Rhubofix,41816-03-09,94522,,41816-03-9,"Rhubofix|Spiro(1,4-methanonaphthalene-2(1H),2'-oxirane), 3,4,4a,5,8,8a-hexahydro-3',7-dimethyl-|EINECS 255-560-0|DTXSID6052089|3,4,4a,5,8,8a-Hexahydro-3',7'-dimethylspiro[1,4-methanonaphthalene-2(1H),2'-oxirane]|3,4,4a,5,8,8a-Hexahydro-3',7 (or 6)-dimethylspiro(1,4-methanonaphthalene-2(1H),2'-oxirane)|3,4,4a,5,8,8a-Hexahydro-3',7-dimethylspiro[1,4-methanonaphthalene-2(1H),2'-oxirane]|Spiro[1,4-methanonaphthalene-2(1H),2'-oxirane], 3,4,4a,5,8,8a-hexahydro-3',7-dimethyl-|3,4,4a,5,8,8a-Hexahydro-3',7'-dimethylspiro(1,4-methanonaphthalene-2(1H),2'-oxirane)|3,4,4a,5,8,8a-Hexahydro-3',7-dimethylspiro(1,4-methanonaphthalene-2(1H),2'-oxirane)",,Rhubofix from PerfumersWorld,{'PerfumersWorld': '41816-03-9'},https://www.perfumersworld.com/view.php?pro_id=3FL06757
WIP_DISCREPANCY,Galbex183,68901-15-5,637566,,106-24-1,"GERANIOL|106-24-1|Geranyl alcohol|Lemonol|trans-Geraniol|(E)-3,7-Dimethylocta-2,6-dien-1-ol|(E)-Geraniol|(2E)-3,7-dimethylocta-2,6-dien-1-ol|beta-Geraniol|Geraniol alcohol",,Galbex183 from PerfumersWorld,{'PerfumersWorld': '106-24-1'},https://www.perfumersworld.com/view.php?pro_id=3GF19243
WIP_DISCREPANCY,cis-3 Hexenyl Benzoate,25152-85-6,5367706,,25152-85-6,"cis-3-Hexenyl benzoate|25152-85-6|(3Z)-Hex-3-en-1-yl benzoate|(Z)-3-Hexenyl benzoate|FEMA No. 3688|3-Hexenyl benzoate, (Z)-|3-Hexen-1-ol, benzoate, (Z)-|3-Hexenyl benzoate, cis-|(Z)-Hex-3-enyl benzoate|3-Hexenyl benzoate, (3Z)-",,cis-3 Hexenyl Benzoate from PerfumersWorld,{'PerfumersWorld': '25152-85-6'},https://www.perfumersworld.com/view.php?pro_id=3GN00227
WIP_DISCREPANCY,cis-3 Hexenyl Salicylate,65405-77-8,6021887,,65405-77-8,"3-Hexenyl salicylate|65405-77-8|C78Y9OR6YH|2-Hydroxybenzoic acid, (Z)-3-hexenyl ester|FEMA NO. 4750|3-HEXENYL SALICYLATE, CIS-|3Z-HEXENYL 2-HYDROXYBENZOATE|2-HYDROXYBENZOIC ACID 3Z-HEXENYL ESTER|((E)-hex-3-enyl) 2-hydroxybenzoate|RefChem:918699",,cis-3 Hexenyl Salicylate from PerfumersWorld,{'PerfumersWorld': '65405-77-8'},https://www.perfumersworld.com/view.php?pro_id=3GO00229
PROPRIETARY_MIXTURE,Ivybase,Mixture,,,,,,Ivybase from PerfumersWorld,{'PerfumersWorld': ''},https://www.perfumersworld.com/view.php?pro_id=3GS16129
WIP_DISCREPANCY,Orivone,16587-71-6,27941,,16587-71-6,"16587-71-6|4-tert-Pentylcyclohexanone|4-tert-Amylcyclohexanone|Cyclohexanone, 4-(1,1-dimethylpropyl)-|4-(1,1-Dimethylpropyl)cyclohexanone|Orivone|CYCLOHEXANONE, 4-tert-PENTYL-|4-(tert-Pentyl)-cyclohexanone|NSC 21167|DTXSID4047127",,Orivone from PerfumersWorld,{'PerfumersWorld': '16587-71-6'},https://www.perfumersworld.com/view.php?pro_id=3IA00343
WIP_DISCREPANCY,Irotyl,1335-46-2,102916,,2983-37-1,"Ethyl 2-ethylhexanoate|Ethyl 2-ethylcaproate|Hexanoic acid, 2-ethyl-, ethyl ester|orris capronate|UNII-G42R59N31I|G42R59N31I|Ethylalpha-ethylhexanoate|EINECS 221-043-3|Ethyl.alpha.-ethylhexanoate|AI3-33644",,Irotyl from PerfumersWorld,{'PerfumersWorld': '2983-37-1'},https://www.perfumersworld.com/view.php?pro_id=3IA06874
WIP_DISCREPANCY,Alpha Ionone,127-41-3,5282108,,127-41-3,"ALPHA-IONONE|127-41-3|(E)-4-(2,6,6-trimethylcyclohex-2-en-1-yl)but-3-en-2-one|(E)-alpha-Ionone|trans-alpha-Ionone|alpha-(E)-ionone|alpha-Ionon|(3E)-4-(2,6,6-trimethylcyclohex-2-en-1-yl)but-3-en-2-one|FEMA No. 2594|alpha-Cyclocitrylideneacetone",,Alpha Ionone from PerfumersWorld,{'PerfumersWorld': '127-41-3'},https://www.perfumersworld.com/view.php?pro_id=3IF00237
WIP_DISCREPANCY,Dihydro Beta Ionone,17283-81-7,519382,,17283-81-7,"Dihydro-beta-ionone|17283-81-7|FEMA No. 3626|2-Butanone, 4-(2,6,6-trimethyl-1-cyclohexen-1-yl)-|4-(2,6,6-Trimethyl-1-cyclohexenyl)-2-butanone|710YK6CESE|EINECS 241-318-1|Dihydro-.beta.-ionone|DTXSID4047200|AI3-32482",,Dihydro Beta Ionone from PerfumersWorld,{'PerfumersWorld': '17283-81-7'},https://www.perfumersworld.com/view.php?pro_id=3IL00153
WIP_DISCREPANCY,Alpha Isomethyl Ionone,127-51-5,5372174,,127-51-5,"3-Methyl-4-(2,6,6-trimethyl-2-cyclohexen-1-yl)-3-buten-2-one|(3E)-3-methyl-4-(2,6,6-trimethylcyclohex-2-en-1-yl)but-3-en-2-one|RefChem:1068240|204-846-3|Alpha-isomethylionone|127-51-5|Cetone alpha|Isomethyl-alpha-ionone|alpha-iso-Methylionone|Isonaline 70",,Alpha Isomethyl Ionone from PerfumersWorld,{'PerfumersWorld': '127-51-5'},https://www.perfumersworld.com/view.php?pro_id=3IW00300
WIP_DISCREPANCY,Jasmin Lactone,32764-98-0,118178,,34686-71-0,6-pent-2-enyloxan-2-one|34686-71-0|Tetrahydro-6-(2-pentenyl)-2H-pyran-2-one|RefChem:384162|252-148-2|7-decen-5-olide|6-(pent-2-en-1-yl)oxan-2-one|6-pent-2-enyltetrahydropyran-2-one|SCHEMBL919914|DTXSID5051492,,Jasmin Lactone from PerfumersWorld,{'PerfumersWorld': '34686-71-0'},https://www.perfumersworld.com/view.php?pro_id=3JF07351
WIP_DISCREPANCY,Amyl Cinnamic Aldehyde,122-40-7,31209,,122-40-7,"alpha-Amylcinnamaldehyde|122-40-7|Amylcinnamaldehyde|DTXSID8029157|Heptanal, 2-(phenylmethylene)-|FEMA No. 2061|DTXCID409157|NSC-6649|RefChem:1076959|2-(Phenylmethylene)-Heptanal",,Amyl Cinnamic Aldehyde (ACA) from PerfumersWorld,{'PerfumersWorld': '122-40-7'},https://www.perfumersworld.com/view.php?pro_id=3JJ00005
WIP_DISCREPANCY,Hexyl Cinnamic Aldehyde,101-86-0,1550884,,101-86-0,"alpha-Hexylcinnamaldehyde|101-86-0|(2E)-2-benzylideneoctanal|2-Benzylideneoctanal|alpha-Hexylcinnamic aldehyde|alpha-Hexylcinnamyl aldehyde|alpha-Hexyl-beta-phenylacrolein|CHEBI:55365|alpha-n-Hexyl-beta-phenylacrolein|Octanal, 2-(phenylmethylene)-",,Hexyl Cinnamic Aldehyde (HCA) from PerfumersWorld,{'PerfumersWorld': '101-86-0'},https://www.perfumersworld.com/view.php?pro_id=3JJ00217
WIP_DISCREPANCY,Jessemal Jasmonyl,18871-14-2,86799,,18871-14-2,"18871-14-2|Jasmopyrane|Tetrahydro-3-pentyl-2H-pyran-4-yl acetate|Pentitol, 1,5-anhydro-2,4-dideoxy-2-pentyl-, 3-acetate|2H-Pyran-4-ol, tetrahydro-3-pentyl-, acetate|3-Amyl-4-acetoxytetrahydropyran|4-Acetoxy-3-pentyltetrahydropyran|DTXSID7044556|30E3255185|JASMOPYRANE FORTE",,Jessemal Jasmonyl from PerfumersWorld,{'PerfumersWorld': '18871-14-2'},https://www.perfumersworld.com/view.php?pro_id=3JN00258
WIP_DISCREPANCY,Beta Pinene,127-91-3,14896,,127-91-3,"BETA-PINENE|127-91-3|Nopinene|2(10)-Pinene|Terbenthene|Terebenthene|6,6-Dimethyl-2-methylenebicyclo[3.1.1]heptane|6,6-dimethyl-2-methylidenebicyclo[3.1.1]heptane|Pin-2(10)-ene|Pseudopinen",,Beta Pinene from PerfumersWorld,{'PerfumersWorld': '127-91-3'},https://www.perfumersworld.com/view.php?pro_id=3KC00386
WIP_DISCREPANCY,Alpha Pinene,80-56-8,6654,,80-56-8,"ALPHA-PINENE|80-56-8|2,6,6-Trimethylbicyclo[3.1.1]hept-2-ene|Acintene A|pin-2(3)-ene|alfa-Pinene|Sylvapine A|PINENE, ALPHA|DTXSID4026501|Leavo-95",,Alpha Pinene from PerfumersWorld,{'PerfumersWorld': '80-56-8'},https://www.perfumersworld.com/view.php?pro_id=3KC14406
WIP_DISCREPANCY,Isobornyl Acetate,125-12-2,637531,,125-12-2,"Isobornyl acetate|125-12-2|Pichtosin|FEMA No. 2160|2-Bornyl acetate, exo-|2-Camphanyl acetate, exo-|Acetic acid, isobornyl ester|Pichtosine|54T6CCU09Z|Bicyclo[2.2.1]heptan-2-ol, 1,7,7-trimethyl-, 2-acetate, (1R,2R,4R)-rel-",,Isobornyl Acetate from PerfumersWorld,{'PerfumersWorld': '125-12-2'},https://www.perfumersworld.com/view.php?pro_id=3KH00065
WIP_DISCREPANCY,Dihydro Terpinyl Acetate,80-25-1,6631,,80-25-1,"Dihydroterpinyl acetate|p-Menthan-8-yl acetate|58985-18-5|Terpineol, dihydro-, acetate|RefChem:1083624|261-543-9|80-25-1|2-(4-methylcyclohexyl)propan-2-yl acetate|Dihydro-alpha-terpinyl acetate|Dihydroterpineol acetate",,Dihydro Terpinyl Acetate from PerfumersWorld,{'PerfumersWorld': '80-25-1'},https://www.perfumersworld.com/view.php?pro_id=3KL00152
WIP_DISCREPANCY,Alpha Terpineol,98-55-5,17100,,98-55-5,alpha-TERPINEOL|98-55-5|2-(4-methylcyclohex-3-en-1-yl)propan-2-ol|p-Menth-1-en-8-ol|1-p-Menthen-8-ol|Terpineol 350|alpha-Terpinenol|Terpenol|1-Menthene-8-ol|Terpineol schlechthin,,Alpha Terpineol from PerfumersWorld,{'PerfumersWorld': '98-55-5'},https://www.perfumersworld.com/view.php?pro_id=3KL00430
WIP_DISCREPANCY,Dimethyl Benzyl Carbinyl Acetate,151-05-3,9024,,151-05-3,"151-05-3|Dimethylbenzylcarbinyl acetate|Dimethyl benzyl carbinyl acetate|1,1-Dimethyl-2-phenylethyl acetate|Benzyldimethylcarbinyl acetate|Benzyldimethylcarbinol acetate|Dimethylbenzylcarbinol acetate|alpha,alpha-Dimethylphenethyl acetate|Benzyl dimethyl carbinyl acetate|2-Benzyl-2-propyl acetate",,Dimethyl Benzyl Carbinyl Acetate from PerfumersWorld,{'PerfumersWorld': '151-05-3'},https://www.perfumersworld.com/view.php?pro_id=3LF00157
WIP_DISCREPANCY,Linalyl Acetate,115-95-7,8294,,115-95-7,"LINALYL ACETATE|115-95-7|Linalool acetate|Bergamiol|Bergamol|3,7-dimethylocta-1,6-dien-3-yl acetate|Lynalyl acetate|Linalol acetate|Licareol acetate|Acetic acid linalool ester",,Linalyl Acetate from PerfumersWorld,{'PerfumersWorld': '115-95-7'},https://www.perfumersworld.com/view.php?pro_id=3LF00279
WIP_DISCREPANCY,Methyl Hexyl Ketone,111-13-7,8093,,111-13-7,2-OCTANONE|Octan-2-one|111-13-7|Hexyl methyl ketone|Methyl hexyl ketone|n-Hexyl methyl ketone|Methyl n-hexyl ketone|2-Oxooctane|FEMA No. 2802|FEMA Number 2802,,Methyl Hexyl Ketone from PerfumersWorld,{'PerfumersWorld': '111-13-7'},https://www.perfumersworld.com/view.php?pro_id=3LF00299
WIP_DISCREPANCY,Terpinyl Acetate,80-26-2,111037,,80-26-2,"ALPHA-TERPINYL ACETATE|2-(4-methylcyclohex-3-en-1-yl)propan-2-yl acetate|alpha-Terpineol acetate|p-Menth-1-en-8-yl acetate|p-Menth-1-en-8-ol, acetate|alpha-Terpineol, acetate|.alpha.-Terpinyl acetate|DTXSID2026496|.alpha.-Terpineol acetate|Terpinyl acetate (natural)",,Terpinyl Acetate from PerfumersWorld,{'PerfumersWorld': '80-26-2'},https://www.perfumersworld.com/view.php?pro_id=3LK00432
WIP_DISCREPANCY,Linalool Synthetic,78-70-6,6549,,78-70-6,"Linalool|78-70-6|3,7-Dimethylocta-1,6-dien-3-ol|Linalol|LINALYL ALCOHOL|beta-Linalool|3,7-Dimethyl-1,6-octadien-3-ol|allo-Ocimenol|(+-)-Linalool|1,6-Octadien-3-ol, 3,7-dimethyl-",,Linalool Synthetic from PerfumersWorld,{'PerfumersWorld': '78-70-6'},https://www.perfumersworld.com/view.php?pro_id=3LL00278
WIP_DISCREPANCY,Tetrahydro Muguol,106-21-8,162479,,41678-36-8,"3,7-Dimethylocten-2-ol|41678-36-8|Octen-2-ol, 3,7-dimethyl-|tetrahydro allo-ocimenol|RefChem:487742|DTXSID1052086|255-492-1|3,7-dimethyloct-1-en-2-ol|EINECS 255-492-1|trans-3,7-dimethylocten-2-ol",,Tetrahydro Muguol from PerfumersWorld,{'PerfumersWorld': '41678-36-8'},https://www.perfumersworld.com/view.php?pro_id=3LM00435
WIP_DISCREPANCY,Anisyl Acetate,104-21-2,7695,,104-21-2,"4-Methoxybenzyl acetate|Anisyl acetate|104-21-2|(4-methoxyphenyl)methyl acetate|Benzyl alcohol, p-methoxy-, acetate|Benzenemethanol, 4-methoxy-, acetate|FEMA No. 2098|DTXSID1044770|2GEC7KBO31|NSC-46102",,Anisyl Acetate from PerfumersWorld,{'PerfumersWorld': '104-21-2'},https://www.perfumersworld.com/view.php?pro_id=3LN00043
WIP_DISCREPANCY,Verdyl Propionate,17373-89-6,86579,,17511-60-3,"17511-60-3|Tricyclodecenyl propionate|Cyclaprop|3a,4,5,6,7,7a-Hexahydro-1H-4,7-methanoinden-6-yl propionate|4,7-Methano-1H-inden-6-ol, 3a,4,5,6,7,7a-hexahydro-, 6-propanoate|4,7-Methano-1H-inden-6-ol, 3a,4,5,6,7,7a-hexahydro-, propanoate|S3ASM14UAS|EINECS 241-514-7|BRN 1959792|hexahydro-4,7-methanoinden-6-yl propionate",,Verdyl Propionate from PerfumersWorld,{'PerfumersWorld': '17511-60-3'},https://www.perfumersworld.com/view.php?pro_id=3LN08954
WIP_DISCREPANCY,Phenyl Ethyl Dimethyl Carbinyl Acetate,103-07-1,7633,,103-07-1,"2-Methyl-4-phenyl-2-butyl acetate|RefChem:475593|103-07-1|1,1-Dimethyl-3-phenylpropyl acetate|Dmpec acetate|Dimethylphenylethylcarbinyl acetate|Dimethyl phenethyl carbinyl acetate|2-Methyl-4-phenyl-2-acetoxybutane|FEMA No. 2735|Dimethylphenethylcarbinyl acetate",,Phenyl Ethyl Dimethyl Carbinyl Acetate from PerfumersWorld,{'PerfumersWorld': '103-07-1'},https://www.perfumersworld.com/view.php?pro_id=3LR00160
WIP_DISCREPANCY,Farnesol,4602-84-0,445070,,4602-84-0,"farnesol|4602-84-0|Farnesyl alcohol|3,7,11-Trimethyl-2,6,10-dodecatrien-1-ol|FCI 119a|3,7,11-trimethyldodeca-2,6,10-trien-1-ol|2,6,10-Dodecatrien-1-ol, 3,7,11-trimethyl-|Trimethyl dodecatrienol|FEMA No. 2478|Nikkosome",,Farnesol from PerfumersWorld,{'MySkinRecipes': '4602-84-0'},https://www.myskinrecipes.com/shop/th/สารดับกลิ่น/2689-farnesol.html
WIP_DISCREPANCY,Vertenex,32210-23-4,36081,,32210-23-4,"4-tert-Butylcyclohexyl acetate|32210-23-4|4-tert-Butylcyclohexanol acetate|p-tert-Butylcyclohexyl acetate|Cyclohexanol, 4-tert-butyl-, acetate|DTXSID1027974|Cyclohexanol, 4-(1,1-dimethylethyl)-, acetate|Cyclohexanol, 4-(1,1-dimethylethyl)-, 1-acetate|21EUM2B8UC|DTXCID207974",,Vertenex from PerfumersWorld,{'PerfumersWorld': '32210-23-4'},https://www.perfumersworld.com/view.php?pro_id=3LW00464
WIP_DISCREPANCY,Nympheal,55066-48-3,17877030,,1637294-12-2,3-(4-isobutyl-2-methylphenyl)propanal|DTXSID401019614|RefChem:493166|DTXCID901477560|811-285-3|1637294-12-2|3-[2-methyl-4-(2-methylpropyl)phenyl]propanal|SCHEMBL7149958|SCHEMBL29362810|DB-098911,,Nympheal from PerfumersWorld,{'PerfumersWorld': '1637294-12-2'},https://www.perfumersworld.com/view.php?pro_id=3MA22553
WIP_DISCREPANCY,Precyclemone B,52475-86-2,103648,,52474-60-9,"Precyclemone B|52474-60-9|1-methyl-3-(4-methylpent-3-enyl)cyclohex-3-ene-1-carbaldehyde|3-Cyclohexene-1-carboxaldehyde, 1-methyl-3-(4-methyl-3-penten-1-yl)-|J28HO9G580|EINECS 257-941-7|1-Methyl-3-(4-methyl-3-pentenyl)-3-cyclohexene-1-carboxaldehyde|UNII-J28HO9G580|DTXSID20866266|3-CYCLOHEXENE-1-CARBOXALDEHYDE, 1-METHYL-3-(4-METHYL-3-PENTEN-1-YL)",,Precyclemone B from PerfumersWorld,{'PerfumersWorld': '52474-60-9'},https://www.perfumersworld.com/view.php?pro_id=3MC11054
WIP_VERIFIED,Cyclamen Aldehyde,103-95-7,517827,,103-95-7,103-95-7|Cyclamen aldehyde|Cyclamal|Cymal|2-Methyl-3-(p-isopropylphenyl)propionaldehyde|3-p-Cumenyl-2-methylpropionaldehyde|FEMA No. 2743|DTXSID2044769|4U37UX0E1E|p-Isopropyl-alpha-methyl-hydrocinnamaldehyde,,Cyclamen Aldehyde (FEMA 2743),{'MySkinRecipes': '103-95-7'},https://www.myskinrecipes.com/shop/th/lily-of-the-valley/2706-cyclamen-aldehyde-fema-2743.html
WIP_VERIFIED,Mayol,13828-37-0,83763,p-Menthan-7-ol,13674-19-6|13828-37-0|5502-75-0,5502-75-0|p-MENTHAN-7-OL|4-ISOPROPYLCYCLOHEXYLMETHANOL|Mayol|Muguet shiseol|4-(1-methylethyl)cyclohexanemethanol|(4-propan-2-ylcyclohexyl)methanol|4-isopropylcyclohexanemethanol|FEMA No. 4507|4-(1-methylethyl)cyclohexylmethanol,,Mayol from PerfumersWorld,{'PerfumersWorld': '5502-75-0'},https://www.perfumersworld.com/view.php?pro_id=3MG11691
WIP_VERIFIED,Florol,63500-71-0,3017432,Tetrahydro-4-methyl-2-(2-methylpropyl)-2H-pyran-4-ol,63500-71-0,"63500-71-0|2H-Pyran-4-ol, tetrahydro-4-methyl-2-(2-methylpropyl)-|2-Isobutyl-4-methyltetrahydropyran-4-ol|FLOROSA|VK5ZHH2T3F|DTXSID2052318|RefChem:897132|DTXCID3030890|Tetrahydro-4-methyl-2-(2-methylpropyl)-2H-pyran-4-ol|405-040-6",,Florol from PerfumersWorld,{'PerfumersWorld': '63500-71-0'},https://www.perfumersworld.com/view.php?pro_id=3ML00192
WIP_VERIFIED,Magnolan,27606-09-03,119674,"Indeno[1,2-d]-1,3-dioxin, 4,4a,5,9b-tetrahydro-2,4-dimethyl-",27606-09-3,"Magnolan|27606-09-3|Indeno[1,2-d]-1,3-dioxin, 4,4a,5,9b-tetrahydro-2,4-dimethyl-|2,4-Dimethyl-4,4a,5,9b-tetrahydroindeno[1,2-d]-1,3-dioxin|EINECS 248-561-2|2,4-Dimethyl-5,6-indeno-1,3-dioxan|Indeno(1,2-d)-1,3-dioxin, 4,4a,5,9b-tetrahydro-2,4-dimethyl-|2,4-Dimethyl-4,4a,5,9b-tetrahydroindeno(1,2-d)-1,3-dioxin|RefChem:790900|Indeno1,2-d-1,3-dioxin, 4,4a,5,9b-tetrahydro-2,4-dimethyl-",,Magnolan from PerfumersWorld,{'PerfumersWorld': '27606-09-3'},https://www.perfumersworld.com/view.php?pro_id=3MN13569
WIP_VERIFIED,Phenyl Ethyl Dimethyl Carbinol,103-07-1,7632,2-Methyl-4-phenyl-2-butanol,103-05-9,"2-Methyl-4-phenyl-2-butanol|103-05-9|2-Methyl-4-phenylbutan-2-ol|1,1-Dimethyl-3-phenylpropanol|1,1-Dimethyl-3-phenyl-1-propanol|2-(2-Phenylethyl)-2-propanol|alpha,alpha-Dimethylbenzenepropanol|FEMA No. 3629|1-Propanol, 1,1-dimethyl-3-phenyl-|DTXSID3021851",,Phenyl Ethyl Dimethyl Carbinol from PerfumersWorld,{'PerfumersWorld': '103-05-9'},https://www.perfumersworld.com/view.php?pro_id=3MR02826
WIP_VERIFIED,Glycolierral,68901-15-5,111418,"1,3-Dioxolane, 2-[6-methyl-8-(1-methylethyl)bicyclo[2.2.2]oct-5-en-2-yl]-",68901-32-6,"EINECS 272-669-9|2-[8-Isopropyl-6-methylbicyclo[2.2.2]oct-5-en-2-yl]-1,3-dioxolane|DTXSID4052427|1,3-Dioxolane, 2-(6-methyl-8-(1-methylethyl)bicyclo(2.2.2)oct-5-en-2-yl)-|1,3-Dioxolane, 2-[6-methyl-8-(1-methylethyl)bicyclo[2.2.2]oct-5-en-2-yl]-|2-(8-Isopropyl-6-methylbicyclo(2.2.2)oct-5-en-2-yl)-1,3-dioxolane|RefChem:414885|DTXCID1030999|272-669-9|68901-32-6",,Glycolierral from PerfumersWorld,{'PerfumersWorld': '68901-32-6'},https://www.perfumersworld.com/view.php?pro_id=3MW11714
PROPRIETARY_MIXTURE,Fixetal,3087-36-3,,,,,,Fixetal from PerfumersWorld,{'PerfumersWorld': ''},https://www.perfumersworld.com/view.php?pro_id=3MX07491
WIP_VERIFIED,Ethyl Anthranilate,87-25-2,6877,Ethyl 2-aminobenzoate,87-25-2,"ETHYL ANTHRANILATE|Ethyl 2-aminobenzoate|87-25-2|Ethyl o-aminobenzoate|2-Aminobenzoic acid ethyl ester|Anthranilic acid, ethyl ester|2-Carboethoxyaniline|o-(Ethoxycarbonyl)aniline|Benzoic acid, o-amino-, ethyl ester|Benzoic acid, 2-amino-, ethyl ester",,Ethyl Anthranilate from PerfumersWorld,{'PerfumersWorld': '87-25-2'},https://www.perfumersworld.com/view.php?pro_id=3NF03984
WIP_VERIFIED,Anisyl Alcohol,105-13-5,7738,4-Methoxybenzyl alcohol,1331-81-3|105-13-5,"4-METHOXYBENZYL ALCOHOL|105-13-5|(4-Methoxyphenyl)methanol|Anise alcohol|Anisyl alcohol|p-Methoxybenzyl alcohol|Benzenemethanol, 4-methoxy-|4-Methoxybenzenemethanol|Benzyl alcohol, p-methoxy-|FEMA No. 2099",,Anisyl Alcohol from PerfumersWorld,{'PerfumersWorld': '105-13-5'},https://www.perfumersworld.com/view.php?pro_id=3NL00044
WIP_VERIFIED,para-Methyl Acetophenone,122-00-9,8500,p-METHYLACETOPHENONE,122-00-9,"4'-Methylacetophenone|122-00-9|p-Methylacetophenone|Melilotal|4-METHYLACETOPHENONE|p-Methyl acetophenone|Ethanone, 1-(4-methylphenyl)-|Acetophenone, 4'-methyl-|1-(4-Methylphenyl)ethan-1-one|4-Methylphenyl methyl ketone",,para-Methyl Acetophenone from PerfumersWorld,{'PerfumersWorld': '122-00-9'},https://www.perfumersworld.com/view.php?pro_id=3NP02253
WIP_VERIFIED,Anisaldehyde,0123-11-5,31244,4-Methoxybenzaldehyde,50984-52-6|123-11-5,"4-Methoxybenzaldehyde|123-11-5|P-ANISALDEHYDE|Anisaldehyde|p-Methoxybenzaldehyde|4-Anisaldehyde|Benzaldehyde, 4-methoxy-|Crategine|p-Formylanisole|Obepin",,Anisaldehyde from PerfumersWorld,{'PerfumersWorld': '123-11-5'},https://www.perfumersworld.com/view.php?pro_id=3NV00040
WIP_VERIFIED,Amyl Salicylate,2050-08-0,16299,Amyl Salicylate,2050-08-0,"Amyl salicylate|2050-08-0|Pentyl 2-hydroxybenzoate|Pentyl salicylate|Benzoic acid, 2-hydroxy-, pentyl ester|SALICYLIC ACID, PENTYL ESTER|2-Hydroxybenzoic acid, pentyl ester|VZO9C30208|NSC-44877|NSC-46125",,Amyl Salicylate from PerfumersWorld,{'MySkinRecipes': '2050-08-0'},https://www.myskinrecipes.com/shop/th/orchid-กล้วยไม้/2726-amyl-salicylate.html
WIP_VERIFIED,Phenoxy Ethyl Isobutyrate,103-60-6,61005,Phenoxyethyl isobutyrate,103-60-6,"2-Phenoxyethyl isobutyrate|103-60-6|Phenoxyethyl isobutyrate|2-Phenoxyethyl 2-methylpropanoate|PROPANOIC ACID, 2-METHYL-, 2-PHENOXYETHYL ESTER|Isobutyric acid, 2-phenoxyethyl ester|FEMA No. 2873|DTXSID7042279|43ENB1627Z|NSC-227210",,Phenoxy Ethyl Isobutyrate from PerfumersWorld,{'PerfumersWorld': '103-60-6'},https://www.perfumersworld.com/view.php?pro_id=3RB00369
WIP_VERIFIED,Phenyl Ethyl Isobutyrate,103-48-0,7655,Phenethyl isobutyrate,103-48-0,"Phenethyl isobutyrate|103-48-0|2-Phenylethyl 2-methylpropanoate|2-Phenylethyl isobutyrate|Phenylethyl isobutyrate|Benzylcarbinol isobutyrate|Benzylcarbinyl isobutyrate|Phenethyl 2-methylpropanoate|ISOBUTYRIC ACID, PHENETHYL ESTER|Phenethyl 2-methylpropionate",,Phenyl Ethyl Isobutyrate from PerfumersWorld,{'PerfumersWorld': '103-48-0'},https://www.perfumersworld.com/view.php?pro_id=3RB00375
WIP_VERIFIED,Peonile,10461-98-0,66327,Alpha-cyclohexylidene benzeneacetonitrile,10461-98-0,"alpha-cyclohexylidene benzeneacetonitrile|RefChem:555479|2-cyclohexylidene-2-phenylacetonitrile|10461-98-0|Benzeneacetonitrile, a-cyclohexylidene-|cyclohexylidene(phenyl)acetonitrile|(S)-.alpha.,alpha.,4-trimethylcyclohex-3-ene-1-methylacetate|Cyclohexylidenephenylacetonitrile|peony acetonitrile|NSC408284",,Peonile from PerfumersWorld,{'PerfumersWorld': '10461-98-0'},https://www.perfumersworld.com/view.php?pro_id=3RB12753
WIP_VERIFIED,Neryl Acetate,0141-12-8,1549025,Neryl acetate,141-12-8,"Neryl acetate|141-12-8|Nerol acetate|cis-Geranyl acetate|(Z)-3,7-Dimethylocta-2,6-dien-1-yl acetate|Neryl ethanoate|[(2Z)-3,7-dimethylocta-2,6-dienyl] acetate|(2Z)-3,7-dimethylocta-2,6-dien-1-yl acetate|NSC-72031|FEMA No. 2773",,Neryl Acetate from PerfumersWorld,{'PerfumersWorld': '141-12-8'},https://www.perfumersworld.com/view.php?pro_id=3RF05061
WIP_VERIFIED,Citronellyl Acetate,150-84-5,9017,Citronellyl Acetate,150-84-5|67650-82-2|67601-05-2,"Citronellyl acetate|150-84-5|3,7-dimethyloct-6-enyl acetate|3,7-Dimethyl-6-octen-1-yl acetate|Acetic acid, citronellyl ester|6-Octen-1-ol, 3,7-dimethyl-, 1-acetate|2-Octen-8-ol, 2,6-dimethyl-, acetate|FEMA No. 2311|FEMA No. 2981|IZ420RT3OY",,Citronellyl Acetate from PerfumersWorld,{'PerfumersWorld': '150-84-5'},https://www.perfumersworld.com/view.php?pro_id=3RL00118
WIP_VERIFIED,Geraniol,106-24-1,637566,Geraniol,868742-17-0|106-24-1|68311-14-8|624-15-7|106-25-2,"GERANIOL|106-24-1|Geranyl alcohol|Lemonol|trans-Geraniol|(E)-3,7-Dimethylocta-2,6-dien-1-ol|(E)-Geraniol|(2E)-3,7-dimethylocta-2,6-dien-1-ol|beta-Geraniol|Geraniol alcohol",,Geraniol from PerfumersWorld,{'PerfumersWorld': '106-24-1'},https://www.perfumersworld.com/view.php?pro_id=3RL00204
WIP_VERIFIED,Geranyl Acetate,105-87-3,1549026,Geranyl Acetate,33843-18-4|68311-13-7|16409-44-2|105-87-3,"GERANYL ACETATE|105-87-3|Geranyl ethanoate|[(2E)-3,7-dimethylocta-2,6-dienyl] acetate|Acetic acid, geraniol ester|Geranyl acetate A|trans-3,7-Dimethyl-2,6-octadien-1-yl acetate|trans-Geraniol acetate|2,6-Octadien-1-ol, 3,7-dimethyl-, acetate, (E)-|(E)-3,7-Dimethylocta-2,6-dien-1-yl acetate",,Geranyl Acetate from PerfumersWorld,{'PerfumersWorld': '105-87-3'},https://www.perfumersworld.com/view.php?pro_id=3RL00206
WIP_VERIFIED,Tetrahydro Geraniol,106-21-8,7792,"3,7-Dimethyl-1-octanol",1117-60-8|106-21-8|68680-98-8|1333-49-9,"3,7-Dimethyloctan-1-ol|3,7-Dimethyl-1-octanol|106-21-8|Tetrahydrogeraniol|Dihydrocitronellol|Geraniol tetrahydride|1-OCTANOL, 3,7-DIMETHYL-|Dimethyl octanol|Geraniol, perhydro-|FEMA No. 2391",,Tetrahydro Geraniol from PerfumersWorld,{'PerfumersWorld': '106-21-8'},https://www.perfumersworld.com/view.php?pro_id=3RL03873
WIP_VERIFIED,CitronellOL,106-22-9,8842,Citronellol,26489-01-0|106-22-9,"Citronellol|106-22-9|3,7-Dimethyloct-6-en-1-ol|Cephrol|3,7-DIMETHYL-6-OCTEN-1-OL|6-Octen-1-ol, 3,7-dimethyl-|Elenol|Rodinol|2,3-Dihydrogeraniol|2,6-Dimethyl-2-octen-8-ol",,CitronellOL from PerfumersWorld,{'PerfumersWorld': '106-22-9'},https://www.perfumersworld.com/view.php?pro_id=3RM00116
WIP_VERIFIED,Phenyl Ethyl Alcohol,60-12-8,6054,2-Phenylethanol,1321-27-3|60-12-8,2-PHENYLETHANOL|Phenethyl alcohol|60-12-8|Phenylethyl alcohol|Benzeneethanol|Phenylethanol|Phenethanol|2-Phenylethyl alcohol|beta-Phenylethanol|Benzylcarbinol,,Phenyl Ethyl Alcohol (PEA) from PerfumersWorld,{'PerfumersWorld': '60-12-8'},https://www.perfumersworld.com/view.php?pro_id=3RM00358
WIP_VERIFIED,Phenyl Ethyl Acetate,103-45-7,7654,2-Phenylethyl Acetate,103-45-7,"Phenethyl acetate|2-Phenylethyl acetate|103-45-7|2-Phenethyl acetate|Benzylcarbinyl acetate|Acetic acid, 2-phenylethyl ester|beta-Phenylethyl acetate|Acetic acid, phenethyl ester|FEMA No. 2857|DTXSID7044506",,Phenyl Ethyl Acetate from PerfumersWorld,{'PerfumersWorld': '103-45-7'},https://www.perfumersworld.com/view.php?pro_id=3RP00371
WIP_VERIFIED,Phenyl Ethyl Phenyl Acetate,102-20-5,7601,Phenethyl phenylacetate,102-20-5,"Phenethyl phenylacetate|2-Phenylethyl phenylacetate|Benzeneacetic acid, 2-phenylethyl ester|2-phenylethyl 2-phenylacetate|Phenylethyl phenylacetate|Phenylacetic acid, phenethyl ester|ACETIC ACID, PHENYL-, PHENETHYL ESTER|Benzylcarbinyl alpha-toluate|Phenethyl alpha-toluate|Benzylcarbinyl phenylacetate",,Phenyl Ethyl Phenyl Acetate from PerfumersWorld,{'PerfumersWorld': '102-20-5'},https://www.perfumersworld.com/view.php?pro_id=3RP00377
WIP_VERIFIED,Geranyl Phenylacetate,102-22-7,5366044,Geranyl phenylacetate,102-22-7,"Geranyl phenylacetate|102-22-7|Phenylacetic acid, geranyl ester|Geranyl alpha-toluate|Geranyl .alpha.-toluate|FEMA No. 2516|BENZENEACETIC ACID, 3,7-DIMETHYL-2,6-OCTADIENYL ESTER, (E)-|trans-3,7-Dimethyl-2,6-octadienyl phenylacetate|EINECS 203-014-7|NSC 147477",,Geranyl Phenylacetate from PerfumersWorld,{'PerfumersWorld': '102-22-7'},https://www.perfumersworld.com/view.php?pro_id=3RP04262
WIP_VERIFIED,Eugenol,97-53-0,3314,Eugenol,97-53-0,eugenol|97-53-0|4-Allyl-2-methoxyphenol|4-Allylguaiacol|Eugenic acid|Allylguaiacol|Caryophyllic acid|p-Eugenol|2-Methoxy-4-prop-2-enylphenol|p-Allylguaiacol,,Eugenol from PerfumersWorld,{'PerfumersWorld': '97-53-0'},https://www.perfumersworld.com/view.php?pro_id=3SP00184
WIP_VERIFIED,Isoeugenol,97-54-1,853433,Isoeugenol,97-54-1|5932-68-3,"Isoeugenol|97-54-1|4-Propenylguaiacol|2-Methoxy-4-propenylphenol|2-methoxy-4-(prop-1-en-1-yl)phenol|4-Hydroxy-3-methoxy-1-propenylbenzene|2-METHOXY-4-(1-PROPENYL)PHENOL|4-Hydroxy-3-methoxypropenylbenzene|Phenol, 2-methoxy-4-propenyl-|Phenol, 2-methoxy-4-(1-propenyl)-",,Isoeugenol from PerfumersWorld,{'PerfumersWorld': '97-54-1'},https://www.perfumersworld.com/view.php?pro_id=3SP00250
PROPRIETARY_MIXTURE,Suederal,Mixture,,,,,,Suederal from PerfumersWorld,{'PerfumersWorld': ''},https://www.perfumersworld.com/view.php?pro_id=3UP14351
PROPRIETARY_MIXTURE,Civet Art,Mixture,,,,,,Civet Art from PerfumersWorld,{'PerfumersWorld': ''},https://www.perfumersworld.com/view.php?pro_id=3UU07513
WIP_VERIFIED,Piperonyl acetate,326-61-4,9473,Piperonyl acetate,326-61-4,"PIPERONYL ACETATE|326-61-4|Heliotropyl acetate|1,3-benzodioxol-5-ylmethyl acetate|Piperonyl alcohol, acetate|Heliotropin acetate|3,4-Methylenedioxybenzyl acetate|FEMA No. 2912|1,3-Benzodioxole-5-methanol, acetate|Acetic acid, (3,4-methylenedioxy)benzyl ester",,Piperonyl acetate from PerfumersWorld,{'PerfumersWorld': '326-61-4'},https://www.perfumersworld.com/view.php?pro_id=3VN06814
WIP_VERIFIED,Physeol,68845-00-1,111376,"Bicyclo[3.3.1]nonane, 2-ethoxy-2,6,6-trimethyl-9-methylene-",68845-00-1,"68845-00-1|2-Ethoxy-2,6,6-trimethyl-9-methylenebicyclo[3.3.1]nonane|EINECS 272-447-1|2-Ethoxy-9-methylene-2,6,6-trimethylbicyclo(3.3.1)nonane|DTXSID4052421|2-Ethoxy-2,6,6-trimethyl-9-methylenebicyclo(3.3.1)nonane|Bicyclo(3.3.1)nonane, 2-ethoxy-2,6,6-trimethyl-9-methylene-|Bicyclo[3.3.1]nonane, 2-ethoxy-2,6,6-trimethyl-9-methylene-|RefChem:568244|DTXCID1030993",,Physeol from PerfumersWorld,{'PerfumersWorld': '68845-00-1'},https://www.perfumersworld.com/view.php?pro_id=3WI00384
WIP_VERIFIED,Caryophyllene Acetate,57082-24-3,105755,Acetyl Caryophyllene,67843-79-2|70801-04-6|32214-91-8,"ACETYL CARYOPHYLLENE|RefChem:552445|639-182-7|Bicyclo[7.2.0]undec-3-en-5-ol, 4,11,11-trimethyl-8-methylene-, acetate|32214-91-8|(4,11,11-trimethyl-8-methylidene-5-bicyclo[7.2.0]undec-3-enyl) acetate|67843-79-2|Bicyclo[7.2.0]undec-3-en-5-ol, 4,11,11-trimethyl-8-methylene-, acetate, (1R,5S,9S)-|SCHEMBL17627620|OCLOVRSVPZPWHE-UHFFFAOYSA-N",,Caryophyllene Acetate from PerfumersWorld,{'PerfumersWorld': '32214-91-8'},https://www.perfumersworld.com/view.php?pro_id=3WI03465
WIP_VERIFIED,Beta Caryophyllene,87-44-5,5281515,(-)-Caryophyllene,87-44-5,"BETA-CARYOPHYLLENE|Caryophyllene|(-)-trans-Caryophyllene|87-44-5|L-Caryophyllene|trans-beta-caryophyllene|beta-Caryophyllen|(-)-Caryophyllene|FEMA No. 2252|(1R,4E,9S)-4,11,11-trimethyl-8-methylidenebicyclo[7.2.0]undec-4-ene",,Beta Caryophyllene from PerfumersWorld,{'PerfumersWorld': '87-44-5'},https://www.perfumersworld.com/view.php?pro_id=3WS00089
WIP_VERIFIED,Timberol,70788-30-6,116699,"Cyclohexanepropanol, 2,2,6-trimethyl-alpha-propyl-",70788-30-6,"1-(2,2,6-Trimethylcyclohexyl)-3-hexanol|Cyclohexanepropanol, 2,2,6-trimethyl-alpha-propyl-|Timberol|6-(2,2,6-Trimethylcyclohexyl)-4-hexanol|UNII-CLV4EM4325|FINOTIMBER|CLV4EM4325|Cyclohexanepropanol, 2,2,6-trimethyl-.alpha.-propyl-|EINECS 274-892-7|2,2,6-Trimethyl-alpha-propylcyclohexanepropanol",,Timberol from PerfumersWorld,{'PerfumersWorld': '70788-30-6'},https://www.perfumersworld.com/view.php?pro_id=3WW07134
PROPRIETARY_MIXTURE,Sandela 50,28219-61-6,,,,,,Sandela 50 from PerfumersWorld,{'PerfumersWorld': ''},https://www.perfumersworld.com/view.php?pro_id=3WX00407
WIP_VERIFIED,Sandenol 208,28219-61-6,103212,Sandalore,65113-99-7,"Sandalore|65113-99-7|1XL3NL51UU|3-Cyclopentene-1-butanol, alpha,beta,2,2,3-pentamethyl-|RefChem:181122|265-453-0|3-methyl-5-(2,2,3-trimethylcyclopent-3-en-1-yl)pentan-2-ol|5-(2,2,3-TRIMETHYL-3-CYCLOPENTENYL)-3-METHYL-PENTAN-2-OL|Sandalore (90%)|3-Campholenyl-2-butanol",,Sandenol 208 from PerfumersWorld,{'PerfumersWorld': '65113-99-7'},https://www.perfumersworld.com/view.php?pro_id=3WX07632
WIP_VERIFIED,Indisan,5463-39-8,17824126,"Cyclohexanol, (2,2,3-trimethylnorbornanyl)-(mixed isomers)",80748-58-9,"Indisan|80748-58-9|RefChem:335422|Cyclohexanol, (2,2,3-trimethylnorbornanyl)-(mixed isomers)|SCHEMBL7524727|JMLPIRYUSKIOGR-UHFFFAOYSA-N|DTXSID301001454|1-(2,2,3-Trimethylbicyclo[2.2.1]heptan-1-yl)cyclohexan-1-ol",,Indisan from PerfumersWorld,{'PerfumersWorld': '80748-58-9'},https://www.perfumersworld.com/view.php?pro_id=3WX10767
PROPRIETARY_MIXTURE,Sandela 85,3407-42-9,,,,,,Sandela 85 from PerfumersWorld,{'PerfumersWorld': ''},https://www.perfumersworld.com/view.php?pro_id=3WX13005
WIP_VERIFIED,Vertofix Couer,32388-55-9,16220111,Acetylcedrene,32388-55-9,Acetyl cedrene|32388-55-9|Acetylcedrene|Lixetone|Vertofix|Acetyl-alpha-cedrene|DTXSID4029353|X6I62755AK|DTXCID209353|RefChem:109052,,Vertofix Couer from PerfumersWorld,{'PerfumersWorld': '32388-55-9'},https://www.perfumersworld.com/view.php?pro_id=3WY00465
WIP_VERIFIED,Galaxolide 50 DEP,1222-05-5,91497,Galaxolide,1222-05-5,"Galaxolide|1222-05-5|Abbalide|Galoxolide|HHCB|Pearlide|Galaxolide White|hexamethylindanopyran|Cyclopenta[g]-2-benzopyran, 1,3,4,6,7,8-hexahydro-4,6,6,7,8,8-hexamethyl-|Hexahydrohexamethyl cyclopentabenzopyran",,Galaxolide 50 DEP from PerfumersWorld,{'PerfumersWorld': '1222-05-5'},https://www.perfumersworld.com/view.php?pro_id=3XA00199
WIP_VERIFIED,Galaxolide 50 DPG,1222-05-5,91497,Galaxolide,1222-05-5,"Galaxolide|1222-05-5|Abbalide|Galoxolide|HHCB|Pearlide|Galaxolide White|hexamethylindanopyran|Cyclopenta[g]-2-benzopyran, 1,3,4,6,7,8-hexahydro-4,6,6,7,8,8-hexamethyl-|Hexahydrohexamethyl cyclopentabenzopyran",,Galaxolide 50 DPG from PerfumersWorld,{'PerfumersWorld': '1222-05-5'},https://www.perfumersworld.com/view.php?pro_id=3XA10721
DATA_GAP,Fixamber,144020-22-4,,,,,,Fixamber from PerfumersWorld,{'PerfumersWorld': '144020-22-4'},https://www.perfumersworld.com/view.php?pro_id=3XU22434
WIP_VERIFIED,Aldehyde C-12 Lauric Dodecanal,112-54-9,106729,Allyl amyl glycolate,67634-00-8,"Allyl (3-methylbutoxy)acetate|67634-00-8|Allyl 2-(isopentyloxy)acetate|Glycolic acid 2-pentyloxy allyl ester|Isoamyloxyacetic acid, allyl ester|DTXSID9025580|Acetic acid, (3-methylbutoxy)-, 2-propenyl ester|EINECS 266-803-5|EMX89K493E|Acetic acid, 2-(3-methylbutoxy)-, 2-propen-1-yl ester",,Aldehyde C-12 Lauric Dodecanal from PerfumersWorld,{'PerfumersWorld': '67634-00-8'},https://www.perfumersworld.com/view.php?pro_id=4AA00021
WIP_VERIFIED,Aldehyde C-10 Decanal,112-31-2,106729,Allyl amyl glycolate,67634-00-8,"Allyl (3-methylbutoxy)acetate|67634-00-8|Allyl 2-(isopentyloxy)acetate|Glycolic acid 2-pentyloxy allyl ester|Isoamyloxyacetic acid, allyl ester|DTXSID9025580|Acetic acid, (3-methylbutoxy)-, 2-propenyl ester|EINECS 266-803-5|EMX89K493E|Acetic acid, 2-(3-methylbutoxy)-, 2-propen-1-yl ester",,Aldehyde C-10 Decanal from PerfumersWorld,{'PerfumersWorld': '67634-00-8'},https://www.perfumersworld.com/view.php?pro_id=4AC00018
WIP_VERIFIED,Aldehyde C-8 Octanal,124-13-0,454,Octanal,9006-52-4|124-13-0,Octanal|124-13-0|Caprylaldehyde|Caprylic aldehyde|n-Octanal|1-octanal|n-Octyl aldehyde|n-Caprylaldehyde|n-Octaldehyde|Octanaldehyde,,Aldehyde C-8 Octanal from PerfumersWorld,{'PerfumersWorld': '124-13-0'},https://www.perfumersworld.com/view.php?pro_id=4AC00026
WIP_VERIFIED,Aldehyde C-9 Nonanal,124-19-6,31289,Nonanal,124-19-6|75718-12-6,NONANAL|124-19-6|1-Nonanal|Pelargonaldehyde|Nonanaldehyde|n-Nonanal|Nonyl aldehyde|n-Nonaldehyde|Nonaldehyde|Nonylaldehyde,,Aldehyde C-9 Nonanal from PerfumersWorld,{'PerfumersWorld': '124-19-6'},https://www.perfumersworld.com/view.php?pro_id=4AC00027
WIP_VERIFIED,Aldehyde C-7 Heptanal,111-71-7,8130,Heptanal,111-71-7,Heptanal|Heptaldehyde|111-71-7|Enanthaldehyde|n-Heptaldehyde|Enanthal|Heptyl aldehyde|N-HEPTANAL|Oenanthaldehyde|Heptanaldehyde,,Aldehyde C-7 Heptanal from PerfumersWorld,{'PerfumersWorld': '111-71-7'},https://www.perfumersworld.com/view.php?pro_id=4AG00025
WIP_VERIFIED,Aldehyde C-11 Undecanal,112-44-7,8186,Undecanal,112-44-7,UNDECANAL|112-44-7|Undecyl aldehyde|Undecanaldehyde|n-Undecanal|Undecylic aldehyde|1-Undecanal|Hendecanal|Undecylaldehyde|Hendecanaldehyde,,Aldehyde C-11 Undecanal from PerfumersWorld,{'PerfumersWorld': '112-44-7'},https://www.perfumersworld.com/view.php?pro_id=4AR00020
WIP_VERIFIED,Aldehyde C-11 Undecylenic,112-45-8,8187,10-Undecenal,112-45-8,"10-Undecenal|Undec-10-enal|112-45-8|Undecylenic aldehyde|Hendecenal|Undecylenaldehyde|1-Undecen-10-al|10-Undecylenealdehyde|10-Hendecenal|C-11 aldehyde, undecylenic",,Aldehyde C-11 Undecylenic from PerfumersWorld,{'PerfumersWorld': '112-45-8'},https://www.perfumersworld.com/view.php?pro_id=4AR01236
WIP_VERIFIED,L-Carvone,6485-40-1,7439,"Carvone, (+-)-",22327-39-5|99-49-0,"CARVONE|99-49-0|2-methyl-5-(prop-1-en-2-yl)cyclohex-2-enone|Karvon|1-Carvone|p-Mentha-6,8-dien-2-one|Carvol|Carvone (natural)|2-Methyl-5-isopropenyl-2-cyclohexenone|FEMA Number 2249",,L-Carvone from PerfumersWorld,{'PerfumersWorld': '99-49-0'},https://www.perfumersworld.com/view.php?pro_id=4BB00088
WIP_VERIFIED,Beta Homocyclocitral,472-66-2,61124,beta-HOMOCYCLOCITRAL,472-66-2,"2,6,6-Trimethyl-1-cyclohexene-1-acetaldehyde|472-66-2|beta-Homocyclocitral|2,6,6-Trimethyl-1-cyclohexen-1-acetaldehyde|FEMA No. 3474|1-CYCLOHEXENE-1-ACETALDEHYDE, 2,6,6-TRIMETHYL-|beta-Apo-8-carotenal|Cyclohomocitral, beta-|2-(2,6,6-trimethylcyclohex-1-en-1-yl)acetaldehyde|DTXSID0047088",,Beta Homocyclocitral from PerfumersWorld,{'PerfumersWorld': '472-66-2'},https://www.perfumersworld.com/view.php?pro_id=4BC11314
WIP_VERIFIED,Decatone,34131-98-1,118134,"2(1H)-Naphthalenone, octahydro-6-(1-methylethyl)-",34131-98-1,"2(1H)-Naphthalenone, octahydro-6-(1-methylethyl)-|3,4,4a,5,6,7,8,8a-Octahydro-6-isopropylnaphthalene-2(1H)-one|DTXSID10865703|RefChem:439768|DTXCID20814080|Decatone|34131-98-1|6-Isopropyl-2-decalone|6-Isopropyldecalone|6-isopropyloctahydronaphthalen-2(1h)-one",,Decatone from PerfumersWorld,{'PerfumersWorld': '34131-98-1'},https://www.perfumersworld.com/view.php?pro_id=4CF19148
WIP_VERIFIED,CitronellAL,106-23-0,7794,Citronellal,106-23-0,"CITRONELLAL|106-23-0|3,7-Dimethyloct-6-enal|3,7-Dimethyl-6-octenal|6-Octenal, 3,7-dimethyl-|2,3-Dihydrocitral|Citronella|Citronellel|beta-Citronellal|3,7-Dimethyl-6-octen-1-al",,CitronellAL from PerfumersWorld,{'PerfumersWorld': '106-23-0'},https://www.perfumersworld.com/view.php?pro_id=4CR00115
WIP_VERIFIED,Aldehyde C-18 Gamma Nonalactone,104-61-0,7710,Gamma-Nonalactone,57084-16-9|104-61-0|82373-92-0,"104-61-0|Gamma-nonalactone|gamma-Nonanolactone|2(3H)-Furanone, dihydro-5-pentyl-|Prunolide|gamma-Nonanolide|gamma-Pelargolactone|Cocos aldehyde|Nonan-1,4-olide|Coconut aldehyde",,Aldehyde C-18 Gamma Nonalactone from PerfumersWorld,{'PerfumersWorld': '104-61-0'},https://www.perfumersworld.com/view.php?pro_id=4DD00324
WIP_VERIFIED,Gamma Octalactone,104-50-7,7704,gamma-Octalactone,104-50-7,"GAMMA-OCTALACTONE|104-50-7|4-Octanolide|5-butyloxolan-2-one|4-Hydroxyoctanoic acid lactone|2(3H)-Furanone, 5-butyldihydro-|5-Butyldihydro-2(3H)-furanone|8-Oxo-5-octanolide|Octanoic acid, gamma lactone|gamma-Butyl-gamma-butyrolactone",,Gamma Octalactone from PerfumersWorld,{'PerfumersWorld': '104-50-7'},https://www.perfumersworld.com/view.php?pro_id=4DD00331
WIP_VERIFIED,Aldehyde C-14 Gamma Undecalactone,104-67-6,7714,Gamma-undecalactone,104-67-6,"Gamma-undecalactone|104-67-6|Undecan-4-olide|2(3H)-Furanone, 5-heptyldihydro-|5-heptyloxolan-2-one|Persicol|Peach aldehyde|Peach lactone|5-Heptyldihydro-2(3H)-furanone|1,4-Undecanolide",,Aldehyde C-14 Gamma Undecalactone from PerfumersWorld,{'PerfumersWorld': '104-67-6'},https://www.perfumersworld.com/view.php?pro_id=4DD00454
WIP_VERIFIED,Gamma Decalactone,706-14-9,12813,Gamma-Decalactone,2825-92-5|706-14-9,"gamma-Decalactone|706-14-9|gamma-Decanolactone|5-hexyloxolan-2-one|Decan-4-olide|2(3H)-Furanone, 5-hexyldihydro-|2-Decalactone|5-Hexyldihydro-2(3H)-furanone|4-Hexyl-4-butanolide|gamma-N-Decalactone",,Gamma Decalactone from PerfumersWorld,{'PerfumersWorld': '706-14-9'},https://www.perfumersworld.com/view.php?pro_id=4DD01639
WIP_VERIFIED,Delta Decalactone,705-86-2,1714996,"delta-Decalactone, (+)-",2825-91-4,"(6R)-6-pentyloxan-2-one|delta-Decalactone, (+)-|(R)-delta-Decalactone|D-delta-Decalactone|(5R)-(+)-Decanolide|2825-91-4|(R)-6-Pentyltetrahydropyran-2-one|R-(+)-delta-Decalactone|(6R)-Tetrahydro-6-pentyl-2H-pyran-2-one|delta-Decalactone R-form [MI]",,Delta Decalactone from PerfumersWorld,{'PerfumersWorld': '2825-91-4'},https://www.perfumersworld.com/view.php?pro_id=4DD03683
WIP_VERIFIED,Gamma Dodecalactone,2305-05-7,16821,Gamma-Dodecalactone,2305-05-7|57084-18-1,"gamma-Dodecalactone|2305-05-7|4-Dodecanolide|5-octyloxolan-2-one|2(3H)-Furanone, dihydro-5-octyl-|4-Hydroxydodecanoic acid lactone|Dodecan-4-olide|Dihydro-5-octyl-2(3H)-furanone|FEMA No. 2400|DTXSID7047190",,Gamma Dodecalactone from PerfumersWorld,{'PerfumersWorld': '2305-05-7'},https://www.perfumersworld.com/view.php?pro_id=4DF00164
WIP_VERIFIED,Hexanlactone-gamma,695-06-7,12756,gamma-Hexalactone,63357-95-9|695-06-7,"gamma-Caprolactone|695-06-7|gamma-Hexalactone|4-Hexanolide|gamma-Hexanolactone|6-Caprolactone|Tonkalide|Toukalide|2(3H)-Furanone, 5-ethyldihydro-|Hexanolide-1,4",,Hexanlactone-gamma from PerfumersWorld,{'PerfumersWorld': '695-06-7'},https://www.perfumersworld.com/view.php?pro_id=4DH02050
WIP_VERIFIED,Saffranal,116-26-7,61041,Safranal,116-26-7,"Safranal|116-26-7|2,3-Dihydro-2,2,6-trimethylbenzaldehyde|1,3-CYCLOHEXADIENE-1-CARBOXALDEHYDE, 2,6,6-TRIMETHYL-|2,6,6-trimethylcyclohexa-1,3-diene-1-carbaldehyde|2,6,6-trimethyl-1,3-cyclohexadiene-1-carboxaldehyde|Dehydro-beta-cyclocitral|(2,6,6-Trimethylcyclohexa-1,3-dienyl)methanal|FEMA No. 3389|DTXSID7049398",,Saffranal from PerfumersWorld,{'PerfumersWorld': '116-26-7'},https://www.perfumersworld.com/view.php?pro_id=4ES00402
WIP_VERIFIED,2-iso Propyl 4 Methyl Thiazole,15679-13-7,61808,2-Isopropyl-4-methylthiazole,15679-13-7,"2-Isopropyl-4-methylthiazole|15679-13-7|Thiazole, 4-methyl-2-(1-methylethyl)-|4-Methyl-2-(1-methylethyl)thiazole|tropical thiazole|Thiazole, 2-isopropyl-4-methyl-|FEMA No. 3555|4-methyl-2-propan-2-yl-1,3-thiazole|4-methyl-2-(propan-2-yl)-1,3-thiazole|2-Isopropyl-4-methyl-1,3-thiazole",,2-iso Propyl 4 Methyl Thiazole from PerfumersWorld,{'PerfumersWorld': '15679-13-7'},https://www.perfumersworld.com/view.php?pro_id=4ES11805
WIP_VERIFIED,Safraleine,54440-17-4,10149036,"2,3,3-Trimethylindanone",54440-17-4,"2,3,3-Trimethylindanone|54440-17-4|1H-Inden-1-one, 2,3-dihydro-2,3,3-trimethyl-|19D876M98B|SAFRALEINE|FEMA NO. 4556|DTXSID20886101|2,3,3-TRIMETHYL-1-INDANONE|2,3-dihydro-2,3,3-trimethyl-1h-inden-1-one|RefChem:441600",,Safraleine from PerfumersWorld,{'PerfumersWorld': '54440-17-4'},https://www.perfumersworld.com/view.php?pro_id=4ES11978
WIP_VERIFIED,2 3-Dimethyl Pyrazine,5910-89-4,22201,"2,3-Dimethylpyrazine",5910-89-4|25704-73-8,"2,3-DIMETHYLPYRAZINE|5910-89-4|Pyrazine, 2,3-dimethyl-|2,3-Dimethyl-1,4-diazine|FEMA No. 3271|WHF7883D0V|2,3-DMP pyrazine|DTXSID4064058|RefChem:442557|DTXCID3042552",,2 3-Dimethyl Pyrazine from PerfumersWorld,{'PerfumersWorld': '5910-89-4'},https://www.perfumersworld.com/view.php?pro_id=4EW07503
WIP_VERIFIED,2 Acetyl Thaizole,24295-03-2,520108,2-Acetylthiazole,24295-03-2,"2-Acetylthiazole|24295-03-2|1-(1,3-Thiazol-2-yl)ethan-1-one|1-(1,3-Thiazol-2-yl)ethanone|Ethanone, 1-(2-thiazolyl)-|Methyl 2-thiazolyl ketone|1-(Thiazol-2-yl)ethan-1-one|Ketone, methyl 2-thiazolyl|2-Thiazolyl methyl ketone|FEMA No. 3328",,2 Acetyl Thaizole from PerfumersWorld,{'PerfumersWorld': '24295-03-2'},https://www.perfumersworld.com/view.php?pro_id=4EW14326
WIP_VERIFIED,Aldehyde C-16 Ethyl Methyl Phenyl Glycidate,77-83-8,6501,Ethyl 3-methyl-3-phenylglycidate,19464-95-0|77-83-8,"77-83-8|Ethyl 3-methyl-3-phenylglycidate|ETHYL METHYLPHENYLGLYCIDATE|Strawberry aldehyde|Aldehyde C-16|EMPG|C-16 aldehyde|Oxiranecarboxylic acid, 3-methyl-3-phenyl-, ethyl ester|Aldehyde C16|Ethyl(methylphenyl)glycidate",,Aldehyde C-16 Ethyl Methyl Phenyl Glycidate from PerfumersWorld,{'PerfumersWorld': '77-83-8'},https://www.perfumersworld.com/view.php?pro_id=4FC00176
WIP_VERIFIED,Allyl Caproate,123-68-2,31266,Allyl caproate,123-68-2,"Allyl hexanoate|123-68-2|Allyl caproate|Hexanoic acid, allyl ester|prop-2-enyl hexanoate|FEMA No. 2032|3VH84A363D|NSC-20962|DTXSID1047653|RefChem:110871",,Allyl Caproate from PerfumersWorld,{'PerfumersWorld': '123-68-2'},https://www.perfumersworld.com/view.php?pro_id=4FC02995
WIP_VERIFIED,2-Methyl-2-Pentenoic Acid,3142-72-1,95539,Butyl 2-methylpentanoate,6297-41-2,"Butyl 2-methylvalerate|Butyl 2-methylpentanoate|Pentanoic acid, 2-methyl-, butyl ester|UNII-Q63U45E21J|Q63U45E21J|2-Methylpentanoic acid, butyl ester|EINECS 228-569-2|NSC 17885|NSC-17885|FMVUGLMJUHFPSJ-UHFFFAOYSA-",,2-Methyl-2-Pentenoic Acid from PerfumersWorld,{'PerfumersWorld': '6297-41-2'},https://www.perfumersworld.com/view.php?pro_id=4FC07622
WIP_VERIFIED,Methyl Pample Mousse,67674-46-8,106766,"6,6-Dimethoxy-2,5,5-trimethylhex-2-ene",67674-46-8,"67674-46-8|6,6-Dimethoxy-2,5,5-trimethylhex-2-ene|METHYL PAMPLEMOUSSE|1,1-Dimethoxy-2,2,5-trimethylhex-4-ene|2-Hexene, 6,6-dimethoxy-2,5,5-trimethyl-|EINECS 266-885-2|DTXSID2052366|RefChem:538520|DTXCID2030938|266-885-2",,Methyl Pample Mousse from PerfumersWorld,{'PerfumersWorld': '67674-46-8'},https://www.perfumersworld.com/view.php?pro_id=4FC11677
WIP_VERIFIED,2-Methylbutyl 2-Methylbutyrate,2445-76-3,17129,2-Methylbutyl 2-methylbutyrate,2445-78-5,"2-METHYLBUTYL 2-METHYLBUTYRATE|2-Methylbutyl 2-methylbutanoate|Butanoic acid, 2-methyl-, 2-methylbutyl ester|FEMA No. 3359|UNII-HYC739X7BP|HYC739X7BP|2-methyl butyl 2-methyl butyrate|EINECS 219-497-2|2-Methylbutanoic acid 2-methylbutyl ester|2-methylbutanoic acid 2-methyl butyl ester",,2-Methylbutyl 2-Methylbutyrate from PerfumersWorld,{'PerfumersWorld': '2445-78-5'},https://www.perfumersworld.com/view.php?pro_id=4FD00001
WIP_VERIFIED,Ethyl 2-Methylbutyrate,7452-79-1,24020,Ethyl 2-methylbutyrate,7452-79-1,"Ethyl 2-methylbutyrate|7452-79-1|ETHYL 2-METHYLBUTANOATE|Butanoic acid, 2-methyl-, ethyl ester|Ethyl 2-methyl butyrate|2-Methylbutanoic acid ethyl ester|FEMA No. 2443|UNII-L1T4AB29DS|NSC 1103|L1T4AB29DS",,Ethyl 2-Methylbutyrate from PerfumersWorld,{'PerfumersWorld': '7452-79-1'},https://www.perfumersworld.com/view.php?pro_id=4FD04118
WIP_VERIFIED,Melonal,106-72-9,61016,"(+-)-2,6-Dimethyl-5-heptenal",106-72-9,"2,6-Dimethyl-5-heptenal|2,6-Dimethylhept-5-enal|106-72-9|Melonal|5-HEPTENAL, 2,6-DIMETHYL-|FEMA No. 2389|2,6-Dimethylhept-5-en-1-al|DTXSID8044753|dimethyl heptenal|MELOMOR",,Melonal from PerfumersWorld,{'PerfumersWorld': '106-72-9'},https://www.perfumersworld.com/view.php?pro_id=4FG00289
WIP_VERIFIED,Acetic Acid,64-19-7,176,Acetic Acid,64-19-7|68475-71-8,"acetic acid|64-19-7|ethanoic acid|Vinegar acid|Acetic acid glacial|Ethylic acid|Glacial acetic acid|Acetic acid, glacial|Methanecarboxylic acid|Acetasol",,Acetic Acid from PerfumersWorld,{'PerfumersWorld': '64-19-7'},https://www.perfumersworld.com/view.php?pro_id=4FG02943
WIP_VERIFIED,Hexanol,111-27-3,8103,1-Hexanol,25917-35-5|111-27-3,1-Hexanol|Hexyl alcohol|Hexan-1-ol|111-27-3|n-Hexanol|n-Hexyl alcohol|Amylcarbinol|1-Hydroxyhexane|Caproyl alcohol|1-Hexyl alcohol,,Hexanol from PerfumersWorld,{'PerfumersWorld': '111-27-3'},https://www.perfumersworld.com/view.php?pro_id=4FG04398
WIP_VERIFIED,Dynascone,56973-85-4,92606,"1-(5,5-Dimethylcyclohexen-1-yl)pent-4-en-1-one",56973-85-4,"1-(5,5-dimethylcyclohexen-1-yl)pent-4-en-1-one|RefChem:426068|1-(5,5-Dimethyl-1-cyclohexen-1-yl)-4-penten-1-one|56973-85-4|1-(5,5-DIMETHYLCYCLOHEX-1-EN-1-YL)PENT-4-EN-1-ONE|MFCD03092965|1-(5,5-Dimethyl-1-cyclohexen-1-yl)pent-4-en-1-one|4-Penten-1-one, 1-(5,5-dimethyl-1-cyclohexen-1-yl)-|EINECS 260-486-7|Galbascone",,Dynascone from PerfumersWorld,{'PerfumersWorld': '56973-85-4'},https://www.perfumersworld.com/view.php?pro_id=4FG07161
WIP_VERIFIED,Hexanoic Acid,142-62-1,8892,Hexanoic Acid,68603-84-9|70248-25-8|142-62-1|67762-36-1,HEXANOIC ACID|Caproic acid|142-62-1|n-Caproic acid|n-Hexanoic acid|Capronic acid|1-Hexanoic acid|Hexoic acid|Butylacetic acid|Pentylformic acid,,Hexanoic Acid from PerfumersWorld,{'PerfumersWorld': '142-62-1'},https://www.perfumersworld.com/view.php?pro_id=4FG13385
WIP_VERIFIED,Ethyl Amyl Ketone,106-68-3,246728,3-Octanone,106-68-3,3-Octanone|Octan-3-one|106-68-3|Ethyl pentyl ketone|Ethyl n-pentyl ketone|Ethyl n-amyl ketone|3-Oxooctane|FEMA No. 2803|DTXSID3041954|NSC-60161,,Ethyl Amyl Ketone from PerfumersWorld,{'PerfumersWorld': '106-68-3'},https://www.perfumersworld.com/view.php?pro_id=4FY00173
WIP_VERIFIED,Ethyl Heptylate,106-30-9,7797,Ethyl Heptanoate,106-30-9,"ETHYL HEPTANOATE|106-30-9|Ethyl enanthate|Oenanthic ether|Ethyl heptylate|Ethyl heptoate|Ethyl oenanthate|Heptanoic acid, ethyl ester|HEPTANOIC ACID ETHYL ESTER|FEMA No. 2437",,Ethyl Heptylate from PerfumersWorld,{'PerfumersWorld': '106-30-9'},https://www.perfumersworld.com/view.php?pro_id=4FY02024
WIP_VERIFIED,2-Octen-4-one,4643-27-0,5365891,2-Octen-4-one,22286-99-3|4643-27-0,"2-Octen-4-one|Propenyl butyl ketone|Butyl propenyl ketone|trans-2-Octen-4-one|FEMA No. 3603|(E)-2-Octen-4-one|2-Octen-4-one (natural)|2-Octen-4-one, (E)-|2-Octen-4-one, (2E)-|UNII-C9NB51LMXT",,2-Octen-4-one from PerfumersWorld,{'PerfumersWorld': '4643-27-0'},https://www.perfumersworld.com/view.php?pro_id=4FY22527
WIP_VERIFIED,cis-3 Hexenyl Butyrate,16491-36-4,5352438,cis-3-Hexenyl butanoate,16491-36-4,"cis-3-Hexenyl butyrate|16491-36-4|(Z)-3-hexenyl butyrate|(Z)-Hex-3-enyl butyrate|[(Z)-hex-3-enyl] butanoate|cis-3-Hexen-1-yl butyrate|cis-Butyric acid, 3-hexenyl ester|FEMA No. 3402|Butyric acid, 3-hexenyl ester, (Z)-|3-Hexenyl butanoate, cis-",,cis-3 Hexenyl Butyrate from PerfumersWorld,{'PerfumersWorld': '16491-36-4'},https://www.perfumersworld.com/view.php?pro_id=4GD00228
WIP_VERIFIED,cis-3 Hexenyl Acetate,3681-71-8,5363388,cis-3-HEXENYL ACETATE,3681-71-8,cis-3-Hexenyl acetate|3681-71-8|[(Z)-hex-3-enyl] acetate|3-Hexenylacetate|cis-3-Hexenyl ethanoate|FEMA No. 3171|6INA6GC5I6|((Z)-hex-3-enyl) acetate|RefChem:502210|(Z)-3-HEXENYL ACETATE,,cis-3 Hexenyl Acetate from PerfumersWorld,{'PerfumersWorld': '3681-71-8'},https://www.perfumersworld.com/view.php?pro_id=4GF00226
WIP_VERIFIED,cis-3 Hexenyl Hexanoate,31501-11-8,5352543,"3-Hexenyl hexanoate, (3Z)-",31501-11-8,"cis-3-Hexenyl hexanoate|31501-11-8|(Z)-3-hexenyl hexanoate|cis-3-Hexenyl caproate|cis-3-Hexenyl hexoate|(3Z)-Hex-3-en-1-yl hexanoate|(Z)-Hex-3-enyl hexanoate|Hexanoic acid, (3Z)-3-hexenyl ester|3-Hexenyl hexanoate, cis-|Hexanoic acid, 3-hexenyl ester, (Z)-",,cis-3 Hexenyl Hexanoate from PerfumersWorld,{'PerfumersWorld': '31501-11-8'},https://www.perfumersworld.com/view.php?pro_id=4GG01946
WIP_VERIFIED,Neofolione,5435-64-3,5368076,Methyl 2-nonenoate,37822-76-7|111-79-5|14952-06-8,"Methyl non-2-enoate|Methyl 2-nonenoate|111-79-5|Methyl trans-2-nonenoate|Melon nonenoate|2-NONENOIC ACID, METHYL ESTER|2-Nonenoic acid, methyl ester, (2E)-|FEMA No. 2725|2-Nonenoic acid, methyl ester, (E)-|2-Nonenoic acid, methyl ester, trans-",,Neofolione from PerfumersWorld,{'PerfumersWorld': '111-79-5'},https://www.perfumersworld.com/view.php?pro_id=4GI02379
WIP_VERIFIED,Leafovert,67845-30-1,5365699,"Hex-3-en-1-yl methyl carbonate, (3Z)-",67633-96-9,"67633-96-9|(3Z)-Hex-3-en-1-yl methyl carbonate|LIFFAROME|(Z)-Hex-3-en-1-yl methyl carbonate|CIS-3-HEXENYL METHYL CARBONATE|LEAFAROME|LEAFOVERT|WEC5YY1PGT|Carbonic acid, 3-hexenyl methyl ester, (Z)-|DTXSID3052353",,Leafovert from PerfumersWorld,{'PerfumersWorld': '67633-96-9'},https://www.perfumersworld.com/view.php?pro_id=4GI15439
WIP_VERIFIED,Liffarome,67633-96-9,5365699,"Hex-3-en-1-yl methyl carbonate, (3Z)-",67633-96-9,"67633-96-9|(3Z)-Hex-3-en-1-yl methyl carbonate|LIFFAROME|(Z)-Hex-3-en-1-yl methyl carbonate|CIS-3-HEXENYL METHYL CARBONATE|LEAFAROME|LEAFOVERT|WEC5YY1PGT|Carbonic acid, 3-hexenyl methyl ester, (Z)-|DTXSID3052353",,Liffarome from PerfumersWorld,{'PerfumersWorld': '67633-96-9'},https://www.perfumersworld.com/view.php?pro_id=4GI24147
WIP_VERIFIED,cis-3 Hexenol,928-96-1,5281167,3-Hexenol,928-96-1,cis-3-Hexen-1-ol|928-96-1|(Z)-Hex-3-en-1-ol|Leaf alcohol|cis-3-Hexenol|(Z)-3-Hexen-1-ol|Blatteralkohol|Z-3-Hexenol|3-Hexenol|(3Z)-hex-3-en-1-ol,,cis-3 Hexenol from PerfumersWorld,{'PerfumersWorld': '928-96-1'},https://www.perfumersworld.com/view.php?pro_id=4GL00225
WIP_VERIFIED,Stemone,22457-23-4,90787,3-Methyl-5-heptanone oxime,22457-23-4,"Stemone|5-Methylheptan-3-one oxime|5-Methyl-3-heptanone oxime|22457-23-4|3-Heptanone, 5-methyl-, oxime|3-Methyl-5-heptanone oxime|Ethyl 2-methylbutyl ketoxime|Ethyl 2-methylbutyl ketoxine|EINECS 245-010-8|XHN6C9A7U3",,Stemone from PerfumersWorld,{'PerfumersWorld': '22457-23-4'},https://www.perfumersworld.com/view.php?pro_id=4GL00415
WIP_VERIFIED,Maceal,67845-30-1,106866,"Bicyclo[2.2.2]oct-5-ene-2-carboxaldehyde, 6-methyl-8-(1-methylethyl)-",67845-30-1,"67845-30-1|Bicyclo[2.2.2]oct-5-ene-2-carboxaldehyde, 6-methyl-8-(1-methylethyl)-|7-Formyl-5-isopropyl-2-methylbicyclo(2.2.2)oct-2-ene|EINECS 267-308-7|DTXSID00867357|8-isopropyl-6-methylbicyclo[2.2.2]oct-5-ene-2-carbaldehyde|2-Methyl-5-(1-methylethyl)bicyclo(2.2.2)oct-2-ene-7-carboxaldehyde|Bicyclo(2.2.2)oct-5-ene-2-carboxaldehyde, 6-methyl-8-(1-methylethyl)-|8-Isopropyl-6-methylbicyclo(2.2.2)oct-5-ene-2-carbaldehyde|RefChem:568172",,Maceal from PerfumersWorld,{'PerfumersWorld': '67845-30-1'},https://www.perfumersworld.com/view.php?pro_id=4GL22835
WIP_VERIFIED,Hydratropic Aldehyde,93-53-8,7146,2-Phenylpropanal,93-53-8,2-Phenylpropanal|2-Phenylpropionaldehyde|Hydratropaldehyde|93-53-8|Hydratropic aldehyde|Hyacinthal|Cumene aldehyde|Hydratropa aldehyde|Hydrotropic aldehyde|2-Phenyl-1-propanal,,Hydratropic Aldehyde from PerfumersWorld,{'PerfumersWorld': '93-53-8'},https://www.perfumersworld.com/view.php?pro_id=4GM00232
WIP_VERIFIED,Hyacinth Body,Mixture,102849,"Benzene, (2-(1-ethoxyethoxy)ethyl)-",2556-10-7,"Ethyl phenethyl acetal|2556-10-7|(2-(1-Ethoxyethoxy)ethyl)benzene|Efetaal|[2-(1-Ethoxyethoxy)ethyl]benzene|Hyacinth Body|Benzene, (2-(1-ethoxyethoxy)ethyl)-|Benzene, [2-(1-ethoxyethoxy)ethyl]-|Acetaldehyde, ethyl phenethyl acetal|Acetaldehyde ethyl 2-phenylethyl acetal",,Hyacinth Body from PerfumersWorld,{'PerfumersWorld': '2556-10-7'},https://www.perfumersworld.com/view.php?pro_id=4GN00231
WIP_VERIFIED,Algix Pure,Mixture,166400,"Ethanol, 2-(4-methylphenoxy)-1-(2-phenylethoxy)-",72987-59-8,"2-(4-Methylphenoxy)-1-(2-phenylethoxy)ethanol|EINECS 277-189-3|Ethanol, 2-(4-methylphenoxy)-1-(2-phenylethoxy)-|DTXSID40868222|1-(2-Phenylethoxy)-2-(4-methylphenoxy)ethanol|RefChem:138284|DTXCID50816350|277-189-3|72987-59-8|2-(4-methylphenoxy)-1-(2-phenylethoxy)ethan-1-ol",,Algix Pure from PerfumersWorld,{'PerfumersWorld': '72987-59-8'},https://www.perfumersworld.com/view.php?pro_id=4GN23714
WIP_VERIFIED,Dihydro Carvyl Acetate,20777-49-5,30248,Dihydrocarvyl acetate,20405-60-1|20777-49-5,"Dihydrocarvyl acetate|Tuberyl acetate|Dihydrocarveyl acetate|Carhydrine|8-p-Menthen-2-yl acetate|EINECS 243-794-6|Cyclohexanol, 2-methyl-5-(1-methylethenyl)-, acetate, (1R,2R,5R)-rel-|p-Menth-8(9)-en-2-yl acetate|FEMA No. 2380|Cyclohexanol, 2-methyl-5-(1-methylethenyl)-, 1-acetate",,Dihydro Carvyl Acetate from PerfumersWorld,{'PerfumersWorld': '20777-49-5'},https://www.perfumersworld.com/view.php?pro_id=4HF00147
WIP_VERIFIED,Lavender Aldehyde,67633-96-9,37066,2-Isopropyl-5-methyl-2-hexenal,35158-25-9,"35158-25-9|5-methyl-2-propan-2-ylhex-2-enal|5-Methyl-2-isopropyl-2-hexenal|2-Hexenal, 5-methyl-2-(1-methylethyl)-|2-Isopropyl-5-methylhex-2-enal|FEMA No. 3406|2-Hexenal, 2-isopropyl-5-methyl-|2-Isopropyl-5-methyl-2-hexen-1-al|7F8Q5STQ11|RefChem:87286",,Lavender Aldehyde from PerfumersWorld,{'PerfumersWorld': '35158-25-9'},https://www.perfumersworld.com/view.php?pro_id=4HW03807
WIP_VERIFIED,Parmavert,38462-22-5,25812,"1,1-Dimethoxynon-2-yne",13257-44-8,"1,1-Dimethoxynon-2-yne|Parmavert|2-Nonynal dimethylacetal|2-Nonyne, 1,1-dimethoxy-|2-Nonyn-1-al dimethylacetal|EINECS 236-249-9|2-Nonyl-1-al dimethyl acetal|2-NONYNAL, DIMETHYL ACETAL|BRN 4372599|AI3-36004",,Parmavert from PerfumersWorld,{'PerfumersWorld': '13257-44-8'},https://www.perfumersworld.com/view.php?pro_id=4IG05175
WIP_VERIFIED,Undecavertol,81782-77-6,163336,4-Methyl-3-decen-5-ol,81782-77-6,"4-Methyl-3-decen-5-ol|3-Decen-5-ol, 4-methyl-|DTXSID8052560|RefChem:912670|DTXCID5031133|279-815-0|81782-77-6|4-methyl-3-decene-5-ol|SCHEMBL112320|SCHEMBL28671445",,Undecavertol from PerfumersWorld,{'MySkinRecipes': '81782-77-6'},https://www.myskinrecipes.com/shop/th/green-พืช-ใบไม้เขียว/2619-violet-decenol-undecavertol.html
WIP_VERIFIED,Allyl Ionone Cetone V,79-78-7,5365976,Allyl-alpha-ionone,79-78-7,"Allyl alpha-ionone|79-78-7|Allyl-alpha-ionone|Ionone, allyl alpha-|FEMA No. 2033|8IP66F9ODG|DTXSID4047591|1,6-HEPTADIEN-3-ONE, 1-(2,6,6-TRIMETHYL-2-CYCLOHEXEN-1-YL)-|RefChem:554848|DTXCID20809638",,Allyl Ionone Cetone V from PerfumersWorld,{'PerfumersWorld': '79-78-7'},https://www.perfumersworld.com/view.php?pro_id=4IN10857
WIP_VERIFIED,Benzyl Butyrate,103-37-7,7650,Benzyl butyrate,103-37-7,"Benzyl butyrate|Benzyl butanoate|Benzyl n-butyrate|Phenylmethyl butanoate|Butanoic acid, phenylmethyl ester|Benzyl n-butanoate|Butyric acid, benzyl ester|Phenylmethyl butyrate|Benzyl butyrate (natural)|Benzylester kyseliny maselne",,Benzyl Butyrate from PerfumersWorld,{'PerfumersWorld': '103-37-7'},https://www.perfumersworld.com/view.php?pro_id=4JD00055
WIP_VERIFIED,Hedione High Cis,24851-98-7,102861,Hedione,24851-98-7,"Methyl dihydrojasmonate|24851-98-7|methyl 2-(3-oxo-2-pentylcyclopentyl)acetate|Hedione|Kharismal|Cyclopentaneacetic acid, 3-oxo-2-pentyl-, methyl ester|Methyl (3-oxo-2-pentylcyclopentyl)acetate|Methyl (2-pentyl-3-oxocyclopentyl)acetate|FEMA No. 3408|DTXSID2029325",,Hedione High Cis from PerfumersWorld,{'PerfumersWorld': '24851-98-7'},https://www.perfumersworld.com/view.php?pro_id=4JJ10013
WIP_VERIFIED,Dihydro Jasmone,1128-08-01,62378,Dihydrojasmone,1128-08-1,"Dihydrojasmone|1128-08-1|3-Methyl-2-pentylcyclopent-2-enone|2-CYCLOPENTEN-1-ONE, 3-METHYL-2-PENTYL-|FEMA No. 3763|3-Methyl-2-(n-pentanyl)-2-cyclopenten-1-one|DTXSID4051584|Y953R7PP90|NSC-71928|RefChem:133852",,Dihydro Jasmone from PerfumersWorld,{'PerfumersWorld': '1128-08-1'},https://www.perfumersworld.com/view.php?pro_id=4JN00149
WIP_VERIFIED,cis-Jasmone,488-10-8,1549018,Jasmone,488-10-8,"cis-Jasmone|JASMONE|488-10-8|(Z)-Jasmone|FEMA No. 3196|2-Cyclopenten-1-one, 3-methyl-2-(2-pentenyl)-, (Z)-|3-methyl-2-[(Z)-pent-2-enyl]cyclopent-2-en-1-one|DTXSID4047092|RC4W0G9YUK|3-Methyl-2-(cis-2-penten-1-yl)-2-cyclopenten-1-one",,cis-Jasmone from PerfumersWorld,{'PerfumersWorld': '488-10-8'},https://www.perfumersworld.com/view.php?pro_id=4JN00257
WIP_VERIFIED,Dimethyl Benzyl Carbinyl Butyrate,10094-34-5,24915,"1,1-Dimethyl-2-phenylethyl butyrate",10094-34-5,"1,1-Dimethyl-2-phenylethyl butyrate|RefChem:588253|10094-34-5|Butanoic acid, 1,1-dimethyl-2-phenylethyl ester|Dimethylbenzylcarbinyl butyrate|Benzyldimethylcarbinyl butyrate|alpha,alpha-Dimethylphenethyl butyrate|Dimethyl benzyl carbinyl butyrate|Dmbc butyrate|2-Benzyl-2-propyl butyrate",,Dimethyl Benzyl Carbinyl Butyrate from PerfumersWorld,{'PerfumersWorld': '10094-34-5'},https://www.perfumersworld.com/view.php?pro_id=4LD02865
WIP_VERIFIED,Methyl Amyl Ketone,110-43-0,8051,2-Heptanone,110-43-0,2-HEPTANONE|Heptan-2-one|110-43-0|Methyl pentyl ketone|Butylacetone|Amyl methyl ketone|Methyl amyl ketone|Methyl n-amyl ketone|n-Amyl methyl ketone|n-Pentyl methyl ketone,,Methyl Amyl Ketone from PerfumersWorld,{'PerfumersWorld': '110-43-0'},https://www.perfumersworld.com/view.php?pro_id=4LF00294
WIP_VERIFIED,Linalool Oxide,1365-19-1,6428573,"Linalool oxide, cis-",5989-33-3|34995-77-2,"cis-Linalool Oxide|Linalool oxide, (Z)-|cis-Linalool 3,6-oxide|2U90CGE5DT|(Z)-Furanoid linalool oxide|Linalool oxide, cis-|(Z)-Linalool oxide B|cis-Furan linalool oxide|CIS-F-LINALOOL OXIDE|EPOXYDIHYDROLINALOOL II",,Linalool Oxide from PerfumersWorld,{'PerfumersWorld': '5989-33-3'},https://www.perfumersworld.com/view.php?pro_id=4LL00277
WIP_VERIFIED,Methyl Nonyl Ketone,112-12-9,8163,2-Undecanone,112-12-9,"2-Undecanone|Undecan-2-one|Methyl nonyl ketone|112-12-9|2-Hendecanone|Rue ketone|METHYL N-NONYL KETONE|Ketone, methyl nonyl|Nonyl methyl ketone|MGK Dog and Cat Repellent",,Methyl Nonyl Ketone from PerfumersWorld,{'PerfumersWorld': '112-12-9'},https://www.perfumersworld.com/view.php?pro_id=4LY00304
WIP_VERIFIED,Dupical,30168-23-1,6438291,"Butanal, 4-(octahydro-4,7-methano-5H-inden-5-ylidene)-",30168-23-1,"4-Tricyclodecylidene butanal|30168-23-1|Butanal, 4-(octahydro-4,7-methano-5H-inden-5-ylidene)-|EINECS 250-078-7|4-Tricyclo(5.2.1.0 decylidene-8)butanal|4-(Tricyclo(5,2,1,02,6)decyliden-8)butanal|4-(Octahydro-4,7-methano-5H-inden-5-ylidene)butanal|RefChem:121983|4-(Hexahydro-1H-4,7-methanoinden-5(6H)-ylidene)butanal|MFCD00169825",,Dupical from PerfumersWorld,{'PerfumersWorld': '30168-23-1'},https://www.perfumersworld.com/view.php?pro_id=4MA00167
WIP_VERIFIED,Myrac Aldehyde,6048-83-5,93199,"3-Cyclohexene-1-carboxaldehyde, 4-(4-methyl-3-penten-1-yl)-",37677-14-8,"Myrac aldehyde|37677-14-8|4-(4-Methyl-3-pentenyl)cyclohex-3-ene-1-carbaldehyde|3-Cyclohexene-1-carboxaldehyde, 4-(4-methyl-3-pentenyl)-|para-Myrac aldehyde|Isohexenyl cyclohexenyl carboxaldehyde|1-Formyl-4-isohexenyl-4-cyclohexene|EINECS 253-617-4|1-Formyl-4-ixohexenyl-4-cyclohexene|4-(4-Methyl-3-penten-1-yl)-3-cyclohexen-1-carboxaldehyde",,Myrac Aldehyde from PerfumersWorld,{'PerfumersWorld': '37677-14-8'},https://www.perfumersworld.com/view.php?pro_id=4MA00312
WIP_VERIFIED,Verdantiol,91-51-0,121232773,"Methyl 2-((3-(4-(1,1-dimethylethyl)phenyl)-2-methylpropylidene)amino)benzoate",91-51-0,"DTXSID2052609|Methyl 2-[[3-[4-(1,1-dimethylethyl)phenyl]-2-methylpropylidene]amino]benzoate|Methyl 2-((3-(4-(1,1-dimethylethyl)phenyl)-2-methylpropylidene)amino)benzoate|RefChem:201683|DTXCID0031182|91-51-0|HCYRUADDKFDUII-UHFFFAOYSA-N|Methyl 2-{[1-(4-tert-butylphenyl)propan-2-yl]diazenyl}benzoate",,Verdantiol from PerfumersWorld,{'PerfumersWorld': '91-51-0'},https://www.perfumersworld.com/view.php?pro_id=4NM04579
WIP_VERIFIED,Indolene,67860-00-8,3033452,"7-Octen-2-ol, 8-(1H-indol-1-yl)-2,6-dimethyl-",68527-79-7,"DTXSID30867663|68527-79-7|7-Octen-2-ol, 8-(1H-indol-1-yl)-2,6-dimethyl-|RefChem:199190|DTXCID60815834|8-Indol-1-yl-2,6-dimethyloct-7-en-2-ol|8-(1H-Indol-1-yl)-2,6-dimethyloct-7-en-2-ol|SCHEMBL17627643|SCHEMBL17627644|HAPNXLWNFLTTIE-UHFFFAOYSA-N",,Indolene from PerfumersWorld,{'PerfumersWorld': '68527-79-7'},https://www.perfumersworld.com/view.php?pro_id=4NU04558
WIP_VERIFIED,para-Cresyl Methyl Ether,104-93-8,7731,4-Methylanisole,104-93-8,"4-Methylanisole|1-METHOXY-4-METHYLBENZENE|104-93-8|4-Methoxytoluene|Benzene, 1-methoxy-4-methyl-|p-Cresol methyl ether|p-methyl anisole|Anisole, p-methyl-|Methyl p-tolyl ether|4-Methyl anisole",,para-Cresyl Methyl Ether from PerfumersWorld,{'PerfumersWorld': '104-93-8'},https://www.perfumersworld.com/view.php?pro_id=4PP00350
WIP_VERIFIED,Cymene Para,99-87-6,7463,P-Cymene,99-87-6|4939-75-7,P-CYMENE|4-Isopropyltoluene|99-87-6|p-Isopropyltoluene|Dolcymene|1-Isopropyl-4-methylbenzene|p-Cymol|Para-cymene|Camphogen|Paracymene,,Cymene Para from PerfumersWorld,{'PerfumersWorld': '99-87-6'},https://www.perfumersworld.com/view.php?pro_id=4PQ00352
WIP_VERIFIED,Methyl Chavicol,140-67-0,8815,Estragole,140-67-0,Estragole|4-Allylanisole|140-67-0|1-Allyl-4-methoxybenzene|p-Allylanisole|Methyl chavicol|Esdragol|Chavicol methyl ether|Esdragole|Isoanethole,,Methyl Chavicol from PerfumersWorld,{'PerfumersWorld': '140-67-0'},https://www.perfumersworld.com/view.php?pro_id=4PS02272
WIP_VERIFIED,Rosalva,13019-22-2,25612,9-Decen-1-ol,13019-22-2,9-DECEN-1-OL|dec-9-en-1-ol|Trepanol|ROSALVA|Decenol|DTXSID6047656|EINECS 235-878-6|NSC 103158|BRN 1750928|UNII-475HH49270,,Rosalva from PerfumersWorld,{'PerfumersWorld': '13019-22-2'},https://www.perfumersworld.com/view.php?pro_id=4RA00394
WIP_VERIFIED,Givescone,57934-97-1,93847,"Ethyl 2-ethyl-6,6-dimethylcyclohex-2-ene-1-carboxylate",57934-97-1,"57934-97-1|Ethyl 2-ethyl-6,6-dimethylcyclohex-2-ene-1-carboxylate|Ethyl 2-ethyl-6,6-dimethyl-2-cyclohexene-carboxylate|U0QIF3ZHAA|EINECS 261-020-5|2-Cyclohexene-1-carboxylic acid, 2-ethyl-6,6-dimethyl-, ethyl ester|DTXSID1052240|RefChem:594371|DTXCID6030811|261-020-5",,Givescone from PerfumersWorld,{'PerfumersWorld': '57934-97-1'},https://www.perfumersworld.com/view.php?pro_id=4RF06840
WIP_VERIFIED,Phenyl Ethyl Isoamyl Ether,56011-02-0,91978,Isoamyl phenethyl ether,56011-02-0,"Isopentyl phenethyl ether|green ether|Isoamyl phenylethyl ether|Isoamyl phenethyl ether|Phenylethyl isoamyl ether|2-Phenylethyl isopentyl ether|(2-(3-Methylbutoxy)ethyl)benzene|[2-(3-METHYLBUTOXY)ETHYL]BENZENE|Benzene, (2-(3-methylbutoxy)ethyl)-|EINECS 259-943-3",,Phenyl Ethyl Isoamyl Ether from PerfumersWorld,{'PerfumersWorld': '56011-02-0'},https://www.perfumersworld.com/view.php?pro_id=4RL00374
NATURAL_MIXTURE,Rose Absolute Pentalol,Mixture,,,,,,Rose Absolute Pentalol (Mefrosol) from PerfumersWorld,{'PerfumersWorld': '55066-48-3'},https://www.perfumersworld.com/view.php?pro_id=4RM06950
WIP_VERIFIED,Geranyl Formate,105-86-2,5282109,Geranyl formate,105-86-2,"Geranyl formate|105-86-2|GERANIOL FORMATE|Geranyl methanoate|Formic acid, geraniol ester|FEMA No. 2514|2,6-Octadien-1-ol, 3,7-dimethyl-, formate, (E)-|[(2E)-3,7-dimethylocta-2,6-dienyl] formate|DTXSID0047614|trans-3,7-Dimethyl-2,6-octadien-1-yl formate",,Geranyl Formate from PerfumersWorld,{'PerfumersWorld': '105-86-2'},https://www.perfumersworld.com/view.php?pro_id=4RW00208
WIP_VERIFIED,Phenyl Ethyl Formate,104-62-1,7711,2-Phenylethyl formate,104-62-1,"2-Phenylethyl formate|Phenethyl formate|104-62-1|Formic acid, 2-phenylethyl ester|Phenethyl alcohol, formate|Benzylcarbinyl formate|Phenylethyl formate|2-Phenethyl formate|2-Phenethyl methanoate|Benzeneethanol, formate",,Phenyl Ethyl Formate from PerfumersWorld,{'PerfumersWorld': '104-62-1'},https://www.perfumersworld.com/view.php?pro_id=4RW00373
WIP_VERIFIED,Cinnamyl Aldehyde,104-55-2,637511,Cinnamaldehyde,14371-10-9|104-55-2|57194-69-1,"cinnamaldehyde|104-55-2|Zimtaldehyde|Cinnamal|3-Phenylacrylaldehyde|2-Propenal, 3-phenyl-|3-Phenylpropenal|Phenylacrolein|3-Phenyl-2-propenal|(E)-3-phenylprop-2-enal",,Cinnamyl Aldehyde from PerfumersWorld,{'PerfumersWorld': '104-55-2'},https://www.perfumersworld.com/view.php?pro_id=4SV00106
WIP_VERIFIED,Cinnamyl Nitrile,1885-38-7,1550846,Cinnamonitrile,4360-47-8|1885-38-7,"Cinnamonitrile|4360-47-8|2-Propenenitrile, 3-phenyl-|RefChem:577210|224-441-5|1885-38-7|trans-Cinnamonitrile|3-Phenylacrylonitrile|Styryl cyanide|(E)-3-Phenylacrylonitrile",,Cinnamyl Nitrile from PerfumersWorld,{'PerfumersWorld': '4360-47-8'},https://www.perfumersworld.com/view.php?pro_id=4SW23710
PROPRIETARY_MIXTURE,Costus Olifac,8023-88-9,,,,,,Costus Olifac Iff from PerfumersWorld,{'PerfumersWorld': ''},https://www.perfumersworld.com/view.php?pro_id=5UW08963
PROPRIETARY_MIXTURE,Fixative 505,Mixture,,,,,,Fixative 505 from PerfumersWorld,{'PerfumersWorld': ''},https://www.perfumersworld.com/view.php?pro_id=4UY07514
WIP_VERIFIED,Isobutavan,20665-85-4,539829,Vanillin isobutyrate,20665-85-4,"Vanillin isobutyrate|4-Formyl-2-methoxyphenyl isobutyrate|Isobutavan|4-Formyl-2-methoxyphenyl 2-methylpropanoate|Propanoic acid, 2-methyl-, 4-formyl-2-methoxyphenyl ester|Vanillyl isobutyrate|FEMA No. 3754|Isobutyric acid, ester with vanillin|DTXSID9047201|UNII-C55654RCNR",,Isobutavan from PerfumersWorld,{'PerfumersWorld': '20665-85-4'},https://www.perfumersworld.com/view.php?pro_id=4VV16856
WIP_VERIFIED,Azarbre,68845-36-3,111384,Diethyldimethylcyclohex-2-en-1-one,68845-36-3,"Diethyldimethylcyclohex-2-en-1-one|68845-36-3|Diethyldimethyl-2-cyclohexenone|2-Cyclohexen-1-one, diethyldimethyl-|DTXSID9052424|EINECS 272-462-3|RefChem:133489|DTXCID6030996|272-462-3|3,4-diethyl-2,5-dimethylcyclohex-2-en-1-one",,Azarbre from PerfumersWorld,{'PerfumersWorld': '68845-36-3'},https://www.perfumersworld.com/view.php?pro_id=4WB16858
PROPRIETARY_MIXTURE,Aphermate,25225-08-05,,,,,,Aphermate from PerfumersWorld,{'PerfumersWorld': ''},https://www.perfumersworld.com/view.php?pro_id=4WF06853
WIP_VERIFIED,Koavone,81786-75-6,20836197,"Pentamethylheptenone, (3Z)-",81786-73-4,"(Z)-3,4,5,6,6-Pentamethylhept-3-en-2-one|81786-73-4|Pentamethylheptenone, (3Z)-|EINECS 279-822-9|18682V2R6J|3-Hepten-2-one, 3,4,5,6,6-pentamethyl-, (Z)-|(Z)-WOODY AMYLENE|3-Hepten-2-one, 3,4,5,6,6-pentamethyl-, (3Z)-|DTXSID8052562|CIS-3-PENTAMETHYL HEPTEN-2-ONE",,Koavone from PerfumersWorld,{'PerfumersWorld': '81786-73-4'},https://www.perfumersworld.com/view.php?pro_id=4WI10591
WIP_VERIFIED,Vetival,4927-39-3,78640,"2-Pentanone, 4-cyclohexyl-4-methyl-",4927-39-3,"4927-39-3|4-Cyclohexyl-4-methyl-pentan-2-one|2-Pentanone, 4-cyclohexyl-4-methyl-|4-Cyclohexyl-4-methyl-2-pentanone|VETIVAL|DTXSID8047682|UNII-D21000AYE2|D21000AYE2|EINECS 225-562-6|NSC 240005",,Vetival from PerfumersWorld,{'PerfumersWorld': '4927-39-3'},https://www.perfumersworld.com/view.php?pro_id=4WL15944
WIP_VERIFIED,Bacdanol,28219-61-6,6438196,"2-Ethyl-4-(2,2,3-trimethylcyclopent-3-en-1-yl)but-2-en-1-ol, (E)-",106185-75-5|28219-61-6,"106185-75-5|Sandranol|Bacdanol|6IHW4TX869|J647.437C|(2E)-2-Ethyl-4-(2,2,3-trimethyl-3-cyclopenten-1-yl)-2-buten-1-ol|2-Buten-1-ol, 2-ethyl-4-(2,2,3-trimethyl-3-cyclopenten-1-yl)-, (2E)-|DTXSID30860412|(2E)-2-ethyl-4-(2,2,3-trimethylcyclopent-3-en-1-yl)but-2-en-1-ol|2-Ethyl-4-(2,2,3-trimethylcyclopent-3-en-1-yl)but-2-en-1-ol, (E)-",,Bacdanol from PerfumersWorld,{'PerfumersWorld': '28219-61-6'},https://www.perfumersworld.com/view.php?pro_id=4WR00045
WIP_VERIFIED,Karanal,117933-89-8,16070752,"1,3-Dioxane, 2-(2,4-dimethyl-3-cyclohexen-1-yl)-5-methyl-5-(1-methylpropyl)-",117933-89-8,"117933-89-8|2-(2,4-dimethyl-3-cyclohexen-1-yl)-5-methyl-5-(1-methylpropyl)-1,3-dioxane|1,3-Dioxane, 2-(2,4-dimethyl-3-cyclohexen-1-yl)-5-methyl-5-(1-methylpropyl)-|RefChem:414738|DTXSID201029495|186309-28-4|601-499-3|5-(sec-butyl)-2-(2,4-dimethylcyclohex-3-en-1-yl)-5-methyl-1,3-dioxane|2-(2,4-DIMETHYLCYCLOHEX-3-ENE-1-YL)-5-METHYL-5-(1-METHYLPROPYL)-1,3-DIOXANE|MFCD01860851",,Karanal from PerfumersWorld,{'PerfumersWorld': '117933-89-8'},https://www.perfumersworld.com/view.php?pro_id=4WU16857
WIP_VERIFIED,Ambermax,929625-08-1,68852524,"1,3,4,5,6,7-Hexahydro-beta,1,1,5,5-pentamethyl-2H-2,4a-methanonaphthalene-8-ethanol",929625-08-1,"929625-08-1|RefChem:216773|1,3,4,5,6,7-Hexahydro-beta,1,1,5,5-pentamethyl-2H-2,4a-methanonaphthalene-8-ethanol|Ambermax 50 (givaudan)|SCHEMBL3953196|DTXSID801134929|2-(2,2,7,7-Tetramethyltricyclo[6.2.1.01,6]undec-5-en-5-yl)propan-1-ol|1,3,4,5,6,7-Hexahydro-I(2),1,1,5,5-pentamethyl-2H-2,4a-methanonaphthalene-8-ethanol|2-(1,1,5,5-Tetramethyl-1,3,4,5,6,7-hexahydro-2H-2,4a-methanonaphthalen-8-yl)propan-1-ol",,Ambermax 50% Dowanol TPM from PerfumersWorld,{'PerfumersWorld': '929625-08-1'},https://www.perfumersworld.com/view.php?pro_id=4WU16860
WIP_VERIFIED,Norlimbanol Dextro,70788-30-6,116699,"Cyclohexanepropanol, 2,2,6-trimethyl-alpha-propyl-",70788-30-6,"1-(2,2,6-Trimethylcyclohexyl)-3-hexanol|Cyclohexanepropanol, 2,2,6-trimethyl-alpha-propyl-|Timberol|6-(2,2,6-Trimethylcyclohexyl)-4-hexanol|UNII-CLV4EM4325|FINOTIMBER|CLV4EM4325|Cyclohexanepropanol, 2,2,6-trimethyl-.alpha.-propyl-|EINECS 274-892-7|2,2,6-Trimethyl-alpha-propylcyclohexanepropanol",,Norlimbanol Dextro from PerfumersWorld,{'PerfumersWorld': '70788-30-6'},https://www.perfumersworld.com/view.php?pro_id=4WU22432
WIP_VERIFIED,Amberketal IPM,57345-19-4,93639,"5H-3,5a-Epoxynaphth[2,1-c]oxepin, dodecahydro-3,8,8,11a-tetramethyl-",57345-19-4,"5H-3,5a-Epoxynaphth[2,1-c]oxepin, dodecahydro-3,8,8,11a-tetramethyl-|EINECS 260-686-4|dodecahydro-3,8,8,11a-tetramethyl-5H-3,5a-epoxynaphth[2,1-c]oxepin|DTXSID3041538|Dodecahydro-3,8,8,11a-tetramethyl-5H-3,5a-epoxynaphth(2,1-c)oxepin|5H-3,5a-Epoxynaphth(2,1-c)oxepin, dodecahydro-3,8,8,11a-tetramethyl-|RefChem:305283|DTXCID1021538|260-686-4|57345-19-4",,Amberketal IPM from PerfumersWorld,{'PerfumersWorld': '57345-19-4'},https://www.perfumersworld.com/view.php?pro_id=4WW16862
WIP_VERIFIED,Amber Core,139504-68-0,164422,2-tert-Butylcyclohexyloxybutanol,139504-68-0,"2-Butanol, 1-[[2-(1,1-dimethylethyl)cyclohexyl]oxy]-|2-t-Butylcyclohexyloxy-2-butanol|2-tert-butylcyclohexyloxybutanol|1-(2-tert-butylcyclohexyloxy)-2-butanol|1DR20642YH|2-t-butylcyclohexyloxybutanol|1-[(2-tert-butylcyclohexyl)oxy]butan-2-ol|DTXSID00869896|2-Butanol, 1-((2-(1,1-dimethylethyl)cyclohexyl)oxy)-|1-((2-tert-Butylcyclohexyl)oxy)butan-2-ol",,Amber Core from PerfumersWorld,{'PerfumersWorld': '139504-68-0'},https://www.perfumersworld.com/view.php?pro_id=4WW17035
WIP_VERIFIED,Sandalore,65113-99-7,103212,Sandalore,65113-99-7,"Sandalore|65113-99-7|1XL3NL51UU|3-Cyclopentene-1-butanol, alpha,beta,2,2,3-pentamethyl-|RefChem:181122|265-453-0|3-methyl-5-(2,2,3-trimethylcyclopent-3-en-1-yl)pentan-2-ol|5-(2,2,3-TRIMETHYL-3-CYCLOPENTENYL)-3-METHYL-PENTAN-2-OL|Sandalore (90%)|3-Campholenyl-2-butanol",,Sandalore from PerfumersWorld,{'MySkinRecipes': '65113-99-7'},https://www.myskinrecipes.com/shop/th/เร่งการงอก-ลดการร่วง/2846-sandal-pentanol-sandalore.html
DATA_GAP,Javanol,198404-98-7,,,,,,Javanol from PerfumersWorld,{'PerfumersWorld': '198404-98-7'},https://www.perfumersworld.com/view.php?pro_id=4WX10027
PROPRIETARY_MIXTURE,Hindinol,28219-60-5,,,,,,Hindinol from PerfumersWorld,{'PerfumersWorld': ''},https://www.perfumersworld.com/view.php?pro_id=4WX24656
WIP_VERIFIED,Galaxolide 100,1222-05-5,91497,Galaxolide,1222-05-5,"Galaxolide|1222-05-5|Abbalide|Galoxolide|HHCB|Pearlide|Galaxolide White|hexamethylindanopyran|Cyclopenta[g]-2-benzopyran, 1,3,4,6,7,8-hexahydro-4,6,6,7,8,8-hexamethyl-|Hexahydrohexamethyl cyclopentabenzopyran",,Galaxolide 100 (Undiluted) from PerfumersWorld,{'PerfumersWorld': '1222-05-5'},https://www.perfumersworld.com/view.php?pro_id=4XA13770
WIP_VERIFIED,Ambrettolide,28645-51-4,5365703,"Oxacycloheptadec-8-en-2-one, (8Z)-",123-69-3|94300-41-1,"Ambrettolide|Ambrettolid|123-69-3|Natural musk ambrette|Musk|(Z)-Oxacycloheptadec-8-en-2-one|Oxacycloheptadec-8-en-2-one, (8Z)-|16-Hydroxy-7-hexadecenoic acid lactone|OXACYCLOHEPTADEC-8-EN-2-ONE, (Z)-|095I377U8F",,Ambrettolide from PerfumersWorld,{'PerfumersWorld': '123-69-3'},https://www.perfumersworld.com/view.php?pro_id=4XU00034
WIP_VERIFIED,Muscone,541-91-3,10947,Muskone,541-91-3,"3-Methylcyclopentadecanone|541-91-3|3-Methylcyclopentadecan-1-one|MUSKONE|Cyclopentadecanone, 3-methyl-|Methylexaltone|Moschus ketone|dl-muscone|3-Methyl-1-cyclopentadecanone|5-Methyl-1-cyclopentadecanone",,Muscone (FEMA 3434),{'MySkinRecipes': '541-91-3'},https://www.myskinrecipes.com/shop/th/musk-มัสก์/2881-muscone-fema-3434.html
WIP_VERIFIED,Velvione,37609-25-9,162268,5-Cyclohexadecen-1-one,37609-25-9,5-Cyclohexadecen-1-one|37609-25-9|DTXSID8047139|1DAH7E9E0D|DTXCID6027139|RefChem:535108|253-568-9|5-Cyclohexadecenone|cyclohexadec-5-en-1-one|MFCD00059511,,Velvione from PerfumersWorld,{'PerfumersWorld': '37609-25-9'},https://www.perfumersworld.com/view.php?pro_id=4XU11429
WIP_VERIFIED,Champignol,82461-14-1,6992244,(R)-oct-1-en-3-ol,3687-48-7,"(3R)-oct-1-en-3-ol|1-Octen-3-ol, (3R)-|(R)-(-)-1-octen-3-ol|Matsutakeol|(-)-Matsutakeol|L-1-Octen-3-ol|(-)-1-Octen-3-ol|(R)-oct-1-en-3-ol|(R)-Matsutake alcohol|1-Octen-3-ol, (R)-",,Champignol from PerfumersWorld,{'PerfumersWorld': '3687-48-7'},https://www.perfumersworld.com/view.php?pro_id=4YE09171
WIP_VERIFIED,Citralva,5146-66-7,21768,Geranyl nitrile,5146-66-7,"citronitrile|Citralva|3,7-Dimethyl-2,6-octadienenitrile|2,6-Octadienenitrile, 3,7-dimethyl-|DTXSID3036286|MS598KEL3M|DTXCID1016286|NSC-109052|RefChem:922179|225-918-0",,Citralva 10% in DPG from PerfumersWorld,{'PerfumersWorld': '5146-66-7'},https://www.perfumersworld.com/view.php?pro_id=5CC07820
NATURAL_MIXTURE,Neroli Essential Oil,8016-38-4,,,,,,Neroli Essential Oil 10% in DPG from PerfumersWorld,{'PerfumersWorld': '8016-38-4'},https://www.perfumersworld.com/view.php?pro_id=7CN00318
WIP_VERIFIED,Nerolin Yara Yara,93-04-9,7119,2-Methoxynaphthalene,93-04-9,"2-METHOXYNAPHTHALENE|93-04-9|Naphthalene, 2-methoxy-|Nerolin|Methyl 2-naphthyl ether|2-Naphthol methyl ether|beta-Naphthyl methyl ether|beta-Methoxynaphthalene|Nerolin (old)|beta-Naphthol methyl ether",,Nerolin Yara Yara 10% in DPG from PerfumersWorld,{'PerfumersWorld': '93-04-9'},https://www.perfumersworld.com/view.php?pro_id=5CN09971
WIP_VERIFIED,Dimethyl Sulfide,75-18-3,1068,Dimethyl Sulfide,31533-72-9|75-18-3,"dimethyl sulfide|Methyl sulfide|75-18-3|Methane, thiobis-|Methyl thioether|dimethyl sulphide|dimethylsulfide|2-Thiapropane|Dimethyl thioether|Dimethylsulphide",,Dimethyl Sulfide 1% in DPG from PerfumersWorld,{'PerfumersWorld': '75-18-3'},https://www.perfumersworld.com/view.php?pro_id=5EG09234
WIP_VERIFIED,Safranal,116-26-7,61041,Safranal,116-26-7,"Safranal|116-26-7|2,3-Dihydro-2,2,6-trimethylbenzaldehyde|1,3-CYCLOHEXADIENE-1-CARBOXALDEHYDE, 2,6,6-TRIMETHYL-|2,6,6-trimethylcyclohexa-1,3-diene-1-carbaldehyde|2,6,6-trimethyl-1,3-cyclohexadiene-1-carboxaldehyde|Dehydro-beta-cyclocitral|(2,6,6-Trimethylcyclohexa-1,3-dienyl)methanal|FEMA No. 3389|DTXSID7049398",,Safranal 1% in DPG from PerfumersWorld,{'PerfumersWorld': '116-26-7'},https://www.perfumersworld.com/view.php?pro_id=5ES09556
DATA_GAP,Red Saffron Infusion,Mixture,,,,,,Red Saffron Infusion from PerfumersWorld,{'PerfumersWorld': '8022-19-3'},https://www.perfumersworld.com/view.php?pro_id=5ES18560
NATURAL_MIXTURE,Coffee Oil Roasted,8001-67-0,,,,,,Coffee Oil Roasted 10% in DPG from PerfumersWorld,{'PerfumersWorld': '84650-00-0'},https://www.perfumersworld.com/view.php?pro_id=7ET08078
NATURAL_MIXTURE,Blackcurrant Absolute,68606-81-5,,,,,,Blackcurrant Absolute 10% in DPG from PerfumersWorld,{'PerfumersWorld': '97676-19-2'},https://www.perfumersworld.com/view.php?pro_id=8FB00063
WIP_VERIFIED,Methyl Pamplemousse,67674-46-8,106766,"6,6-Dimethoxy-2,5,5-trimethylhex-2-ene",67674-46-8,"67674-46-8|6,6-Dimethoxy-2,5,5-trimethylhex-2-ene|METHYL PAMPLEMOUSSE|1,1-Dimethoxy-2,2,5-trimethylhex-4-ene|2-Hexene, 6,6-dimethoxy-2,5,5-trimethyl-|EINECS 266-885-2|DTXSID2052366|RefChem:538520|DTXCID2030938|266-885-2",,Methyl Pamplemousse 10% in TEC from PerfumersWorld,{'PerfumersWorld': '67674-46-8'},https://www.perfumersworld.com/view.php?pro_id=5FC19406
WIP_VERIFIED,Valeraldehyde Iso,590-86-3,11552,3-Methylbutanal,26140-47-6|590-86-3,"3-Methylbutanal|ISOVALERALDEHYDE|590-86-3|3-Methylbutyraldehyde|Isovaleral|Isopentaldehyde|Butanal, 3-methyl-|Isoamylaldehyde|Isopentanal|Isovalerylaldehyde",,Valeraldehyde Iso 1% in DPG from PerfumersWorld,{'PerfumersWorld': '590-86-3'},https://www.perfumersworld.com/view.php?pro_id=5FD11577
DATA_GAP,Tomato Leaf Natural,Mixture,,,,,,Tomato Leaf Natural 10% in DPG from PerfumersWorld,{'PerfumersWorld': '90131-63-8'},https://www.perfumersworld.com/view.php?pro_id=8GE14861
WIP_VERIFIED,Trans-2-cis-6-nonadienoal,557-48-2,643731,"trans-2,cis-6-Nonadienal",557-48-2,"trans-2,cis-6-Nonadienal|(2E,6Z)-nona-2,6-dienal|Violet leaf aldehyde|Cucumber aldehyde|trans,cis-2,6-Nonadienal|(2E,6Z)-2,6-Nonadienal|(2E,6Z)-Nonadienal|2-trans-6-cis-Nonadienal|2E,6Z-nonadienal|CHEBI:7610",,Trans-2-cis-6-nonadienoal 1% in DPG from PerfumersWorld,{'PerfumersWorld': '557-48-2'},https://www.perfumersworld.com/view.php?pro_id=5GH07673
NATURAL_MIXTURE,Blue Chamomile Essential Oil,8002-66-2,,,,,,Blue Chamomile Essential Oil 10% in DPG from PerfumersWorld,{'PerfumersWorld': '8002-66-2'},https://www.perfumersworld.com/view.php?pro_id=7HF00102
NATURAL_MIXTURE,Roman Chamomile Essential Oil,8015-92-7,,,,,,Roman Chamomile Essential Oil 10% in DPG from PerfumersWorld,{'PerfumersWorld': '8015-92-7'},https://www.perfumersworld.com/view.php?pro_id=7HH00104
NATURAL_MIXTURE,Davana Essential Oil,8016-03-3,,,,,,Davana Essential Oil 10% in DPG from PerfumersWorld,{'PerfumersWorld': '8016-03-3'},https://www.perfumersworld.com/view.php?pro_id=5HH12466
DATA_GAP,Orris Concrete Orris Butter,8002-73-1,,,,,,Orris Concrete Orris Butter 10% in DPG from PerfumersWorld,{'PerfumersWorld': '8002-73-1'},https://www.perfumersworld.com/view.php?pro_id=5IA07847
WIP_VERIFIED,Alpha Damascone,24720-09-0,520506,alpha-Damascone,43052-87-5|31089-90-4,"DTXSID90880772|RefChem:555689|DTXCID501022131|620-558-4|2-Buten-1-one, 1-(2,6,6-trimethyl-2-cyclohexen-1-yl)-|43052-87-5|alpha-Damascone|FEMA No. 3659|UP5JTZ982I|.alpha.-Damascone",,Alpha Damascone 10% in DPG from PerfumersWorld,{'PerfumersWorld': '43052-87-5'},https://www.perfumersworld.com/view.php?pro_id=9IF02656
NATURAL_MIXTURE,Violet Leaf Absolute,8024-08-6,,,,,,Violet Leaf Absolute 10% in DPG from PerfumersWorld,{'PerfumersWorld': '8024-08-6'},https://www.perfumersworld.com/view.php?pro_id=8IG00469
WIP_VERIFIED,Alpha Irone,79-69-6,5371002,alpha-Irone,1335-94-0|79-69-6,"alpha-Irone|79-69-6|Methyl alpha-ionone|6-Methyl-alpha-ionone|FEMA No. 2597|4-(2,5,6,6-Tetramethylcyclohex-2-enyl)but-3-en-2-one|4-(2,5,6,6-Tetramethyl-2-cyclohexen-1-yl)-3-buten-2-one|DTXSID4047042|CHEBI:10284|DTXCID10196549",,Alpha Irone 10% in Myristic Acid(solid) from PerfumersWorld,{'PerfumersWorld': '79-69-6'},https://www.perfumersworld.com/view.php?pro_id=8II00243
WIP_VERIFIED,Beta Damascone,23726-91-2,5366074,beta-Damascenone,23696-85-7|23726-93-4,"beta-Damascenone|23726-93-4|trans-beta-Damascenone|trans-damascenone|(E)-beta-damascenone|FEMA No. 3420|(E)-1-(2,6,6-Trimethyl-1,3-cyclohexadien-1-yl)-2-buten-1-one|U66V25TBO0|4-(2,6,6-Trimethylcyclohexa-1,3-dienyl)but-2-en-4-one|CHEBI:67251",,Beta Damascone 10% in DPG from PerfumersWorld,{'PerfumersWorld': '23696-85-7'},https://www.perfumersworld.com/view.php?pro_id=9IR00141
NATURAL_MIXTURE,Carrot Seed Essential Oil,8015-88-1,,,,,,Carrot Seed Essential Oil 10% in DPG from PerfumersWorld,{'PerfumersWorld': '8015-88-1'},https://www.perfumersworld.com/view.php?pro_id=7IS00086
NATURAL_MIXTURE,Jasmine Sambac Absolute,91770-14-8,,,,,,Jasmine Sambac Absolute 10% in DPG from PerfumersWorld,{'PerfumersWorld': '91770-14-8'},https://www.perfumersworld.com/view.php?pro_id=8JN00256
NATURAL_MIXTURE,Jasmine Absolute,8022-96-6,,,,,,Jasmine Absolute 10% in DPG from PerfumersWorld,{'PerfumersWorld': 'Mixture (Perfume Base)'},https://www.perfumersworld.com/view.php?pro_id=8JN00254
NATURAL_MIXTURE,Green pine absolute,8021-29-2,,,,,,Green pine absolute 10% in DPG from PerfumersWorld,{'PerfumersWorld': '8000-26-8'},https://www.perfumersworld.com/view.php?pro_id=8KG23405
NATURAL_MIXTURE,Juniper Berry Essential Oil,8002-68-4,,,,,,Juniper Berry Essential Oil 10% in DPG from PerfumersWorld,{'PerfumersWorld': '8012-91-7'},https://www.perfumersworld.com/view.php?pro_id=7KH00262
NATURAL_MIXTURE,Orange Flower Absolute,8030-28-2,,,,,,Orange Flower Absolute 10% in DPG from PerfumersWorld,{'PerfumersWorld': '8030-28-2'},https://www.perfumersworld.com/view.php?pro_id=8NC00338
NATURAL_MIXTURE,Tuberose Absolute,8024-05-3,,,,,,Tuberose Absolute 10% in DPG from PerfumersWorld,{'PerfumersWorld': '8024-05-3'},https://www.perfumersworld.com/view.php?pro_id=8ND00451
NATURAL_MIXTURE,Osmanthus Absolute,68917-05-5,,,,,,Osmanthus Absolute 10% in DPG from PerfumersWorld,{'PerfumersWorld': '68917-05-5'},https://www.perfumersworld.com/view.php?pro_id=8ND00346
NATURAL_MIXTURE,Mimosa Absolute,8031-03-6,,,,,,Mimosa Absolute 10% in DPG from PerfumersWorld,{'PerfumersWorld': '100-51-6'},https://www.perfumersworld.com/view.php?pro_id=8NG00307
NATURAL_MIXTURE,Tagetes Essential Oil,8016-84-0,,,,,,Tagetes Essential Oil 10% in DPG from PerfumersWorld,{'PerfumersWorld': '8016-84-0'},https://www.perfumersworld.com/view.php?pro_id=7NH00426
NATURAL_MIXTURE,Champaca Flower Essential Oil,8006-76-6,,,,,,Champaca Flower Essential Oil 10% in DPG from PerfumersWorld,{'PerfumersWorld': '94333-99-0'},https://www.perfumersworld.com/view.php?pro_id=7NJ07740
NATURAL_MIXTURE,Lotus Absolute,85085-51-4,,,,,,Lotus Absolute 10% in DPG from PerfumersWorld,{'PerfumersWorld': '84696-27-5'},https://www.perfumersworld.com/view.php?pro_id=8NN07699
NATURAL_MIXTURE,Immortelle Absolute,8023-95-8,,,,,,Immortelle Absolute 10% in DPG from PerfumersWorld,{'PerfumersWorld': '8023-95-8'},https://www.perfumersworld.com/view.php?pro_id=8NY23449
NATURAL_MIXTURE,Frangipani Absolute,92457-20-0,,,,,,Frangipani Absolute 10% in DPG from PerfumersWorld,{'PerfumersWorld': '223748-06-9'},https://www.perfumersworld.com/view.php?pro_id=8ON00534
WIP_VERIFIED,para-Cresyl Acetate,140-39-6,8797,4-Methylphenyl acetate,140-39-6,"p-Tolyl acetate|p-Cresyl acetate|140-39-6|Acetic acid, 4-methylphenyl ester|Narceol|4-Methylphenyl acetate|p-Acetoxytoluene|Cresyl acetate|Paracresyl acetate|Acetic acid, p-tolyl ester",,para-Cresyl Acetate 10% in DPG from PerfumersWorld,{'PerfumersWorld': '140-39-6'},https://www.perfumersworld.com/view.php?pro_id=9PP01951
WIP_VERIFIED,para-Cresol,106-44-5,2879,P-Cresol,1319-77-3|106-44-5|2876-02-0,"P-CRESOL|4-Methylphenol|106-44-5|4-Cresol|4-Hydroxytoluene|p-Methylphenol|p-Hydroxytoluene|p-Tolyl alcohol|Phenol, 4-methyl-|para-Cresol",,para-Cresol 10% in DPG from PerfumersWorld,{'PerfumersWorld': '106-44-5'},https://www.perfumersworld.com/view.php?pro_id=9PP00348
NATURAL_MIXTURE,White Thyme Essential Oil,8007-46-3,,,,,,White Thyme Essential Oil 10% in DPG from PerfumersWorld,{'PerfumersWorld': '8007-46-3'},https://www.perfumersworld.com/view.php?pro_id=7PS00441
NATURAL_MIXTURE,Oregano Essential Oil,8007-11-2,,,,,,Oregano Essential Oil 10% in DPG from PerfumersWorld,{'PerfumersWorld': '8007-11-2'},https://www.perfumersworld.com/view.php?pro_id=7PS00342
NATURAL_MIXTURE,Opoponax Essential Oil,8021-36-1,,,,,,Opoponax Essential Oil 10% in DPG from PerfumersWorld,{'PerfumersWorld': '8021-36-1'},https://www.perfumersworld.com/view.php?pro_id=7QC00336
NATURAL_MIXTURE,Olibanum Essential Oil,8016-36-2,,,,,,Olibanum Essential Oil 10% in DPG from PerfumersWorld,{'PerfumersWorld': '8016-36-2'},https://www.perfumersworld.com/view.php?pro_id=7QK00333
NATURAL_MIXTURE,Tolu Balsam Resinoid (,9000-64-0,,,,,,Tolu Balsam Resinoid (50% in BB) from PerfumersWorld,{'PerfumersWorld': '8016-26-0'},https://www.perfumersworld.com/view.php?pro_id=5QV12477
DATA_GAP,Rose Otto Anatolian,8007-01-0,,,,,,Rose Otto Anatolian 10% in DPG from PerfumersWorld,{'PerfumersWorld': '8007-01-0'},https://www.perfumersworld.com/view.php?pro_id=8RR00397
NATURAL_MIXTURE,Rose de Mai Absolute,84604-12-6,,,,,,Rose de Mai Absolute 10% in DPG from PerfumersWorld,{'PerfumersWorld': '8007-01-0'},https://www.perfumersworld.com/view.php?pro_id=8RM00395
DATA_GAP,Rose Otto Bulgarian,8007-01-0,,,,,,Rose Otto Bulgarian 10% in DPG from PerfumersWorld,{'PerfumersWorld': '8007-01-0'},https://www.perfumersworld.com/view.php?pro_id=7RB00900
WIP_VERIFIED,Methyl cinnamate,103-26-4,637520,Methyl Cinnamate,103-26-4|1754-62-7,"Methyl cinnamate|103-26-4|Cinnamic acid methyl ester|Methyl (E)-3-phenylprop-2-enoate|Methyl cinnamylate|FEMA No. 2698|CINNAMIC ACID, METHYL ESTER|SemaSORB 9815|533CV2ZCQL|NSC-9411",,Methyl cinnamate 50% in DPG from PerfumersWorld,{'PerfumersWorld': '103-26-4'},https://www.perfumersworld.com/view.php?pro_id=5SC07858
NATURAL_MIXTURE,Cardamom Essential Oil,8000-66-6,,,,,,Cardamom Essential Oil 10% in DPG from PerfumersWorld,{'PerfumersWorld': '8000-66-6'},https://www.perfumersworld.com/view.php?pro_id=7SC00084
NATURAL_MIXTURE,Caraway Seed Essential Oil,8000-42-8,,,,,,Caraway Seed Essential Oil 10% in DPG from PerfumersWorld,{'PerfumersWorld': '8000-42-8'},https://www.perfumersworld.com/view.php?pro_id=7SE00083
NATURAL_MIXTURE,Celery Seed Essential Oil,8015-90-5,,,,,,Celery Seed Essential Oil 10% in DPG from PerfumersWorld,{'PerfumersWorld': '8015-90-5'},https://www.perfumersworld.com/view.php?pro_id=7SH00100
NATURAL_MIXTURE,Parsley Seed Oil,8000-68-8,,,,,,Parsley Seed Oil 10% in DPG from PerfumersWorld,{'PerfumersWorld': '8000-68-8'},https://www.perfumersworld.com/view.php?pro_id=5SH08967
NATURAL_MIXTURE,Coriander Essential Oil,8008-52-4,,,,,,Coriander Essential Oil 10% in DPG from PerfumersWorld,{'PerfumersWorld': '8008-52-4'},https://www.perfumersworld.com/view.php?pro_id=5SL08473
NATURAL_MIXTURE,Bay West Indies Essential Oil,8006-78-8,,,,,,Bay West Indies Essential Oil 10% in DPG from PerfumersWorld,{'PerfumersWorld': '85085-61-6'},https://www.perfumersworld.com/view.php?pro_id=7SP00048
NATURAL_MIXTURE,Cumin Seed Essential Oil,8014-13-9,,,,,,Cumin Seed Essential Oil 1% in DPG from PerfumersWorld,{'PerfumersWorld': '8014-13-9'},https://www.perfumersworld.com/view.php?pro_id=7SU00130
NATURAL_MIXTURE,Cinnamon Bark Essential Oil,8015-91-6,,,,,,Cinnamon Bark Essential Oil 10% in DPG from PerfumersWorld,{'PerfumersWorld': '84649-98-9'},https://www.perfumersworld.com/view.php?pro_id=7SV00107
NATURAL_MIXTURE,Cassia Essential Oil,8007-80-5,,,,,,Cassia Essential Oil 10% in DPG from PerfumersWorld,{'PerfumersWorld': '8007-80-5'},https://www.perfumersworld.com/view.php?pro_id=7SV00091
NATURAL_MIXTURE,Coffee absolute,8001-67-0,,,,,,Coffee absolute grasse 10% in DPG from PerfumersWorld,{'PerfumersWorld': '8001-67-0'},https://www.perfumersworld.com/view.php?pro_id=8TE23450
NATURAL_MIXTURE,Tobacco Absolute,8037-19-2,,,,,,Tobacco Absolute 10% in DPG from PerfumersWorld,{'PerfumersWorld': '8037-19-2'},https://www.perfumersworld.com/view.php?pro_id=8TH08212
NATURAL_MIXTURE,Birch Tar Essential Oil,8001-88-5,,,,,,Birch Tar Essential Oil 1% in DPG from PerfumersWorld,{'PerfumersWorld': '8001-88-5'},https://www.perfumersworld.com/view.php?pro_id=5TP07825
NATURAL_MIXTURE,Cade Oil Rectified Oil,8013-10-3,,,,,,Cade Oil Rectified Oil 1% in DPG from PerfumersWorld,{'PerfumersWorld': '8013-10-3'},https://www.perfumersworld.com/view.php?pro_id=5TW07824
NATURAL_MIXTURE,Cade Oil Rectified,8013-10-3,,,,,,Cade Oil Rectified 10% in DPG from PerfumersWorld,{'PerfumersWorld': '8013-10-3'},https://www.perfumersworld.com/view.php?pro_id=7TW00076
NATURAL_MIXTURE,Labdanum Absolute,8016-26-0,,,,,,Labdanum Absolute 10% in DPG from PerfumersWorld,{'PerfumersWorld': '8016-26-0'},https://www.perfumersworld.com/view.php?pro_id=5UQ07791
NATURAL_MIXTURE,Cistus Essential Oil,8016-26-0,,,,,,Cistus Essential Oil 10% in DPG from PerfumersWorld,{'PerfumersWorld': '89997-74-0'},https://www.perfumersworld.com/view.php?pro_id=7UQ08239
WIP_VERIFIED,Pyralone,6790-58-5,103401,6-(sec-Butyl)quinoline,65442-31-1,"6-sec-Butylquinoline|65442-31-1|sec-Butylquinoline|Quinoline, 6-(1-methylpropyl)-|6-(sec-Butyl)quinoline|6-(1-methylpropyl)quinoline|EINECS 265-777-2|SAP55IYM36|RefChem:539903|6-and 8-sec-Butylquinoline (80/20)",,Pyralone 10% in DPG from PerfumersWorld,{'PerfumersWorld': '65442-31-1'},https://www.perfumersworld.com/view.php?pro_id=9UY19188
WIP_VERIFIED,METHYL LAITONE,94201-19-1,175596,"1-Oxaspiro(4.5)decan-2-one, 8-methyl-",94201-19-1,"8-METHYL-1-OXASPIRO[4.5]DECAN-2-ONE|EINECS 303-602-4|1-Oxaspiro[4.5]decan-2-one, 8-methyl-|1-Oxaspiro(4.5)decan-2-one, 8-methyl-|DTXSID70888736|8-Methyl-1-oxaspiro(4.5)decan-2-one|RefChem:76811|DTXCID901028012|303-602-4|94201-19-1",,METHYL LAITONE 10% DPG from PerfumersWorld,{'PerfumersWorld': '94201-19-1'},https://www.perfumersworld.com/view.php?pro_id=5VD10871
WIP_VERIFIED,Furaneol,3658-77-3,19309,Furaneol,3658-77-3,"Furaneol|3658-77-3|4-hydroxy-2,5-dimethylfuran-3(2H)-one|2,5-Dimethyl-4-hydroxy-3(2H)-furanone|4-Hydroxy-2,5-dimethyl-3(2H)-furanone|4-Hydroxy-2,5-dimethyl-3(2H)furanone|Pineapple ketone|Dimethylhydroxy furanone|Alletone|Strawberry furanone",,Furaneol 10% in PG from PerfumersWorld,{'PerfumersWorld': '3658-77-3'},https://www.perfumersworld.com/view.php?pro_id=5VE09272
WIP_VERIFIED,Caramel Furanone 0.,3658-77-3,62835,Sotolone,28664-35-9,"28664-35-9|3-Hydroxy-4,5-dimethylfuran-2(5H)-one|4,5-Dimethyl-3-hydroxy-2,5-dihydrofuran-2-one|Sotolone|sotolon|2(5h)-FURANONE, 3-HYDROXY-4,5-DIMETHYL-|FEMA No. 3634|DTXSID4047674|2,3-Dimethyl-4-hydroxy-2,5-dihydrofuran-5-one|4,5-Dimethyl-3-hydroxy-2,5-dihydro-2-furanone",,Caramel Furanone 0.03% from PerfumersWorld,{'PerfumersWorld': '28664-35-9'},https://www.perfumersworld.com/view.php?pro_id=5VE14325
NATURAL_MIXTURE,Tonka Bean Absolute,8024-04-2,,,,,,Tonka Bean Absolute 10% in DPG from PerfumersWorld,{'PerfumersWorld': '8046-22-8'},https://www.perfumersworld.com/view.php?pro_id=8VQ00445
NATURAL_MIXTURE,Cocoa absolute,8002-31-1,,,,,,Cocoa absolute grasse 10% in DPG from PerfumersWorld,{'PerfumersWorld': '8002-31-1'},https://www.perfumersworld.com/view.php?pro_id=8VT23451
NATURAL_MIXTURE,Vanilla Absolute,8024-06-4,,,,,,Vanilla Absolute 5% in DPG from PerfumersWorld,{'PerfumersWorld': '8024-06-4'},https://www.perfumersworld.com/view.php?pro_id=8VW08619
NATURAL_MIXTURE,Agarwood Oil Siam,94350-09-1,,,,,,Agarwood Oil Siam 10% in DPG from PerfumersWorld,{'PerfumersWorld': '94350-09-1'},https://www.perfumersworld.com/view.php?pro_id=7WU09890
WIP_VERIFIED,Z11 HD 8.5,57345-19-4,93639,"5H-3,5a-Epoxynaphth[2,1-c]oxepin, dodecahydro-3,8,8,11a-tetramethyl-",57345-19-4,"5H-3,5a-Epoxynaphth[2,1-c]oxepin, dodecahydro-3,8,8,11a-tetramethyl-|EINECS 260-686-4|dodecahydro-3,8,8,11a-tetramethyl-5H-3,5a-epoxynaphth[2,1-c]oxepin|DTXSID3041538|Dodecahydro-3,8,8,11a-tetramethyl-5H-3,5a-epoxynaphth(2,1-c)oxepin|5H-3,5a-Epoxynaphth(2,1-c)oxepin, dodecahydro-3,8,8,11a-tetramethyl-|RefChem:305283|DTXCID1021538|260-686-4|57345-19-4",,Z11 HD 8.5 from PerfumersWorld,{'PerfumersWorld': '57345-19-4'},https://www.perfumersworld.com/view.php?pro_id=5WU21414
NATURAL_MIXTURE,Sandalwood Essential Oil,8006-87-9,,,,,,Sandalwood Essential Oil 10% in DPG from PerfumersWorld,{'PerfumersWorld': '84787-70-2'},https://www.perfumersworld.com/view.php?pro_id=7WX00406
NATURAL_MIXTURE,Ambrette Seed Absolute,8015-62-1,,,,,,Ambrette Seed Absolute 10% in DPG from PerfumersWorld,{'PerfumersWorld': '84455-19-6'},https://www.perfumersworld.com/view.php?pro_id=8XU00529
NATURAL_MIXTURE,Oakmoss Absolute,90028-68-5,,,,,,Oakmoss Absolute (IFRA Low Atranol) 10% in DPG from PerfumersWorld,{'PerfumersWorld': '9000-50-4'},https://www.perfumersworld.com/view.php?pro_id=5YH07549
NATURAL_MIXTURE,Oakmoss Resinoid,90028-68-5,,,,,,Oakmoss Resinoid (IFRA Low Atranol) 10% in DPG from PerfumersWorld,{'PerfumersWorld': '9000-50-4'},https://www.perfumersworld.com/view.php?pro_id=5YQ09979
NATURAL_MIXTURE,Treemoss Absolute,90028-67-4,,,,,,Treemoss Absolute 10% in DEP from PerfumersWorld,{'PerfumersWorld': '9000-50-4'},https://www.perfumersworld.com/view.php?pro_id=8YT00576
WIP_VERIFIED,Geosmin,19700-21-1,1213,"Octahydro-4,8a-dimethyl-4a(2H)-naphthol",5173-69-3|23333-91-7|19700-21-1|16452-32-7|16423-19-1,"Octahydro-4,8a-dimethyl-4a(2H)-naphthol|23333-91-7|4,8a-dimethyl-1,2,3,4,5,6,7,8-octahydronaphthalen-4a-ol|4a(2H)-Naphthol, octahydro-4,8a-dimethyl-|4a(2H)-Naphthalenol, octahydro-4,8a-dimethyl-|EINECS 245-590-2|DTXSID8051887|4a(2H)-Naphthalenol, octahydro-4,8a-dimethyl-, (4S,4aS,8aR)-|RefChem:855857|DTXCID6030447",,Geosmin 1% in DPG from PerfumersWorld,{'PerfumersWorld': '23333-91-7'},https://www.perfumersworld.com/view.php?pro_id=5YW18061
PROPRIETARY_MIXTURE,CITRUS ALDEHYDE,Mixture,,,,,,CITRUS ALDEHYDE F-TEC from PerfumersWorld,{'PerfumersWorld': 'Mixture (Perfume Base)'},https://www.perfumersworld.com/view.php?pro_id=6AC18110
PROPRIETARY_MIXTURE,Green Aldehyde,Mixture,,,,,,Green Aldehyde Fleuressence from PerfumersWorld,{'PerfumersWorld': 'Mixture (Perfume Base)'},https://www.perfumersworld.com/view.php?pro_id=6AG09015
PROPRIETARY_MIXTURE,GREEN ALDEHYDE,Mixture,,,,,,GREEN ALDEHYDE F-TEC from PerfumersWorld,{'PerfumersWorld': 'Mixture (Perfume Base)'},https://www.perfumersworld.com/view.php?pro_id=6AG18116
PROPRIETARY_MIXTURE,Powdery,Mixture,,,,,,Powdery Fleuressence from PerfumersWorld,{'PerfumersWorld': 'Mixture (Perfume Base)'},https://www.perfumersworld.com/view.php?pro_id=6AJ12410
PROPRIETARY_MIXTURE,POWDERY,Mixture,,,,,,POWDERY F-TEC from PerfumersWorld,{'PerfumersWorld': 'Mixture (Perfume Base)'},https://www.perfumersworld.com/view.php?pro_id=6AJ18111
PROPRIETARY_MIXTURE,A-Aldehyde,Mixture,,,,,,A-Aldehyde Fleuressence from PerfumersWorld,{'PerfumersWorld': 'Mixture (Perfume Base)'},https://www.perfumersworld.com/view.php?pro_id=6AN07832
PROPRIETARY_MIXTURE,Rose Aldehyde,Mixture,,,,,,Rose Aldehyde Fleuressence from PerfumersWorld,{'PerfumersWorld': 'Mixture (Perfume Base)'},https://www.perfumersworld.com/view.php?pro_id=6AR09113
PROPRIETARY_MIXTURE,ROSE ALDEHYDE,Mixture,,,,,,ROSE ALDEHYDE F-TEC from PerfumersWorld,{'PerfumersWorld': 'Mixture (Perfume Base)'},https://www.perfumersworld.com/view.php?pro_id=6AR18117
PROPRIETARY_MIXTURE,B-iceBerg,Mixture,,,,,,B-iceBerg Fleuressence from PerfumersWorld,{'PerfumersWorld': 'Mixture (Perfume Base)'},https://www.perfumersworld.com/view.php?pro_id=6BB07833
PROPRIETARY_MIXTURE,Spearmint,Mixture,,,,,,Spearmint Fleuressence from PerfumersWorld,{'PerfumersWorld': 'Mixture (Perfume Base)'},https://www.perfumersworld.com/view.php?pro_id=6BB08505
PROPRIETARY_MIXTURE,Peppermint,Mixture,,,,,,Peppermint Fleuressence from PerfumersWorld,{'PerfumersWorld': 'Mixture (Perfume Base)'},https://www.perfumersworld.com/view.php?pro_id=6BB09016
PROPRIETARY_MIXTURE,B-ICEBERG,Mixture,,,,,,B-ICEBERG F-TEC from PerfumersWorld,{'PerfumersWorld': 'Mixture (Perfume Base)'},https://www.perfumersworld.com/view.php?pro_id=6BB18004
PROPRIETARY_MIXTURE,PEPPERMINT,Mixture,,,,,,PEPPERMINT F-TEC from PerfumersWorld,{'PerfumersWorld': 'Mixture (Perfume Base)'},https://www.perfumersworld.com/view.php?pro_id=6BB18120
PROPRIETARY_MIXTURE,SPEARMINT,Mixture,,,,,,SPEARMINT F-TEC from PerfumersWorld,{'PerfumersWorld': 'Mixture (Perfume Base)'},https://www.perfumersworld.com/view.php?pro_id=6BG18119
PROPRIETARY_MIXTURE,Camphoraceous,Mixture,,,,,,Camphoraceous Fleuressence from PerfumersWorld,{'PerfumersWorld': 'Mixture (Perfume Base)'},https://www.perfumersworld.com/view.php?pro_id=6BH09017
PROPRIETARY_MIXTURE,CAMPHOR,Mixture,,,,,,CAMPHOR F-TEC from PerfumersWorld,{'PerfumersWorld': 'Mixture (Perfume Base)'},https://www.perfumersworld.com/view.php?pro_id=6BH18118
PROPRIETARY_MIXTURE,Eucalyptus Citriodora Natural Blend,Mixture,,,,,,Eucalyptus Citriodora Natural Blend from PerfumersWorld,{'PerfumersWorld': 'Mixture (Perfume Base)'},https://www.perfumersworld.com/view.php?pro_id=6CA07765
PROPRIETARY_MIXTURE,Orange,Mixture,,,,,,Orange Fleuressence from PerfumersWorld,{'PerfumersWorld': 'Mixture (Perfume Base)'},https://www.perfumersworld.com/view.php?pro_id=6CA09018
PROPRIETARY_MIXTURE,Mandarin,Mixture,,,,,,Mandarin Fleuressence from PerfumersWorld,{'PerfumersWorld': 'Mixture (Perfume Base)'},https://www.perfumersworld.com/view.php?pro_id=6CA09060
PROPRIETARY_MIXTURE,ORANGE,Mixture,,,,,,ORANGE F-TEC from PerfumersWorld,{'PerfumersWorld': 'Mixture (Perfume Base)'},https://www.perfumersworld.com/view.php?pro_id=6CA18123
PROPRIETARY_MIXTURE,MANDARIN,Mixture,,,,,,MANDARIN F-TEC from PerfumersWorld,{'PerfumersWorld': 'Mixture (Perfume Base)'},https://www.perfumersworld.com/view.php?pro_id=6CA18124
PROPRIETARY_MIXTURE,GRAPEFRUIT,Mixture,,,,,,GRAPEFRUIT F-TEC from PerfumersWorld,{'PerfumersWorld': 'Mixture (Perfume Base)'},https://www.perfumersworld.com/view.php?pro_id=6CA18126
PROPRIETARY_MIXTURE,Lemon,Mixture,,,,,,Lemon Fleuressence from PerfumersWorld,{'PerfumersWorld': 'Mixture (Perfume Base)'},https://www.perfumersworld.com/view.php?pro_id=6CC09059
PROPRIETARY_MIXTURE,LEMON,Mixture,,,,,,LEMON F-TEC from PerfumersWorld,{'PerfumersWorld': 'Mixture (Perfume Base)'},https://www.perfumersworld.com/view.php?pro_id=6CC18122
PROPRIETARY_MIXTURE,Agrumen Aldehyde PW,Mixture,,,,,,Agrumen Aldehyde PW from PerfumersWorld,{'PerfumersWorld': 'Mixture (Perfume Base)'},https://www.perfumersworld.com/view.php?pro_id=6CG13368
PROPRIETARY_MIXTURE,Lime Zest Tops,Mixture,,,,,,Lime Zest Tops Fleuressence from PerfumersWorld,{'PerfumersWorld': 'Mixture (Perfume Base)'},https://www.perfumersworld.com/view.php?pro_id=6CK12391
PROPRIETARY_MIXTURE,LIME ZEST,Mixture,,,,,,LIME ZEST F-TEC from PerfumersWorld,{'PerfumersWorld': 'Mixture (Perfume Base)'},https://www.perfumersworld.com/view.php?pro_id=6CK18135
PROPRIETARY_MIXTURE,C-Citrus,Mixture,,,,,,C-Citrus Fleuressence from PerfumersWorld,{'PerfumersWorld': 'Mixture (Perfume Base)'},https://www.perfumersworld.com/view.php?pro_id=6CL07830
PROPRIETARY_MIXTURE,Bergamot,Mixture,,,,,,Bergamot Fleuressence from PerfumersWorld,{'PerfumersWorld': 'Mixture (Perfume Base)'},https://www.perfumersworld.com/view.php?pro_id=6CL09058
PROPRIETARY_MIXTURE,Male Floral,Mixture,,,,,,Male Floral Fleuressence from PerfumersWorld,{'PerfumersWorld': 'Mixture (Perfume Base)'},https://www.perfumersworld.com/view.php?pro_id=6CL10386
PROPRIETARY_MIXTURE,Cologne,Mixture,,,,,,Cologne Fleuressence from PerfumersWorld,{'PerfumersWorld': 'Mixture (Perfume Base)'},https://www.perfumersworld.com/view.php?pro_id=6CL10405
PROPRIETARY_MIXTURE,Chrome Citrus,Mixture,,,,,,Chrome Citrus Fleuressence from PerfumersWorld,{'PerfumersWorld': 'Mixture (Perfume Base)'},https://www.perfumersworld.com/view.php?pro_id=6CL11946
PROPRIETARY_MIXTURE,C-CITRUS,Mixture,,,,,,C-CITRUS F-TEC from PerfumersWorld,{'PerfumersWorld': 'Mixture (Perfume Base)'},https://www.perfumersworld.com/view.php?pro_id=6CL18060
PROPRIETARY_MIXTURE,MALE FLORAL,Mixture,,,,,,MALE FLORAL F-TEC from PerfumersWorld,{'PerfumersWorld': 'Mixture (Perfume Base)'},https://www.perfumersworld.com/view.php?pro_id=6CL18121
PROPRIETARY_MIXTURE,CHROME,Mixture,,,,,,CHROME F-TEC from PerfumersWorld,{'PerfumersWorld': 'Mixture (Perfume Base)'},https://www.perfumersworld.com/view.php?pro_id=6CL18125
PROPRIETARY_MIXTURE,COLOGNE,Mixture,,,,,,COLOGNE F-TEC from PerfumersWorld,{'PerfumersWorld': 'Mixture (Perfume Base)'},https://www.perfumersworld.com/view.php?pro_id=6CL18897
PROPRIETARY_MIXTURE,BERGAMOT,Mixture,,,,,,BERGAMOT F-TEC from PerfumersWorld,{'PerfumersWorld': 'Mixture (Perfume Base)'},https://www.perfumersworld.com/view.php?pro_id=6CL18898
PROPRIETARY_MIXTURE,Grapefruit,Mixture,,,,,,Grapefruit Fleuressence from PerfumersWorld,{'PerfumersWorld': 'Mixture (Perfume Base)'},https://www.perfumersworld.com/view.php?pro_id=6CN12394
PROPRIETARY_MIXTURE,NEROLI,Mixture,,,,,,NEROLI F-TEC from PerfumersWorld,{'PerfumersWorld': 'Mixture (Perfume Base)'},https://www.perfumersworld.com/view.php?pro_id=6CN18131
PROPRIETARY_MIXTURE,Pamzest,Mixture,,,,,,Pamzest from PerfumersWorld,{'PerfumersWorld': 'Mixture (Perfume Base)'},https://www.perfumersworld.com/view.php?pro_id=6CN23709
PROPRIETARY_MIXTURE,Petigrain Bigarade,8014-17-3,,,,,,Petigrain Bigarade from PerfumersWorld,{'PerfumersWorld': 'Mixture (Perfume Base)'},https://www.perfumersworld.com/view.php?pro_id=6CN24668
PROPRIETARY_MIXTURE,Lactone,Mixture,,,,,,Lactone Fleuressence from PerfumersWorld,{'PerfumersWorld': 'Mixture (Perfume Base)'},https://www.perfumersworld.com/view.php?pro_id=6DD08390
PROPRIETARY_MIXTURE,D-Dairy,Mixture,,,,,,D-Dairy Fleuressence from PerfumersWorld,{'PerfumersWorld': 'Mixture (Perfume Base)'},https://www.perfumersworld.com/view.php?pro_id=6DD08537
PROPRIETARY_MIXTURE,Milk,Mixture,,,,,,Milk Fleuressence from PerfumersWorld,{'PerfumersWorld': 'Mixture (Perfume Base)'},https://www.perfumersworld.com/view.php?pro_id=6DD09086
PROPRIETARY_MIXTURE,MILK,Mixture,,,,,,MILK F-TEC from PerfumersWorld,{'PerfumersWorld': 'Mixture (Perfume Base)'},https://www.perfumersworld.com/view.php?pro_id=6DD18140
PROPRIETARY_MIXTURE,LACTONE,Mixture,,,,,,LACTONE F-TEC from PerfumersWorld,{'PerfumersWorld': 'Mixture (Perfume Base)'},https://www.perfumersworld.com/view.php?pro_id=6DD18141
PROPRIETARY_MIXTURE,D-DAIRY,Mixture,,,,,,D-DAIRY F-TEC from PerfumersWorld,{'PerfumersWorld': 'Mixture (Perfume Base)'},https://www.perfumersworld.com/view.php?pro_id=6DF18006
PROPRIETARY_MIXTURE,Animalissio Blender,Mixture,,,,,,Animalissio Blender Fleuressence from PerfumersWorld,{'PerfumersWorld': 'Mixture (Perfume Base)'},https://www.perfumersworld.com/view.php?pro_id=6DU12415
PROPRIETARY_MIXTURE,ANIMALISSIMO,Mixture,,,,,,ANIMALISSIMO F-TEC from PerfumersWorld,{'PerfumersWorld': 'Mixture (Perfume Base)'},https://www.perfumersworld.com/view.php?pro_id=6DU18084
PROPRIETARY_MIXTURE,Cocoa Butter,Mixture,,,,,,Cocoa Butter Fleuressence from PerfumersWorld,{'PerfumersWorld': 'Mixture (Perfume Base)'},https://www.perfumersworld.com/view.php?pro_id=6DV09055
PROPRIETARY_MIXTURE,Coconut,Mixture,,,,,,Coconut Fleuressence from PerfumersWorld,{'PerfumersWorld': 'Mixture (Perfume Base)'},https://www.perfumersworld.com/view.php?pro_id=6DV12422
PROPRIETARY_MIXTURE,COCONUT,Mixture,,,,,,COCONUT F-TEC from PerfumersWorld,{'PerfumersWorld': 'Mixture (Perfume Base)'},https://www.perfumersworld.com/view.php?pro_id=6DV18143
PROPRIETARY_MIXTURE,COCOA BUTTER,Mixture,,,,,,COCOA BUTTER F-TEC from PerfumersWorld,{'PerfumersWorld': 'Mixture (Perfume Base)'},https://www.perfumersworld.com/view.php?pro_id=6DV18549
PROPRIETARY_MIXTURE,E-Edible,Mixture,,,,,,E-Edible Fleuressence from PerfumersWorld,{'PerfumersWorld': 'Mixture (Perfume Base)'},https://www.perfumersworld.com/view.php?pro_id=6EG08432
PROPRIETARY_MIXTURE,Green Tea,Mixture,,,,,,Green Tea Fleuressence from PerfumersWorld,{'PerfumersWorld': 'Mixture (Perfume Base)'},https://www.perfumersworld.com/view.php?pro_id=6EG12402
PROPRIETARY_MIXTURE,E-EDIBLE,Mixture,,,,,,E-EDIBLE F-TEC from PerfumersWorld,{'PerfumersWorld': 'Mixture (Perfume Base)'},https://www.perfumersworld.com/view.php?pro_id=6EG18010
PROPRIETARY_MIXTURE,GREEN TEA,Mixture,,,,,,GREEN TEA F-TEC from PerfumersWorld,{'PerfumersWorld': 'Mixture (Perfume Base)'},https://www.perfumersworld.com/view.php?pro_id=6EG18166
PROPRIETARY_MIXTURE,Fragrant Rice,Mixture,,,,,,Fragrant Rice Fleuressence from PerfumersWorld,{'PerfumersWorld': 'Mixture (Perfume Base)'},https://www.perfumersworld.com/view.php?pro_id=6EJ20524
PROPRIETARY_MIXTURE,COFFEE,Mixture,,,,,,COFFEE F-TEC from PerfumersWorld,{'PerfumersWorld': 'Mixture (Perfume Base)'},https://www.perfumersworld.com/view.php?pro_id=6ET18954
PROPRIETARY_MIXTURE,Coffee,Mixture,,,,,,Coffee Fleuressence from PerfumersWorld,{'PerfumersWorld': 'Mixture (Perfume Base)'},https://www.perfumersworld.com/view.php?pro_id=6ET20539
PROPRIETARY_MIXTURE,Sweet Corn,Mixture,,,,,,Sweet Corn Fleuressence from PerfumersWorld,{'PerfumersWorld': 'Mixture (Perfume Base)'},https://www.perfumersworld.com/view.php?pro_id=6EV10628
PROPRIETARY_MIXTURE,Saffron,Mixture,,,,,,Saffron Fleuressence from PerfumersWorld,{'PerfumersWorld': 'Mixture (Perfume Base)'},https://www.perfumersworld.com/view.php?pro_id=6EV12393
PROPRIETARY_MIXTURE,SAFFRON,Mixture,,,,,,SAFFRON F-TEC from PerfumersWorld,{'PerfumersWorld': 'Mixture (Perfume Base)'},https://www.perfumersworld.com/view.php?pro_id=6EV18158
PROPRIETARY_MIXTURE,SWEET CORN,Mixture,,,,,,SWEET CORN F-TEC from PerfumersWorld,{'PerfumersWorld': 'Mixture (Perfume Base)'},https://www.perfumersworld.com/view.php?pro_id=6EV18167
PROPRIETARY_MIXTURE,Nut,Mixture,,,,,,Nut Fleuressence from PerfumersWorld,{'PerfumersWorld': 'Mixture (Perfume Base)'},https://www.perfumersworld.com/view.php?pro_id=6EW09105
PROPRIETARY_MIXTURE,NUT,Mixture,,,,,,NUT F-TEC from PerfumersWorld,{'PerfumersWorld': 'Mixture (Perfume Base)'},https://www.perfumersworld.com/view.php?pro_id=6EW18930
PROPRIETARY_MIXTURE,Root,Mixture,,,,,,Root Fleuressence from PerfumersWorld,{'PerfumersWorld': 'Mixture (Perfume Base)'},https://www.perfumersworld.com/view.php?pro_id=6EY09115
PROPRIETARY_MIXTURE,Fresh Blackcurrant Leaf,Mixture,,,,,,Fresh Blackcurrant Leaf from PerfumersWorld,{'PerfumersWorld': 'Mixture (Perfume Base)'},https://www.perfumersworld.com/view.php?pro_id=6FB07709
PROPRIETARY_MIXTURE,Blackcurrant,Mixture,,,,,,Blackcurrant Fleuressence from PerfumersWorld,{'PerfumersWorld': 'Mixture (Perfume Base)'},https://www.perfumersworld.com/view.php?pro_id=6FB09427
PROPRIETARY_MIXTURE,BLACKCURRANT,Mixture,,,,,,BLACKCURRANT F-TEC from PerfumersWorld,{'PerfumersWorld': 'Mixture (Perfume Base)'},https://www.perfumersworld.com/view.php?pro_id=6FB18179
PROPRIETARY_MIXTURE,Pineapple,Mixture,,,,,,Pineapple Fleuressence from PerfumersWorld,{'PerfumersWorld': 'Mixture (Perfume Base)'},https://www.perfumersworld.com/view.php?pro_id=6FC08433
PROPRIETARY_MIXTURE,PINEAPPLE,Mixture,,,,,,PINEAPPLE F-TEC from PerfumersWorld,{'PerfumersWorld': 'Mixture (Perfume Base)'},https://www.perfumersworld.com/view.php?pro_id=6FC18181
PROPRIETARY_MIXTURE,Prune,Mixture,,,,,,Prune Fleuressence from PerfumersWorld,{'PerfumersWorld': 'Mixture (Perfume Base)'},https://www.perfumersworld.com/view.php?pro_id=6FD07547
PROPRIETARY_MIXTURE,Peach,Mixture,,,,,,Peach Fleuressence from PerfumersWorld,{'PerfumersWorld': 'Mixture (Perfume Base)'},https://www.perfumersworld.com/view.php?pro_id=6FD08610
PROPRIETARY_MIXTURE,Banana,Mixture,,,,,,Banana Fleuressence from PerfumersWorld,{'PerfumersWorld': 'Mixture (Perfume Base)'},https://www.perfumersworld.com/view.php?pro_id=6FD09062
PROPRIETARY_MIXTURE,F-Fruit,Mixture,,,,,,F-Fruit Fleuressence from PerfumersWorld,{'PerfumersWorld': 'Mixture (Perfume Base)'},https://www.perfumersworld.com/view.php?pro_id=6FD10042
PROPRIETARY_MIXTURE,F-FRUITY,Mixture,,,,,,F-FRUITY F-TEC from PerfumersWorld,{'PerfumersWorld': 'Mixture (Perfume Base)'},https://www.perfumersworld.com/view.php?pro_id=6FD18011
PROPRIETARY_MIXTURE,PEACH,Mixture,,,,,,PEACH F-TEC from PerfumersWorld,{'PerfumersWorld': 'Mixture (Perfume Base)'},https://www.perfumersworld.com/view.php?pro_id=6FD18170
PROPRIETARY_MIXTURE,BANANA,Mixture,,,,,,BANANA F-TEC from PerfumersWorld,{'PerfumersWorld': 'Mixture (Perfume Base)'},https://www.perfumersworld.com/view.php?pro_id=6FD18188
PROPRIETARY_MIXTURE,PRUNE,Mixture,,,,,,PRUNE F-TEC from PerfumersWorld,{'PerfumersWorld': 'Mixture (Perfume Base)'},https://www.perfumersworld.com/view.php?pro_id=6FD18956
PROPRIETARY_MIXTURE,Apple Red,Mixture,,,,,,Apple Red from PerfumersWorld,{'PerfumersWorld': 'Mixture (Perfume Base)'},https://www.perfumersworld.com/view.php?pro_id=6FG08026
PROPRIETARY_MIXTURE,Apple Green,Mixture,,,,,,Apple Green from PerfumersWorld,{'PerfumersWorld': 'Mixture (Perfume Base)'},https://www.perfumersworld.com/view.php?pro_id=6FG08058
PROPRIETARY_MIXTURE,Melon,Mixture,,,,,,Melon Fleuressence from PerfumersWorld,{'PerfumersWorld': 'Mixture (Perfume Base)'},https://www.perfumersworld.com/view.php?pro_id=6FG08392
PROPRIETARY_MIXTURE,Light and Airy,Mixture,,,,,,Light and Airy Fleuressence from PerfumersWorld,{'PerfumersWorld': 'Mixture (Perfume Base)'},https://www.perfumersworld.com/view.php?pro_id=6FG11947
PROPRIETARY_MIXTURE,LIGHT AND AIRY,Mixture,,,,,,LIGHT AND AIRY F-TEC from PerfumersWorld,{'PerfumersWorld': 'Mixture (Perfume Base)'},https://www.perfumersworld.com/view.php?pro_id=6FG18210
PROPRIETARY_MIXTURE,APPLE,Mixture,,,,,,APPLE F-TEC from PerfumersWorld,{'PerfumersWorld': 'Mixture (Perfume Base)'},https://www.perfumersworld.com/view.php?pro_id=6FG18856
PROPRIETARY_MIXTURE,Dewberry,Mixture,,,,,,Dewberry Fleuressence from PerfumersWorld,{'PerfumersWorld': 'Mixture (Perfume Base)'},https://www.perfumersworld.com/view.php?pro_id=6FL09127
PROPRIETARY_MIXTURE,DEWBERRY,Mixture,,,,,,DEWBERRY F-TEC from PerfumersWorld,{'PerfumersWorld': 'Mixture (Perfume Base)'},https://www.perfumersworld.com/view.php?pro_id=6FL18169
PROPRIETARY_MIXTURE,Cherry,Mixture,,,,,,Cherry Fleuressence from PerfumersWorld,{'PerfumersWorld': 'Mixture (Perfume Base)'},https://www.perfumersworld.com/view.php?pro_id=6FN09071
PROPRIETARY_MIXTURE,Grape,Mixture,,,,,,Grape Fleuressence from PerfumersWorld,{'PerfumersWorld': 'Mixture (Perfume Base)'},https://www.perfumersworld.com/view.php?pro_id=6FN09097
PROPRIETARY_MIXTURE,CHERRY,Mixture,,,,,,CHERRY F-TEC from PerfumersWorld,{'PerfumersWorld': 'Mixture (Perfume Base)'},https://www.perfumersworld.com/view.php?pro_id=6FN18183
PROPRIETARY_MIXTURE,GRAPE,Mixture,,,,,,GRAPE F-TEC from PerfumersWorld,{'PerfumersWorld': 'Mixture (Perfume Base)'},https://www.perfumersworld.com/view.php?pro_id=6FN18883
PROPRIETARY_MIXTURE,Palm Dates,Mixture,,,,,,Palm Dates Base from PerfumersWorld,{'PerfumersWorld': 'Mixture (Perfume Base)'},https://www.perfumersworld.com/view.php?pro_id=6FQ21068
PROPRIETARY_MIXTURE,Raspberry,Mixture,,,,,,Raspberry Fleuressence from PerfumersWorld,{'PerfumersWorld': 'Mixture (Perfume Base)'},https://www.perfumersworld.com/view.php?pro_id=6FV08343
PROPRIETARY_MIXTURE,Strawberry,Mixture,,,,,,Strawberry Fleuressence from PerfumersWorld,{'PerfumersWorld': 'Mixture (Perfume Base)'},https://www.perfumersworld.com/view.php?pro_id=6FV09104
PROPRIETARY_MIXTURE,Mango,Mixture,,,,,,Mango Fleuressence from PerfumersWorld,{'PerfumersWorld': 'Mixture (Perfume Base)'},https://www.perfumersworld.com/view.php?pro_id=6FV10907
PROPRIETARY_MIXTURE,RASPBERRY,Mixture,,,,,,RASPBERRY F-TEC from PerfumersWorld,{'PerfumersWorld': 'Mixture (Perfume Base)'},https://www.perfumersworld.com/view.php?pro_id=6FV18190
PROPRIETARY_MIXTURE,MANGO,Mixture,,,,,,MANGO F-TEC from PerfumersWorld,{'PerfumersWorld': 'Mixture (Perfume Base)'},https://www.perfumersworld.com/view.php?pro_id=6FV18841
PROPRIETARY_MIXTURE,STRAWBERRY,Mixture,,,,,,STRAWBERRY F-TEC from PerfumersWorld,{'PerfumersWorld': 'Mixture (Perfume Base)'},https://www.perfumersworld.com/view.php?pro_id=6FV18953
PROPRIETARY_MIXTURE,Cognac Wine,Mixture,,,,,,Cognac Wine Fleuressence from PerfumersWorld,{'PerfumersWorld': 'Mixture (Perfume Base)'},https://www.perfumersworld.com/view.php?pro_id=6FY08507
PROPRIETARY_MIXTURE,COGNAC,Mixture,,,,,,COGNAC F-TEC from PerfumersWorld,{'PerfumersWorld': 'Mixture (Perfume Base)'},https://www.perfumersworld.com/view.php?pro_id=6FY18955
PROPRIETARY_MIXTURE,CUCUMBER,Mixture,,,,,,CUCUMBER F-TEC from PerfumersWorld,{'PerfumersWorld': 'Mixture (Perfume Base)'},https://www.perfumersworld.com/view.php?pro_id=6GB18224
PROPRIETARY_MIXTURE,Cucumber,Mixture,,,,,,Cucumber Fleuressence from PerfumersWorld,{'PerfumersWorld': 'Mixture (Perfume Base)'},https://www.perfumersworld.com/view.php?pro_id=6GF07657
PROPRIETARY_MIXTURE,MELON,Mixture,,,,,,MELON F-TEC from PerfumersWorld,{'PerfumersWorld': 'Mixture (Perfume Base)'},https://www.perfumersworld.com/view.php?pro_id=6GF18175
PROPRIETARY_MIXTURE,G-Green,Mixture,,,,,,G-Green Fleuressence from PerfumersWorld,{'PerfumersWorld': 'Mixture (Perfume Base)'},https://www.perfumersworld.com/view.php?pro_id=6GG07716
PROPRIETARY_MIXTURE,Naturelle Homme,Mixture,,,,,,Naturelle Homme Fleuressence from PerfumersWorld,{'PerfumersWorld': 'Mixture (Perfume Base)'},https://www.perfumersworld.com/view.php?pro_id=6GG10387
PROPRIETARY_MIXTURE,G-GREEN,Mixture,,,,,,G-GREEN F-TEC from PerfumersWorld,{'PerfumersWorld': 'Mixture (Perfume Base)'},https://www.perfumersworld.com/view.php?pro_id=6GG18012
PROPRIETARY_MIXTURE,Lilac,Mixture,,,,,,Lilac Fleuressence from PerfumersWorld,{'PerfumersWorld': 'Mixture (Perfume Base)'},https://www.perfumersworld.com/view.php?pro_id=6GK09255
PROPRIETARY_MIXTURE,LILAC,Mixture,,,,,,LILAC F-TEC from PerfumersWorld,{'PerfumersWorld': 'Mixture (Perfume Base)'},https://www.perfumersworld.com/view.php?pro_id=6GK18228
PROPRIETARY_MIXTURE,Naturelle,Mixture,,,,,,Naturelle Fleuressence from PerfumersWorld,{'PerfumersWorld': 'Mixture (Perfume Base)'},https://www.perfumersworld.com/view.php?pro_id=6GL10383
PROPRIETARY_MIXTURE,NATURELLE,Mixture,,,,,,NATURELLE F-TEC from PerfumersWorld,{'PerfumersWorld': 'Mixture (Perfume Base)'},https://www.perfumersworld.com/view.php?pro_id=6GL18214
PROPRIETARY_MIXTURE,Clear Green Blender,Mixture,,,,,,Clear Green Blender Fleuressence from PerfumersWorld,{'PerfumersWorld': 'Mixture (Perfume Base)'},https://www.perfumersworld.com/view.php?pro_id=6GM12399
PROPRIETARY_MIXTURE,CLEAR GREEN,Mixture,,,,,,CLEAR GREEN F-TEC from PerfumersWorld,{'PerfumersWorld': 'Mixture (Perfume Base)'},https://www.perfumersworld.com/view.php?pro_id=6GM18236
WIP_DISCREPANCY,Hyacinth,Mixture,61775,"Silicic acid, zirconium(4+) salt",1344-21-4|14940-68-2|10101-52-7,"Silicic acid, zirconium(4+) salt|1344-21-4|RefChem:1098530|DTXSID501032382|215-690-0|Zirconium silicate|10101-52-7|Zircon|Zircon (Zr(SiO4))|Zirconite","WIP CAS Mixture not in PubChem ['1344-21-4', '14940-68-2', '10101-52-7']; Supplier PerfumersWorld CAS Mixture (Perfume Base) error",Hyacinth Fleuressence from PerfumersWorld,{'PerfumersWorld': 'Mixture (Perfume Base)'},https://www.perfumersworld.com/view.php?pro_id=6GN09131
WIP_DISCREPANCY,HYACINTH,Mixture,61775,"Silicic acid, zirconium(4+) salt",1344-21-4|14940-68-2|10101-52-7,"Silicic acid, zirconium(4+) salt|1344-21-4|RefChem:1098530|DTXSID501032382|215-690-0|Zirconium silicate|10101-52-7|Zircon|Zircon (Zr(SiO4))|Zirconite","WIP CAS Mixture not in PubChem ['1344-21-4', '14940-68-2', '10101-52-7']; Supplier PerfumersWorld CAS Mixture (Perfume Base) error",HYACINTH F-TEC from PerfumersWorld,{'PerfumersWorld': 'Mixture (Perfume Base)'},https://www.perfumersworld.com/view.php?pro_id=6GN18227
PROPRIETARY_MIXTURE,Algenone,Mixture,,,,,,Algenone from PerfumersWorld,{'PerfumersWorld': 'Mixture (Perfume Base)'},https://www.perfumersworld.com/view.php?pro_id=6GN23713
PROPRIETARY_MIXTURE,Galbanum,Mixture,,,,,,Galbanum Fleuressence from PerfumersWorld,{'PerfumersWorld': 'Mixture (Perfume Base)'},https://www.perfumersworld.com/view.php?pro_id=6GQ09095
PROPRIETARY_MIXTURE,GALBANUM,Mixture,,,,,,GALBANUM F-TEC from PerfumersWorld,{'PerfumersWorld': 'Mixture (Perfume Base)'},https://www.perfumersworld.com/view.php?pro_id=6GQ18226
PROPRIETARY_MIXTURE,NATURELLE HOMME,Mixture,,,,,,NATURELLE HOMME F-TEC from PerfumersWorld,{'PerfumersWorld': 'Mixture (Perfume Base)'},https://www.perfumersworld.com/view.php?pro_id=6GW18223
PROPRIETARY_MIXTURE,Rosemary,Mixture,,,,,,Rosemary Fleuressence from PerfumersWorld,{'PerfumersWorld': 'Mixture (Perfume Base)'},https://www.perfumersworld.com/view.php?pro_id=6HB09063
PROPRIETARY_MIXTURE,ROSEMARY,Mixture,,,,,,ROSEMARY F-TEC from PerfumersWorld,{'PerfumersWorld': 'Mixture (Perfume Base)'},https://www.perfumersworld.com/view.php?pro_id=6HB18237
PROPRIETARY_MIXTURE,Black Tea,Mixture,,,,,,Black Tea Base from PerfumersWorld,{'PerfumersWorld': 'Mixture (Perfume Base)'},https://www.perfumersworld.com/view.php?pro_id=6HE09224
PROPRIETARY_MIXTURE,Armoise,Mixture,,,,,,Armoise Fleuressence from PerfumersWorld,{'PerfumersWorld': 'Mixture (Perfume Base)'},https://www.perfumersworld.com/view.php?pro_id=6HH09096
PROPRIETARY_MIXTURE,ARMOISE,Mixture,,,,,,ARMOISE F-TEC from PerfumersWorld,{'PerfumersWorld': 'Mixture (Perfume Base)'},https://www.perfumersworld.com/view.php?pro_id=6HH18090
PROPRIETARY_MIXTURE,Lavender,Mixture,,,,,,Lavender Fleuressence from PerfumersWorld,{'PerfumersWorld': 'Mixture (Perfume Base)'},https://www.perfumersworld.com/view.php?pro_id=6HL09061
PROPRIETARY_MIXTURE,H-Herb,Mixture,,,,,,H-Herb Fleuressence from PerfumersWorld,{'PerfumersWorld': 'Mixture (Perfume Base)'},https://www.perfumersworld.com/view.php?pro_id=6HL11969
PROPRIETARY_MIXTURE,H-HERB,Mixture,,,,,,H-HERB F-TEC from PerfumersWorld,{'PerfumersWorld': 'Mixture (Perfume Base)'},https://www.perfumersworld.com/view.php?pro_id=6HL18013
PROPRIETARY_MIXTURE,LAVENDER,Mixture,,,,,,LAVENDER F-TEC from PerfumersWorld,{'PerfumersWorld': 'Mixture (Perfume Base)'},https://www.perfumersworld.com/view.php?pro_id=6HL18238
PROPRIETARY_MIXTURE,Orris,Mixture,,,,,,Orris Fleuressence from PerfumersWorld,{'PerfumersWorld': 'Mixture (Perfume Base)'},https://www.perfumersworld.com/view.php?pro_id=6IA09073
PROPRIETARY_MIXTURE,I-Iris,Mixture,,,,,,I-Iris Fleuressence from PerfumersWorld,{'PerfumersWorld': 'Mixture (Perfume Base)'},https://www.perfumersworld.com/view.php?pro_id=6IA09182
PROPRIETARY_MIXTURE,I-IRIS,Mixture,,,,,,I-IRIS F-TEC from PerfumersWorld,{'PerfumersWorld': 'Mixture (Perfume Base)'},https://www.perfumersworld.com/view.php?pro_id=6IA18014
PROPRIETARY_MIXTURE,ORRIS,Mixture,,,,,,ORRIS F-TEC from PerfumersWorld,{'PerfumersWorld': 'Mixture (Perfume Base)'},https://www.perfumersworld.com/view.php?pro_id=6IA18245
PROPRIETARY_MIXTURE,Ionone Fruity,Mixture,,,,,,Ionone Fruity Fleuressence from PerfumersWorld,{'PerfumersWorld': 'Mixture (Perfume Base)'},https://www.perfumersworld.com/view.php?pro_id=6IF08388
PROPRIETARY_MIXTURE,FRUITY IONONE,Mixture,,,,,,FRUITY IONONE F-TEC from PerfumersWorld,{'PerfumersWorld': 'Mixture (Perfume Base)'},https://www.perfumersworld.com/view.php?pro_id=6IF18246
PROPRIETARY_MIXTURE,Violet,Mixture,,,,,,Violet Fleuressence from PerfumersWorld,{'PerfumersWorld': 'Mixture (Perfume Base)'},https://www.perfumersworld.com/view.php?pro_id=6IG08436
PROPRIETARY_MIXTURE,VIOLET,Mixture,,,,,,VIOLET F-TEC from PerfumersWorld,{'PerfumersWorld': 'Mixture (Perfume Base)'},https://www.perfumersworld.com/view.php?pro_id=6IG18244
PROPRIETARY_MIXTURE,Ultralia,Mixture,,,,,,Ultralia from PerfumersWorld,{'PerfumersWorld': 'Mixture (Perfume Base)'},https://www.perfumersworld.com/view.php?pro_id=6II13551
PROPRIETARY_MIXTURE,Fruity Jasmine,Mixture,,,,,,Fruity Jasmine Fleuressence from PerfumersWorld,{'PerfumersWorld': 'Mixture (Perfume Base)'},https://www.perfumersworld.com/view.php?pro_id=6JF09428
PROPRIETARY_MIXTURE,Jasmine Petal,Mixture,,,,,,Jasmine Petal Fleuressence from PerfumersWorld,{'PerfumersWorld': 'Mixture (Perfume Base)'},https://www.perfumersworld.com/view.php?pro_id=6JJ09085
PROPRIETARY_MIXTURE,JASMINE PETAL,Mixture,,,,,,JASMINE PETAL F-TEC from PerfumersWorld,{'PerfumersWorld': 'Mixture (Perfume Base)'},https://www.perfumersworld.com/view.php?pro_id=6JJ18250
PROPRIETARY_MIXTURE,JASMIN FRUIT,Mixture,,,,,,JASMIN FRUIT F-TEC from PerfumersWorld,{'PerfumersWorld': 'Mixture (Perfume Base)'},https://www.perfumersworld.com/view.php?pro_id=6JL18251
PROPRIETARY_MIXTURE,Jasmine Sambac Blossoms,Mixture,,,,,,Jasmine Sambac Blossoms from PerfumersWorld,{'PerfumersWorld': 'Mixture (Perfume Base)'},https://www.perfumersworld.com/view.php?pro_id=6JN07707
PROPRIETARY_MIXTURE,J-Jasmine,Mixture,,,,,,J-Jasmine Fleuressence from PerfumersWorld,{'PerfumersWorld': 'Mixture (Perfume Base)'},https://www.perfumersworld.com/view.php?pro_id=6JN08956
PROPRIETARY_MIXTURE,J-JASMIN,Mixture,,,,,,J-JASMIN F-TEC from PerfumersWorld,{'PerfumersWorld': 'Mixture (Perfume Base)'},https://www.perfumersworld.com/view.php?pro_id=6JN18016
PROPRIETARY_MIXTURE,JASMIN ABS,Mixture,,,,,,JASMIN ABS F-TEC from PerfumersWorld,{'PerfumersWorld': 'Mixture (Perfume Base)'},https://www.perfumersworld.com/view.php?pro_id=6JN19189
PROPRIETARY_MIXTURE,Flower Bouquet,Mixture,,,,,,Flower Bouquet Fleuressence from PerfumersWorld,{'PerfumersWorld': 'Mixture (Perfume Base)'},https://www.perfumersworld.com/view.php?pro_id=6JV10408
PROPRIETARY_MIXTURE,FLOWER BOUQUET,Mixture,,,,,,FLOWER BOUQUET F-TEC from PerfumersWorld,{'PerfumersWorld': 'Mixture (Perfume Base)'},https://www.perfumersworld.com/view.php?pro_id=6JV18248
PROPRIETARY_MIXTURE,Green Pine,Mixture,,,,,,Green Pine Fleuressence from PerfumersWorld,{'PerfumersWorld': 'Mixture (Perfume Base)'},https://www.perfumersworld.com/view.php?pro_id=6KG08506
PROPRIETARY_MIXTURE,GREEN PINE,Mixture,,,,,,GREEN PINE F-TEC from PerfumersWorld,{'PerfumersWorld': 'Mixture (Perfume Base)'},https://www.perfumersworld.com/view.php?pro_id=6KG18320
PROPRIETARY_MIXTURE,Pine Needle,Mixture,,,,,,Pine Needle Fleuressence from PerfumersWorld,{'PerfumersWorld': 'Mixture (Perfume Base)'},https://www.perfumersworld.com/view.php?pro_id=6KH08503
PROPRIETARY_MIXTURE,PINE NEEDLE,Mixture,,,,,,PINE NEEDLE F-TEC from PerfumersWorld,{'PerfumersWorld': 'Mixture (Perfume Base)'},https://www.perfumersworld.com/view.php?pro_id=6KH18319
PROPRIETARY_MIXTURE,Pine,Mixture,,,,,,Pine Fleuressence from PerfumersWorld,{'PerfumersWorld': 'Mixture (Perfume Base)'},https://www.perfumersworld.com/view.php?pro_id=6KL09075
PROPRIETARY_MIXTURE,K-Konifer,Mixture,,,,,,K-Konifer Fleuressence from PerfumersWorld,{'PerfumersWorld': 'Mixture (Perfume Base)'},https://www.perfumersworld.com/view.php?pro_id=6KL11970
PROPRIETARY_MIXTURE,K-KONIFER,Mixture,,,,,,K-KONIFER F-TEC from PerfumersWorld,{'PerfumersWorld': 'Mixture (Perfume Base)'},https://www.perfumersworld.com/view.php?pro_id=6KL18017
PROPRIETARY_MIXTURE,PINE,Mixture,,,,,,PINE F-TEC from PerfumersWorld,{'PerfumersWorld': 'Mixture (Perfume Base)'},https://www.perfumersworld.com/view.php?pro_id=6KL18318
PROPRIETARY_MIXTURE,Freesia HDL,Mixture,,,,,,Freesia HDL from PerfumersWorld,{'PerfumersWorld': 'Mixture (Perfume Base)'},https://www.perfumersworld.com/view.php?pro_id=6LC07501
PROPRIETARY_MIXTURE,Freesia,Mixture,,,,,,Freesia Fleuressence from PerfumersWorld,{'PerfumersWorld': 'Mixture (Perfume Base)'},https://www.perfumersworld.com/view.php?pro_id=6LF09041
PROPRIETARY_MIXTURE,Fresh Blender,Mixture,,,,,,Fresh Blender Fleuressence from PerfumersWorld,{'PerfumersWorld': 'Mixture (Perfume Base)'},https://www.perfumersworld.com/view.php?pro_id=6LF09429
PROPRIETARY_MIXTURE,FREESIA,Mixture,,,,,,FREESIA F-TEC from PerfumersWorld,{'PerfumersWorld': 'Mixture (Perfume Base)'},https://www.perfumersworld.com/view.php?pro_id=6LF18321
PROPRIETARY_MIXTURE,FRESH BLENDER,Mixture,,,,,,FRESH BLENDER F-TEC from PerfumersWorld,{'PerfumersWorld': 'Mixture (Perfume Base)'},https://www.perfumersworld.com/view.php?pro_id=6LF18323
PROPRIETARY_MIXTURE,Light Blender,Mixture,,,,,,Light Blender Fleuressence from PerfumersWorld,{'PerfumersWorld': 'Mixture (Perfume Base)'},https://www.perfumersworld.com/view.php?pro_id=6LJ09076
PROPRIETARY_MIXTURE,LIGHT BLENDER,Mixture,,,,,,LIGHT BLENDER F-TEC from PerfumersWorld,{'PerfumersWorld': 'Mixture (Perfume Base)'},https://www.perfumersworld.com/view.php?pro_id=6LJ18322
PROPRIETARY_MIXTURE,Light Crisp Floral,Mixture,,,,,,Light Crisp Floral Fleuressence from PerfumersWorld,{'PerfumersWorld': 'Mixture (Perfume Base)'},https://www.perfumersworld.com/view.php?pro_id=6LL00278
WIP_DISCREPANCY,L-Linalool,Mixture,443158,(-)-Linalool,126-91-0,"(-)-Linalool|126-91-0|(R)-(-)-Linalool|(3R)-Linalool|3R,7-dimethylocta-1,6-dien-3-ol|DTXSID40872607|RefChem:1049115|DTXCID40820244|L-Linalool|(R)-3,7-dimethylocta-1,6-dien-3-ol",WIP CAS Mixture not in PubChem ['126-91-0']; Supplier PerfumersWorld CAS Mixture (Perfume Base) error,L-Linalool Fleuressence from PerfumersWorld,{'PerfumersWorld': 'Mixture (Perfume Base)'},https://www.perfumersworld.com/view.php?pro_id=6LL00487
PROPRIETARY_MIXTURE,LIGHT CRISP FLORAL,Mixture,,,,,,LIGHT CRISP FLORAL F-TEC from PerfumersWorld,{'PerfumersWorld': 'Mixture (Perfume Base)'},https://www.perfumersworld.com/view.php?pro_id=6LL18018
PROPRIETARY_MIXTURE,Bois de Rose,Mixture,,,,,,Bois de Rose Fleuressence from PerfumersWorld,{'PerfumersWorld': 'Mixture (Perfume Base)'},https://www.perfumersworld.com/view.php?pro_id=6LW12346
PROPRIETARY_MIXTURE,BOIS DE ROSE,Mixture,,,,,,BOIS DE ROSE F-TEC from PerfumersWorld,{'PerfumersWorld': 'Mixture (Perfume Base)'},https://www.perfumersworld.com/view.php?pro_id=6LW18324
PROPRIETARY_MIXTURE,Lilial Substitute IFRA,Mixture,,,,,,Lilial Substitute IFRA from PerfumersWorld,{'PerfumersWorld': 'Mixture (Perfume Base)'},https://www.perfumersworld.com/view.php?pro_id=6MA20144
PROPRIETARY_MIXTURE,Lilylal ND,Mixture,,,,,,Lilylal ND from PerfumersWorld,{'PerfumersWorld': 'Mixture (Perfume Base)'},https://www.perfumersworld.com/view.php?pro_id=6MA22621
PROPRIETARY_MIXTURE,Syringa,Mixture,,,,,,Syringa Fleuressence from PerfumersWorld,{'PerfumersWorld': 'Mixture (Perfume Base)'},https://www.perfumersworld.com/view.php?pro_id=6MG08411
PROPRIETARY_MIXTURE,Cyclamen,Mixture,,,,,,Cyclamen Fleuressence from PerfumersWorld,{'PerfumersWorld': 'Mixture (Perfume Base)'},https://www.perfumersworld.com/view.php?pro_id=6MG09430
PROPRIETARY_MIXTURE,SYRINGA,Mixture,,,,,,SYRINGA F-TEC from PerfumersWorld,{'PerfumersWorld': 'Mixture (Perfume Base)'},https://www.perfumersworld.com/view.php?pro_id=6MG18355
PROPRIETARY_MIXTURE,Lilyreal IFRA,Mixture,,,,,,Lilyreal IFRA from PerfumersWorld,{'PerfumersWorld': 'Mixture (Perfume Base)'},https://www.perfumersworld.com/view.php?pro_id=6MG18474
PROPRIETARY_MIXTURE,Lilyreal ND,Mixture,,,,,,Lilyreal ND from PerfumersWorld,{'PerfumersWorld': 'Mixture (Perfume Base)'},https://www.perfumersworld.com/view.php?pro_id=6MG22777
PROPRIETARY_MIXTURE,Fleurissimo Blender,Mixture,,,,,,Fleurissimo Blender Fleuressence from PerfumersWorld,{'PerfumersWorld': 'Mixture (Perfume Base)'},https://www.perfumersworld.com/view.php?pro_id=6ML12398
PROPRIETARY_MIXTURE,FLEURISSIMO,Mixture,,,,,,FLEURISSIMO F-TEC from PerfumersWorld,{'PerfumersWorld': 'Mixture (Perfume Base)'},https://www.perfumersworld.com/view.php?pro_id=6ML18412
PROPRIETARY_MIXTURE,CYCLAMEN,Mixture,,,,,,CYCLAMEN F-TEC from PerfumersWorld,{'PerfumersWorld': 'Mixture (Perfume Base)'},https://www.perfumersworld.com/view.php?pro_id=6ML18413
PROPRIETARY_MIXTURE,M-Muguet,Mixture,,,,,,M-Muguet Fleuressence from PerfumersWorld,{'PerfumersWorld': 'Mixture (Perfume Base)'},https://www.perfumersworld.com/view.php?pro_id=6MM08681
PROPRIETARY_MIXTURE,M-MUGUET,Mixture,,,,,,M-MUGUET F-TEC from PerfumersWorld,{'PerfumersWorld': 'Mixture (Perfume Base)'},https://www.perfumersworld.com/view.php?pro_id=6MM18498
PROPRIETARY_MIXTURE,Orange Flower,Mixture,,,,,,Orange Flower Fleuressence from PerfumersWorld,{'PerfumersWorld': 'Mixture (Perfume Base)'},https://www.perfumersworld.com/view.php?pro_id=6NC11558
PROPRIETARY_MIXTURE,ORANGE FLOWER,Mixture,,,,,,ORANGE FLOWER F-TEC from PerfumersWorld,{'PerfumersWorld': 'Mixture (Perfume Base)'},https://www.perfumersworld.com/view.php?pro_id=6NC18793
PROPRIETARY_MIXTURE,Gardenia,Mixture,,,,,,Gardenia Fleuressence from PerfumersWorld,{'PerfumersWorld': 'Mixture (Perfume Base)'},https://www.perfumersworld.com/view.php?pro_id=6ND09094
PROPRIETARY_MIXTURE,Tuberalia,Mixture,,,,,,Tuberalia Base from PerfumersWorld,{'PerfumersWorld': 'Mixture (Perfume Base)'},https://www.perfumersworld.com/view.php?pro_id=6ND09663
PROPRIETARY_MIXTURE,TUBEROSE,Mixture,,,,,,TUBEROSE F-TEC from PerfumersWorld,{'PerfumersWorld': 'Mixture (Perfume Base)'},https://www.perfumersworld.com/view.php?pro_id=6ND18755
PROPRIETARY_MIXTURE,GARDENIA,Mixture,,,,,,GARDENIA F-TEC from PerfumersWorld,{'PerfumersWorld': 'Mixture (Perfume Base)'},https://www.perfumersworld.com/view.php?pro_id=6ND18759
PROPRIETARY_MIXTURE,Cassie,Mixture,,,,,,Cassie Fleuressence from PerfumersWorld,{'PerfumersWorld': 'Mixture (Perfume Base)'},https://www.perfumersworld.com/view.php?pro_id=6NI09419
PROPRIETARY_MIXTURE,CASSIE,Mixture,,,,,,CASSIE F-TEC from PerfumersWorld,{'PerfumersWorld': 'Mixture (Perfume Base)'},https://www.perfumersworld.com/view.php?pro_id=6NI18791
PROPRIETARY_MIXTURE,N-Narcotic,Mixture,,,,,,N-Narcotic Fleuressence from PerfumersWorld,{'PerfumersWorld': 'Mixture (Perfume Base)'},https://www.perfumersworld.com/view.php?pro_id=6NJ07696
PROPRIETARY_MIXTURE,Champaca,Mixture,,,,,,Champaca Fleuressence from PerfumersWorld,{'PerfumersWorld': 'Mixture (Perfume Base)'},https://www.perfumersworld.com/view.php?pro_id=6NJ09072
PROPRIETARY_MIXTURE,Ylang Ylang,Mixture,,,,,,Ylang Ylang Fleuressence from PerfumersWorld,{'PerfumersWorld': 'Mixture (Perfume Base)'},https://www.perfumersworld.com/view.php?pro_id=6NJ09074
PROPRIETARY_MIXTURE,N-NARCOTIC,Mixture,,,,,,N-NARCOTIC F-TEC from PerfumersWorld,{'PerfumersWorld': 'Mixture (Perfume Base)'},https://www.perfumersworld.com/view.php?pro_id=6NJ18033
PROPRIETARY_MIXTURE,YLANG,Mixture,,,,,,YLANG F-TEC from PerfumersWorld,{'PerfumersWorld': 'Mixture (Perfume Base)'},https://www.perfumersworld.com/view.php?pro_id=6NJ18527
PROPRIETARY_MIXTURE,CHAMPACA,Mixture,,,,,,CHAMPACA F-TEC from PerfumersWorld,{'PerfumersWorld': 'Mixture (Perfume Base)'},https://www.perfumersworld.com/view.php?pro_id=6NJ18626
PROPRIETARY_MIXTURE,Acacia,Mixture,,,,,,Acacia Fleuressence from PerfumersWorld,{'PerfumersWorld': 'Mixture (Perfume Base)'},https://www.perfumersworld.com/view.php?pro_id=6NL08389
WIP_DISCREPANCY,Broom,Mixture,24408,Bromine,7726-95-6,BROMINE|Dibromine|7726-95-6|molecular bromine|Brom|Brome|Bromo|Broom|dibromane|SBV4XY874G,WIP CAS Mixture not in PubChem ['7726-95-6']; Supplier PerfumersWorld CAS Mixture (Perfume Base) error,Broom Fleuressence from PerfumersWorld,{'PerfumersWorld': 'Mixture (Perfume Base)'},https://www.perfumersworld.com/view.php?pro_id=6NL08427
PROPRIETARY_MIXTURE,ACACIA,Mixture,,,,,,ACACIA F-TEC from PerfumersWorld,{'PerfumersWorld': 'Mixture (Perfume Base)'},https://www.perfumersworld.com/view.php?pro_id=6NL18079
WIP_DISCREPANCY,BROOM,Mixture,24408,Bromine,7726-95-6,BROMINE|Dibromine|7726-95-6|molecular bromine|Brom|Brome|Bromo|Broom|dibromane|SBV4XY874G,WIP CAS Mixture not in PubChem ['7726-95-6']; Supplier PerfumersWorld CAS Mixture (Perfume Base) error,BROOM F-TEC from PerfumersWorld,{'PerfumersWorld': 'Mixture (Perfume Base)'},https://www.perfumersworld.com/view.php?pro_id=6NL18792
PROPRIETARY_MIXTURE,TRUE LILY,Mixture,,,,,,TRUE LILY F-TEC from PerfumersWorld,{'PerfumersWorld': 'Mixture (Perfume Base)'},https://www.perfumersworld.com/view.php?pro_id=6NM19144
PROPRIETARY_MIXTURE,Lily,Mixture,,,,,,Lily Fleuressence from PerfumersWorld,{'PerfumersWorld': 'Mixture (Perfume Base)'},https://www.perfumersworld.com/view.php?pro_id=6NN09110
PROPRIETARY_MIXTURE,Mimosa,Mixture,,,,,,Mimosa Fleuressence from PerfumersWorld,{'PerfumersWorld': 'Mixture (Perfume Base)'},https://www.perfumersworld.com/view.php?pro_id=6NN09420
PROPRIETARY_MIXTURE,LILY,Mixture,,,,,,LILY F-TEC from PerfumersWorld,{'PerfumersWorld': 'Mixture (Perfume Base)'},https://www.perfumersworld.com/view.php?pro_id=6NN18625
PROPRIETARY_MIXTURE,MIMOSA,Mixture,,,,,,MIMOSA F-TEC from PerfumersWorld,{'PerfumersWorld': 'Mixture (Perfume Base)'},https://www.perfumersworld.com/view.php?pro_id=6NN18760
PROPRIETARY_MIXTURE,Narcissus,Mixture,,,,,,Narcissus Fleuressence from PerfumersWorld,{'PerfumersWorld': 'Mixture (Perfume Base)'},https://www.perfumersworld.com/view.php?pro_id=6NP08694
PROPRIETARY_MIXTURE,NARCISSUS,Mixture,,,,,,NARCISSUS F-TEC from PerfumersWorld,{'PerfumersWorld': 'Mixture (Perfume Base)'},https://www.perfumersworld.com/view.php?pro_id=6NP18957
PROPRIETARY_MIXTURE,Indolene ND,Mixture,,,,,,Indolene ND Replacer from PerfumersWorld,{'PerfumersWorld': 'Mixture (Perfume Base)'},https://www.perfumersworld.com/view.php?pro_id=6NU23529
PROPRIETARY_MIXTURE,Frangipani,Mixture,,,,,,Frangipani Fleuressence from PerfumersWorld,{'PerfumersWorld': 'Mixture (Perfume Base)'},https://www.perfumersworld.com/view.php?pro_id=6ON09090
PROPRIETARY_MIXTURE,FRANGIPANI,Mixture,,,,,,FRANGIPANI F-TEC from PerfumersWorld,{'PerfumersWorld': 'Mixture (Perfume Base)'},https://www.perfumersworld.com/view.php?pro_id=6ON18794
PROPRIETARY_MIXTURE,Orchidia Blender,Mixture,,,,,,Orchidia Blender Fleuressence from PerfumersWorld,{'PerfumersWorld': 'Mixture (Perfume Base)'},https://www.perfumersworld.com/view.php?pro_id=6OQ12406
PROPRIETARY_MIXTURE,ORCHIDIA BLENDER,Mixture,,,,,,ORCHIDIA BLENDER F-TEC from PerfumersWorld,{'PerfumersWorld': 'Mixture (Perfume Base)'},https://www.perfumersworld.com/view.php?pro_id=6OQ18798
PROPRIETARY_MIXTURE,O-Orchid,Mixture,,,,,,O-Orchid Fleuressence from PerfumersWorld,{'PerfumersWorld': 'Mixture (Perfume Base)'},https://www.perfumersworld.com/view.php?pro_id=6OV09421
PROPRIETARY_MIXTURE,O-ORCHID,Mixture,,,,,,O-ORCHID F-TEC from PerfumersWorld,{'PerfumersWorld': 'Mixture (Perfume Base)'},https://www.perfumersworld.com/view.php?pro_id=6OV18034
PROPRIETARY_MIXTURE,Honey,Mixture,,,,,,Honey Fleuressence from PerfumersWorld,{'PerfumersWorld': 'Mixture (Perfume Base)'},https://www.perfumersworld.com/view.php?pro_id=6PF08147
PROPRIETARY_MIXTURE,HONEY,Mixture,,,,,,HONEY F-TEC from PerfumersWorld,{'PerfumersWorld': 'Mixture (Perfume Base)'},https://www.perfumersworld.com/view.php?pro_id=6PF18597
PROPRIETARY_MIXTURE,P-Phenol,Mixture,,,,,,P-Phenol Fleuressence from PerfumersWorld,{'PerfumersWorld': 'Mixture (Perfume Base)'},https://www.perfumersworld.com/view.php?pro_id=6PP09422
PROPRIETARY_MIXTURE,Thyme,Mixture,,,,,,Thyme Fleuressence from PerfumersWorld,{'PerfumersWorld': 'Mixture (Perfume Base)'},https://www.perfumersworld.com/view.php?pro_id=6PP12412
PROPRIETARY_MIXTURE,P-PHENOL,Mixture,,,,,,P-PHENOL F-TEC from PerfumersWorld,{'PerfumersWorld': 'Mixture (Perfume Base)'},https://www.perfumersworld.com/view.php?pro_id=6PP18044
PROPRIETARY_MIXTURE,THYME,Mixture,,,,,,THYME F-TEC from PerfumersWorld,{'PerfumersWorld': 'Mixture (Perfume Base)'},https://www.perfumersworld.com/view.php?pro_id=6PP18420
PROPRIETARY_MIXTURE,Basil,Mixture,,,,,,Basil Fleuressence from PerfumersWorld,{'PerfumersWorld': 'Mixture (Perfume Base)'},https://www.perfumersworld.com/view.php?pro_id=6PS12413
PROPRIETARY_MIXTURE,Frankincense,Mixture,,,,,,Frankincense Fleuressence from PerfumersWorld,{'PerfumersWorld': 'Mixture (Perfume Base)'},https://www.perfumersworld.com/view.php?pro_id=6QC09083
PROPRIETARY_MIXTURE,FRANKINCENSE,Mixture,,,,,,FRANKINCENSE F-TEC from PerfumersWorld,{'PerfumersWorld': 'Mixture (Perfume Base)'},https://www.perfumersworld.com/view.php?pro_id=6QK19340
PROPRIETARY_MIXTURE,STYRAX,Mixture,,,,,,STYRAX F-TEC from PerfumersWorld,{'PerfumersWorld': 'Mixture (Perfume Base)'},https://www.perfumersworld.com/view.php?pro_id=6QS18438
WIP_DISCREPANCY,Benzoin,Mixture,8400,Benzoin,8050-35-9|9000-05-9|579-44-2|119-53-9,"BENZOIN|119-53-9|2-Hydroxy-1,2-diphenylethanone|2-Hydroxy-2-phenylacetophenone|Benzoylphenylcarbinol|DL-BENZOIN|Ethanone, 2-hydroxy-1,2-diphenyl-|(+-)-Benzoin|Phenylbenzoyl carbinol|alpha-Hydroxy-alpha-phenylacetophenone","WIP CAS Mixture not in PubChem ['8050-35-9', '9000-05-9', '579-44-2', '119-53-9']; Supplier PerfumersWorld CAS Mixture (Perfume Base) error",Benzoin Fleuressence from PerfumersWorld,{'PerfumersWorld': 'Mixture (Perfume Base)'},https://www.perfumersworld.com/view.php?pro_id=6QV09111
PROPRIETARY_MIXTURE,Q-Queen of the Orient,Mixture,,,,,,Q-Queen of the Orient Fleuressence from PerfumersWorld,{'PerfumersWorld': 'Mixture (Perfume Base)'},https://www.perfumersworld.com/view.php?pro_id=6QV09582
PROPRIETARY_MIXTURE,Oriental,Mixture,,,,,,Oriental Fleuressence from PerfumersWorld,{'PerfumersWorld': 'Mixture (Perfume Base)'},https://www.perfumersworld.com/view.php?pro_id=6QV10404
PROPRIETARY_MIXTURE,Q-QUEEN,Mixture,,,,,,Q-QUEEN F-TEC from PerfumersWorld,{'PerfumersWorld': 'Mixture (Perfume Base)'},https://www.perfumersworld.com/view.php?pro_id=6QV18045
WIP_DISCREPANCY,BENZOIN,Mixture,8400,Benzoin,8050-35-9|9000-05-9|579-44-2|119-53-9,"BENZOIN|119-53-9|2-Hydroxy-1,2-diphenylethanone|2-Hydroxy-2-phenylacetophenone|Benzoylphenylcarbinol|DL-BENZOIN|Ethanone, 2-hydroxy-1,2-diphenyl-|(+-)-Benzoin|Phenylbenzoyl carbinol|alpha-Hydroxy-alpha-phenylacetophenone","WIP CAS Mixture not in PubChem ['8050-35-9', '9000-05-9', '579-44-2', '119-53-9']; Supplier PerfumersWorld CAS Mixture (Perfume Base) error",BENZOIN F-TEC from PerfumersWorld,{'PerfumersWorld': 'Mixture (Perfume Base)'},https://www.perfumersworld.com/view.php?pro_id=6QV18435
PROPRIETARY_MIXTURE,ORIENTAL,Mixture,,,,,,ORIENTAL F-TEC from PerfumersWorld,{'PerfumersWorld': 'Mixture (Perfume Base)'},https://www.perfumersworld.com/view.php?pro_id=6QV18436
PROPRIETARY_MIXTURE,Rose Otto,Mixture,,,,,,Rose Otto Fleuressence from PerfumersWorld,{'PerfumersWorld': 'Mixture (Perfume Base)'},https://www.perfumersworld.com/view.php?pro_id=6RB00398
WIP_DISCREPANCY,Geranium,Mixture,81263,Rhodinol,6812-78-8,"Rhodinol|6812-78-8|(-)-Rhodinol|(-)-alpha-citronellol|FEMA No. 2980|7-Octen-1-ol, 3,7-dimethyl-, (3S)-|1V437W60X9|(S)-ALPHA-CITRONELLOL|(S)-3,7-DIMETHYL-7-OCTENOL|DTXCID9027233",WIP CAS Mixture not in PubChem ['6812-78-8']; Supplier PerfumersWorld CAS Mixture (Perfume Base) error,Geranium Fleuressence from PerfumersWorld,{'PerfumersWorld': 'Mixture (Perfume Base)'},https://www.perfumersworld.com/view.php?pro_id=6RB07924
WIP_DISCREPANCY,GERANIUM,Mixture,81263,Rhodinol,6812-78-8,"Rhodinol|6812-78-8|(-)-Rhodinol|(-)-alpha-citronellol|FEMA No. 2980|7-Octen-1-ol, 3,7-dimethyl-, (3S)-|1V437W60X9|(S)-ALPHA-CITRONELLOL|(S)-3,7-DIMETHYL-7-OCTENOL|DTXCID9027233",WIP CAS Mixture not in PubChem ['6812-78-8']; Supplier PerfumersWorld CAS Mixture (Perfume Base) error,GERANIUM F-TEC from PerfumersWorld,{'PerfumersWorld': 'Mixture (Perfume Base)'},https://www.perfumersworld.com/view.php?pro_id=6RB18440
PROPRIETARY_MIXTURE,ROSE OTTO,Mixture,,,,,,ROSE OTTO F-TEC from PerfumersWorld,{'PerfumersWorld': 'Mixture (Perfume Base)'},https://www.perfumersworld.com/view.php?pro_id=6RB18944
PROPRIETARY_MIXTURE,Tea Rose,Mixture,,,,,,Tea Rose Fleuressence from PerfumersWorld,{'PerfumersWorld': 'Mixture (Perfume Base)'},https://www.perfumersworld.com/view.php?pro_id=6RG12419
PROPRIETARY_MIXTURE,TEA ROSE,Mixture,,,,,,TEA ROSE F-TEC from PerfumersWorld,{'PerfumersWorld': 'Mixture (Perfume Base)'},https://www.perfumersworld.com/view.php?pro_id=6RG18421
PROPRIETARY_MIXTURE,Rose Petal,Mixture,,,,,,Rose Petal Fleuressence from PerfumersWorld,{'PerfumersWorld': 'Mixture (Perfume Base)'},https://www.perfumersworld.com/view.php?pro_id=6RM07757
PROPRIETARY_MIXTURE,Rose de Mai,Mixture,,,,,,Rose de Mai Fleuressence from PerfumersWorld,{'PerfumersWorld': 'Mixture (Perfume Base)'},https://www.perfumersworld.com/view.php?pro_id=6RM09423
PROPRIETARY_MIXTURE,ROSE PETAL,Mixture,,,,,,ROSE PETAL F-TEC from PerfumersWorld,{'PerfumersWorld': 'Mixture (Perfume Base)'},https://www.perfumersworld.com/view.php?pro_id=6RM18941
PROPRIETARY_MIXTURE,ROSE DE MAI,Mixture,,,,,,ROSE DE MAI F-TEC from PerfumersWorld,{'PerfumersWorld': 'Mixture (Perfume Base)'},https://www.perfumersworld.com/view.php?pro_id=6RM18942
PROPRIETARY_MIXTURE,Wardia BM,Mixture,,,,,,Wardia BM from PerfumersWorld,{'PerfumersWorld': 'Mixture (Perfume Base)'},https://www.perfumersworld.com/view.php?pro_id=6RM21857
PROPRIETARY_MIXTURE,R-Rose,Mixture,,,,,,R-Rose Fleuressence from PerfumersWorld,{'PerfumersWorld': 'Mixture (Perfume Base)'},https://www.perfumersworld.com/view.php?pro_id=6RR07636
PROPRIETARY_MIXTURE,Turkish Rose Blossoms,Mixture,,,,,,Turkish Rose Blossoms from PerfumersWorld,{'PerfumersWorld': 'Mixture (Perfume Base)'},https://www.perfumersworld.com/view.php?pro_id=6RR07706
PROPRIETARY_MIXTURE,R-ROSE,Mixture,,,,,,R-ROSE F-TEC from PerfumersWorld,{'PerfumersWorld': 'Mixture (Perfume Base)'},https://www.perfumersworld.com/view.php?pro_id=6RR18074
PROPRIETARY_MIXTURE,Cardamom,Mixture,,,,,,Cardamom Fleuressence from PerfumersWorld,{'PerfumersWorld': 'Mixture (Perfume Base)'},https://www.perfumersworld.com/view.php?pro_id=6SC09679
PROPRIETARY_MIXTURE,Classic Spice,Mixture,,,,,,Classic Spice Fleuressence from PerfumersWorld,{'PerfumersWorld': 'Mixture (Perfume Base)'},https://www.perfumersworld.com/view.php?pro_id=6SC12411
PROPRIETARY_MIXTURE,Ginger,Mixture,,,,,,Ginger Fleuressence from PerfumersWorld,{'PerfumersWorld': 'Mixture (Perfume Base)'},https://www.perfumersworld.com/view.php?pro_id=6SC12414
PROPRIETARY_MIXTURE,CARDAMON,Mixture,,,,,,CARDAMON F-TEC from PerfumersWorld,{'PerfumersWorld': 'Mixture (Perfume Base)'},https://www.perfumersworld.com/view.php?pro_id=6SC18557
PROPRIETARY_MIXTURE,CLASSIC SPICE,Mixture,,,,,,CLASSIC SPICE F-TEC from PerfumersWorld,{'PerfumersWorld': 'Mixture (Perfume Base)'},https://www.perfumersworld.com/view.php?pro_id=6SC18558
PROPRIETARY_MIXTURE,GINGER,Mixture,,,,,,GINGER F-TEC from PerfumersWorld,{'PerfumersWorld': 'Mixture (Perfume Base)'},https://www.perfumersworld.com/view.php?pro_id=6SC18559
PROPRIETARY_MIXTURE,Black Pepper,Mixture,,,,,,Black Pepper Fleuressence from PerfumersWorld,{'PerfumersWorld': 'Mixture (Perfume Base)'},https://www.perfumersworld.com/view.php?pro_id=6SH09677
PROPRIETARY_MIXTURE,BLACK PEPPER,Mixture,,,,,,BLACK PEPPER F-TEC from PerfumersWorld,{'PerfumersWorld': 'Mixture (Perfume Base)'},https://www.perfumersworld.com/view.php?pro_id=6SH18444
PROPRIETARY_MIXTURE,Nutmeg,Mixture,,,,,,Nutmeg Fleuressence from PerfumersWorld,{'PerfumersWorld': 'Mixture (Perfume Base)'},https://www.perfumersworld.com/view.php?pro_id=6SL09678
PROPRIETARY_MIXTURE,NUTMEG,Mixture,,,,,,NUTMEG F-TEC from PerfumersWorld,{'PerfumersWorld': 'Mixture (Perfume Base)'},https://www.perfumersworld.com/view.php?pro_id=6SL18489
PROPRIETARY_MIXTURE,Clove,Mixture,,,,,,Clove Fleuressence from PerfumersWorld,{'PerfumersWorld': 'Mixture (Perfume Base)'},https://www.perfumersworld.com/view.php?pro_id=6SP09088
PROPRIETARY_MIXTURE,Carnation,Mixture,,,,,,Carnation Fleuressence from PerfumersWorld,{'PerfumersWorld': 'Mixture (Perfume Base)'},https://www.perfumersworld.com/view.php?pro_id=6SP09163
PROPRIETARY_MIXTURE,S-Spice,Mixture,,,,,,S-Spice Fleuressence from PerfumersWorld,{'PerfumersWorld': 'Mixture (Perfume Base)'},https://www.perfumersworld.com/view.php?pro_id=6SP12451
PROPRIETARY_MIXTURE,S-SPICE,Mixture,,,,,,S-SPICE F-TEC from PerfumersWorld,{'PerfumersWorld': 'Mixture (Perfume Base)'},https://www.perfumersworld.com/view.php?pro_id=6SP18049
PROPRIETARY_MIXTURE,CARNATION,Mixture,,,,,,CARNATION F-TEC from PerfumersWorld,{'PerfumersWorld': 'Mixture (Perfume Base)'},https://www.perfumersworld.com/view.php?pro_id=6SP18441
PROPRIETARY_MIXTURE,CLOVE,Mixture,,,,,,CLOVE F-TEC from PerfumersWorld,{'PerfumersWorld': 'Mixture (Perfume Base)'},https://www.perfumersworld.com/view.php?pro_id=6SP18442
PROPRIETARY_MIXTURE,Cinnamon,Mixture,,,,,,Cinnamon Fleuressence from PerfumersWorld,{'PerfumersWorld': 'Mixture (Perfume Base)'},https://www.perfumersworld.com/view.php?pro_id=6SV08501
PROPRIETARY_MIXTURE,CINNAMON,Mixture,,,,,,CINNAMON F-TEC from PerfumersWorld,{'PerfumersWorld': 'Mixture (Perfume Base)'},https://www.perfumersworld.com/view.php?pro_id=6SV18443
PROPRIETARY_MIXTURE,Tobacco,Mixture,,,,,,Tobacco Fleuressence from PerfumersWorld,{'PerfumersWorld': 'Mixture (Perfume Base)'},https://www.perfumersworld.com/view.php?pro_id=6TW08328
PROPRIETARY_MIXTURE,Wood Smoke,Mixture,,,,,,Wood Smoke Fleuressence from PerfumersWorld,{'PerfumersWorld': 'Mixture (Perfume Base)'},https://www.perfumersworld.com/view.php?pro_id=6TW09087
PROPRIETARY_MIXTURE,T-Tar and Smoke,Mixture,,,,,,T-Tar and Smoke Fleuressence from PerfumersWorld,{'PerfumersWorld': 'Mixture (Perfume Base)'},https://www.perfumersworld.com/view.php?pro_id=6TW11971
PROPRIETARY_MIXTURE,T-TAR SMOKE,Mixture,,,,,,T-TAR SMOKE F-TEC from PerfumersWorld,{'PerfumersWorld': 'Mixture (Perfume Base)'},https://www.perfumersworld.com/view.php?pro_id=6TW18050
PROPRIETARY_MIXTURE,TOBACCO,Mixture,,,,,,TOBACCO F-TEC from PerfumersWorld,{'PerfumersWorld': 'Mixture (Perfume Base)'},https://www.perfumersworld.com/view.php?pro_id=6TW18445
PROPRIETARY_MIXTURE,WOOD SMOKE,Mixture,,,,,,WOOD SMOKE F-TEC from PerfumersWorld,{'PerfumersWorld': 'Mixture (Perfume Base)'},https://www.perfumersworld.com/view.php?pro_id=6TW18844
PROPRIETARY_MIXTURE,Labdanum,Mixture,,,,,,Labdanum Fleuressence from PerfumersWorld,{'PerfumersWorld': 'Mixture (Perfume Base)'},https://www.perfumersworld.com/view.php?pro_id=6UH09680
PROPRIETARY_MIXTURE,LABDANUM,Mixture,,,,,,LABDANUM F-TEC from PerfumersWorld,{'PerfumersWorld': 'Mixture (Perfume Base)'},https://www.perfumersworld.com/view.php?pro_id=6UH18500
SUPPLIER_MISMATCH,Indocolore,2206-94-2,75153,1-Phenylethenyl acetate,2206-94-2,"1-Phenylethenyl acetate|1-Phenylvinyl acetate|2206-94-2|alpha-Acetoxystyrene|.alpha.-Acetoxystyrene|NSC-19194|1CC5K86844|Ethenol, 1-phenyl-, acetate|.ALPHA.-ACETYLOXYSTYRENE|Benzenemethanol, .alpha.-methylene-, acetate",Supplier PerfumersWorld CAS Mixture (Perfume Base) error,Indocolore from PerfumersWorld,{'PerfumersWorld': 'Mixture (Perfume Base)'},https://www.perfumersworld.com/view.php?pro_id=6UN22430
PROPRIETARY_MIXTURE,Indofleur ND,Mixture,,,,,,Indofleur ND from PerfumersWorld,{'PerfumersWorld': 'Mixture (Perfume Base)'},https://www.perfumersworld.com/view.php?pro_id=6UN22737
PROPRIETARY_MIXTURE,Castoreum Synthetic,Mixture,,,,,,Castoreum Synthetic from PerfumersWorld,{'PerfumersWorld': 'Mixture (Perfume Base)'},https://www.perfumersworld.com/view.php?pro_id=6UP07515
PROPRIETARY_MIXTURE,Castoreum,Mixture,,,,,,Castoreum Fleuressence from PerfumersWorld,{'PerfumersWorld': 'Mixture (Perfume Base)'},https://www.perfumersworld.com/view.php?pro_id=6UP11559
PROPRIETARY_MIXTURE,CASTOREUM,Mixture,,,,,,CASTOREUM F-TEC from PerfumersWorld,{'PerfumersWorld': 'Mixture (Perfume Base)'},https://www.perfumersworld.com/view.php?pro_id=6UP18499
PROPRIETARY_MIXTURE,Amberome  PW,Mixture,,,,,,Amberome Base PW from PerfumersWorld,{'PerfumersWorld': 'Mixture (Perfume Base)'},https://www.perfumersworld.com/view.php?pro_id=6UQ09624
PROPRIETARY_MIXTURE,AmberNoir,Mixture,,,,,,AmberNoir Fleuressence from PerfumersWorld,{'PerfumersWorld': 'Mixture (Perfume Base)'},https://www.perfumersworld.com/view.php?pro_id=6UQ20857
PROPRIETARY_MIXTURE,AMBERNOIR,Mixture,,,,,,AMBERNOIR F-TEC from PerfumersWorld,{'PerfumersWorld': 'Mixture (Perfume Base)'},https://www.perfumersworld.com/view.php?pro_id=6UQ20900
PROPRIETARY_MIXTURE,Leather,Mixture,,,,,,Leather Fleuressence from PerfumersWorld,{'PerfumersWorld': 'Mixture (Perfume Base)'},https://www.perfumersworld.com/view.php?pro_id=6UT12424
PROPRIETARY_MIXTURE,LEATHER,Mixture,,,,,,LEATHER F-TEC from PerfumersWorld,{'PerfumersWorld': 'Mixture (Perfume Base)'},https://www.perfumersworld.com/view.php?pro_id=6UT18496
PROPRIETARY_MIXTURE,Civet,Mixture,,,,,,Civet Fleuressence from PerfumersWorld,{'PerfumersWorld': 'Mixture (Perfume Base)'},https://www.perfumersworld.com/view.php?pro_id=6UU09106
PROPRIETARY_MIXTURE,U-Animal,Mixture,,,,,,U-Animal Fleuressence from PerfumersWorld,{'PerfumersWorld': 'Mixture (Perfume Base)'},https://www.perfumersworld.com/view.php?pro_id=6UU12452
PROPRIETARY_MIXTURE,U-ANIMAL,Mixture,,,,,,U-ANIMAL F-TEC from PerfumersWorld,{'PerfumersWorld': 'Mixture (Perfume Base)'},https://www.perfumersworld.com/view.php?pro_id=6UU18051
PROPRIETARY_MIXTURE,CIVET,Mixture,,,,,,CIVET F-TEC from PerfumersWorld,{'PerfumersWorld': 'Mixture (Perfume Base)'},https://www.perfumersworld.com/view.php?pro_id=6UU18497
PROPRIETARY_MIXTURE,Ambreine Classic PW,Mixture,,,,,,Ambreine Classic PW from PerfumersWorld,{'PerfumersWorld': 'Mixture (Perfume Base)'},https://www.perfumersworld.com/view.php?pro_id=6UV16208
PROPRIETARY_MIXTURE,Chypre,Mixture,,,,,,Chypre Fleuressence from PerfumersWorld,{'PerfumersWorld': 'Mixture (Perfume Base)'},https://www.perfumersworld.com/view.php?pro_id=6UX10406
PROPRIETARY_MIXTURE,CHYPRE,Mixture,,,,,,CHYPRE F-TEC from PerfumersWorld,{'PerfumersWorld': 'Mixture (Perfume Base)'},https://www.perfumersworld.com/view.php?pro_id=6UX18493
PROPRIETARY_MIXTURE,Ambergris,Mixture,,,,,,Ambergris Fleuressence from PerfumersWorld,{'PerfumersWorld': 'Mixture (Perfume Base)'},https://www.perfumersworld.com/view.php?pro_id=6UY09424
PROPRIETARY_MIXTURE,AMBERGRIS,Mixture,,,,,,AMBERGRIS F-TEC from PerfumersWorld,{'PerfumersWorld': 'Mixture (Perfume Base)'},https://www.perfumersworld.com/view.php?pro_id=6UY18081
PROPRIETARY_MIXTURE,Ambreine,Mixture,,,,,,Ambreine Fleuressence from PerfumersWorld,{'PerfumersWorld': 'Mixture (Perfume Base)'},https://www.perfumersworld.com/view.php?pro_id=6VC09625
PROPRIETARY_MIXTURE,New Mown Hay,Mixture,,,,,,New Mown Hay Fleuressence from PerfumersWorld,{'PerfumersWorld': 'Mixture (Perfume Base)'},https://www.perfumersworld.com/view.php?pro_id=6VD09091
PROPRIETARY_MIXTURE,NEW MOWN HAY,Mixture,,,,,,NEW MOWN HAY F-TEC from PerfumersWorld,{'PerfumersWorld': 'Mixture (Perfume Base)'},https://www.perfumersworld.com/view.php?pro_id=6VD18542
PROPRIETARY_MIXTURE,Chocolate,Mixture,,,,,,Chocolate Fleuressence from PerfumersWorld,{'PerfumersWorld': 'Mixture (Perfume Base)'},https://www.perfumersworld.com/view.php?pro_id=6VE12421
PROPRIETARY_MIXTURE,CHOCOLATE,Mixture,,,,,,CHOCOLATE F-TEC from PerfumersWorld,{'PerfumersWorld': 'Mixture (Perfume Base)'},https://www.perfumersworld.com/view.php?pro_id=6VE18548
PROPRIETARY_MIXTURE,Gourmande,Mixture,,,,,,Gourmande Fleuressence from PerfumersWorld,{'PerfumersWorld': 'Mixture (Perfume Base)'},https://www.perfumersworld.com/view.php?pro_id=6VF12416
PROPRIETARY_MIXTURE,GOURMANDE,Mixture,,,,,,GOURMANDE F-TEC from PerfumersWorld,{'PerfumersWorld': 'Mixture (Perfume Base)'},https://www.perfumersworld.com/view.php?pro_id=6VF18896
SUPPLIER_MISMATCH,Heliotrope,120-57-0,8438,Piperonal,120-57-0,"PIPERONAL|120-57-0|Heliotropin|Heliotropine|Piperonyl aldehyde|Piperonaldehyde|1,3-Benzodioxole-5-carbaldehyde|Piperonylaldehyde|3,4-Methylenedioxybenzaldehyde|Geliotropin",Supplier PerfumersWorld CAS Mixture (Perfume Base) error,Heliotrope Fleuressence from PerfumersWorld,{'PerfumersWorld': 'Mixture (Perfume Base)'},https://www.perfumersworld.com/view.php?pro_id=6VN09081
PROPRIETARY_MIXTURE,HELIOTROPE,Mixture,,,,,,HELIOTROPE F-TEC from PerfumersWorld,{'PerfumersWorld': 'Mixture (Perfume Base)'},https://www.perfumersworld.com/view.php?pro_id=6VN18501
PROPRIETARY_MIXTURE,Heliotrope  - Heliotropin Replacement,Mixture,,,,,,Heliotrope Base - Heliotropin Replacement from PerfumersWorld,{'PerfumersWorld': 'Mixture (Perfume Base)'},https://www.perfumersworld.com/view.php?pro_id=6VN21659
PROPRIETARY_MIXTURE,HELIOTROPAL,Mixture,,,,,,HELIOTROPAL from PerfumersWorld,{'PerfumersWorld': 'Mixture (Perfume Base)'},https://www.perfumersworld.com/view.php?pro_id=6VN21924
PROPRIETARY_MIXTURE,Sweet Vanilla,Mixture,,,,,,Sweet Vanilla Fleuressence from PerfumersWorld,{'PerfumersWorld': 'Mixture (Perfume Base)'},https://www.perfumersworld.com/view.php?pro_id=6VV09134
PROPRIETARY_MIXTURE,SWEET VANILLA,Mixture,,,,,,SWEET VANILLA F-TEC from PerfumersWorld,{'PerfumersWorld': 'Mixture (Perfume Base)'},https://www.perfumersworld.com/view.php?pro_id=6VV18540
PROPRIETARY_MIXTURE,V-Vanilla,Mixture,,,,,,V-Vanilla Fleuressence from PerfumersWorld,{'PerfumersWorld': 'Mixture (Perfume Base)'},https://www.perfumersworld.com/view.php?pro_id=6VW10849
PROPRIETARY_MIXTURE,V-VANILLA,Mixture,,,,,,V-VANILLA F-TEC from PerfumersWorld,{'PerfumersWorld': 'Mixture (Perfume Base)'},https://www.perfumersworld.com/view.php?pro_id=6VW18054
PROPRIETARY_MIXTURE,Patchouli,Mixture,,,,,,Patchouli Fleuressence from PerfumersWorld,{'PerfumersWorld': 'Mixture (Perfume Base)'},https://www.perfumersworld.com/view.php?pro_id=6WB09123
PROPRIETARY_MIXTURE,PATCHOULI,Mixture,,,,,,PATCHOULI F-TEC from PerfumersWorld,{'PerfumersWorld': 'Mixture (Perfume Base)'},https://www.perfumersworld.com/view.php?pro_id=6WB18685
PROPRIETARY_MIXTURE,Male Woodsy,Mixture,,,,,,Male Woodsy Fleuressence from PerfumersWorld,{'PerfumersWorld': 'Mixture (Perfume Base)'},https://www.perfumersworld.com/view.php?pro_id=6WC12407
PROPRIETARY_MIXTURE,MALE WOODSY,Mixture,,,,,,MALE WOODSY F-TEC from PerfumersWorld,{'PerfumersWorld': 'Mixture (Perfume Base)'},https://www.perfumersworld.com/view.php?pro_id=6WC18598
PROPRIETARY_MIXTURE,Arabian Oud,Mixture,,,,,,Arabian Oud Fleuressence from PerfumersWorld,{'PerfumersWorld': 'Mixture (Perfume Base)'},https://www.perfumersworld.com/view.php?pro_id=6WQ08484
PROPRIETARY_MIXTURE,ARABIAN OUD,Mixture,,,,,,ARABIAN OUD F-TEC from PerfumersWorld,{'PerfumersWorld': 'Mixture (Perfume Base)'},https://www.perfumersworld.com/view.php?pro_id=6WQ18085
PROPRIETARY_MIXTURE,Oud,Mixture,,,,,,Oud Base from PerfumersWorld,{'PerfumersWorld': 'Mixture (Perfume Base)'},https://www.perfumersworld.com/view.php?pro_id=6WU07495
PROPRIETARY_MIXTURE,Black Agarwood Artificial,Mixture,,,,,,Black Agarwood Artificial from PerfumersWorld,{'PerfumersWorld': 'Mixture (Perfume Base)'},https://www.perfumersworld.com/view.php?pro_id=6WU07708
PROPRIETARY_MIXTURE,Agarwood,Mixture,,,,,,Agarwood Fleuressence from PerfumersWorld,{'PerfumersWorld': 'Mixture (Perfume Base)'},https://www.perfumersworld.com/view.php?pro_id=6WU08483
PROPRIETARY_MIXTURE,AGARWOOD,Mixture,,,,,,AGARWOOD F-TEC from PerfumersWorld,{'PerfumersWorld': 'Mixture (Perfume Base)'},https://www.perfumersworld.com/view.php?pro_id=6WU18875
PROPRIETARY_MIXTURE,Amber,Mixture,,,,,,Amber Fleuressence from PerfumersWorld,{'PerfumersWorld': 'Mixture (Perfume Base)'},https://www.perfumersworld.com/view.php?pro_id=6WV12277
PROPRIETARY_MIXTURE,AMBER,Mixture,,,,,,AMBER F-TEC from PerfumersWorld,{'PerfumersWorld': 'Mixture (Perfume Base)'},https://www.perfumersworld.com/view.php?pro_id=6WV18080
PROPRIETARY_MIXTURE,Cedarwood,Mixture,,,,,,Cedarwood Fleuressence from PerfumersWorld,{'PerfumersWorld': 'Mixture (Perfume Base)'},https://www.perfumersworld.com/view.php?pro_id=6WW09124
PROPRIETARY_MIXTURE,CEDARWOOD,Mixture,,,,,,CEDARWOOD F-TEC from PerfumersWorld,{'PerfumersWorld': 'Mixture (Perfume Base)'},https://www.perfumersworld.com/view.php?pro_id=6WW18687
PROPRIETARY_MIXTURE,Sandalwood,Mixture,,,,,,Sandalwood Base from PerfumersWorld,{'PerfumersWorld': 'Mixture (Perfume Base)'},https://www.perfumersworld.com/view.php?pro_id=6WX07911
PROPRIETARY_MIXTURE,Sandalwood Extra 208,Mixture,,,,,,Sandalwood Extra 208 from PerfumersWorld,{'PerfumersWorld': 'Mixture (Perfume Base)'},https://www.perfumersworld.com/view.php?pro_id=6WX09344
PROPRIETARY_MIXTURE,SANDALWOOD,Mixture,,,,,,SANDALWOOD F-TEC from PerfumersWorld,{'PerfumersWorld': 'Mixture (Perfume Base)'},https://www.perfumersworld.com/view.php?pro_id=6WX18686
PROPRIETARY_MIXTURE,Sandalwood  X3,Mixture,,,,,,Sandalwood Base X3 from PerfumersWorld,{'PerfumersWorld': 'Mixture (Perfume Base)'},https://www.perfumersworld.com/view.php?pro_id=6WX24054
PROPRIETARY_MIXTURE,Vetivert,Mixture,,,,,,Vetivert Fleuressence from PerfumersWorld,{'PerfumersWorld': 'Mixture (Perfume Base)'},https://www.perfumersworld.com/view.php?pro_id=6WY09425
PROPRIETARY_MIXTURE,W-Wood,Mixture,,,,,,W-Wood Fleuressence from PerfumersWorld,{'PerfumersWorld': 'Mixture (Perfume Base)'},https://www.perfumersworld.com/view.php?pro_id=6WY10132
PROPRIETARY_MIXTURE,White Oak,Mixture,,,,,,White Oak Fleuressence from PerfumersWorld,{'PerfumersWorld': 'Mixture (Perfume Base)'},https://www.perfumersworld.com/view.php?pro_id=6WY11945
PROPRIETARY_MIXTURE,W-WOOD,Mixture,,,,,,W-WOOD F-TEC from PerfumersWorld,{'PerfumersWorld': 'Mixture (Perfume Base)'},https://www.perfumersworld.com/view.php?pro_id=6WY18078
PROPRIETARY_MIXTURE,WHITE OAK,Mixture,,,,,,WHITE OAK F-TEC from PerfumersWorld,{'PerfumersWorld': 'Mixture (Perfume Base)'},https://www.perfumersworld.com/view.php?pro_id=6WY18600
PROPRIETARY_MIXTURE,VETIVER,Mixture,,,,,,VETIVER F-TEC from PerfumersWorld,{'PerfumersWorld': 'Mixture (Perfume Base)'},https://www.perfumersworld.com/view.php?pro_id=6WY18702
PROPRIETARY_MIXTURE,Cashmere Musk,Mixture,,,,,,Cashmere Musk Fleuressence from PerfumersWorld,{'PerfumersWorld': 'Mixture (Perfume Base)'},https://www.perfumersworld.com/view.php?pro_id=6XB09681
PROPRIETARY_MIXTURE,CASHMERE MUSK,Mixture,,,,,,CASHMERE MUSK F-TEC from PerfumersWorld,{'PerfumersWorld': 'Mixture (Perfume Base)'},https://www.perfumersworld.com/view.php?pro_id=6XB18881
PROPRIETARY_MIXTURE,Macrocyclic,Mixture,,,,,,Macrocyclic Fleuressence from PerfumersWorld,{'PerfumersWorld': 'Mixture (Perfume Base)'},https://www.perfumersworld.com/view.php?pro_id=6XD09426
PROPRIETARY_MIXTURE,MACROCYCLIC,Mixture,,,,,,MACROCYCLIC F-TEC from PerfumersWorld,{'PerfumersWorld': 'Mixture (Perfume Base)'},https://www.perfumersworld.com/view.php?pro_id=6XD18354
PROPRIETARY_MIXTURE,Nitro Musk,Mixture,,,,,,Nitro Musk Fleuressence from PerfumersWorld,{'PerfumersWorld': 'Mixture (Perfume Base)'},https://www.perfumersworld.com/view.php?pro_id=6XU09117
PROPRIETARY_MIXTURE,X-Musk,Mixture,,,,,,X-Musk Fleuressence from PerfumersWorld,{'PerfumersWorld': 'Mixture (Perfume Base)'},https://www.perfumersworld.com/view.php?pro_id=6XU09440
PROPRIETARY_MIXTURE,Musk Xylol REP,Mixture,,,,,,Musk Xylol REP from PerfumersWorld,{'PerfumersWorld': 'Mixture (Perfume Base)'},https://www.perfumersworld.com/view.php?pro_id=6XU17558
PROPRIETARY_MIXTURE,X-MUSK,Mixture,,,,,,X-MUSK F-TEC from PerfumersWorld,{'PerfumersWorld': 'Mixture (Perfume Base)'},https://www.perfumersworld.com/view.php?pro_id=6XU18055
PROPRIETARY_MIXTURE,NITRO MUSK,Mixture,,,,,,NITRO MUSK F-TEC from PerfumersWorld,{'PerfumersWorld': 'Mixture (Perfume Base)'},https://www.perfumersworld.com/view.php?pro_id=6XU18880
PROPRIETARY_MIXTURE,AMBRETTE SEED,Mixture,,,,,,AMBRETTE SEED F-TEC from PerfumersWorld,{'PerfumersWorld': 'Mixture (Perfume Base)'},https://www.perfumersworld.com/view.php?pro_id=6XU18931
PROPRIETARY_MIXTURE,White Musk,Mixture,,,,,,White Musk Fleuressence from PerfumersWorld,{'PerfumersWorld': 'Mixture (Perfume Base)'},https://www.perfumersworld.com/view.php?pro_id=6XV09757
PROPRIETARY_MIXTURE,WHITE MUSK,Mixture,,,,,,WHITE MUSK F-TEC from PerfumersWorld,{'PerfumersWorld': 'Mixture (Perfume Base)'},https://www.perfumersworld.com/view.php?pro_id=6XV18882
PROPRIETARY_MIXTURE,Musk X Super,Mixture,,,,,,Musk X Super from PerfumersWorld,{'PerfumersWorld': 'Mixture (Perfume Base)'},https://www.perfumersworld.com/view.php?pro_id=6XY17557
PROPRIETARY_MIXTURE,PWx Factor,Mixture,,,,,,PWx Factor from PerfumersWorld,{'PerfumersWorld': 'Mixture (Perfume Base)'},https://www.perfumersworld.com/view.php?pro_id=6XZ10738
NATURAL_MIXTURE,PWx Oil Factor - Natural,Mixture,,,,,,PWx Oil Factor - Natural from PerfumersWorld,{'PerfumersWorld': 'Mixture (Perfume Base)'},https://www.perfumersworld.com/view.php?pro_id=6XZ12347
PROPRIETARY_MIXTURE,Mushroom,Mixture,,,,,,Mushroom Fleuressence from PerfumersWorld,{'PerfumersWorld': 'Mixture (Perfume Base)'},https://www.perfumersworld.com/view.php?pro_id=6YE09107
PROPRIETARY_MIXTURE,MUSHROOM,Mixture,,,,,,MUSHROOM F-TEC from PerfumersWorld,{'PerfumersWorld': 'Mixture (Perfume Base)'},https://www.perfumersworld.com/view.php?pro_id=6YE18885
WIP_DISCREPANCY,Ozone,Mixture,24823,Ozone,10028-15-6,"OZONE|Triatomic oxygen|10028-15-6|Ozon|Ozone heavy work|ozono|trioxygen|Oxygen, mol (O3)|trioxygene|66H7ZZK23N",WIP CAS Mixture not in PubChem ['10028-15-6']; Supplier PerfumersWorld CAS Mixture (Perfume Base) error,Ozone Fleuressence from PerfumersWorld,{'PerfumersWorld': 'Mixture (Perfume Base)'},https://www.perfumersworld.com/view.php?pro_id=6YG07910
PROPRIETARY_MIXTURE,Seaweed,Mixture,,,,,,Seaweed Fleuressence from PerfumersWorld,{'PerfumersWorld': 'Mixture (Perfume Base)'},https://www.perfumersworld.com/view.php?pro_id=6YG09070
PROPRIETARY_MIXTURE,Fougere Vert,Mixture,,,,,,Fougere Vert Fleuressence from PerfumersWorld,{'PerfumersWorld': 'Mixture (Perfume Base)'},https://www.perfumersworld.com/view.php?pro_id=6YG10384
PROPRIETARY_MIXTURE,FOUGERE VERT,Mixture,,,,,,FOUGERE VERT F-TEC from PerfumersWorld,{'PerfumersWorld': 'Mixture (Perfume Base)'},https://www.perfumersworld.com/view.php?pro_id=6YG18317
WIP_DISCREPANCY,OZONE,Mixture,24823,Ozone,10028-15-6,"OZONE|Triatomic oxygen|10028-15-6|Ozon|Ozone heavy work|ozono|trioxygen|Oxygen, mol (O3)|trioxygene|66H7ZZK23N",WIP CAS Mixture not in PubChem ['10028-15-6']; Supplier PerfumersWorld CAS Mixture (Perfume Base) error,OZONE F-TEC from PerfumersWorld,{'PerfumersWorld': 'Mixture (Perfume Base)'},https://www.perfumersworld.com/view.php?pro_id=6YG18599
PROPRIETARY_MIXTURE,SEAWEED,Mixture,,,,,,SEAWEED F-TEC from PerfumersWorld,{'PerfumersWorld': 'Mixture (Perfume Base)'},https://www.perfumersworld.com/view.php?pro_id=6YG18895
PROPRIETARY_MIXTURE,Oakmoss,Mixture,,,,,,Oakmoss Fleuressence from PerfumersWorld,{'PerfumersWorld': 'Mixture (Perfume Base)'},https://www.perfumersworld.com/view.php?pro_id=6YH09092
PROPRIETARY_MIXTURE,Y-Mossy,Mixture,,,,,,Y-Mossy Fleuressence from PerfumersWorld,{'PerfumersWorld': 'Mixture (Perfume Base)'},https://www.perfumersworld.com/view.php?pro_id=6YH12453
PROPRIETARY_MIXTURE,Y-MOSSY,Mixture,,,,,,Y-MOSSY F-TEC from PerfumersWorld,{'PerfumersWorld': 'Mixture (Perfume Base)'},https://www.perfumersworld.com/view.php?pro_id=6YH18062
PROPRIETARY_MIXTURE,OAKMOSS,Mixture,,,,,,OAKMOSS F-TEC from PerfumersWorld,{'PerfumersWorld': 'Mixture (Perfume Base)'},https://www.perfumersworld.com/view.php?pro_id=6YH18894
PROPRIETARY_MIXTURE,Z-ZOLVENT,Mixture,,,,,,Z-ZOLVENT F-TEC from PerfumersWorld,{'PerfumersWorld': 'Mixture (Perfume Base)'},https://www.perfumersworld.com/view.php?pro_id=6ZZ00449
PROPRIETARY_MIXTURE,Z-Zolvent,Mixture,,,,,,Z-Zolvent Fleuressence from PerfumersWorld,{'PerfumersWorld': 'Mixture (Perfume Base)'},https://www.perfumersworld.com/view.php?pro_id=6ZZ00501
NATURAL_MIXTURE,Cornmint Essential Oil China,68917-18-0,,,,,,Cornmint Essential Oil China from PerfumersWorld,{'PerfumersWorld': '68917-18-0'},https://www.perfumersworld.com/view.php?pro_id=7BB00832
NATURAL_MIXTURE,Camphor White Essential Oil,8008-51-3,,,,,,Camphor White Essential Oil from PerfumersWorld,{'PerfumersWorld': '8008-51-3'},https://www.perfumersworld.com/view.php?pro_id=7BH00079
NATURAL_MIXTURE,Eucalyptus Globulus Essential Oil,8000-48-4,,,,,,Eucalyptus Globulus Essential Oil from PerfumersWorld,{'PerfumersWorld': '8000-48-4'},https://www.perfumersworld.com/view.php?pro_id=7BH00182
NATURAL_MIXTURE,Cajuput Essential Oil,8008-98-8,,,,,,Cajuput Essential Oil from PerfumersWorld,{'PerfumersWorld': '8008-98-8'},https://www.perfumersworld.com/view.php?pro_id=7BH00912
NATURAL_MIXTURE,Mandarin Essential Oil,8008-31-9,,,,,,Mandarin Essential Oil from PerfumersWorld,{'PerfumersWorld': '8008-31-9'},https://www.perfumersworld.com/view.php?pro_id=7CA00285
NATURAL_MIXTURE,Sweet Orange Essential Oil,8008-57-9,,,,,,Sweet Orange Essential Oil from PerfumersWorld,{'PerfumersWorld': '8028-48-6'},https://www.perfumersworld.com/view.php?pro_id=7CA00339
NATURAL_MIXTURE,Tangerine Essential Oil,8008-31-9,,,,,,Tangerine Essential Oil from PerfumersWorld,{'PerfumersWorld': '8008-31-9'},https://www.perfumersworld.com/view.php?pro_id=7CA00857
NATURAL_MIXTURE,Grapefruit White Essential Oil,8016-20-4,,,,,,Grapefruit White Essential Oil from PerfumersWorld,{'PerfumersWorld': '8016-20-4'},https://www.perfumersworld.com/view.php?pro_id=7CA00868
NATURAL_MIXTURE,Grapefruit FCF oil Sicilian,8016-20-4,,,,,,Grapefruit FCF oil Sicilian from PerfumersWorld,{'PerfumersWorld': '68917-32-8'},https://www.perfumersworld.com/view.php?pro_id=7CA24030
NATURAL_MIXTURE,Blood Orange oil Sicilian,8008-57-9,,,,,,Blood Orange oil Sicilian from PerfumersWorld,{'PerfumersWorld': '8028-48-6'},https://www.perfumersworld.com/view.php?pro_id=7CA24032
NATURAL_MIXTURE,Grapefruit White oil Sicilian,8016-20-4,,,,,,Grapefruit White oil Sicilian from PerfumersWorld,{'PerfumersWorld': '8016-20-4'},https://www.perfumersworld.com/view.php?pro_id=7CA24033
NATURAL_MIXTURE,Litsea Cubeba Essential Oil,68855-99-2,,,,,,Litsea Cubeba Essential Oil from PerfumersWorld,{'PerfumersWorld': '68855-99-2'},https://www.perfumersworld.com/view.php?pro_id=7CC00280
NATURAL_MIXTURE,Eucalyptus Citriodora Essential Oil,8000-48-4,,,,,,Eucalyptus Citriodora Essential Oil from PerfumersWorld,{'PerfumersWorld': '8000-48-4'},https://www.perfumersworld.com/view.php?pro_id=7CC00914
NATURAL_MIXTURE,Lemon Terpeneless oil Sicilian,68648-39-5,,,,,,Lemon Terpeneless oil Sicilian from PerfumersWorld,{'PerfumersWorld': '68648-39-5'},https://www.perfumersworld.com/view.php?pro_id=7CC24027
NATURAL_MIXTURE,Cedrat FCF oil Sicilian,8008-56-8,,,,,,Cedrat FCF oil Sicilian from PerfumersWorld,{'PerfumersWorld': ''},https://www.perfumersworld.com/view.php?pro_id=7CC24028
NATURAL_MIXTURE,Lemon FCF oil Sicilian,68648-39-5,,,,,,Lemon FCF oil Sicilian from PerfumersWorld,{'PerfumersWorld': '8008-56-8'},https://www.perfumersworld.com/view.php?pro_id=7CC24029
NATURAL_MIXTURE,Lemon Verdello oil Sicilian,8008-56-8,,,,,,Lemon Verdello oil Sicilian from PerfumersWorld,{'PerfumersWorld': '8008-56-8'},https://www.perfumersworld.com/view.php?pro_id=7CC24031
NATURAL_MIXTURE,Verbena Oil,8024-12-2,,,,,,Verbena Oil from PerfumersWorld,{'PerfumersWorld': '8024-12-2'},https://www.perfumersworld.com/view.php?pro_id=7CH17055
NATURAL_MIXTURE,Lime Distilled Essential Oil,8008-26-2,,,,,,Lime Distilled Essential Oil from PerfumersWorld,{'PerfumersWorld': '8008-26-2'},https://www.perfumersworld.com/view.php?pro_id=7CK00274
NATURAL_MIXTURE,Citrus Hystrix Lime Leaf Essential Oil,91771-50-5,,,,,,Citrus Hystrix Lime Leaf Essential Oil from PerfumersWorld,{'PerfumersWorld': '91771-50-5'},https://www.perfumersworld.com/view.php?pro_id=7CK01077
NATURAL_MIXTURE,Citrus Hystrix Lime Essential Oil,91771-50-5,,,,,,Citrus Hystrix Lime Essential Oil from PerfumersWorld,{'PerfumersWorld': '91771-50-5'},https://www.perfumersworld.com/view.php?pro_id=7CK01152
NATURAL_MIXTURE,Key Lime Oil Egypt,8008-26-2,,,,,,Key Lime Oil Egypt from PerfumersWorld,{'PerfumersWorld': ''},https://www.perfumersworld.com/view.php?pro_id=7CK24631
NATURAL_MIXTURE,Bergamot FCF oil Sicilian,68648-33-9,,,,,,Bergamot FCF oil Sicilian from PerfumersWorld,{'PerfumersWorld': '68648-33-9'},https://www.perfumersworld.com/view.php?pro_id=7CL24020
NATURAL_MIXTURE,Grapefruit Pink Essential Oil,8016-20-4,,,,,,Grapefruit Pink Essential Oil from PerfumersWorld,{'PerfumersWorld': '8016-20-4'},https://www.perfumersworld.com/view.php?pro_id=7CN00210
NATURAL_MIXTURE,Petitgrain Essential Oil Paraguay,8014-17-3,,,,,,Petitgrain Essential Oil Paraguay from PerfumersWorld,{'PerfumersWorld': '8014-17-3'},https://www.perfumersworld.com/view.php?pro_id=7CN00364
NATURAL_MIXTURE,Pomelo Essential Oil,90045-43-5,,,,,,Pomelo Essential Oil from PerfumersWorld,{'PerfumersWorld': '8016-20-4'},https://www.perfumersworld.com/view.php?pro_id=7CN23708
NATURAL_MIXTURE,Saffron Oil Light,8022-19-3,,,,,,Saffron Oil Light from PerfumersWorld,{'PerfumersWorld': '8022-19-3'},https://www.perfumersworld.com/view.php?pro_id=7ES01835
NATURAL_MIXTURE,Galbanum Essential Oil,8023-91-4,,,,,,Galbanum Essential Oil from PerfumersWorld,{'PerfumersWorld': '8023-91-4'},https://www.perfumersworld.com/view.php?pro_id=7GQ00200
NATURAL_MIXTURE,Lavandin Essential Oil,8022-15-9,,,,,,Lavandin Essential Oil from PerfumersWorld,{'PerfumersWorld': '8022-15-9'},https://www.perfumersworld.com/view.php?pro_id=7HB00265
NATURAL_MIXTURE,Lavender Spike Essential Oil,8016-78-2,,,,,,Lavender Spike Essential Oil from PerfumersWorld,{'PerfumersWorld': '8016-78-2'},https://www.perfumersworld.com/view.php?pro_id=7HB00269
NATURAL_MIXTURE,Spanish Sage Essential Oil,8016-65-7,,,,,,Spanish Sage Essential Oil from PerfumersWorld,{'PerfumersWorld': '8016-65-7'},https://www.perfumersworld.com/view.php?pro_id=7HB00404
DATA_GAP,Lavandin Super,8022-15-9,,,,,,Lavandin Super from PerfumersWorld,{'PerfumersWorld': '8022-18-2'},https://www.perfumersworld.com/view.php?pro_id=7HB08129
NATURAL_MIXTURE,Clary Sage Essential Oil,8016-63-5,,,,,,Clary Sage Essential Oil from PerfumersWorld,{'PerfumersWorld': '8016-63-5'},https://www.perfumersworld.com/view.php?pro_id=7HH00121
NATURAL_MIXTURE,Armoise Essential Oil,8008-93-3,,,,,,Armoise Essential Oil from PerfumersWorld,{'PerfumersWorld': '84775-45-1'},https://www.perfumersworld.com/view.php?pro_id=7HH00896
NATURAL_MIXTURE,Dill Essential Oil,8006-75-5,,,,,,Dill Essential Oil from PerfumersWorld,{'PerfumersWorld': '8006-75-5'},https://www.perfumersworld.com/view.php?pro_id=7HH07671
NATURAL_MIXTURE,Tea Tree Oil,68647-73-4,,,,,,Tea Tree Oil from PerfumersWorld,{'PerfumersWorld': '85085-48-9'},https://www.perfumersworld.com/view.php?pro_id=7HK00427
NATURAL_MIXTURE,Lavender Essential Oil,8000-28-0,,,,,,Lavender Essential Oil from PerfumersWorld,{'PerfumersWorld': '8000-28-0'},https://www.perfumersworld.com/view.php?pro_id=7HL00267
NATURAL_MIXTURE,Organic Lavender Essential Oil,8000-28-0,,,,,,Organic Lavender Essential Oil from PerfumersWorld,{'PerfumersWorld': '90063-37-9'},https://www.perfumersworld.com/view.php?pro_id=7HL10443
NATURAL_MIXTURE,Sage Dalmation Essential Oil,8016-65-7,,,,,,Sage Dalmation Essential Oil from PerfumersWorld,{'PerfumersWorld': '8022-56-8'},https://www.perfumersworld.com/view.php?pro_id=7HP00403
NATURAL_MIXTURE,Manuka Essential Oil,2222-23-3,,,,,,Manuka Essential Oil from PerfumersWorld,{'PerfumersWorld': '223749-44-8'},https://www.perfumersworld.com/view.php?pro_id=7HP07679
NATURAL_MIXTURE,Sweet Marjoram Essential Oil,8015-01-8,,,,,,Sweet Marjoram Essential Oil from PerfumersWorld,{'PerfumersWorld': '84082-58-6'},https://www.perfumersworld.com/view.php?pro_id=7HS00288
NATURAL_MIXTURE,Hyssop Essential Oil,8006-83-5,,,,,,Hyssop Essential Oil from PerfumersWorld,{'PerfumersWorld': '8006-83-5'},https://www.perfumersworld.com/view.php?pro_id=7HS00870
NATURAL_MIXTURE,Plai Essential Oil Siam,91771-69-6,,,,,,Plai Essential Oil Siam from PerfumersWorld,{'PerfumersWorld': '8016-63-5'},https://www.perfumersworld.com/view.php?pro_id=7HS07556
NATURAL_MIXTURE,Holy Basil Essential Oil,91845-35-1,,,,,,Holy Basil Essential Oil from PerfumersWorld,{'PerfumersWorld': '91845-35-1'},https://www.perfumersworld.com/view.php?pro_id=7HS08359
NATURAL_MIXTURE,Cypress Essential Oil,8013-86-3,,,,,,Cypress Essential Oil from PerfumersWorld,{'PerfumersWorld': '8013-86-3'},https://www.perfumersworld.com/view.php?pro_id=7KB00833
NATURAL_MIXTURE,Fir Essential Oil,8021-28-1,,,,,,Fir Essential Oil from PerfumersWorld,{'PerfumersWorld': '8021-28-1'},https://www.perfumersworld.com/view.php?pro_id=7KG07758
NATURAL_MIXTURE,Spruce Essential Oil,8008-80-8,,,,,,Spruce Essential Oil from PerfumersWorld,{'PerfumersWorld': '8008-80-8'},https://www.perfumersworld.com/view.php?pro_id=7KH00888
NATURAL_MIXTURE,Pine Needle Essential Oil,8021-29-2,,,,,,Pine Needle Essential Oil from PerfumersWorld,{'PerfumersWorld': '8021-29-2'},https://www.perfumersworld.com/view.php?pro_id=7KH08741
NATURAL_MIXTURE,Turpentine Oil,8006-64-2,,,,,,Turpentine Oil from PerfumersWorld,{'PerfumersWorld': '8006-64-2'},https://www.perfumersworld.com/view.php?pro_id=7KQ00453
NATURAL_MIXTURE,Ho Essential Oil,8022-91-1,,,,,,Ho Essential Oil from PerfumersWorld,{'PerfumersWorld': '8022-91-1'},https://www.perfumersworld.com/view.php?pro_id=7LB07762
NATURAL_MIXTURE,Champaca Leaf Essential Oil,92457-18-6,,,,,,Champaca Leaf Essential Oil from PerfumersWorld,{'PerfumersWorld': '78-70-6'},https://www.perfumersworld.com/view.php?pro_id=7LN08199
NATURAL_MIXTURE,Rosewood Leaf Essential Oil,8015-77-8,,,,,,Rosewood Leaf Essential Oil from PerfumersWorld,{'PerfumersWorld': '8015-77-8'},https://www.perfumersworld.com/view.php?pro_id=7LW00401
NATURAL_MIXTURE,Cabreuva Essential Oil,68188-03-4,,,,,,Cabreuva Essential Oil from PerfumersWorld,{'PerfumersWorld': '68188-03-4'},https://www.perfumersworld.com/view.php?pro_id=7LW00863
NATURAL_MIXTURE,Cananga Essential Oil,68606-83-7,,,,,,Cananga Essential Oil from PerfumersWorld,{'PerfumersWorld': '68606-83-7'},https://www.perfumersworld.com/view.php?pro_id=7NJ00081
NATURAL_MIXTURE,Ylang Ylang Essential Oil,8006-81-3,,,,,,Ylang Ylang Essential Oil from PerfumersWorld,{'PerfumersWorld': '8006-81-3'},https://www.perfumersworld.com/view.php?pro_id=7NJ00472
NATURAL_MIXTURE,Ylang Ylang Essential Oil Extra,8006-81-3,,,,,,Ylang Ylang Essential Oil Extra from PerfumersWorld,{'PerfumersWorld': '8006-81-3'},https://www.perfumersworld.com/view.php?pro_id=7NJ07496
NATURAL_MIXTURE,Ylang Comoros III essential oil F3295,8006-81-3,,,,,,Ylang Comoros III essential oil F3295 (BIOLANDES) from PerfumersWorld,{'PerfumersWorld': '8006-81-3'},https://www.perfumersworld.com/view.php?pro_id=7NJ17821
NATURAL_MIXTURE,Ylang Madagascar Complete ORGANIC Ess. oil N1450,8006-81-3,,,,,,Ylang Madagascar Complete ORGANIC Ess. oil N1450 (BIOLANDES) from PerfumersWorld,{'PerfumersWorld': '8006-81-3'},https://www.perfumersworld.com/view.php?pro_id=7NJ23635
NATURAL_MIXTURE,Ylang Comoros Complete Essential Oil F3255,8006-81-3,,,,,,Ylang Comoros Complete Essential Oil F3255 (BIOLANDES) from PerfumersWorld,{'PerfumersWorld': '8006-81-3'},https://www.perfumersworld.com/view.php?pro_id=7NJ23636
NATURAL_MIXTURE,Ylang Comoros II essential oil F3315,8006-81-3,,,,,,Ylang Comoros II essential oil F3315 (BIOLANDES) from PerfumersWorld,{'PerfumersWorld': '8006-81-3'},https://www.perfumersworld.com/view.php?pro_id=7NJ23637
NATURAL_MIXTURE,Ylang Comoros I essential oil F3330,8006-81-3,,,,,,Ylang Comoros I essential oil F3330 (BIOLANDES) from PerfumersWorld,{'PerfumersWorld': '8006-81-3'},https://www.perfumersworld.com/view.php?pro_id=7NJ23638
NATURAL_MIXTURE,Ylang Comoros Extra Essential Oil F3350,8006-81-3,,,,,,Ylang Comoros Extra Essential Oil F3350 (BIOLANDES) from PerfumersWorld,{'PerfumersWorld': '8006-81-3'},https://www.perfumersworld.com/view.php?pro_id=7NJ23639
NATURAL_MIXTURE,Wintergreen Essential Oil,68917-75-9,,,,,,Wintergreen Essential Oil from PerfumersWorld,{'PerfumersWorld': '68917-75-9'},https://www.perfumersworld.com/view.php?pro_id=7OP00947
NATURAL_MIXTURE,Estragon Oil,8016-88-4,,,,,,Estragon Oil from PerfumersWorld,{'PerfumersWorld': '8016-88-4'},https://www.perfumersworld.com/view.php?pro_id=7PH00170
NATURAL_MIXTURE,Basil Linalool Oil Egypt,8015-73-4,,,,,,Basil Linalool Oil Egypt from PerfumersWorld,{'PerfumersWorld': ''},https://www.perfumersworld.com/view.php?pro_id=7PL24627
NATURAL_MIXTURE,Sweet Basil Essential Oil,8015-73-4,,,,,,Sweet Basil Essential Oil from PerfumersWorld,{'PerfumersWorld': '8015-73-4'},https://www.perfumersworld.com/view.php?pro_id=7PS00047
NATURAL_MIXTURE,Myrrh Essential Oil,8016-37-3,,,,,,Myrrh Essential Oil from PerfumersWorld,{'PerfumersWorld': '8016-37-3'},https://www.perfumersworld.com/view.php?pro_id=7QC00314
NATURAL_MIXTURE,Opoponax Absolute,9000-78-6,,,,,,Opoponax Absolute from PerfumersWorld,{'PerfumersWorld': '9000-78-6'},https://www.perfumersworld.com/view.php?pro_id=7QC00561
NATURAL_MIXTURE,Elemi Essential Oil,8023-89-0,,,,,,Elemi Essential Oil from PerfumersWorld,{'PerfumersWorld': '8023-89-0'},https://www.perfumersworld.com/view.php?pro_id=7QC00902
NATURAL_MIXTURE,Geranium Essential Oil,8000-46-2,,,,,,Geranium Essential Oil from PerfumersWorld,{'PerfumersWorld': '8000-46-2'},https://www.perfumersworld.com/view.php?pro_id=7RB00205
NATURAL_MIXTURE,Geranium Oil Egypt,90082-51-2,,,,,,Geranium Oil Egypt from PerfumersWorld,{'PerfumersWorld': ''},https://www.perfumersworld.com/view.php?pro_id=7RB00837
NATURAL_MIXTURE,Geranium Bourbon Essential Oil,8000-46-2,,,,,,Geranium Bourbon Essential Oil from PerfumersWorld,{'PerfumersWorld': '8000-46-2'},https://www.perfumersworld.com/view.php?pro_id=7RB00930
NATURAL_MIXTURE,Palmarosa Essential Oil,8014-19-5,,,,,,Palmarosa Essential Oil from PerfumersWorld,{'PerfumersWorld': '8014-19-5'},https://www.perfumersworld.com/view.php?pro_id=7RL00353
NATURAL_MIXTURE,Anise Essential Oil China,8007-70-3,,,,,,Anise Essential Oil China from PerfumersWorld,{'PerfumersWorld': '8007-70-3'},https://www.perfumersworld.com/view.php?pro_id=7SB00041
NATURAL_MIXTURE,Fennel Sweet Essential Oil,8006-84-6,,,,,,Fennel Sweet Essential Oil from PerfumersWorld,{'PerfumersWorld': '8006-84-6'},https://www.perfumersworld.com/view.php?pro_id=7SB00189
NATURAL_MIXTURE,Nutmeg Essential Oil,8008-45-5,,,,,,Nutmeg Essential Oil from PerfumersWorld,{'PerfumersWorld': '8008-45-5'},https://www.perfumersworld.com/view.php?pro_id=7SC00327
NATURAL_MIXTURE,Pink Pepper Essential Oil,68917-52-2,,,,,,Pink Pepper Essential Oil from PerfumersWorld,{'PerfumersWorld': '68917-52-2'},https://www.perfumersworld.com/view.php?pro_id=7SC00941
NATURAL_MIXTURE,Galanga Root Essential Oil,8024-06-4,,,,,,Galanga Root Essential Oil from PerfumersWorld,{'PerfumersWorld': '8024-40-6'},https://www.perfumersworld.com/view.php?pro_id=7SH00198
NATURAL_MIXTURE,Jungle Pepper Oil,97404-53-0,,,,,,Jungle Pepper Oil from PerfumersWorld,{'PerfumersWorld': ''},https://www.perfumersworld.com/view.php?pro_id=7SL24626
NATURAL_MIXTURE,Clove Bud Essential Oil,8000-34-8,,,,,,Clove Bud Essential Oil from PerfumersWorld,{'PerfumersWorld': '8000-34-8'},https://www.perfumersworld.com/view.php?pro_id=7SP00122
NATURAL_MIXTURE,Clove Leaf Essential Oil,8015-97-2,,,,,,Clove Leaf Essential Oil from PerfumersWorld,{'PerfumersWorld': '8000-34-8'},https://www.perfumersworld.com/view.php?pro_id=7SP00123
NATURAL_MIXTURE,Black Pepper Essential Oil,8006-82-4,,,,,,Black Pepper Essential Oil from PerfumersWorld,{'PerfumersWorld': '84929-41-9'},https://www.perfumersworld.com/view.php?pro_id=7SQ00359
NATURAL_MIXTURE,Cinnamon Leaf Essential Oil,8015-91-6,,,,,,Cinnamon Leaf Essential Oil from PerfumersWorld,{'PerfumersWorld': '8015-91-6'},https://www.perfumersworld.com/view.php?pro_id=7SV00108
NATURAL_MIXTURE,Parsley Seed Essential Oil,8000-68-8,,,,,,Parsley Seed Essential Oil from PerfumersWorld,{'PerfumersWorld': '8000-68-8'},https://www.perfumersworld.com/view.php?pro_id=7SW00970
WIP_VERIFIED,Turmeric Essential Oil,8024-37-1,969516,Curcumin,94875-80-6|8024-37-1|458-37-7,curcumin|458-37-7|Diferuloylmethane|Natural yellow 3|Kacha haldi|Curcumin I|Curcuma|Haldar|Indian saffron|Gelbwurz,,Turmeric Essential Oil from PerfumersWorld,{'PerfumersWorld': '8024-37-1'},https://www.perfumersworld.com/view.php?pro_id=7SW08751
NATURAL_MIXTURE,Lesser Galangal Essential Oil,8024-06-4,,,,,,Lesser Galangal Essential Oil from PerfumersWorld,{'PerfumersWorld': '8023-91-4'},https://www.perfumersworld.com/view.php?pro_id=7SY07764
NATURAL_MIXTURE,Patchouli Essential Oil,8014-09-3,,,,,,Patchouli Essential Oil from PerfumersWorld,{'PerfumersWorld': '84238-39-1'},https://www.perfumersworld.com/view.php?pro_id=7WB00357
NATURAL_MIXTURE,Patchouli Light Essential Oil,8014-09-3,,,,,,Patchouli Light Essential Oil from PerfumersWorld,{'PerfumersWorld': ''},https://www.perfumersworld.com/view.php?pro_id=7WB13670
NATURAL_MIXTURE,Cedarwood Chinese Essential Oil,85085-29-6,,,,,,Cedarwood Chinese Essential Oil from PerfumersWorld,{'PerfumersWorld': '85085-29-6'},https://www.perfumersworld.com/view.php?pro_id=7WP00844
NATURAL_MIXTURE,Guava Leaf Essential Oil,8000-30-4,,,,,,Guava Leaf Essential Oil from PerfumersWorld,{'PerfumersWorld': '91770-12-6'},https://www.perfumersworld.com/view.php?pro_id=7WS13096
NATURAL_MIXTURE,Spikenard Essential Oil,8022-22-8,,,,,,Spikenard Essential Oil from PerfumersWorld,{'PerfumersWorld': '8022-22-8'},https://www.perfumersworld.com/view.php?pro_id=7WU13382
NATURAL_MIXTURE,Cedarwood Virginian Essential Oil,8000-27-9,,,,,,Cedarwood Virginian Essential Oil from PerfumersWorld,{'PerfumersWorld': '8000-27-9'},https://www.perfumersworld.com/view.php?pro_id=7WW00095
NATURAL_MIXTURE,Atlas Cedarwood Essential Oil,8023-85-6,,,,,,Atlas Cedarwood Essential Oil from PerfumersWorld,{'PerfumersWorld': '92201-55-3'},https://www.perfumersworld.com/view.php?pro_id=7WW00915
NATURAL_MIXTURE,Amyris Essential Oil,8015-65-4,,,,,,Amyris Essential Oil from PerfumersWorld,{'PerfumersWorld': '8015-65-4'},https://www.perfumersworld.com/view.php?pro_id=7WX00917
NATURAL_MIXTURE,Sandalwood Oil S.album,8006-87-9,,,,,,Sandalwood Oil S.album from PerfumersWorld,{'PerfumersWorld': ''},https://www.perfumersworld.com/view.php?pro_id=7WX21054
NATURAL_MIXTURE,Sandalwood Oil S.spicatum,8024-35-9,,,,,,Sandalwood Oil S.spicatum from PerfumersWorld,{'PerfumersWorld': '8024-35-9'},https://www.perfumersworld.com/view.php?pro_id=7WX21055
NATURAL_MIXTURE,Vetiver Essential Oil,8016-96-4,,,,,,Vetiver Essential Oil from PerfumersWorld,{'PerfumersWorld': '8016-96-4'},https://www.perfumersworld.com/view.php?pro_id=7WY00466
NATURAL_MIXTURE,Sugandha Kokila Essential Oil,91770-15-9,,,,,,Sugandha Kokila Essential Oil from PerfumersWorld,{'PerfumersWorld': '100-52-7'},https://www.perfumersworld.com/view.php?pro_id=7WY09904
NATURAL_MIXTURE,Anthopogen Essential Oil,8006-76-6,,,,,,Anthopogen Essential Oil from PerfumersWorld,{'PerfumersWorld': '116-26-7'},https://www.perfumersworld.com/view.php?pro_id=7WY10413
NATURAL_MIXTURE,Nepal Pepper Co2 Extract,97404-53-0,,,,,,Nepal Pepper Co2 Extract from PerfumersWorld,{'PerfumersWorld': ''},https://www.perfumersworld.com/view.php?pro_id=8CS23654
WIP_VERIFIED,Coffee CO2 Extract Organic,84650-00-0,6850756,"Furan;1-methylpyridin-1-ium-3-carboxylate;pyridine-3-carboxylic acid;1,3,7-trimethyl-4,5-dihydropurine-2,6-dione",84650-00-0,"84650-00-0|furan;1-methylpyridin-1-ium-3-carboxylate;pyridine-3-carboxylic acid;1,3,7-trimethyl-4,5-dihydropurine-2,6-dione|Coffee CO2 Colombia (oil soluble)|Coffee CO2 extract Arabica (oil soluble)",,Coffee CO2 Extract Organic from PerfumersWorld,{'PerfumersWorld': '84650-00-0'},https://www.perfumersworld.com/view.php?pro_id=8ET23923
NATURAL_MIXTURE,Caribbean Rum Extract,91770-72-8,,,,,,Caribbean Rum Extract from PerfumersWorld,{'PerfumersWorld': ''},https://www.perfumersworld.com/view.php?pro_id=8FY24655
NATURAL_MIXTURE,Lavandin Absolute,91722-69-9,,,,,,Lavandin Absolute from PerfumersWorld,{'PerfumersWorld': '8022-15-9'},https://www.perfumersworld.com/view.php?pro_id=8HY00554
NATURAL_MIXTURE,Lavender Green Absolute,8000-28-0,,,,,,Lavender Green Absolute from PerfumersWorld,{'PerfumersWorld': '8000-28-0'},https://www.perfumersworld.com/view.php?pro_id=8HY09000
PROPRIETARY_MIXTURE,Orris Liquid,8002-73-1,,,,,,Orris Liquid from PerfumersWorld,{'PerfumersWorld': ''},https://www.perfumersworld.com/view.php?pro_id=8IQ24653
WIP_VERIFIED,Cypress Absolute,8013-86-3,168010188,Cypress oil,8013-86-3|12216-86-3,Cypress oil|Cypress absolute|RefChem:581375|Cypress oil (Cupressus sempervirens L.)|CID 167695898|12216-86-3,,Cypress Absolute from PerfumersWorld,{'PerfumersWorld': ''},https://www.perfumersworld.com/view.php?pro_id=8KB00542
NATURAL_MIXTURE,Tolu Balsam Absolute,9000-64-0,,,,,,Tolu Balsam Absolute (Solid) from PerfumersWorld,{'PerfumersWorld': '8016-26-0'},https://www.perfumersworld.com/view.php?pro_id=8QV18357
NATURAL_MIXTURE,Lovage Roots Oil,8016-31-7,,,,,,Lovage Roots Oil from PerfumersWorld,{'PerfumersWorld': '8016-31-7'},https://www.perfumersworld.com/view.php?pro_id=8SW08238
NATURAL_MIXTURE,Cistus Absolute F0779,8016-26-0,,,,,,Cistus Absolute F0779 (BIOLANDES) from PerfumersWorld,{'PerfumersWorld': '89997-74-0'},https://www.perfumersworld.com/view.php?pro_id=8UQ00540
NATURAL_MIXTURE,Cistus Absolute SIS F0785,8016-26-0,,,,,,Cistus Absolute SIS F0785 (BIOLANDES) from PerfumersWorld,{'PerfumersWorld': ''},https://www.perfumersworld.com/view.php?pro_id=8UQ08229
NATURAL_MIXTURE,Agarwood Siam,94350-09-1,,,,,,Agarwood Siam 10% in Nagarmotha Oil from PerfumersWorld,{'PerfumersWorld': '94350-09-1'},https://www.perfumersworld.com/view.php?pro_id=8WU13317
WIP_VERIFIED,Damascenone,23696-85-7,62775,Damascenone,23696-85-7,"DTXSID6041397|DTXCID80196511|RefChem:919620|Damascenone|2,6,6-Trimethyl-1-crotonyl-1,3-cyclohexadiene|1-(2,6,6-Trimethylcyclohexa-1,3-dien-1-yl)but-2-en-1-one|b-damascenone|2-Buten-1-one, 1-(2,6,6-trimethyl-1,3-cyclohexadien-1-yl)-; 1-(2,6,6-Trimethyl-1,3-cyclohexadien-1-yl)-2-buten-1-one; 1-(2,6,6-Trimethyl-1,3-cyclohexadienyl)-2-buten-1-one; 1-Crotonoyl-2,6,6-trimethyl-1,3-cyclohexadiene; 2,6,6-Trimethyl-1-(2-butenoyl)-1,3-cyclohexadiene; 2,6,6-Trimethyl-1-crotonyl-1,3-cyclohexadiene|SCHEMBL164856|POIARNZEYGURDG-UHFFFAOYSA-N",,Damascenone from PerfumersWorld,{'PerfumersWorld': '23696-85-7'},https://www.perfumersworld.com/view.php?pro_id=9IF07120
WIP_VERIFIED,Methyl Isoeugenol,93-16-3,7128,Methyl isoeugenol,93-16-3,"Methyl isoeugenol|1,2-dimethoxy-4-prop-1-enylbenzene|DTXSID0052621|4-Prop-1-enylveratrole|1,2-DIMETHOXY-4-(1-PROPENYL)BENZENE|46RN7Q97DE|DTXCID4031194|NSC-46111|RefChem:1089583|202-224-6",,Methyl Isoeugenol from PerfumersWorld,{'PerfumersWorld': '93-16-3'},https://www.perfumersworld.com/view.php?pro_id=9SP02300
WIP_VERIFIED,Methyl Eugenol,93-15-2,7127,Methyleugenol,93-15-2,"Methyl eugenol|METHYLEUGENOL|93-15-2|4-Allyl-1,2-dimethoxybenzene|Eugenol methyl ether|4-Allylveratrole|O-Methyleugenol|Eugenyl methyl ether|Veratrole methyl ether|Methyl eugenol ether",,Methyl Eugenol from PerfumersWorld,{'PerfumersWorld': '93-15-2'},https://www.perfumersworld.com/view.php?pro_id=9SW00298
WIP_VERIFIED,Alpha-Pinene,80-56-8,6654,(+-)-alpha-Pinene,80-56-8|25766-18-1|2437-95-8,"ALPHA-PINENE|80-56-8|2,6,6-Trimethylbicyclo[3.1.1]hept-2-ene|Acintene A|pin-2(3)-ene|alfa-Pinene|Sylvapine A|PINENE, ALPHA|DTXSID4026501|Leavo-95",,Alpha-Pinene from SimpleScentsDIY,{'SimpleScentsDIY': '80-56-8'},https://www.simplescentsdiy.com/product/35602-35234/alpha-pinene-
WIP_VERIFIED,Anethol,4180-23-8,637563,Anethole,4180-23-8|104-46-1|50770-19-9,"ANETHOLE|104-46-1|Anise camphor|Monasirup|Anethol|4-Propenylanisole|trans-p-Propenylanisole|p-Anethole|Anethole, trans|1-Methoxy-4-(1-propenyl)benzene",,Anethol from SimpleScentsDIY,{'SimpleScentsDIY': '4180-23-8'},https://www.simplescentsdiy.com/product/35603-35235/anethol
WIP_VERIFIED,Carbinol Muguet,0103-05-09,7632,2-Methyl-4-phenyl-2-butanol,103-05-9,"2-Methyl-4-phenyl-2-butanol|103-05-9|2-Methyl-4-phenylbutan-2-ol|1,1-Dimethyl-3-phenylpropanol|1,1-Dimethyl-3-phenyl-1-propanol|2-(2-Phenylethyl)-2-propanol|alpha,alpha-Dimethylbenzenepropanol|FEMA No. 3629|1-Propanol, 1,1-dimethyl-3-phenyl-|DTXSID3021851",,Carbinol Muguet from SimpleScentsDIY,{'MySkinRecipes': '103-05-9'},https://www.myskinrecipes.com/shop/th/lily-of-the-valley/2711-carbinol-muguet-dimethyl-phenylethyl-carbinol.html
WIP_VERIFIED,Cis-3-Hexenol,928-96-1,5281167,3-Hexenol,928-96-1,cis-3-Hexen-1-ol|928-96-1|(Z)-Hex-3-en-1-ol|Leaf alcohol|cis-3-Hexenol|(Z)-3-Hexen-1-ol|Blatteralkohol|3-Hexenol|Z-3-Hexenol|(3Z)-hex-3-en-1-ol,,Cis-3-Hexenol from SimpleScentsDIY,{'SimpleScentsDIY': '928-96-1'},https://www.simplescentsdiy.com/product/35495-34995/cis-3-hexenol
WIP_VERIFIED,Citronellal,106-23-0,7794,Citronellal,106-23-0,"CITRONELLAL|106-23-0|3,7-Dimethyloct-6-enal|3,7-Dimethyl-6-octenal|6-Octenal, 3,7-dimethyl-|2,3-Dihydrocitral|Citronella|Citronellel|beta-Citronellal|3,7-Dimethyl-6-octen-1-al",,Citronellal from SimpleScentsDIY,{'MySkinRecipes': '106-23-0'},https://www.myskinrecipes.com/shop/th/citrus-ส้ม-เปรี้ยว-สดชื่น/2482-citronellal.html
WIP_VERIFIED,Cyclogalbanate,68901-15-5,111727,Allyl cyclohexyloxyacetate,68901-15-5,"Allyl cyclohexyloxyacetate|Acetic acid, (cyclohexyloxy)-, 2-propenyl ester|allyl 2-(cyclohexyloxy)acetate|Allyl (cyclohexyloxy)acetate|EINECS 272-657-3|ISOANANAT|ISOANANATE|B2R58HW644|Acetic acid, 2-(cyclohexyloxy)-, 2-propen-1-yl ester|RefChem:554863",,Cyclogalbanate from SimpleScentsDIY,{'MySkinRecipes': '68901-15-5'},https://www.myskinrecipes.com/shop/th/green-พืช-ใบไม้เขียว/2620-cyclogalbanate-cyclogalbaniff.html
WIP_VERIFIED,Dihydromyrcenol,18479-58-8,29096,Dihydromyrcenol,53219-21-9|18479-58-8,"Dihydromyrcenol|2,6-Dimethyloct-7-en-2-ol|2,6-Dimethyl-7-octen-2-ol|7-OCTEN-2-OL, 2,6-DIMETHYL-|1,1,5-trimethyl-6-heptenol|BRN 1840872|EINECS 242-362-4|EINECS 246-787-6|UNII-46L1B02ND9|DTXSID8029317",,Dihydromyrcenol from SimpleScentsDIY,{'MySkinRecipes': '18479-58-8'},https://www.myskinrecipes.com/shop/th/citrus-ส้ม-เปรี้ยว-สดชื่น/2493-dihydromyrcenol.html
WIP_VERIFIED,DMBC Acetate,0151-05-03,9024,Dimethyl benzyl carbinyl acetate,151-05-3,"151-05-3|Dimethylbenzylcarbinyl acetate|Dimethyl benzyl carbinyl acetate|1,1-Dimethyl-2-phenylethyl acetate|Benzyldimethylcarbinyl acetate|Benzyldimethylcarbinol acetate|Dimethylbenzylcarbinol acetate|alpha,alpha-Dimethylphenethyl acetate|Benzyl dimethyl carbinyl acetate|2-Benzyl-2-propyl acetate",,DMBC Acetate from SimpleScentsDIY,{'SimpleScentsDIY': '151-05-3'},https://www.simplescentsdiy.com/product/35444-34944/dmbcacetate
WIP_VERIFIED,Gamma-Heptalactone,105-21-5,7742,gamma-Heptalactone,57129-71-2|105-21-5,"gamma-Heptalactone|105-21-5|4-Heptanolide|5-propyloxolan-2-one|gamma-Heptanolactone|2(3H)-Furanone, dihydro-5-propyl-|Heptan-4-olide|1,4-Heptanolide|Heptanolide-4,1|gamma-Propiobutyrolactone",,Gamma-Heptalactone from SimpleScentsDIY,{'SimpleScentsDIY': '105-21-5'},https://www.simplescentsdiy.com/product/35448-34948/gamma-heptalactone-15-ml
WIP_VERIFIED,Isoamyl Phenyl Acetate,102-19-2,7600,Isoamyl phenylacetate,102-19-2,"Isoamyl phenylacetate|102-19-2|Isopentyl phenylacetate|Benzeneacetic acid, 3-methylbutyl ester|3-Methylbutyl phenylacetate|3-methylbutyl 2-phenylacetate|Isoamyl alpha-toluate|FEMA No. 2081|isoamyl phenyl acetate|NSC 60582",,Isoamyl Phenyl Acetate from SimpleScentsDIY,{'MySkinRecipes': '102-19-2'},https://www.myskinrecipes.com/shop/th/vanilla-วานิลลา/2831-isoamyl-phenyl-acetate.html
WIP_VERIFIED,Isoamyl Salicylate,87-20-7,6874,Isoamyl salicylate,87-20-7,"Isoamyl salicylate|87-20-7|3-Methylbutyl 2-hydroxybenzoate|Isopentyl salicylate|3-Methylbutyl salicylate|Benzoic acid, 2-hydroxy-, 3-methylbutyl ester|Salicylic acid, isopentyl ester|FEMA No. 2084|2-Hydroxybenzoic acid, 3-methylbutyl ester|M25E4ZMR0N",,Isoamyl Salicylate from SimpleScentsDIY,{'MySkinRecipes': '87-20-7'},https://www.myskinrecipes.com/shop/th/orchid-กล้วยไม้/2729-isoamyl-salicylate.html
WIP_VERIFIED,Isobutyl Salicylate,87-19-4,6873,Isobutyl salicylate,87-19-4,"Isobutyl salicylate|87-19-4|2-Methylpropyl 2-hydroxybenzoate|Isobutyl o-hydroxybenzoate|Benzoic acid, 2-hydroxy-, 2-methylpropyl ester|2-Methylpropyl o-hydroxybenzoate|SALICYLIC ACID, ISOBUTYL ESTER|FEMA No. 2213|DTXSID3047186|S122C080GX",,Isobutyl Salicylate from SimpleScentsDIY,{'MySkinRecipes': '87-19-4'},https://www.myskinrecipes.com/shop/th/spice-เผ็ดร้อน/2799-isobutyl-salicylate.html
SUPPLIER_MISMATCH,Jessemal Jasmonyl,38285-49-3,161960,5-Methyl-3-butyltetrahydropyran-4-yl acetate,38285-49-3,"38285-49-3|5-Methyl-3-butyltetrahydropyran-4-yl acetate|2H-Pyran-4-ol, 3-butyltetrahydro-5-methyl-, acetate|RefChem:537083|253-863-2|TEPYL ACETATE|(3-butyl-5-methyloxan-4-yl) acetate|3-Butyltetrahydro-5-methyl-2H-pyran-4-yl acetate|EINECS 253-863-2|3-Butyl-5-methyl-tetrahydro-2H-pyran-4-yl acetate",Supplier MySkinRecipes CAS 1322-17-4 error,Jessemal Jasmonyl (FEMA 2783),{'MySkinRecipes': '1322-17-4'},https://www.myskinrecipes.com/shop/th/jasmine-มะลิ/32885-jessemal-jasmonyl-fema-2783.html
WIP_VERIFIED,Maple Lactone 10 % in DPG,80-71-7,6660,2-Hydroxy-3-methyl-2-cyclopenten-1-one,80-71-7,"80-71-7|Cyclotene|Corylone|2-HYDROXY-3-METHYL-2-CYCLOPENTEN-1-ONE|2-hydroxy-3-methylcyclopent-2-en-1-one|Cycloten|2-Cyclopenten-1-one, 2-hydroxy-3-methyl-|Methylcyclopentenolone|Cyclotene (ordorant)|2-Hydroxy-1-methylcyclopenten-3-one",,Maple Lactone 10 % in DPG from SimpleScentsDIY,{'SimpleScentsDIY': '80-71-7'},https://www.simplescentsdiy.com/product/35029-34507/maplelactone
WIP_VERIFIED,Muscenone,82356-51-2,57353762,Methylcyclopentadecenone,82356-51-2,METHYLCYCLOPENTADECENONE|82356-51-2|SCHEMBL354995,,Muscenone from SimpleScentsDIY,{'SimpleScentsDIY': '82356-51-2'},https://www.simplescentsdiy.com/product/35421-34921/muscenone
WIP_VERIFIED,Rhubafuran,82461-14-1,113514,Rhubafuran,82461-14-1|99343-91-6|99343-90-5,"RHUBAFURAN|2,4-Dimethyl-4-phenyltetrahydrofuran|82461-14-1|Furan, tetrahydro-2,4-dimethyl-4-phenyl-|85JUZ61OL5|EINECS 279-967-8|Furan, tetrahydro-2,4-dimethyl-4-phenyl-, (2R,4S)-rel-|Furan, tetrahydro-2,4-dimethyl-4-phenyl-, cis-|99343-90-5|Furan, tetrahydro-2,4-dimethyl-4-phenyl-, (2R,4R)-rel-",,Rhubafuran from SimpleScentsDIY,{'MySkinRecipes': ''},https://www.myskinrecipes.com/shop/th/green-พืช-ใบไม้เขียว/2646-rhubafuran.html
WIP_DISCREPANCY,Ultravanil,2563-07-07,75715,"Phenol, 2-ethoxy-4-methyl-",2563-07-7,"2-Ethoxy-4-methylphenol|2563-07-7|Phenol, 2-ethoxy-4-methyl-|DTXSID8062523|RefChem:172761|DTXCID7037341|607-762-9|ZWQBCCVEOIYNDL-UHFFFAOYSA-N|2-ethoxy-p-cresol|MFCD00043697",WIP CAS 2563-07-07 not in PubChem ['2563-07-7'],Ultravanil 80% In DPG from SimpleScentsDIY,{'SimpleScentsDIY': '2563-07-7'},https://www.simplescentsdiy.com/product/35607-35239/ultravanil
WIP_VERIFIED,Propylene Glycol,57-55-6,1030,Propylene Glycol,25322-68-3|57-55-6|63625-56-9,"propylene glycol|1,2-propanediol|propane-1,2-diol|57-55-6|1,2-Propylene glycol|1,2-dihydroxypropane|2-Hydroxypropanol|Isopropylene glycol|Dowfrost|Sirlene",,Propylene Glycol (PG) from PerfumersWorld,{},
WIP_VERIFIED,Damascol,57378-68-4,5365916,,71048-82-3|57378-68-4|41436-42-4,"delta-Damascone|8-Damascone|Delta Damascone|57378-68-4|.delta.-Damascone|FEMA No. 3622|1-(2,6,6-Trimethyl-3-cyclohexen-1-yl)-2-buten-1-one|trans-delta-damascone|2-BUTEN-1-ONE, 1-(2,6,6-TRIMETHYL-3-CYCLOHEXEN-1-YL)-|EINECS 275-156-8",,Damascol from PerfumersWorld,{},
WIP_DISCREPANCY,Coniferan,67801-20-1,62240,Conifer acetate,,"Coniferan|2-tert-Pentylcyclohexyl acetate|conifer acetate|2-(2-Methylbutan-2-yl)cyclohexyl acetate|Cyclohexanol, 2-tert-pentyl-, acetate|4SMO7U026F|amylcyclohexyl acetate|DTXSID0044573|NSC-21163|DTXCID8024573",WIP CAS 67801-20-1 not in PubChem [],Coniferan from PerfumersWorld,{},
WIP_DISCREPANCY,Rhodinol ex Citronella,141-25-3,81263,Rhodinol,6812-78-8,"Rhodinol|6812-78-8|(-)-Rhodinol|(-)-alpha-citronellol|FEMA No. 2980|7-Octen-1-ol, 3,7-dimethyl-, (3S)-|1V437W60X9|(S)-ALPHA-CITRONELLOL|(S)-3,7-DIMETHYL-7-OCTENOL|DTXCID9027233",WIP CAS 141-25-3 not in PubChem ['6812-78-8'],Rhodinol ex Citronella from PerfumersWorld,{},
WIP_VERIFIED,Phenylacetaldehyde,122-78-1,998,Phenylacetaldehyde,122-78-1,phenylacetaldehyde|2-phenylacetaldehyde|122-78-1|Benzeneacetaldehyde|alpha-Tolualdehyde|Phenylethanal|2-Phenylethanal|Phenylacetic aldehyde|alpha-Toluic aldehyde|Oxophenylethane,,Phenylacetaldehyde 10% in DPG from PerfumersWorld,{},
NATURAL_MIXTURE,Guaiacwood Essential Oil,8016-23-7,,,,,,Guaiacwood Essential Oil 50% in DPG from PerfumersWorld,{},
WIP_VERIFIED,Cinnamyl aldehyde,104-55-2,637511,Cinnamaldehyde,104-55-2|14371-10-9|57194-69-1,,,Cinnamyl aldehyde 10% in DPG from PerfumersWorld,{},
PROPRIETARY_MIXTURE,Citrus Aldehyde,Mixture,,,,,,Citrus Aldehyde Fleuressence from PerfumersWorld,{},
PROPRIETARY_MIXTURE,A-ALDEHYDE,Mixture,,,,,,A-ALDEHYDE F-TEC from PerfumersWorld,{},
PROPRIETARY_MIXTURE,FRAGRANT RICE,Mixture,,,,,,FRAGRANT RICE F-TEC from PerfumersWorld,{},
PROPRIETARY_MIXTURE,BASIL,Mixture,,,,,,BASIL F-TEC from PerfumersWorld,{},
PROPRIETARY_MIXTURE,Thixener X 300,Mixture,,,,,,Thixener X 300 from PerfumersWorld,{},
PROPRIETARY_MIXTURE,Amber Solid,Mixture,,,,,,Amber Solid from PerfumersWorld,{},
NATURAL_MIXTURE,Niaouli essential oil,8014-68-4,,,,,,Niaouli essential oil from PerfumersWorld,{},
WIP_VERIFIED,Rhodinol Ex-Naturel,141-25-3,543323,"3,7-Dimethyl-7-octen-1-ol",141-25-3,"3,7-Dimethyl-7-octen-1-ol|141-25-3|7-OCTEN-1-OL, 3,7-DIMETHYL-|RefChem:91899|3,7-Dimethyloct-7-en-1-ol|alpha-Citronellol|2,6-Dimethyl-1-octen-8-ol|.alpha.-Citronellol|EINECS 205-473-9|a-Citronellol",,Rhodinol Ex-Naturel from PerfumersWorld,{},
WIP_VERIFIED,Deionized Water,7732-18-5,962,Water,17778-80-2|7732-18-5,"water|7732-18-5|Distilled water|Dihydrogen oxide|Purified water|Sterile water|Water vapor|Water, deionized|aqua|oxidane",,Deionized Water from PerfumersWorld,{},
WIP_VERIFIED,Ethanol 99.,64-17-5,702,Ethanol,64-17-5,ethanol|ethyl alcohol|alcohol|64-17-5|grain alcohol|Methylcarbinol|Ethyl hydroxide|Ethyl hydrate|Tecsol|Algrain,,Ethanol 99.9% from PerfumersWorld,{},
WIP_VERIFIED,DPG,25265-71-8,134692469,Dipropylene Glycol,25265-71-8|110-98-5,"Dipropylenglykol|4-Oxa-2,6-heptandiol|E107L85C40|EPA Pesticide Chemical Code 068604|RefChem:57330|Abelia seaweed refining mask|Abelia green tea energy mask|Abelia cucumber soothing mask|Abelia lemon brightening mask|Abelia collagen amplifying mask",,DPG,{},
WIP_VERIFIED,IPM,110-27-0,8042,Isopropyl Myristate,110-27-0,"ISOPROPYL MYRISTATE|110-27-0|Isopropyl tetradecanoate|Isomyst|Bisomel|Estergel|Tetradecanoic acid, 1-methylethyl ester|Deltyl Extra|propan-2-yl tetradecanoate|Kesscomir",,IPM,{},
WIP_VERIFIED,TEC,77-93-0,6506,Triethyl Citrate,77-93-0,"TRIETHYL CITRATE|77-93-0|Ethyl citrate|Citroflex 2|Eudraflex|Hydragen CAT|Citric acid, triethyl ester|1,2,3-Propanetricarboxylic acid, 2-hydroxy-, triethyl ester|Triaethylcitrat|FEMA No. 3083",,TEC,{},
WIP_VERIFIED,BB,120-51-4,2345,Benzyl Benzoate,120-51-4,"BENZYL BENZOATE|120-51-4|Ascabiol|Benzoic acid, phenylmethyl ester|Benylate|Novoscabin|Scobenol|Benzoic acid, benzyl ester|Ascabin|Scabiozon",,BB,{},
WIP_VERIFIED,Aldehyde C-10,112-31-2,8175,Decanal,112-31-2|112-81-2,Decanal|Decyl aldehyde|112-31-2|Capraldehyde|Caprinaldehyde|Decanaldehyde|Capric aldehyde|1-Decanal|n-Decanal|n-Decyl aldehyde,,Aldehyde C-10 from SimpleScentsDIY,{},
WIP_DISCREPANCY,Aldehyde C-11,112-45-8,8186,Undecanal,112-44-7,UNDECANAL|112-44-7|Undecyl aldehyde|n-Undecanal|Undecanaldehyde|Undecylic aldehyde|1-Undecanal|Hendecanal|Undecylaldehyde|Hendecanaldehyde,WIP CAS 112-45-8 not in PubChem ['112-44-7'],Aldehyde C-11 from SimpleScentsDIY,{},
WIP_DISCREPANCY,Aldehyde C-12,112-54-9,61031,2-Methylundecanal,110-41-8,"2-Methylundecanal|110-41-8|UNDECANAL, 2-METHYL-|Aldehyde M.N.A.|Methylnonylacetaldehyde|Aldehyde C-12|Methyl-n-nonylacetaldehyde|2-Methylhendecanal|Methylnonylacetic aldehyde|Aldehyde C-12 mna",WIP CAS 112-54-9 not in PubChem ['110-41-8'],Aldehyde C-12 from SimpleScentsDIY,{},
WIP_VERIFIED,Aldehyde C-14 Pure,104-67-6,7714,Gamma-undecalactone,104-67-6,"Gamma-undecalactone|104-67-6|Undecan-4-olide|2(3H)-Furanone, 5-heptyldihydro-|5-heptyloxolan-2-one|Persicol|Peach aldehyde|Peach lactone|1,4-Undecanolide|5-Heptyldihydro-2(3H)-furanone",,Aldehyde C-14 Pure from SimpleScentsDIY,{},
WIP_VERIFIED,Aldehyde C-16,77-83-8,6501,Ethyl 3-methyl-3-phenylglycidate,77-83-8|19464-95-0,"77-83-8|Ethyl 3-methyl-3-phenylglycidate|ETHYL METHYLPHENYLGLYCIDATE|Strawberry aldehyde|Aldehyde C-16|EMPG|Oxiranecarboxylic acid, 3-methyl-3-phenyl-, ethyl ester|C-16 aldehyde|Aldehyde C16|Ethyl(methylphenyl)glycidate",,Aldehyde C-16 from SimpleScentsDIY,{},
WIP_VERIFIED,Aldehyde C-18 Pure,104-67-6,7714,Gamma-undecalactone,104-67-6,"Gamma-undecalactone|104-67-6|Undecan-4-olide|2(3H)-Furanone, 5-heptyldihydro-|5-heptyloxolan-2-one|Persicol|Peach aldehyde|Peach lactone|1,4-Undecanolide|5-Heptyldihydro-2(3H)-furanone",,Aldehyde C-18 Pure from SimpleScentsDIY,{},
WIP_VERIFIED,Aldehyde C-8,124-13-0,454,Octanal,9006-52-4|124-13-0,Octanal|124-13-0|Caprylaldehyde|Caprylic aldehyde|n-Octanal|1-octanal|n-Octyl aldehyde|n-Caprylaldehyde|n-Octaldehyde|Octanaldehyde,,Aldehyde C-8 from SimpleScentsDIY,{},
WIP_VERIFIED,Aldehyde C-9,124-19-6,31289,Nonanal,75718-12-6|124-19-6,NONANAL|124-19-6|1-Nonanal|Pelargonaldehyde|Nonanaldehyde|Nonyl aldehyde|n-Nonanal|n-Nonaldehyde|Nonaldehyde|Nonylaldehyde,,Aldehyde C-9 from SimpleScentsDIY,{},
WIP_VERIFIED,Allyl CaproateC6,123-68-2,31266,Allyl caproate,123-68-2,"Allyl hexanoate|123-68-2|Allyl caproate|Hexanoic acid, allyl ester|prop-2-enyl hexanoate|FEMA No. 2032|3VH84A363D|NSC-20962|DTXSID1047653|RefChem:110871",,Allyl Caproate C6 from SimpleScentsDIY,{},
WIP_VERIFIED,Allyl Heptylate,142-19-8,8878,Allyl Heptanoate,142-19-8,"Allyl heptanoate|Allyl heptylate|Allyl enanthate|2-Propenyl heptanoate|Allyl heptoate|Prop-2-en-1-yl heptanoate|Heptanoic acid, 2-propenyl ester|HEPTANOIC ACID, ALLYL ESTER|Allylester kyseliny enanthove|FEMA No. 2031",,Allyl Heptylate from SimpleScentsDIY,{},
WIP_VERIFIED,Ambermor DL,3738-00-9,107166,Cetalox,6790-58-5|3738-00-9,"Cetalox|3738-00-9|Naphtho[2,1-b]furan, dodecahydro-3a,6,6,9a-tetramethyl-|dodecahydro-3a,6,6,9a-tetramethylnaphtho[2,1-b]furan|DTXSID2048119|Dodecahydro-3a,6,6,9a-tetramethylnaphtho(2,1-b)furan|Naphtho(2,1-b)furan, dodecahydro-3a,6,6,9a-tetramethyl-|1,5,5,9-Tetramethyl-13-oxatricyclo (8.3.0.0.(4.9))tridecane|RefChem:417065|DTXCID9028091",,Ambermor DL (Cetalox) 10% in DPG from SimpleScentsDIY,{},
WIP_VERIFIED,Amberwood F,58567-11-6,94111,Formaldehyde cyclododecyl ethyl acetal,58567-11-6,"formaldehyde cyclododecyl ethyl acetal|RefChem:599625|ethoxymethoxy cyclododecane|(Ethoxymethoxy)cyclododecane|58567-11-6|ethoxymethoxycyclododecane|Boisambrene forte|Cyclododecane, (ethoxymethoxy)-|Cyclododecane,(ethoxymethoxy)-|Ethoxycyclododecyloxymethane",,Amberwood F from SimpleScentsDIY,{},
WIP_VERIFIED,Ambrinol,41199-19-3,162452,"1,2,3,4,4a,5,6,7-Octahydro-2,5,5-trimethyl-2-naphthalenol",71832-76-3|41199-19-3,"41199-19-3|1,2,3,4,4a,5,6,7-Octahydro-2,5,5-trimethyl-2-naphthol|1,2,3,4,4a,5,6,7-Octahydro-2,5,5-trimethyl-2-naphthalenol|2-Naphthalenol, 1,2,3,4,4a,5,6,7-octahydro-2,5,5-trimethyl-|DTXSID1052084|RefChem:1051884|DTXCID6030651|255-256-8|2,5,5-trimethyl-1,3,4,4a,6,7-hexahydronaphthalen-2-ol|2,5,5-trimethyl-1,2,3,4,4a,5,6,7-octahydronaphthalen-2-ol",,Ambrinol from SimpleScentsDIY,{},
WIP_DISCREPANCY,Canthoxal,5462-06-06,64813,2-Methyl-3-(p-methoxyphenyl)propanal,5462-06-6,"3-(4-methoxyphenyl)-2-methylpropanal|2-Methyl-3-(p-methoxyphenyl)propanal|2-(p-Anisyl)propanal|2-Anisylpropional|L7QWJ4USPC|p-Methoxyhydratropaldehyde|2-Methyl-3-(4-methoxyphenyl)propionaldehyde|Benzenepropanal, 4-methoxy-.alpha.-methyl-|EINECS 226-749-5|4-Methoxy-alpha-methylbenzenepropanal",WIP CAS 5462-06-06 not in PubChem ['5462-06-6'],Canthoxal from SimpleScentsDIY,{},
WIP_VERIFIED,Cinnamic Aldehyde,104-55-2,637511,Cinnamaldehyde,104-55-2|14371-10-9|57194-69-1,"cinnamaldehyde|104-55-2|Zimtaldehyde|Cinnamal|3-Phenylacrylaldehyde|2-Propenal, 3-phenyl-|3-Phenylpropenal|Phenylacrolein|3-Phenyl-2-propenal|(E)-3-phenylprop-2-enal",,Cinnamic Aldehyde from SimpleScentsDIY,{},
PROPRIETARY_MIXTURE,CIS Jasmone,0488-10-8,,,,,,CIS Jasmone from SimpleScentsDIY,{},
WIP_VERIFIED,Cis-3-hexenyl Isobutyrate,41519-23-7,5352539,"Hexenyl isobutanoate, (3Z)-",41519-23-7|57859-47-9,"cis-3-Hexenyl isobutyrate|41519-23-7|3-Hexenyl isobutanoate|(3Z)-Hex-3-en-1-yl 2-methylpropanoate|3-Hexenyl 2-methypropanoate|ENT 33348|Hexenyl isobutanoate, (3Z)-|beta,gamma-Hexenyl isobutanoate|Propanoic acid, 2-methyl-, (3Z)-3-hexenyl ester|cis-3-Hexenyl iso-butyrate",,Cis-3-hexenyl Isobutyrate from SimpleScentsDIY,{},
WIP_VERIFIED,Citral Nat,5392-40-5,638011,Citral,5392-40-5|141-27-5,"Citral|5392-40-5|geranialdehyde|Lemsyn GB|3,7-Dimethyl-2,6-octadienal|2,6-Octadienal, 3,7-dimethyl-|FEMA Number 2303|NCI-C56348|FEMA No. 2303|3,7-Dimethyl-trans-2,6-octadienal",,Citral Nat from SimpleScentsDIY,{},
WIP_VERIFIED,Citronello 70,106-22-9,8842,Citronellol,106-22-9|26489-01-0,"Citronellol|106-22-9|3,7-Dimethyloct-6-en-1-ol|Cephrol|3,7-DIMETHYL-6-OCTEN-1-OL|6-Octen-1-ol, 3,7-dimethyl-|Elenol|Rodinol|2,3-Dihydrogeraniol|2,6-Dimethyl-2-octen-8-ol",,Citronello 70 from SimpleScentsDIY,{},
WIP_VERIFIED,Coranol,83926-73-2,14434313,4-Cyclohexyl-2-methyl-2-butanol,83926-73-2,"4-cyclohexyl-2-methyl-2-butanol|4-cyclohexyl-2-methylbutan-2-ol|83926-73-2|alpha,alpha-Dimethylcyclohexanepropanol|Cyclohexanepropanol, alpha,alpha-dimethyl-|DTXSID9051402|EC 420-630-3|Cyclohexanepropanol, .alpha.,.alpha.-dimethyl-|RefChem:522326|DTXCID3030004",,Coranol from SimpleScentsDIY,{},
WIP_VERIFIED,Damascone Alpha,24720-09-0,5366077,"(E)-1-(2,6,6-trimethylcyclohex-2-en-1-yl)but-2-en-1-one",24720-09-0|43052-87-5|23726-94-5,"24720-09-0|(E)-1-(2,6,6-trimethylcyclohex-2-en-1-yl)but-2-en-1-one|1-(2,6,6-trimethylcyclohex-2-en-1-yl)but-2-en-1-one|(+/-)-alpha-DAMASCONE|MFCD00673214|1-(2,6,6-TRIMETHYL-CYCLOHEX-2-ENYL)-BUT-2-EN-1-ONE|57549-92-5|(2E)-1-(2,6,6-Trimethyl-2-cyclohexen-1-yl)-2-buten-1-one|(2E)-1-(2,6,6-trimethylcyclohex-2-en-1-yl)but-2-en-1-one|2-Buten-1-one, 1-(2,6,6-trimethyl-2-cyclohexen-1-yl)-, (E)-",,Damascone Alpha from SimpleScentsDIY,{},
WIP_VERIFIED,Damascone Beta,23726-91-2,5374527,beta-DAMASCONE,35044-68-9|23726-91-2|23726-92-3,"beta-Damascone|23726-91-2|Damasione|4-(2,6,6-Trimethylcyclohex-1-enyl)but-2-en-4-one|(2E)-1-(2,6,6-trimethylcyclohex-1-en-1-yl)but-2-en-1-one|DTXSID7051890|J131X1Y3RE|DTXCID50210415|DORINONE|RefChem:1079676",,Damascone Beta from SimpleScentsDIY,{},
WIP_VERIFIED,Damascone Delta,57378-68-4,5365916,Delta-Damascone,71048-82-3|57378-68-4|41436-42-4,"delta-Damascone|8-Damascone|Delta Damascone|57378-68-4|.delta.-Damascone|FEMA No. 3622|1-(2,6,6-Trimethyl-3-cyclohexen-1-yl)-2-buten-1-one|trans-delta-damascone|2-BUTEN-1-ONE, 1-(2,6,6-TRIMETHYL-3-CYCLOHEXEN-1-YL)-|EINECS 275-156-8",,Damascone Delta from SimpleScentsDIY,{},
WIP_VERIFIED,Ethyl 2-methyl butyrate,7452-79-1,24020,Ethyl 2-methylbutyrate,7452-79-1,"Ethyl 2-methylbutyrate|7452-79-1|ETHYL 2-METHYLBUTANOATE|Butanoic acid, 2-methyl-, ethyl ester|Ethyl 2-methyl butyrate|2-Methylbutanoic acid ethyl ester|FEMA No. 2443|UNII-L1T4AB29DS|NSC 1103|L1T4AB29DS",,Ethyl 2-methyl butyrate from SimpleScentsDIY,{},
WIP_VERIFIED,Eugenol Nat,97-53-0,3314,Eugenol,97-53-0,eugenol|97-53-0|4-Allyl-2-methoxyphenol|4-Allylguaiacol|Eugenic acid|Allylguaiacol|Caryophyllic acid|p-Eugenol|2-Methoxy-4-prop-2-enylphenol|p-Allylguaiacol,,Eugenol Nat from SimpleScentsDIY,{},
WIP_VERIFIED,Floropal,5182-36-5,107381,"1,3-Dioxane, 2,4,6-trimethyl-4-phenyl-",5182-36-5,"2,4,6-Trimethyl-4-phenyl-1,3-dioxane|FLOROPAL|5182-36-5|1,3-Dioxane, 2,4,6-trimethyl-4-phenyl-|EINECS 225-963-6|DTXSID7052157|RefChem:414729|DTXCID2030726|225-963-6|Vertacetal",,Floropal from SimpleScentsDIY,{},
PROPRIETARY_MIXTURE,Fragolane,6413.-10-1,,,,,,Fragolane / Fructone B from SimpleScentsDIY,{},
WIP_VERIFIED,Fruitate,80657-64-3,157343,"4,7-Methano-3aH-indene-3a-carboxylic acid, octahydro-, ethyl ester, (3aalpha,4alpha,7alpha,7aalpha)-",80657-64-3,"Ethyl hexahydro-4,7-methanoindane-3a-carboxylate|EC 407-520-0|4,7-Methano-3aH-indene-3a-carboxylic acid, octahydro-, ethyl ester, (3aR,4S,7R,7aR)-rel-|4,7-Methano-3aH-indene-3a-carboxylic acid, octahydro-, ethyl ester, (3aalpha,4alpha,7alpha,7aalpha)-|RefChem:508335|4,7-Methano-3aH-indene-3a-carboxylic acid, octahydro-, ethyl ester, (3a.alpha.,4.alpha.,7.alpha.,7a.alpha.)-|687-614-8|80657-64-3|ethyl (1S,2R,6R,7R)-tricyclo[5.2.1.02,6]decane-2-carboxylate|SCHEMBL1773391",,Fruitate from SimpleScentsDIY,{},
WIP_VERIFIED,Gamma-Octalactone,104-50-7,7704,gamma-Octalactone,104-50-7,"GAMMA-OCTALACTONE|104-50-7|4-Octanolide|5-butyloxolan-2-one|2(3H)-Furanone, 5-butyldihydro-|4-Hydroxyoctanoic acid lactone|5-Butyldihydro-2(3H)-furanone|8-Oxo-5-octanolide|Octanoic acid, gamma lactone|gamma-Butyl-gamma-butyrolactone",,Gamma-Octalactone from SimpleScentsDIY,{},
WIP_VERIFIED,Globanone 50 % in DPG,3100-36-5,534634,Cyclohexadec-8-en-1-one,3100-36-5,cyclohexadec-8-en-1-one|RefChem:547990|8-Cyclohexadecen-1-one|3100-36-5|8-Cyclohexadecenone|(8E)-cyclohexadec-8-en-1-one|SCHEMBL110907|DTXSID0051994|FC159812|Cyclohexadeca-8-enone (Mixture of Isomers),,Globanone 50 % in DPG from SimpleScentsDIY,{},
WIP_VERIFIED,Hedione HC,24851-98-7,1738124,"Methyl dihydrojasmonate, trans-(-)-",2630-39-9|24851-98-7,"2630-39-9|trans-(-)-Hedione|Dihydrojasmonic acid methyl ester|(-)-Methyl dihydrojasmonate|Methyl trans-dihydrojasmonate|(1R,2R)-Methyl dihydrojasmonate|Cyclopentaneacetic acid, 3-oxo-2-pentyl-, methyl ester, (1R,2R)-|XM1C2C5MMN|HEDIONE HC|EINECS 220-112-5",,Hedione HC from SimpleScentsDIY,{},
PROPRIETARY_MIXTURE,Hivernal Neo,300371-33-9,,,,,,Hivernal Neo from SimpleScentsDIY,{},
WIP_VERIFIED,IsoButyl Quinoline,1333-58-0,74005,(Isobutyl)quinoline,1333-58-0|7661-51-0,"(Isobutyl)quinoline|Quinoline, (2-methylpropyl)-|EINECS 215-598-0|RefChem:406549|215-598-0|4-Isobutylquinoline|4-(2-methylpropyl)quinoline|1333-58-0|7661-51-0|Quinoline, 4-(2-methylpropyl)-",,IsoButyl Quinoline from SimpleScentsDIY,{},
WIP_VERIFIED,Jasmolactone,32764-98-0,6438319,8-Decen-5-olide,32764-98-0|75253-68-8,"8-Decen-5-olide|Tetrahydro-6-(3-pentenyl)-2H-pyran-2-one|32764-98-0|EINECS 251-201-7|dec-8-eno-1,5-lactone|5P495PT4PN|EC 251-201-7|2H-Pyran-2-one, tetrahydro-6-(3-penten-1-yl)-|2H-Pyran-2-one, tetrahydro-6-(3-pentenyl)-|RefChem:547999",,Jasmolactone from SimpleScentsDIY,{},
WIP_VERIFIED,Jasmonal H,101-86-0,1550884,alpha-Hexylcinnamaldehyde,101-86-0|165184-98-5,"alpha-Hexylcinnamaldehyde|101-86-0|(2E)-2-benzylideneoctanal|2-Benzylideneoctanal|alpha-Hexylcinnamic aldehyde|alpha-Hexylcinnamyl aldehyde|alpha-Hexyl-beta-phenylacrolein|CHEBI:55365|alpha-n-Hexyl-beta-phenylacrolein|Octanal, 2-(phenylmethylene)-",,Jasmonal H (HCA) from SimpleScentsDIY,{},
WIP_VERIFIED,Lily Flore,285977-85-7,11367306,"(2,5-Dimethyl-2,3-dihydro-1H-inden-2-yl)methanol",285977-85-7,"285977-85-7|2,3-Dihydro-2,5-dimethyl-1H-indene-2-methanol|(2,5-dimethyl-2,3-dihydro-1h-inden-2-yl)methanol|1H-Indene-2-methanol, 2,3-dihydro-2,5-dimethyl-|DTXSID5051367|RefChem:394641|DTXCID6029969|437-760-1|638-731-8|(2,5-Dimethylindan-2-yl)methanol",,Lily Flore (Powder) from SimpleScentsDIY,{},
WIP_VERIFIED,Lily Flore 10 % In DPG,285977-85-7,11367306,"(2,5-Dimethyl-2,3-dihydro-1H-inden-2-yl)methanol",285977-85-7,"285977-85-7|2,3-Dihydro-2,5-dimethyl-1H-indene-2-methanol|(2,5-dimethyl-2,3-dihydro-1h-inden-2-yl)methanol|1H-Indene-2-methanol, 2,3-dihydro-2,5-dimethyl-|DTXSID5051367|RefChem:394641|DTXCID6029969|437-760-1|638-731-8|(2,5-Dimethylindan-2-yl)methanol",,Lily Flore 10 % In DPG from SimpleScentsDIY,{},
WIP_VERIFIED,Linalool,78-70-6,6549,Linalool,78-70-6|22564-99-4,"Linalool|78-70-6|3,7-Dimethylocta-1,6-dien-3-ol|Linalol|LINALYL ALCOHOL|beta-Linalool|3,7-Dimethyl-1,6-octadien-3-ol|allo-Ocimenol|(+-)-Linalool|1,6-Octadien-3-ol, 3,7-dimethyl-",,Linalool from SimpleScentsDIY,{},
WIP_VERIFIED,Majantol,103694-68-4,175948,Majantol,103694-68-4,"103694-68-4|Majantol|Benzenepropanol, beta,beta,3-trimethyl-|7S411YY2VY|RefChem:899824|403-140-4|2,2-Dimethyl-3-(m-tolyl)propan-1-ol|2,2-dimethyl-3-(3-methylphenyl)propan-1-ol|2,2-Dimethyl-3-(3-methylphenyl)propanol|Trimethylbenzenepropanol",,Majantol from SimpleScentsDIY,{},
WIP_VERIFIED,Methyl Ionone Pure,127-51-5,5372174,"3-Methyl-4-(2,6,6-trimethyl-2-cyclohexen-1-yl)-3-buten-2-one",127-51-5|15789-90-9,"3-Methyl-4-(2,6,6-trimethyl-2-cyclohexen-1-yl)-3-buten-2-one|(3E)-3-methyl-4-(2,6,6-trimethylcyclohex-2-en-1-yl)but-3-en-2-one|RefChem:1068240|204-846-3|Alpha-isomethylionone|127-51-5|Cetone alpha|Isomethyl-alpha-ionone|alpha-iso-Methylionone|Isonaline 70",,Methyl Ionone Pure from SimpleScentsDIY,{},
WIP_VERIFIED,"Methyl Pamplemousse, Amarocite",67674-46-8,106766,"6,6-Dimethoxy-2,5,5-trimethylhex-2-ene",67674-46-8,"67674-46-8|6,6-Dimethoxy-2,5,5-trimethylhex-2-ene|METHYL PAMPLEMOUSSE|1,1-Dimethoxy-2,2,5-trimethylhex-4-ene|2-Hexene, 6,6-dimethoxy-2,5,5-trimethyl-|EINECS 266-885-2|DTXSID2052366|RefChem:538520|DTXCID2030938|266-885-2",,"Methyl Pamplemousse, Amarocite from SimpleScentsDIY",{},
WIP_VERIFIED,Natural B-Pinene,127-91-3,14896,Beta-Pinene,18172-67-3|127-91-3,"BETA-PINENE|127-91-3|Nopinene|2(10)-Pinene|Terbenthene|Terebenthene|6,6-Dimethyl-2-methylenebicyclo[3.1.1]heptane|6,6-dimethyl-2-methylidenebicyclo[3.1.1]heptane|Pin-2(10)-ene|Pseudopinen",,Natural B-Pinene from SimpleScentsDIY,{},
PROPRIETARY_MIXTURE,Oakmoss IFRA,90028-68-5,,,,,,Oakmoss IFRA 10% in DPG from SimpleScentsDIY,{},
WIP_VERIFIED,Oranger Crystals 10 % in DPG,93-08-3,7122,2-Acetylnaphthalene,93-08-3|1333-52-4,"2-Acetylnaphthalene|2-Acetonaphthone|93-08-3|2'-Acetonaphthone|1-(naphthalen-2-yl)ethanone|Ethanone, 1-(2-naphthalenyl)-|Methyl 2-naphthyl ketone|1-(2-Naphthyl)ethanone|2-Naphthyl methyl ketone|Acetonaphthone",,Oranger Crystals 10 % in DPG from SimpleScentsDIY,{},
WIP_VERIFIED,Para-Cresol,106-44-5,2879,P-Cresol,1319-77-3|106-44-5|2876-02-0,"P-CRESOL|4-Methylphenol|106-44-5|4-Cresol|4-Hydroxytoluene|p-Methylphenol|p-Hydroxytoluene|p-Tolyl alcohol|Phenol, 4-methyl-|para-Cresol",,Para-Cresol from SimpleScentsDIY,{},
WIP_VERIFIED,Peranat,90397-38-9,163588,"Pentanoic acid, 2-methyl-, 2-methylpentyl ester",90397-38-9,"2-Methylpentyl 2-methylpentanoate|90397-38-9|EINECS 291-418-4|Pentanoic acid, 2-methyl-, 2-methylpentyl ester|DTXSID2052605|RefChem:171440|DTXCID6031178|2-Methylpentyl 2-methylvalerate|pear valerate|SCHEMBL2012383",,Peranat from SimpleScentsDIY,{},
NATURAL_MIXTURE,Siam Benzoin Resinoid 50 % In DPG,84012-39-5,,,,,,Siam Benzoin Resinoid 50 % In DPG from SimpleScentsDIY,{},
WIP_VERIFIED,Trifernal,16251-77-7,85979,3-Phenylbutanal,16251-77-7,"3-Phenylbutyraldehyde|3-Phenylbutanal|16251-77-7|Benzenepropanal, beta-methyl-|1B5MVX2XGA|DTXSID4047098|J82.489E|DTXCID2027098|RefChem:504931|240-362-9",,Trifernal from SimpleScentsDIY,{},
WIP_VERIFIED,Vertofix,32388-55-9,16220111,Acetylcedrene,32388-55-9,Acetyl cedrene|32388-55-9|Acetylcedrene|Lixetone|Vertofix|Acetyl-alpha-cedrene|DTXSID4029353|X6I62755AK|DTXCID209353|RefChem:109052,,Vertofix from SimpleScentsDIY,{},
WIP_VERIFIED,Vetikon,7403-42-1,81898,Vetikon,7403-42-1,"4-Methyl-4-phenylpentan-2-one|7403-42-1|4-Methyl-4-phenyl-2-pentanone|2-Pentanone, 4-methyl-4-phenyl-|4-Phenyl-4-methylpentan-2-one|Vetikon|Methyl 2-methyl-2-phenylpropyl ketone|YS5PDT7XIC|NSC 54368|4-phenyl-4-methyl-2-pentanone",,Vetikon from SimpleScentsDIY,{},
WIP_VERIFIED,Viridine,101-48-4,60995,Phenyl acetaldehyde dimethyl acetal,101-48-4,"101-48-4|(2,2-Dimethoxyethyl)benzene|Phenylacetaldehyde dimethyl acetal|Viridine|Hyscylene P|1,1-Dimethoxy-2-phenylethane|BENZENE, (2,2-DIMETHOXYETHYL)-|PADMA|2,2-Dimethoxy-1-phenylethane|Phenacetaldehyde dimethyl acetal",,Viridine (PADMA) from SimpleScentsDIY,{},
WIP_VERIFIED,MMB (3-methoxy-3-methyl-1-butanol) 1 kg,56539-66-3,62118,Methoxymethylbutanol,56539-66-3,"3-Methoxy-3-methylbutan-1-ol|56539-66-3|3-Methoxy-3-methyl-1-butanol|3-Methyl-3-methoxybutanol|3-Methoxy-3-methylbutanol|METHOXYMETHYLBUTANOL|1-Butanol, 3-methoxy-3-methyl-|Solfit S 110|3-methyl-3-methoxy-1-butanol|3-Methxoy-3-methylbutan-1-ol",,MMB (3-methoxy-3-methyl-1-butanol) 1 kg  from SimpleScentsDIY,{},
WIP_VERIFIED,Raspberry Ketone,,21648,4-(4'-Hydroxyphenyl)-2-butanone,5471-51-2,"5471-51-2|Raspberry ketone|4-(4-Hydroxyphenyl)butan-2-one|Frambinone|Oxyphenalon|4-(p-Hydroxyphenyl)-2-butanone|Rasketone|2-Butanone, 4-(4-hydroxyphenyl)-|4-Hydroxybenzylacetone|p-Hydroxybenzyl acetone",,Raspberry Ketone from PerfumersWorld,"{'PerfumersWorld': '5471-51-2', 'MySkinRecipes': '5471-51-2'}",https://www.perfumersworld.com/view.php?pro_id=1FL00392
WIP_VERIFIED,Ambroxan,,10857465,(-)-Ambroxide,100679-85-4|6790-58-5,"(-)-Ambroxide|6790-58-5|Ambroxide|Ambroxan|(-)-ambrox|Ambroxide, (-)-|(3aR,5aS,9aS,9bR)-3a,6,6,9a-tetramethyldodecahydronaphtho[2,1-b]furan|DTXSID0047113|K60YJF1E9A|AMBERMOX",,Ambroxan from PerfumersWorld,"{'PerfumersWorld': '6790-58-5', 'MySkinRecipes': '6790-58-5'}",https://www.perfumersworld.com/view.php?pro_id=1UW00036
SUPPLIER_MISMATCH,Coumarin,,323,Coumarin,91-64-5,"coumarin|91-64-5|2H-Chromen-2-one|2H-1-Benzopyran-2-one|cumarin|1,2-Benzopyrone|chromen-2-one|Tonka bean camphor|Rattex|Coumarinic anhydride",Supplier PerfumersWorld CAS 8008-93-3 error,Coumarin from PerfumersWorld,"{'PerfumersWorld': '8008-93-3', 'MySkinRecipes': '91-64-5'}",https://www.perfumersworld.com/view.php?pro_id=1VD00129
WIP_VERIFIED,Ethyl Maltol,,21059,Ethyl Maltol,4940-11-8,"Ethyl maltol|2-Ethyl-3-hydroxy-4H-pyran-4-one|4940-11-8|2-Ethyl-3-hydroxy-4-pyrone|Ethylmaltol|Veltol plus|3-Hydroxy-2-ethyl-4-pyrone|2-ethyl-3-hydroxypyran-4-one|2-Ethylpyromeconic acid|4H-PYRAN-4-ONE, 2-ETHYL-3-HYDROXY-",,Ethyl Maltol from PerfumersWorld,"{'PerfumersWorld': '4940-11-8', 'MySkinRecipes': '4940-11-8'}",https://www.perfumersworld.com/view.php?pro_id=1VF00175
WIP_VERIFIED,Ethyl Vanillin,,8467,Ethylvanillin,121-32-4,3-Ethoxy-4-hydroxybenzaldehyde|ETHYL VANILLIN|Ethylvanillin|121-32-4|Bourbonal|Ethylprotal|Vanillal|Ethavan|Ethovan|Vanirom,,Ethyl Vanillin from PerfumersWorld,"{'PerfumersWorld': '121-32-4', 'MySkinRecipes': '121-32-4'}",https://www.perfumersworld.com/view.php?pro_id=1VV00179
WIP_VERIFIED,Calone,,120101,Methyl benzodioxepinone,28940-11-6,"28940-11-6|Watermelon ketone|methyl benzodioxepinone|2H-1,5-Benzodioxepin-3(4H)-one, 7-methyl-|7-Methyl-3,4-dihydro-2H-1,5-benzodioxepin-3-one|7-Methyl-2H-1,5-benzodioxepin-3(4H)-one|Calone 1951|DTXSID0047165|EINECS 249-320-4|UNII-0NQ136C313",,Calone from PerfumersWorld,"{'PerfumersWorld': '28940-11-6', 'MySkinRecipes': '28940-11-6'}",https://www.perfumersworld.com/view.php?pro_id=1YG00077
WIP_VERIFIED,2-Acetyl Pyrazine,,30914,Acetylpyrazine,22047-25-2,"Acetylpyrazine|2-ACETYLPYRAZINE|22047-25-2|Ethanone, 1-pyrazinyl-|1-(pyrazin-2-yl)ethan-1-one|1-pyrazin-2-ylethanone|1-Pyrazinylethanone|Pyrazin-1-ylethan-1-one|Ethanone, l-pyrazinyl-|FEMA No. 3126",,2-Acetyl Pyrazine from PerfumersWorld,{'PerfumersWorld': '22047-25-2'},https://www.perfumersworld.com/view.php?pro_id=1EN13109
WIP_VERIFIED,Ambrocenide,,66731260,"4H-4a,9-Methanoazuleno[5,6-d]-1,3-dioxole, octahydro-2,2,5,8,8,9a-hexamethyl-, (4aR,5R,7aS,9R)-",211299-54-6,"4H-4a,9-Methanoazuleno[5,6-d]-1,3-dioxole, octahydro-2,2,5,8,8,9a-hexamethyl-, (4aR,5R,7aS,9R)-|DTXSID50889120|AMbrocenide|4H-4a,9-Methanoazuleno(5,6-d)-1,3-dioxole, octahydro-2,2,5,8,8,9a-hexamethyl-, (4aR,5R,7aS,9R)-|RefChem:527351|DTXCID801028388|211299-54-6|(1R,8R,10S,13R)-5,5,7,9,9,13-hexamethyl-4,6-dioxatetracyclo[6.5.1.01,10.03,7]tetradecane|SCHEMBL580072|YJVLDTISLGRQTJ-KPFXUCSBSA-N",,Ambrocenide from PerfumersWorld,{'PerfumersWorld': '211299-54-6'},https://www.perfumersworld.com/view.php?pro_id=1WU21632
PROPRIETARY_MIXTURE,7-Step Custom Creation 10cc Set-Travelling Size Kit,,,,,,,7-Step Custom Creation 10cc Set-Travelling Size Kit from PerfumersWorld,{'PerfumersWorld': ''},https://www.perfumersworld.com/view.php?pro_id=ISNIFF10
PROPRIETARY_MIXTURE,Alpha-Male Concentrate,,,,,,,Alpha-Male Concentrate from PerfumersWorld,{'PerfumersWorld': ''},https://www.perfumersworld.com/view.php?pro_id=ALP06024
PROPRIETARY_MIXTURE,Alpha-Male Factor,,,,,,,Alpha-Male Factor from PerfumersWorld,{'PerfumersWorld': ''},https://www.perfumersworld.com/view.php?pro_id=ALP06025
PROPRIETARY_MIXTURE,Amber Glass Bottles 12ml,,,,,,,Amber Glass Bottles 12ml from PerfumersWorld,{'PerfumersWorld': ''},https://www.perfumersworld.com/view.php?pro_id=BOTAM12M
PROPRIETARY_MIXTURE,Anti-dandruff Shampoo  - unscented,,,,,,,Anti-dandruff Shampoo Base - unscented from PerfumersWorld,{'PerfumersWorld': ''},https://www.perfumersworld.com/view.php?pro_id=SHAMPADD
PROPRIETARY_MIXTURE,Bangkok 1-week Foundation Plus Workshop,,,,,,,Bangkok 1-week Foundation Plus Workshop(English) from PerfumersWorld,{'PerfumersWorld': ''},https://www.perfumersworld.com/view.php?pro_id=WSBKFOU1
PROPRIETARY_MIXTURE,Body Lotion  - unscented,,,,,,,Body Lotion Base - unscented from PerfumersWorld,{'PerfumersWorld': ''},https://www.perfumersworld.com/view.php?pro_id=BODYLOTN
PROPRIETARY_MIXTURE,Bonding Concentrate,,,,,,,Bonding Concentrate from PerfumersWorld,{'PerfumersWorld': ''},https://www.perfumersworld.com/view.php?pro_id=BON06020
PROPRIETARY_MIXTURE,Bonding Factor,,,,,,,Bonding Factor from PerfumersWorld,{'PerfumersWorld': ''},https://www.perfumersworld.com/view.php?pro_id=BON06021
PROPRIETARY_MIXTURE,Colour Kit,,,,,,,Colour Kit from PerfumersWorld,{'PerfumersWorld': ''},https://www.perfumersworld.com/view.php?pro_id=CLKIT3
PROPRIETARY_MIXTURE,Consultant Perfumer Service,,,,,,,Consultant Perfumer Service from PerfumersWorld,{'PerfumersWorld': ''},https://www.perfumersworld.com/view.php?pro_id=CONS12MT
PROPRIETARY_MIXTURE,Custom Signature Perfume Creation,,,,,,,Custom Signature Perfume Creation from PerfumersWorld,{'PerfumersWorld': ''},https://www.perfumersworld.com/view.php?pro_id=CUSTOMPC
PROPRIETARY_MIXTURE,Dihydro Linalool,,,,,,,Dihydro Linalool from PerfumersWorld,{'PerfumersWorld': ''},https://www.perfumersworld.com/view.php?pro_id=3LC03808
PROPRIETARY_MIXTURE,Custom Creation 10cc Travelling Set,,,,,,,F-TEC Custom Creation 10cc Travelling Set from PerfumersWorld,{'PerfumersWorld': ''},https://www.perfumersworld.com/view.php?pro_id=F-TEC-10
PROPRIETARY_MIXTURE,Female Concentrate,,,,,,,Female Concentrate from PerfumersWorld,{'PerfumersWorld': ''},https://www.perfumersworld.com/view.php?pro_id=FEM06032
PROPRIETARY_MIXTURE,Female Factor,,,,,,,Female Factor from PerfumersWorld,{'PerfumersWorld': ''},https://www.perfumersworld.com/view.php?pro_id=FEM06033
PROPRIETARY_MIXTURE,FOUNDATION COURSE ONLINE,,,,,,,FOUNDATION COURSE ONLINE from PerfumersWorld,{'PerfumersWorld': ''},https://www.perfumersworld.com/view.php?pro_id=FCOLINEF
PROPRIETARY_MIXTURE,GCMS Analysis and Interpretation,,,,,,,GCMS Analysis and Interpretation from PerfumersWorld,{'PerfumersWorld': ''},https://www.perfumersworld.com/view.php?pro_id=GCMS2RUN
NATURAL_MIXTURE,Green Pine Absolute,,,,,,,Green Pine Absolute 10% in DPG from PerfumersWorld,{'PerfumersWorld': '8000-26-8'},https://www.perfumersworld.com/view.php?pro_id=5KG23683
PROPRIETARY_MIXTURE,Hair Conditioner  - unscented,,,,,,,Hair Conditioner Base - unscented from PerfumersWorld,{'PerfumersWorld': ''},https://www.perfumersworld.com/view.php?pro_id=HAIRCOND
PROPRIETARY_MIXTURE,Hand Lotion  - unscented,,,,,,,Hand Lotion Base - unscented from PerfumersWorld,{'PerfumersWorld': ''},https://www.perfumersworld.com/view.php?pro_id=HANDLOTN
NATURAL_MIXTURE,Lab Essentials Starter Set,,,,,,,Lab Essentials Starter Set from PerfumersWorld,{'PerfumersWorld': ''},https://www.perfumersworld.com/view.php?pro_id=LABKIT01
PROPRIETARY_MIXTURE,Male Concentrate,,,,,,,Male Concentrate from PerfumersWorld,{'PerfumersWorld': ''},https://www.perfumersworld.com/view.php?pro_id=MAL06022
PROPRIETARY_MIXTURE,Male Factor,,,,,,,Male Factor from PerfumersWorld,{'PerfumersWorld': ''},https://www.perfumersworld.com/view.php?pro_id=MAL06023
PROPRIETARY_MIXTURE,Mild Baby Shampoo  - unscented,,,,,,,Mild Baby Shampoo Base - unscented from PerfumersWorld,{'PerfumersWorld': ''},https://www.perfumersworld.com/view.php?pro_id=SHAMPBBY
PROPRIETARY_MIXTURE,Mini Digital Scale,,,,,,,Mini Digital Scale from PerfumersWorld,{'PerfumersWorld': ''},https://www.perfumersworld.com/view.php?pro_id=MINISCAL
PROPRIETARY_MIXTURE,New Zealand 1-week Foundation Plus Workshop,,,,,,,New Zealand 1-week Foundation Plus Workshop from PerfumersWorld,{'PerfumersWorld': ''},https://www.perfumersworld.com/view.php?pro_id=WSNZ1806
WIP_VERIFIED,Phenyl acetaldehyde,,998,Phenylacetaldehyde,122-78-1,phenylacetaldehyde|2-phenylacetaldehyde|122-78-1|Benzeneacetaldehyde|2-Phenylethanal|alpha-Tolualdehyde|Phenylethanal|Phenylacetic aldehyde|alpha-Toluic aldehyde|Oxophenylethane,,Phenyl acetaldehyde 10% in DPG from PerfumersWorld,{'PerfumersWorld': '122-78-1'},https://www.perfumersworld.com/view.php?pro_id=5GN10163
PROPRIETARY_MIXTURE,Professional 14cm Smelling Strips,,,,,,,Professional 14cm Smelling Strips from PerfumersWorld,{'PerfumersWorld': ''},https://www.perfumersworld.com/view.php?pro_id=STRIP14C
PROPRIETARY_MIXTURE,Reproduce my Perfume Sample,,,,,,,Reproduce my Perfume Sample from GCMS from PerfumersWorld,{'PerfumersWorld': ''},https://www.perfumersworld.com/view.php?pro_id=GCMSCOPY
WIP_VERIFIED,Rhodinol Ex-Natural,,81263,Rhodinol,6812-78-8,"Rhodinol|6812-78-8|(-)-Rhodinol|(-)-alpha-citronellol|FEMA No. 2980|7-Octen-1-ol, 3,7-dimethyl-, (3S)-|1V437W60X9|(S)-ALPHA-CITRONELLOL|(S)-3,7-DIMETHYL-7-OCTENOL|DTXCID9027233",,Rhodinol Ex-Natural from PerfumersWorld,{'PerfumersWorld': '6812-78-8'},https://www.perfumersworld.com/view.php?pro_id=7RB23711
NATURAL_MIXTURE,Sample Extraction for GCMS Analysis,,,,,,,Sample Extraction for GCMS Analysis from PerfumersWorld,{'PerfumersWorld': ''},https://www.perfumersworld.com/view.php?pro_id=GCMSEXTR
PROPRIETARY_MIXTURE,Shampoo  for Dry Hair - unscented,,,,,,,Shampoo Base for Dry Hair - unscented from PerfumersWorld,{'PerfumersWorld': ''},https://www.perfumersworld.com/view.php?pro_id=SHAMPDRY
PROPRIETARY_MIXTURE,Shampoo  for Normal Hair,,,,,,,Shampoo Base for Normal Hair (unscented) from PerfumersWorld,{'PerfumersWorld': ''},https://www.perfumersworld.com/view.php?pro_id=SHAMPNOR
PROPRIETARY_MIXTURE,Shower Gel,,150736,3-O-Ethylascorbic acid,86404-04-8,86404-04-8|3-O-Ethylascorbic acid|3-o-ethyl ascorbic acid|ethyl ascorbic acid|Vitamin C ethyl|6MW60CB71P|ACTIVITA C|CORUM 9515|DTXSID8020595|Whitening serum,,Shower Gel Base (unscented) from PerfumersWorld,{'PerfumersWorld': ''},https://www.perfumersworld.com/view.php?pro_id=SHWERGEL
PROPRIETARY_MIXTURE,Soap Clear Translucent Glycerine - unscented,,,,,,,Soap Clear Translucent Glycerine - unscented from PerfumersWorld,{'PerfumersWorld': ''},https://www.perfumersworld.com/view.php?pro_id=SOAPCLER
PROPRIETARY_MIXTURE,Soap White Glycerine - unscented,,,,,,,Soap White Glycerine - unscented from PerfumersWorld,{'PerfumersWorld': ''},https://www.perfumersworld.com/view.php?pro_id=SOAPWHIT
PROPRIETARY_MIXTURE,The Aromatherapy and Natural Perfumery Training Kit,,,,,,,The Aromatherapy and Natural Perfumery Training Kit from PerfumersWorld,{'PerfumersWorld': ''},https://www.perfumersworld.com/view.php?pro_id=AROMAKIT
PROPRIETARY_MIXTURE,Truffle Concentrate,,,,,,,Truffle Concentrate from PerfumersWorld,{'PerfumersWorld': ''},https://www.perfumersworld.com/view.php?pro_id=TRU06028
PROPRIETARY_MIXTURE,Truffle Factor,,,,,,,Truffle Factor from PerfumersWorld,{'PerfumersWorld': ''},https://www.perfumersworld.com/view.php?pro_id=TRU06029
PROPRIETARY_MIXTURE,Ultra-Feminine Concentrate,,,,,,,Ultra-Feminine Concentrate from PerfumersWorld,{'PerfumersWorld': ''},https://www.perfumersworld.com/view.php?pro_id=ULT06030
PROPRIETARY_MIXTURE,Ultra-Feminine Factor,,,,,,,Ultra-Feminine Factor from PerfumersWorld,{'PerfumersWorld': ''},https://www.perfumersworld.com/view.php?pro_id=ULT06031
PROPRIETARY_MIXTURE,Unisex Concentrate,,,,,,,Unisex Concentrate from PerfumersWorld,{'PerfumersWorld': ''},https://www.perfumersworld.com/view.php?pro_id=UNI06026
PROPRIETARY_MIXTURE,Unisex Factor,,,,,,,Unisex Factor from PerfumersWorld,{'PerfumersWorld': ''},https://www.perfumersworld.com/view.php?pro_id=UNI06027
WIP_VERIFIED,Ethyl Anthranilate,,6877,Ethyl 2-aminobenzoate,87-25-2,"ETHYL ANTHRANILATE|Ethyl 2-aminobenzoate|87-25-2|Ethyl o-aminobenzoate|2-Aminobenzoic acid ethyl ester|Anthranilic acid, ethyl ester|2-Carboethoxyaniline|o-(Ethoxycarbonyl)aniline|Benzoic acid, o-amino-, ethyl ester|Benzoic acid, 2-amino-, ethyl ester",,Ethyl Anthranilate (FEMA 2421),{'MySkinRecipes': '87-25-2'},https://www.myskinrecipes.com/shop/th/ungrouped/3971-ethyl-anthranilatefema-2421.html
WIP_VERIFIED,Longifolene,,1796220,Longifolene,475-20-7,"(+)-Longifolene|Junipene|475-20-7|LONGIFOLENE|Kuromatsuene|Kuromatsuen|Longifolen|Junipen|(+)-Longifolen|(1S,3aR,4S,8aS)-4,8,8-trimethyl-9-methylenedecahydro-1,4-methanoazulene",,Longifolene,{'MySkinRecipes': '475-20-7'},https://www.myskinrecipes.com/shop/th/wood-ไม้-เปลือกไม้/2841-longifolene.html
WIP_VERIFIED,Para Cresyl Phenyl Acetate,,60997,p-CRESYL PHENYLACETATE,101-94-0,"p-Tolyl phenylacetate|101-94-0|p-Cresyl phenylacetate|BENZENEACETIC ACID, 4-METHYLPHENYL ESTER|Phenylacetic acid, p-tolyl ester|Acetic acid, phenyl-, p-tolyl ester|4-methylphenyl 2-phenylacetate|4-Methylphenyl benzeneacetate|FEMA No. 3077|Cresyl phenylacetate, p-",,Para Cresyl Phenyl Acetate (FEMA 3077),{'MySkinRecipes': '101-94-0'},https://www.myskinrecipes.com/shop/th/animal-สัตว์/2806-para-cresyl-phenyl-acetate-fema-3077.html
DATA_GAP,Rum Ether Pyroligneous Acids Ethyl Esters,,91001317,Rum ether,8030-89-5,RUM ETHER|SCHEMBL27552615|SCHEMBL27987357|JKALIJGJDGORBL-UHFFFAOYSA-N,,Rum Ether Pyroligneous Acids Ethyl Esters,{'MySkinRecipes': '8030-89-5'},https://www.myskinrecipes.com/shop/th/tar-ควัน/2805-rum-ether-pyroligneous-acids-ethyl-esters.html
PROPRIETARY_MIXTURE,Para Acetanisole,,7814,P-Phenylenediamine,106-50-3,"p-Phenylenediamine|106-50-3|1,4-BENZENEDIAMINE|1,4-Diaminobenzene|1,4-Phenylenediamine|4-Aminoaniline|para-phenylenediamine|p-Aminoaniline|p-Diaminobenzene|Orsin",,Para Acetanisole,{'MySkinRecipes': ''},https://www.myskinrecipes.com/shop/th/spice-เผ็ดร้อน/2783-para-acetanisole.html
WIP_VERIFIED,Methyl Phenyl Acetate,,7559,Methyl phenylacetate,101-41-7,"METHYL PHENYLACETATE|101-41-7|Methyl 2-phenylacetate|Benzeneacetic acid, methyl ester|Methyl benzeneacetate|Phenylacetic Acid Methyl Ester|Methyl alpha-toluate|Methyl phenylethanoate|Methyl benzeneethanoate|Phenylacetic acid, methyl ester",,Methyl Phenyl Acetate,{'MySkinRecipes': '101-41-7'},https://www.myskinrecipes.com/shop/th/phenolic-ยา/2730-methyl-phenyl-acetate.html
WIP_VERIFIED,p-Methyl Acetophenone,,8500,p-METHYLACETOPHENONE,122-00-9,"4'-Methylacetophenone|122-00-9|p-Methylacetophenone|Melilotal|4-METHYLACETOPHENONE|p-Methyl acetophenone|Ethanone, 1-(4-methylphenyl)-|Acetophenone, 4'-methyl-|1-(4-Methylphenyl)ethan-1-one|4-Methylphenyl methyl ketone",,p-Methyl Acetophenone,{'MySkinRecipes': '122-00-9'},https://www.myskinrecipes.com/shop/th/narcotic-ยาเสพติด/2720-para-methyl-acetophenone.html
WIP_VERIFIED,Floral Pyranol,,3017432,Tetrahydro-4-methyl-2-(2-methylpropyl)-2H-pyran-4-ol,63500-71-0,"63500-71-0|2H-Pyran-4-ol, tetrahydro-4-methyl-2-(2-methylpropyl)-|2-Isobutyl-4-methyltetrahydropyran-4-ol|FLOROSA|VK5ZHH2T3F|DTXSID2052318|RefChem:897132|DTXCID3030890|Tetrahydro-4-methyl-2-(2-methylpropyl)-2H-pyran-4-ol|405-040-6",,Floral Pyranol,{'MySkinRecipes': '63500-71-0'},https://www.myskinrecipes.com/shop/th/lily-of-the-valley/2705-floral-pyranol.html
PROPRIETARY_MIXTURE,Beta Pinene,,,,,,,Beta Pinene (FEMA 2903),{'MySkinRecipes': ''},https://www.myskinrecipes.com/shop/th/konifer-ต้นสน/2676-beta-pinene-fema-2903.html
SUPPLIER_MISMATCH,Alpha Hexyl Cinnamaldehyde,,14647596,"alpha-Ethyl-1,3-benzodioxole-5-methanamine",1241677-25-7|127292-42-6,"127292-42-6|alpha-Ethyl-1,3-benzodioxole-5-methanamine|RefChem:1076499|alpha|1-(2H-1,3-Benzodioxol-5-yl)propan-1-amine|AC10C1L8VO|1-(1,3-BENZODIOXOL-5-YL)PROPAN-1-AMINE|(1-(Benzodioxol-5-yl)propyl)amine|UNII-AC10C1L8VO|1,3-Benzodioxole-5-methanamine, alpha-ethyl-",Supplier MySkinRecipes CAS 99-86-5 error,Alpha Hexyl Cinnamaldehyde (FEMA 2569),{'MySkinRecipes': '99-86-5'},https://www.myskinrecipes.com/shop/th/jasmine-มะลิ/2663-alpha-hexyl-cinnamaldehyde-fema-2569.html
WIP_VERIFIED,Gamma Valerolactone,,16821,Gamma-Dodecalactone,2305-05-7|57084-18-1,"gamma-Dodecalactone|2305-05-7|4-Dodecanolide|5-octyloxolan-2-one|2(3H)-Furanone, dihydro-5-octyl-|4-Hydroxydodecanoic acid lactone|Dodecan-4-olide|Dihydro-5-octyl-2(3H)-furanone|FEMA No. 2400|DTXSID7047190",,Gamma Valerolactone (FEMA 3103),{'MySkinRecipes': '2305-05-7'},https://www.myskinrecipes.com/shop/th/herb-สมุนไพร/2650-gamma-valerolactone-fema-3103.html
WIP_VERIFIED,2-Methyl Pyrazine,,7976,2-Methylpyrazine,109-08-0,"2-METHYLPYRAZINE|109-08-0|Methylpyrazine|Pyrazine, methyl-|Pyrazine, 2-methyl-|2-Methyl-1,4-diazine|2-METHYL PYRAZINE|2-methyl-pyrazine|FEMA No. 3309|methyl pyrazine",,2-Methyl Pyrazine (FEMA 3309),{'MySkinRecipes': '109-08-0'},https://www.myskinrecipes.com/shop/th/edible-อาหาร/2520-2-methyl-pyrazine-fema-3309.html
WIP_VERIFIED,Gamma Octalactone,,7704,gamma-Octalactone,104-50-7,"GAMMA-OCTALACTONE|104-50-7|4-Octanolide|5-butyloxolan-2-one|4-Hydroxyoctanoic acid lactone|2(3H)-Furanone, 5-butyldihydro-|5-Butyldihydro-2(3H)-furanone|8-Oxo-5-octanolide|Octanoic acid, gamma lactone|gamma-Butyl-gamma-butyrolactone",,Gamma Octalactone (FEMA 2796),{'MySkinRecipes': '104-50-7'},https://www.myskinrecipes.com/shop/th/dairy-นม-เนย/2503-gamma-octalactone-fema-2796.html
WIP_VERIFIED,Anisyl Acetate,,7695,4-Methoxybenzyl acetate,104-21-2|1331-83-5,"4-Methoxybenzyl acetate|Anisyl acetate|104-21-2|(4-methoxyphenyl)methyl acetate|Benzyl alcohol, p-methoxy-, acetate|Benzenemethanol, 4-methoxy-, acetate|FEMA No. 2098|DTXSID1044770|2GEC7KBO31|NSC-46102",,Anisyl Acetate (FEMA 2098),{'MySkinRecipes': '104-21-2'},https://www.myskinrecipes.com/shop/th/aldehyde-ไขมัน/2425-anisyl-acetate-fema-2098.html
NATURAL_MIXTURE,Virginia Tobacco Absolute,,,,,,,Virginia Tobacco Absolute,{'MySkinRecipes': ''},https://www.myskinrecipes.com/shop/th/tar-ควัน/5846-virginia-tobacco-absolute.html
WIP_VERIFIED,Isobutyraldehyde,,6561,Isobutyraldehyde,78-84-2,"ISOBUTYRALDEHYDE|2-Methylpropanal|78-84-2|Isobutanal|Isobutylaldehyde|2-Methylpropionaldehyde|Propanal, 2-methyl-|Isobutyric aldehyde|Methylpropanal|Valine aldehyde",,Isobutyraldehyde (FEMA 2220),{'MySkinRecipes': '78-84-2'},https://www.myskinrecipes.com/shop/th/ungrouped/3894-isobutyraldehydefema-2220.html
DATA_GAP,Bacdanol (Sandalrome,,,,,,,Bacdanol (Sandalrome/Sandenol 208),{'MySkinRecipes': '28219-61-6'},https://www.myskinrecipes.com/shop/th/wood-ไม้-เปลือกไม้/2842-sandalrome-bacdanol-sandenol-208.html
WIP_VERIFIED,Propenyl Guaiethol,,5354280,Propenyl Guaethol,63477-41-8|94-86-0,Vanitrope|94-86-0|Propenylguaethol|2-Ethoxy-5-(1-propenyl)phenol|Isosafroeugenol|Propenyl guaethol|2-Ethoxy-5-propenylphenol|6-Ethoxy-m-anol|Hydroxy methyl anethol|5-propenylguaethol,,Propenyl Guaiethol (Vaniatrope),{'MySkinRecipes': '94-86-0'},https://www.myskinrecipes.com/shop/th/vanilla-วานิลลา/2820-propenyl-guaethol-vaniatrope.html
WIP_VERIFIED,Eugenol,,3314,Eugenol,97-53-0,eugenol|97-53-0|4-Allyl-2-methoxyphenol|4-Allylguaiacol|Eugenic acid|Allylguaiacol|Caryophyllic acid|p-Eugenol|2-Methoxy-4-prop-2-enylphenol|p-Allylguaiacol,,Eugenol (FEMA 2467),{'MySkinRecipes': '97-53-0'},https://www.myskinrecipes.com/shop/th/spice-เผ็ดร้อน/2784-eugenol-fema-2467.html
WIP_VERIFIED,Phenethyl Propionate,,31225,2-Phenylethyl propionate,122-70-3,"2-Phenylethyl propionate|122-70-3|Phenethyl propionate|2-Phenylethyl propanoate|Propanoic acid, 2-phenylethyl ester|Phenylethyl propionate|Caswell No. 655D|FEMA No. 2867|NSC-404457|phenyl ethyl propionate",,Phenethyl Propionate (FEMA 2867),{'MySkinRecipes': '122-70-3'},https://www.myskinrecipes.com/shop/th/rose-กุหลาบ/2757-phenethyl-propionate-fema-2867.html
WIP_VERIFIED,Phenethyl Salicylate,,62332,Phenethyl salicylate,87-22-9,"Phenethyl salicylate|87-22-9|2-Phenylethyl 2-hydroxybenzoate|Phenylethyl salicylate|2-Phenylethyl salicylate|BENZOIC ACID, 2-HYDROXY-, 2-PHENYLETHYL ESTER|FEMA No. 2868|6LDP0U8UB0|NSC-72035|DTXSID0052592",,Phenethyl Salicylate,{'MySkinRecipes': '87-22-9'},https://www.myskinrecipes.com/shop/th/frankincense-กำยาน/2740-phenethyl-salicylate.html
WIP_VERIFIED,p-Methyl Anisole,,7731,4-Methylanisole,104-93-8,"4-Methylanisole|1-METHOXY-4-METHYLBENZENE|104-93-8|4-Methoxytoluene|Benzene, 1-methoxy-4-methyl-|p-Cresol methyl ether|p-methyl anisole|Anisole, p-methyl-|Methyl p-tolyl ether|4-Methyl anisole",,p-Methyl Anisole,{'MySkinRecipes': '104-93-8'},https://www.myskinrecipes.com/shop/th/phenolic-ยา/2731-para-methyl-anisole.html
WIP_VERIFIED,Gardenia Acetal,,107381,"1,3-Dioxane, 2,4,6-trimethyl-4-phenyl-",5182-36-5,"2,4,6-Trimethyl-4-phenyl-1,3-dioxane|FLOROPAL|5182-36-5|1,3-Dioxane, 2,4,6-trimethyl-4-phenyl-|EINECS 225-963-6|DTXSID7052157|RefChem:414729|DTXCID2030726|225-963-6|Vertacetal",,Gardenia Acetal (Floropal),{'MySkinRecipes': '5182-36-5'},https://www.myskinrecipes.com/shop/th/narcotic-ยาเสพติด/2721-gardenia-acetal.html
WIP_VERIFIED,Linalool,,6549,Linalool,22564-99-4|78-70-6,"Linalool|78-70-6|3,7-Dimethylocta-1,6-dien-3-ol|Linalol|LINALYL ALCOHOL|beta-Linalool|3,7-Dimethyl-1,6-octadien-3-ol|allo-Ocimenol|(+-)-Linalool|1,6-Octadien-3-ol, 3,7-dimethyl-",,Linalool (FEMA 2635),{'MySkinRecipes': '78-70-6'},https://www.myskinrecipes.com/shop/th/linalool-ฟรีเซีย/2685-linalool-fema-2635.html
PROPRIETARY_MIXTURE,Fenchol Fenchyl Alcohol,,15406,Fenchol,1632-73-1,"Fenchol|FENCHYL ALCOHOL|1632-73-1|1,3,3-Trimethylbicyclo[2.2.1]heptan-2-ol|2-Fenchanol|1,3,3-TRIMETHYL-2-NORBORNANOL|FEMA No. 2480|Bicyclo[2.2.1]heptan-2-ol, 1,3,3-trimethyl-|1,3,3-Trimethylbicyclo(2.2.1)heptan-2-ol|DTXSID1041970",,Fenchol Fenchyl Alcohol (FEMA 2480),{'MySkinRecipes': ''},https://www.myskinrecipes.com/shop/th/konifer-ต้นสน/2677-fenchol-fenchyl-alcohol-fema-2480.html
PROPRIETARY_MIXTURE,Jasmone Cis,,,,,,,Jasmone Cis (FEMA 3196),{'MySkinRecipes': ''},https://www.myskinrecipes.com/shop/th/jasmine-มะลิ/2664-jasmone-cis-fema-3196.html
PROPRIETARY_MIXTURE,Tricyclodecenyl Isobutyrate Cyclabute,,,,,,,Tricyclodecenyl Isobutyrate Cyclabute,{'MySkinRecipes': ''},https://www.myskinrecipes.com/shop/th/herb-สมุนไพร/2651-tricyclodecenyl-isobutyrate-cyclabute.html
WIP_VERIFIED,Hexyl Hexanoate,,22873,,6378-65-0,"HEXYL HEXANOATE|6378-65-0|Hexyl caproate|Hexanoic acid, hexyl ester|n-Hexyl hexanoate|Hexyl hexoate|Hexanoic Acid Hexyl Ester|n-Hexyl n-hexanoate|FEMA No. 2572|Capryl caproate",,Hexyl Hexanoate (FEMA-2572),{'MySkinRecipes': '6378-65-0'},https://www.myskinrecipes.com/shop/th/green-พืช-ใบไม้เขียว/2601-hexyl-hexanoate-fema-2572.html
WIP_VERIFIED,Amyl Butyrate,,10890,Amyl butyrate,540-18-1,"PENTYL BUTYRATE|Amyl butyrate|Pentyl butanoate|540-18-1|n-Amyl butyrate|Butanoic acid, pentyl ester|1-Pentyl butyrate|Amyl butanoate|Butyric acid, pentyl ester|n-Pentyl n-butyrate",,Amyl Butyrate (FEMA 2059),{'MySkinRecipes': '540-18-1'},https://www.myskinrecipes.com/shop/th/fruit-ผลไม้/2551-amyl-butyrate-fema-2059.html
WIP_VERIFIED,2-Methyl Valeric Acid,,7341,2-Methylvaleric acid,97-61-0|22160-39-0|27936-41-0,,,2-Methyl Valeric Acid (FEMA 2754),{'MySkinRecipes': '97-61-0'},https://www.myskinrecipes.com/shop/th/dairy-นม-เนย/2504-2-methyl-valeric-acid-fema-2754.html
WIP_VERIFIED,Beta Naphthyl Ethyl Ether,,7129,2-Ethoxynaphthalene,93-18-5,"2-ETHOXYNAPHTHALENE|93-18-5|Neroline|Naphthalene, 2-ethoxy-|Nerolin II|Ethyl 2-naphthyl ether|Nerolin new|beta-Naphthyl ethyl ether|Bromelia (compound)|2-Naphthol ethyl ether",,Beta Naphthyl Ethyl Ether,{'MySkinRecipes': '93-18-5'},https://www.myskinrecipes.com/shop/th/citrus-ส้ม-เปรี้ยว-สดชื่น/2483-beta-naphthyl-ethyl-ether.html
WIP_VERIFIED,Isopulegol,,170833,(-)-Isopulegol,50373-36-9|59905-53-2|89-79-2,"(-)-Isopulegol|89-79-2|l-Isopulegol|coolact P|(1R,2S,5R)-5-METHYL-2-(PROP-1-EN-2-YL)CYCLOHEXAN-1-OL|FEMA No. 2962|3TH92O3BXN|(1R,2S,5R)-5-methyl-2-prop-1-en-2-ylcyclohexan-1-ol|NSC-231369|DTXSID5047116",,Isopulegol,{'MySkinRecipes': '89-79-2'},https://www.myskinrecipes.com/shop/th/ice-cold-เย็น/2469-isopulegol.html
SUPPLIER_MISMATCH,Nonanal Aldehyde C-9,,31289,,,NONANAL|124-19-6|1-Nonanal|Pelargonaldehyde|Nonanaldehyde|Nonyl aldehyde|n-Nonanal|n-Nonaldehyde|Nonaldehyde|Nonylaldehyde,Supplier MySkinRecipes CAS 124-19-6 error,Nonanal Aldehyde C-9 (FEMA 2782),{'MySkinRecipes': '124-19-6'},https://www.myskinrecipes.com/shop/th/aldehyde-ไขมัน/2426-nonanal-aldehyde-c-9-fema-2782.html
WIP_VERIFIED,Eeez Tobacco Cyclohexenone,,107631,"2-Cyclohexen-1-one, 4-(2-butenylidene)-3,5,5-trimethyl-",13215-88-8,"2-Cyclohexen-1-one, 4-(2-butenylidene)-3,5,5-trimethyl-|4-but-2-enylidene-3,5,5-trimethylcyclohex-2-en-1-one|RefChem:470863|13215-88-8|Tabanone|4-(But-2-en-1-ylidene)-3,5,5-trimethylcyclohex-2-enone|(Z,Z/Z,E)-tobacco cyclohexenone|Megastigmatrienone (mixed isomers)|2-Cyclohexen-1-one, 4-(2-buten-1-ylidene)-3,5,5-trimethyl-|SCHEMBL756992",,Eeez Tobacco Cyclohexenone (FEMA 4663),{'MySkinRecipes': '13215-88-8'},https://www.myskinrecipes.com/shop/th/tar-ควัน/33771-eeez-tobacco-cyclohexenone-fema-4663.html
WIP_VERIFIED,Methyl Cedryl Ketone,,16220111,Acetylcedrene,32388-55-9,Acetyl cedrene|32388-55-9|Acetylcedrene|Lixetone|Vertofix|Acetyl-alpha-cedrene|DTXSID4029353|X6I62755AK|DTXCID209353|RefChem:109052,,Methyl Cedryl Ketone,{'MySkinRecipes': '32388-55-9'},https://www.myskinrecipes.com/shop/th/wood-ไม้-เปลือกไม้/2843-methyl-cedryl-ketone.html
WIP_VERIFIED,Ambrox DL,,107166,Cetalox,3738-00-9|6790-58-5,"Cetalox|3738-00-9|Naphtho[2,1-b]furan, dodecahydro-3a,6,6,9a-tetramethyl-|dodecahydro-3a,6,6,9a-tetramethylnaphtho[2,1-b]furan|DTXSID2048119|Dodecahydro-3a,6,6,9a-tetramethylnaphtho(2,1-b)furan|Naphtho(2,1-b)furan, dodecahydro-3a,6,6,9a-tetramethyl-|1,5,5,9-Tetramethyl-13-oxatricyclo (8.3.0.0.(4.9))tridecane|RefChem:417065|DTXCID9028091",,Ambrox DL (Cetalox),{'MySkinRecipes': '3738-00-9'},https://www.myskinrecipes.com/shop/th/animal-สัตว์/2808-amber-naphthofuran.html
WIP_VERIFIED,Isoeugenyl Acetate,,7137,"Isoeugenol, acetate",93-29-8,"RefChem:1087544|93-29-8|Isoeugenol, acetate|Phenol, 2-methoxy-4-(1-propenyl)-, acetate|1-Acetoxy-2-methoxy-4-(1-propenyl)benzene|(2-methoxy-4-prop-1-enylphenyl) acetate|Isoeugenol-acetat|Eugenol Impurity 20|(2-methoxy-4-prop-1-enyl-phenyl) acetate|SCHEMBL313563",,Isoeugenyl Acetate (FEMA 2470),{'MySkinRecipes': '93-29-8'},https://www.myskinrecipes.com/shop/th/spice-เผ็ดร้อน/2785-isoeugenyl-acetate-fema-2470.html
WIP_VERIFIED,9-Decen-1-ol,,25612,9-Decen-1-ol,13019-22-2,9-DECEN-1-OL|dec-9-en-1-ol|Trepanol|ROSALVA|Decenol|DTXSID6047656|EINECS 235-878-6|NSC 103158|BRN 1750928|UNII-475HH49270,,9-Decen-1-ol,{'MySkinRecipes': '13019-22-2'},https://www.myskinrecipes.com/shop/th/rose-กุหลาบ/2758-9-decen-1-ol.html
WIP_VERIFIED,Bornyl Acetate,,93009,"Bornyl acetate, (-)-",5655-61-8|76-49-3,"(-)-Bornyl acetate|5655-61-8|L-bornyl acetate|(-)-Borneol acetate|Bornyl acetate, (-)-|Levo-bornyl acetate|UNII-24QAP1VCUX|24QAP1VCUX|Borneol, acetate, (1S,2R,4S)-(-)-|EINECS 227-101-4",,Bornyl Acetate (FEMA 2159),{'MySkinRecipes': '76-49-3'},https://www.myskinrecipes.com/shop/th/frankincense-กำยาน/2741-bornyl-acetate-fema-2159.html
WIP_VERIFIED,p-Cresyl Acetate,,8797,4-Methylphenyl acetate,140-39-6,"p-Tolyl acetate|p-Cresyl acetate|140-39-6|Acetic acid, 4-methylphenyl ester|Narceol|4-Methylphenyl acetate|p-Acetoxytoluene|Cresyl acetate|Paracresyl acetate|Acetic acid, p-tolyl ester",,p-Cresyl Acetate (FEMA-3073),{'MySkinRecipes': '140-39-6'},https://www.myskinrecipes.com/shop/th/phenolic-ยา/2732-para-cresyl-acetate-fema-3073.html
WIP_VERIFIED,Tetrahydro Linalool,,6548,Tetrahydrolinalool,78-69-3|57706-88-4,"3,7-Dimethyloctan-3-ol|TETRAHYDROLINALOOL|78-69-3|3,7-Dimethyl-3-octanol|3-Octanol, 3,7-dimethyl-|Linalool tetrahydride|2,6-Dimethyl-6-octanol|FEMA No. 3060|DTXSID7029110|UM4XS5M134",,Tetrahydro Linalool,{'MySkinRecipes': '78-69-3'},https://www.myskinrecipes.com/shop/th/linalool-ฟรีเซีย/2686-tetrahydro-linalool-tetrahydro-muguol-citrus-ocimenol.html
PROPRIETARY_MIXTURE,Acetaldehyde Ethyl Linalyl Acetal Elintaal,,162027,"1,6-Octadiene, 3-(1-ethoxyethoxy)-3,7-dimethyl-",40910-49-4,"40910-49-4|Acetaldehyde ethyl linalyl acetal|Elintaal|1,6-Octadiene, 3-(1-ethoxyethoxy)-3,7-dimethyl-|Ethyllinalyl acetal|Linalool ethyl acetal|1-Ethoxy-1-linalyloxethane|EINECS 255-138-6|BRN 3082409|3,7-Dimethyl-3-(1-ethoxyethoxy)-1,6-octadiene",,Acetaldehyde Ethyl Linalyl Acetal Elintaal,{'MySkinRecipes': ''},https://www.myskinrecipes.com/shop/th/herb-สมุนไพร/2652-acetaldehyde-ethyl-linalyl-acetal-elintaal.html
WIP_VERIFIED,Galbascone,,92606,"1-(5,5-Dimethylcyclohexen-1-yl)pent-4-en-1-one",56973-85-4,,,Galbascone (Dynascone),{'MySkinRecipes': '56973-85-4'},https://www.myskinrecipes.com/shop/th/green-พืช-ใบไม้เขียว/2602-galbascone-dynascone.html
WIP_VERIFIED,Cis-3-Hexenyl Isobutyrate,,5352539,"Hexenyl isobutanoate, (3Z)-",41519-23-7|57859-47-9,"cis-3-Hexenyl isobutyrate|41519-23-7|(3Z)-Hex-3-en-1-yl 2-methylpropanoate|3-Hexenyl isobutanoate|3-Hexenyl 2-methypropanoate|ENT 33348|Hexenyl isobutanoate, (3Z)-|beta,gamma-Hexenyl isobutanoate|DTXSID0047585|Propanoic acid, 2-methyl-, (3Z)-3-hexenyl ester",,Cis-3-Hexenyl Isobutyrate (FEMA 3929),{'MySkinRecipes': '41519-23-7'},https://www.myskinrecipes.com/shop/th/fruit-ผลไม้/2552-cis-3-hexenyl-isobutyrate-fema-3929.html
SUPPLIER_MISMATCH,Nutty Quinoxaline,,44890117,3-Cyano-1-methylpyridin-1-ium perchlorate monohydrate,,3-Cyano-1-methylpyridin-1-ium perchlorate monohydrate|3321-20-8|nutty quinoxaline|3-Cyano-N-methylpyridinium perchlorate,Supplier MySkinRecipes CAS 34413-35-9 error,Nutty Quinoxaline,{'MySkinRecipes': '34413-35-9'},https://www.myskinrecipes.com/shop/th/edible-อาหาร/2521-nutty-quinoxaline.html
WIP_VERIFIED,6-Methyl Coumarin,,7092,6-Methylcoumarin,92-48-8,"6-Methylcoumarin|92-48-8|6-Methyl-2H-chromen-2-one|Toncarine|6-Methyl coumarin|6-Methylbenzopyrone|Coumarin, 6-methyl-|6-Methyl-1,2-benzopyrone|6-Methylcoumarinic anhydride|METHYL COUMARIN",,6-Methyl Coumarin (FEMA 2699),{'MySkinRecipes': '92-48-8'},https://www.myskinrecipes.com/shop/th/dairy-นม-เนย/2505-6-methyl-coumarin-fema-2699.html
WIP_VERIFIED,Beta Naphthyl Methyl Ether,,7119,2-Methoxynaphthalene,93-04-9,"2-METHOXYNAPHTHALENE|93-04-9|Naphthalene, 2-methoxy-|Nerolin|Methyl 2-naphthyl ether|2-Naphthol methyl ether|beta-Naphthyl methyl ether|beta-Methoxynaphthalene|Nerolin (old)|beta-Naphthol methyl ether",,Beta Naphthyl Methyl Ether,{'MySkinRecipes': '93-04-9'},https://www.myskinrecipes.com/shop/th/citrus-ส้ม-เปรี้ยว-สดชื่น/2484-beta-naphthyl-methyl-ether.html
WIP_VERIFIED,Camphor,,2537,Camphor,464-48-2|76-22-2|21368-68-3|464-49-3,"camphor|76-22-2|DL-Camphor|2-Camphanone|2-Bornanone|1,7,7-Trimethylbicyclo[2.2.1]heptan-2-one|Bornan-2-one|21368-68-3|Alphanon|Kampfer",,Camphor,{'MySkinRecipes': '76-22-2'},https://www.myskinrecipes.com/shop/th/ice-cold-เย็น/2470-camphor.html
WIP_VERIFIED,Natural Propyl Propionate,,7803,Propyl propionate,106-36-5,"PROPYL PROPIONATE|Propyl propanoate|n-Propyl propionate|Propanoic acid, propyl ester|n-Propyl propanoate|Propionic acid, propyl ester|n-Propyl n-propionate|Propylester kyseliny propionove|FEMA No. 2958|Propyl propionate (natural)",,Natural Propyl Propionate (FEMA 2958),{'MySkinRecipes': '106-36-5'},https://www.myskinrecipes.com/shop/th/ungrouped/32346-natural-propyl-propionate-fema-2958.html
WIP_VERIFIED,2-Ethyl Fenchol,,106997,"2-Ethyl-1,3,3-trimethylbicyclo(2.2.1)heptan-2-ol",67952-68-5|18368-91-7,"18368-91-7|2-Ethyl fenchol|2-ETHYL-1,3,3-TRIMETHYLBICYCLO[2.2.1]HEPTAN-2-OL|FEMA No. 3491|OH8YI97N62|2-Ethyl-1,3,3-trimethylbicyclo(2.2.1)heptan-2-ol|DTXSID301014528|RefChem:1063006|DTXCID0021670|242-243-7",,2-Ethyl Fenchol (Terrasol),{'MySkinRecipes': '18368-91-7'},https://www.myskinrecipes.com/shop/th/yeast-moss-ยีส-มอสส์/2908-2-ethyl-fenchol-terrasol.html
WIP_VERIFIED,Eugenyl Acetate,,7136,Eugenyl Acetate,93-28-7,"Eugenol acetate|EUGENYL ACETATE|Acetyleugenol|93-28-7|Acetyl eugenol|Phenol, 2-methoxy-4-(2-propenyl)-, acetate|Phenol, 4-allyl-2-methoxy-, acetate|FEMA No. 2469|V9OSB376X8|NSC-1242",,Eugenyl Acetate (FEMA 2469),{'MySkinRecipes': '93-28-7'},https://www.myskinrecipes.com/shop/th/spice-เผ็ดร้อน/2786-eugenyl-acetate-fema-2469.html
WIP_VERIFIED,Neryl Acetate,,1549025,Neryl acetate,141-12-8,"Neryl acetate|141-12-8|Nerol acetate|cis-Geranyl acetate|(Z)-3,7-Dimethylocta-2,6-dien-1-yl acetate|Neryl ethanoate|[(2Z)-3,7-dimethylocta-2,6-dienyl] acetate|(2Z)-3,7-dimethylocta-2,6-dien-1-yl acetate|NSC-72031|FEMA No. 2773",,Neryl Acetate (FEMA 2773),{'MySkinRecipes': '141-12-8'},https://www.myskinrecipes.com/shop/th/rose-กุหลาบ/2759-neryl-acetate-fema-2773.html
WIP_VERIFIED,Cinnamic Acid,,444539,Cinnamic Acid,621-82-9|140-10-3,"CINNAMIC ACID|621-82-9|3-Phenylacrylic acid|Phenylacrylic acid|Zimtsaeure|(E)-3-phenylprop-2-enoic acid|3-Phenylpropenoic acid|3-phenylprop-2-enoic acid|Cinnamic acid, (E)-|Cinnamylic acid",,Cinnamic Acid (FEMA 2288),{'MySkinRecipes': '621-82-9'},https://www.myskinrecipes.com/shop/th/frankincense-กำยาน/2742-cinnamic-acid-fema-2288.html
WIP_VERIFIED,Nerolidol,,5284507,Nerolidol,7212-44-4|40716-66-3|142-50-7,"NEROLIDOL|7212-44-4|(6E)-3,7,11-trimethyldodeca-1,6,10-trien-3-ol|3,7,11-Trimethyl-1,6,10-dodecatrien-3-ol|Stirrup|FEMA No. 2772|3-Hydroxy-3,7,11-trimethyl-1,6,10-dodecatriene|CHEBI:7524|DTXCID602247|QR6IP857S6",,Nerolidol (FEMA 2772),{'MySkinRecipes': '7212-44-4'},https://www.myskinrecipes.com/shop/th/linalool-ฟรีเซีย/2687-nerolidol-fema-2772.html
PROPRIETARY_MIXTURE,Hedione high cis,,,,,,,Hedione high cis,{'MySkinRecipes': ''},https://www.myskinrecipes.com/shop/th/jasmine-มะลิ/2666-methyl-dihydrojasmonate-hedione.html
PROPRIETARY_MIXTURE,Delta Damascone,,,,,,,Delta Damascone (FEMA 3622),{'MySkinRecipes': ''},https://www.myskinrecipes.com/shop/th/iris-ไอริส/2658-delta-damascone-fema-3622.html
WIP_VERIFIED,Thiogeraniol,,6365572,Thiogeraniol,38237-00-2|39067-80-6,"Thiogeraniol|39067-80-6|(2E)-3,7-dimethylocta-2,6-diene-1-thiol|(E)-3,7-Dimethylocta-2,6-diene-1-thiol|Geranyl mercaptan|FEMA No. 3472|UNII-Y6E61O3D5Y|Y6E61O3D5Y|EINECS 254-269-6|2,6-Octadiene-1-thiol, 3,7-dimethyl-, (E)-",,Thiogeraniol,{'MySkinRecipes': '39067-80-6'},https://www.myskinrecipes.com/shop/th/green-พืช-ใบไม้เขียว/2603-thiogeraniol.html
WIP_VERIFIED,cis-6-Nonenol,,5362792,"6-Nonen-1-ol, (6Z)-",35854-86-5|26634-58-2,,,cis-6-Nonenol,{'MySkinRecipes': '35854-86-5'},https://www.myskinrecipes.com/shop/th/fruit-ผลไม้/2553-cis-6-nonenol.html
WIP_VERIFIED,Dimethyl Trisulfide,,19310,Dimethyl trisulfide,3658-80-8,,,Dimethyl Trisulfide,{'MySkinRecipes': '3658-80-8'},https://www.myskinrecipes.com/shop/th/edible-อาหาร/2522-dimethyl-trisulfide.html
DATA_GAP,Lime Pyran,,,,,,,Lime Pyran,{'MySkinRecipes': '73018-51-6'},https://www.myskinrecipes.com/shop/th/citrus-ส้ม-เปรี้ยว-สดชื่น/2485-lime-pyran.html
WIP_VERIFIED,Carvone L,,439570,"Carvone, (-)-",6485-40-1,"(-)-Carvone|6485-40-1|(R)-(-)-Carvone|l-Carvone|L(-)-Carvone|(R)-Carvone|Levo-carvone|Carvone, (-)-|(4R)-Carvone|(-)-p-Mentha-6,8-dien-2-one",,Carvone L,{'MySkinRecipes': '6485-40-1'},https://www.myskinrecipes.com/shop/th/ice-cold-เย็น/2471-carvone-l.html
WIP_VERIFIED,Vetimoss,,88792,"2-tert-Butyl-1,4-dimethoxybenzene",21112-37-8,"21112-37-8|2-tert-Butyl-1,4-dimethoxybenzene|1,4-Dimethoxy-2-tert-butylbenzene|9SXS8Y6R6Z|VETIMOSS|UNII-9SXS8Y6R6Z|DTXSID1051854|EINECS 244-216-5|Dimethoxy-1,4-tert-butyl-2-benzene|tert-Butylhydroquinone, dimethyl ether",,Vetimoss,{'MySkinRecipes': '21112-37-8'},https://www.myskinrecipes.com/shop/th/yeast-moss-ยีส-มอสส์/2909-vetimoss.html
WIP_VERIFIED,Methyl Isoeugenol,,637776,Methylisoeugenol,6379-72-2|93-16-3|54349-79-0,Methylisoeugenol|trans-Methylisoeugenol|6379-72-2|Isomethyleugenol|93-16-3|Isoeugenol methyl ether|4-trans-Propenylveratrole|4-Propenylveratrole|Isohomogenol|trans-4-Propenylveratrole,,Methyl Isoeugenol (FEMA 2476),{'MySkinRecipes': '93-16-3'},https://www.myskinrecipes.com/shop/th/spice-เผ็ดร้อน/2787-methyl-isoeugenol-fema-2476.html
SUPPLIER_MISMATCH,Rhodinol,,81263,Rhodinol,6812-78-8,"Rhodinol|6812-78-8|(-)-Rhodinol|(-)-alpha-citronellol|FEMA No. 2980|7-Octen-1-ol, 3,7-dimethyl-, (3S)-|1V437W60X9|(S)-ALPHA-CITRONELLOL|(S)-3,7-DIMETHYL-7-OCTENOL|DTXCID9027233",Supplier MySkinRecipes CAS 141-25-3 error,Rhodinol,{'MySkinRecipes': '141-25-3'},https://www.myskinrecipes.com/shop/th/rose-กุหลาบ/2760-rhodinol.html
WIP_VERIFIED,Isobornyl Acetate,,637531,Isobornyl acetate,125-12-2,,,Isobornyl Acetate (FEMA 2160),{'MySkinRecipes': '125-12-2'},https://www.myskinrecipes.com/shop/th/frankincense-กำยาน/2743-isobornyl-acetate-fema-2160.html
WIP_VERIFIED,Oranger Crystal Beta Naphthyl Methyl Ketone,,7122,2-Acetylnaphthalene,1333-52-4|93-08-3,"2-Acetylnaphthalene|2-Acetonaphthone|93-08-3|2'-Acetonaphthone|1-(naphthalen-2-yl)ethanone|Ethanone, 1-(2-naphthalenyl)-|Methyl 2-naphthyl ketone|1-(2-Naphthyl)ethanone|2-Naphthyl methyl ketone|Acetonaphthone",,Oranger Crystal Beta Naphthyl Methyl Ketone (FEMA 2723),{'MySkinRecipes': '93-08-3'},https://www.myskinrecipes.com/shop/th/narcotic-ยาเสพติด/2724-oranger-crystal-beta-naphthyl-methyl-ketone-fema-2723.html
PROPRIETARY_MIXTURE,Herbal Pyran,,,,,,,Herbal Pyran,{'MySkinRecipes': ''},https://www.myskinrecipes.com/shop/th/jasmine-มะลิ/2667-herbal-pyran.html
WIP_VERIFIED,cis-3-Hexenyl Acetate,,5363388,cis-3-HEXENYL ACETATE,3681-71-8,cis-3-Hexenyl acetate|3681-71-8|[(Z)-hex-3-enyl] acetate|3-Hexenylacetate|cis-3-Hexenyl ethanoate|FEMA No. 3171|6INA6GC5I6|((Z)-hex-3-enyl) acetate|RefChem:502210|(Z)-3-HEXENYL ACETATE,,cis-3-Hexenyl Acetate,{'MySkinRecipes': '3681-71-8'},https://www.myskinrecipes.com/shop/th/green-พืช-ใบไม้เขียว/2604-hexenyl-cis-3-acetate.html
WIP_VERIFIED,1-Octen-3-ol,,18827,1-Octen-3-Ol,3391-86-4,1-OCTEN-3-OL|Oct-1-en-3-ol|3391-86-4|Vinyl amyl carbinol|1-Vinylhexanol|3-Hydroxy-1-octene|Amyl vinyl carbinol|Mushroom alcohol|Matsuica alcohol|Vinyl hexanol,,1-Octen-3-ol,{'MySkinRecipes': '3391-86-4'},https://www.myskinrecipes.com/shop/th/fruit-ผลไม้/2554-1-octen-3-ol-amyl-vinyl-carbinol.html
WIP_VERIFIED,Buchu Mercaptan,,61982,p-Mentha-8-thiol-3-one,35117-85-2|33281-91-3|33284-96-7|38462-22-5,"p-Mentha-8-thiol-3-one|38462-22-5|8-Mercapto-p-menthan-3-one|8-Mercapto-p-menthane-3-one|buchu mercaptan|5-methyl-2-(2-sulfanylpropan-2-yl)cyclohexan-1-one|2-(1-Mercapto-1-methylethyl)-5-methylcyclohexanone|Cyclohexanone, 2-(1-mercapto-1-methylethyl)-5-methyl-|DTXSID2047195|FEMA No. 3177",,Buchu Mercaptan (FEMA 3177),{'MySkinRecipes': '38462-22-5'},https://www.myskinrecipes.com/shop/th/edible-อาหาร/2523-buchu-mercaptan-fema-3177.html
WIP_VERIFIED,Limonene D Limonene China,,440917,(+)-Limonene,65996-98-7|5989-27-5,D-Limonene|5989-27-5|(+)-Limonene|(R)-(+)-Limonene|(D)-Limonene|(+)-(4R)-Limonene|(4R)-Limonene|(R)-4-Isopropenyl-1-methyl-1-cyclohexene|D-(+)-Limonene|(+)-Dipentene,,Limonene D Limonene China (FEMA 2633),{'MySkinRecipes': '5989-27-5'},https://www.myskinrecipes.com/shop/th/citrus-ส้ม-เปรี้ยว-สดชื่น/2486-limonene-d-limonene-fema-2633-china.html
WIP_DISCREPANCY,Hexanoic Acid Caproic Acid,,8892,,142-62-1,HEXANOIC ACID|Caproic acid|142-62-1|n-Caproic acid|n-Hexanoic acid|Capronic acid|1-Hexanoic acid|Hexoic acid|Butylacetic acid|Pentylformic acid,,Hexanoic Acid Caproic Acid (FEMA 2559),{'MySkinRecipes': '142-62-1'},https://www.myskinrecipes.com/shop/th/fatty-acids-fatty-alcohols/2429-hexanoic-acid-caproic-acid-fema-2559.html
WIP_VERIFIED,Pentyl Propanoate Amyl Propionate,,12217,,624-54-4,"Pentyl propionate|Pentyl propanoate|n-Pentyl propionate|AMYL PROPIONATE|624-54-4|Propanoic acid, pentyl ester|Amyl propanoate|n-Amyl propionate|Pentyl propanate|n-Pentyl propanoate",,Pentyl Propanoate Amyl Propionate (FEMA 2082),{'MySkinRecipes': '624-54-4'},https://www.myskinrecipes.com/shop/th/ungrouped/32349-pentyl-propanoate-amyl-propionate-fema-2082.html
WIP_DISCREPANCY,"Clary propionate, Sclareolate",,16063805,,319002-92-1,"319002-92-1|Propanoic acid, 2-(1,1-dimethylpropoxy)-, propyl ester, (2S)-|Propyl (2S)-2-(1,1-dimethylpropoxy)propanoate|DTXSID30889168|RefChem:869172|DTXCID901028436|620-563-1|propyl (2S)-2-(2-methylbutan-2-yloxy)propanoate|SCHEMBL668281|KPUAQAYQMYWKBV-VIFPVBQESA-N",,"Clary propionate, Sclareolate",{'MySkinRecipes': '319002-92-1'},https://www.myskinrecipes.com/shop/th/herb-สมุนไพร/8014-clary-propionate-sclareolate.html
WIP_DISCREPANCY,Marine Formate,,91337,"alpha,3,3-Trimethylcyclohexylmethyl formate",25225-08-5,"Cyclohexanemethanol, alpha,3,3-trimethyl-, formate|alpha,3,3-Trimethylcyclohexylmethyl formate|Cyclohexanemethanol, .alpha.,3,3-trimethyl-, formate|RefChem:555003|25225-08-5|1-(3,3-dimethylcyclohexyl)ethyl formate|alpha,3,3-trimethylcyclohexanemethyl formate|Formicacid1-(3,3-dimethyl-cyclohexyl)-ethylester|ABL7XFD0MO|Cyclohexanemethanol, alpha,3,3-trimethyl-, 1-formate",,Marine Formate (Aphermate),{'MySkinRecipes': '25225-08-5'},https://www.myskinrecipes.com/shop/th/yeast-moss-ยีส-มอสส์/2910-marine-formate-aphermate.html
WIP_DISCREPANCY,Maltyl Isobutyrate,,3354132,Maltyl isobutyrate,65416-14-0,"Maltol isobutyrate|Maltyl isobutyrate|2-Methyl-4-oxo-4H-pyran-3-yl isobutyrate|Maltyl 2-methylpropanoate|Propanoic acid, 2-methyl-, 2-methyl-4-oxo-4H-pyran-3-yl ester|2-Methyl-4-oxo-4H-pyran-3-yl 2-methylpropanoate|FEMA No. 3462|2-Methyl-4-pyron-3-yl 2-methylpropanoate|DTXSID4047703|EINECS 265-755-2",,Maltyl Isobutyrate,{'MySkinRecipes': '65416-14-0'},https://www.myskinrecipes.com/shop/th/vanilla-วานิลลา/2824-maltyl-isobutyrate.html
WIP_DISCREPANCY,Methyl Eugenol,,7127,,93-15-2,"Methyl eugenol|METHYLEUGENOL|93-15-2|4-Allyl-1,2-dimethoxybenzene|Eugenol methyl ether|4-Allylveratrole|O-Methyleugenol|Eugenyl methyl ether|Veratrole methyl ether|Methyl eugenol ether",,Methyl Eugenol (FEMA 2475),{'MySkinRecipes': '93-15-2'},https://www.myskinrecipes.com/shop/th/spice-เผ็ดร้อน/2788-methyl-eugenol-fema-2475.html
WIP_DISCREPANCY,Citronellyl Acetate,,9017,Citronellyl Acetate,150-84-5,"Citronellyl acetate|150-84-5|3,7-dimethyloct-6-enyl acetate|3,7-Dimethyl-6-octen-1-yl acetate|Acetic acid, citronellyl ester|6-Octen-1-ol, 3,7-dimethyl-, 1-acetate|2-Octen-8-ol, 2,6-dimethyl-, acetate|FEMA No. 2311|FEMA No. 2981|IZ420RT3OY",,Citronellyl Acetate (FEMA 2311),{'MySkinRecipes': '150-84-5'},https://www.myskinrecipes.com/shop/th/rose-กุหลาบ/2761-citronellyl-acetate-fema-2311.html
PROPRIETARY_MIXTURE,Methyl Ionone Gamma 70,,,,,,,Methyl Ionone Gamma 70,{'MySkinRecipes': ''},https://www.myskinrecipes.com/shop/th/iris-ไอริส/2660-methyl-ionone-gamma-isoraldeine-70.html
WIP_DISCREPANCY,2-Methyl-2-Pentenoic Acid,,18458,,3142-72-1,"DTXSID0051998|2-Methylpent-2-en-1-oic acid|RefChem:1063842|DTXCID7030561|221-552-0|2-METHYL-2-PENTENOIC ACID|3142-72-1|2-methylpent-2-enoic acid|2-Pentenoic acid, 2-methyl-|Strawberriff",,2-Methyl-2-Pentenoic Acid (FEMA 3195),{'MySkinRecipes': '3142-72-1'},https://www.myskinrecipes.com/shop/th/fruit-ผลไม้/2555-2-methyl-2-pentenoic-acid-fema-3195.html
WIP_DISCREPANCY,"2,3-Dimethyl Pyrazine",,22201,,5910-89-4,"2,3-DIMETHYLPYRAZINE|5910-89-4|Pyrazine, 2,3-dimethyl-|2,3-Dimethyl-1,4-diazine|FEMA No. 3271|WHF7883D0V|2,3-DMP pyrazine|DTXSID4064058|RefChem:442557|DTXCID3042552",,"2,3-Dimethyl Pyrazine",{'MySkinRecipes': '5910-89-4'},https://www.myskinrecipes.com/shop/th/edible-อาหาร/2524-2-3-dimethyl-pyrazine.html
WIP_DISCREPANCY,Delta Dodecalactone,,12844,,713-95-1,"DELTA-DODECALACTONE|713-95-1|5-Dodecanolide|Dodecan-5-olide|2H-Pyran-2-one, 6-heptyltetrahydro-|5-Hydroxydodecanoic acid lactone|n-Heptyl-delta-valerolactone|FEMA No. 2401|delta-Heptyl-delta-valerolactone|Dodecanoic acid, 5-hydroxy-, delta-lactone",,Delta Dodecalactone (FEMA 2401),{'MySkinRecipes': '713-95-1'},https://www.myskinrecipes.com/shop/th/dairy-นม-เนย/2508-delta-dodecalactone-fema-2401.html
WIP_DISCREPANCY,Isomenthone,,6986,,491-07-6,10458-14-7|p-Menthan-3-one|2-Isopropyl-5-methylcyclohexanone|5-Methyl-2-(1-methylethyl)cyclohexanone|5-Methyl-2-(isopropylcyclo)hexanone|NSC 113134|5-Methyl-2-(isopropyl)cyclohexanone|EINECS 233-944-9|CHEBI:36742|DTXSID80859154,,Isomenthone,{'MySkinRecipes': '491-07-6'},https://www.myskinrecipes.com/shop/th/ice-cold-เย็น/2473-isomenthone.html
WIP_DISCREPANCY,3-Methylbutyl Propanoate Isoamyl Propionate,,7772,,105-68-0,"Isoamyl propionate|105-68-0|3-Methylbutyl propanoate|ISOAMYL PROPANOATE|Isopentyl propanoate|Isopentyl propionate|3-Methylbutyl propionate|Isopentyl alcohol, propionate|1-Butanol, 3-methyl-, propanoate|iso-Pentyl propionate",,3-Methylbutyl Propanoate Isoamyl Propionate (FEMA 2082),{'MySkinRecipes': '105-68-0'},https://www.myskinrecipes.com/shop/th/ungrouped/32350-3-methylbutyl-propanoate-isoamyl-propionate-fema-2082.html
WIP_DISCREPANCY,Herbal Undecanone Plicatone,,162481,,41724-19-0,"Octahydro-7-methyl-1,4-methanonaphthalen-6(2H)-one|1,4-Methanonaphthalen-6(2H)-one, octahydro-7-methyl-|EINECS 255-517-6|DTXSID1052088|RefChem:73358|DTXCID6030655|255-517-6|41724-19-0|5-methyltricyclo[6.2.1.02,7]undecan-4-one|7-methyloctahydro-1,4-methanonaphthalen-6(2H)-one",,Herbal Undecanone Plicatone,{'MySkinRecipes': '41724-19-0'},https://www.myskinrecipes.com/shop/th/herb-สมุนไพร/3702-herbal-undecanone-plicatone.html
WIP_DISCREPANCY,Marine Hexane,,18974564,,181258-87-7,"1-ethoxy-4-(2-methylbutan-2-yl)cyclohexane|DTXSID30861464|RefChem:1055383|DTXCID30210458|181258-87-7|Cis-1-ethoxy-4-(tert-pentyl)cyclohexane|Cyclohexane, 1-(1,1-dimethylpropyl)-4-ethoxy-, cis-|181258-89-9|Cyclohexane, 1-(1,1-dimethylpropyl)-4-ethoxy-, trans-|SCHEMBL754970",,Marine Hexane (Ozofleur),{'MySkinRecipes': '181258-87-7'},https://www.myskinrecipes.com/shop/th/yeast-moss-ยีส-มอสส์/3590-marine-hexane-ozofleur.html
WIP_VERIFIED,5-Methyl Furfural,,12097,,620-02-0,"5-METHYLFURFURAL|5-Methyl-2-furaldehyde|5-Methylfuran-2-carbaldehyde|5-Methyl-2-furfural|5-Methyl-2-furancarboxaldehyde|2-Furancarboxaldehyde, 5-methyl-|5-methyl-2-furancarbaldehyde|Furfural, 5-methyl-|CCRIS 2921|5-Methyl-2-furanaldehyde",,5-Methyl Furfural (FEMA 2702),{'MySkinRecipes': '620-02-0'},https://www.myskinrecipes.com/shop/th/vanilla-วานิลลา/2825-5-methyl-furfural-fema-2702.html
SUPPLIER_MISMATCH,Amber Furan,,90474858,Amber furan,,amber furan|SCHEMBL17864245,Supplier MySkinRecipes CAS 68611-23-4 error,Amber Furan (Grisalva),{'MySkinRecipes': '68611-23-4'},https://www.myskinrecipes.com/shop/th/animal-สัตว์/2812-amber-furan-grisalva.html
WIP_DISCREPANCY,Isoamyl Cinnamate,,5273467,Isoamyl Cinnamate,7779-65-9,"Isopentyl cinnamate|Isoamyl cinnamate|7779-65-9|Isopentyl alcohol, cinnamate|Cinnamic acid, isopentyl ester|FEMA No. 2063|2-Propenoic acid, 3-phenyl-, 3-methylbutyl ester|AB60R20S7J|DTXCID405454|DTXSID4025454",,Isoamyl Cinnamate (FEMA 2063),{'MySkinRecipes': '7779-65-9'},https://www.myskinrecipes.com/shop/th/spice-เผ็ดร้อน/2789-isoamyl-cinnamate-fema-2063.html
WIP_DISCREPANCY,Cinnamyl Cinnamate,,1550890,,122-69-0,,,Cinnamyl Cinnamate (FEMA 2298),{'MySkinRecipes': '122-69-0'},https://www.myskinrecipes.com/shop/th/frankincense-กำยาน/2745-cinnamyl-cinnamate-fema-2298.html
PROPRIETARY_MIXTURE,Methyl Ionone Gamma 95,,,,,,,Methyl Ionone Gamma 95,{'MySkinRecipes': ''},https://www.myskinrecipes.com/shop/th/iris-ไอริส/2661-methyl-ionone-gamma-isoraldeine-95.html
WIP_DISCREPANCY,Chrysanthemum Oxide,,19089,,3558-60-9,,,Chrysanthemum Oxide,{'MySkinRecipes': '3558-60-9'},https://www.myskinrecipes.com/shop/th/green-พืช-ใบไม้เขียว/2606-chrysanthemum-oxide.html
SUPPLIER_MISMATCH,Delta-Undecalactone,,7714,Gamma-undecalactone,104-67-6,"Gamma-undecalactone|104-67-6|Undecan-4-olide|2(3H)-Furanone, 5-heptyldihydro-|5-heptyloxolan-2-one|Persicol|Peach aldehyde|Peach lactone|1,4-Undecanolide|5-Heptyldihydro-2(3H)-furanone",Supplier MySkinRecipes CAS 710-04-3 error,Delta-Undecalactone,{'MySkinRecipes': '710-04-3'},https://www.myskinrecipes.com/shop/th/dairy-นม-เนย/2509-delta-undecalactone.html
WIP_DISCREPANCY,Nonanol,,8914,,143-08-8,1-Nonanol|Nonan-1-ol|143-08-8|NONYL ALCOHOL|Pelargonic alcohol|n-Nonyl alcohol|n-Nonanol|Nonalol|1-Hydroxynonane|Octyl carbinol,,Nonanol,{'MySkinRecipes': '143-08-8'},https://www.myskinrecipes.com/shop/th/aldehyde-ไขมัน/2431-nonanol.html
WIP_VERIFIED,Isobornyl Propionate,,23617864,,2756-56-1,"Isobornyl propionate|Isoborneol, propionate|2756-56-1|FEMA No. 2163|7T3RQY66IC|iso-Bornyl Propionate|Exo-2-Bornyl propionate|Exo-2-Camphanyl propionate|Bicyclo(2.2.1)heptan-2-ol, 1,7,7-trimethyl-, propanoate, exo-|Bicyclo(2.2.1)heptan-2-ol, 1,7,7-trimethyl-, 2-propanoate, (1R,2R,4R)-rel-",,Isobornyl Propionate (FEMA 2163),{'MySkinRecipes': '2756-56-1'},https://www.myskinrecipes.com/shop/th/ungrouped/32351-isobornyl-propionate-fema-2163.html
PROPRIETARY_MIXTURE,"Verdantiol, Lilyall",,121232773,"Methyl 2-((3-(4-(1,1-dimethylethyl)phenyl)-2-methylpropylidene)amino)benzoate",91-51-0,"DTXSID2052609|Methyl 2-[[3-[4-(1,1-dimethylethyl)phenyl]-2-methylpropylidene]amino]benzoate|Methyl 2-((3-(4-(1,1-dimethylethyl)phenyl)-2-methylpropylidene)amino)benzoate|RefChem:201683|DTXCID0031182|91-51-0|HCYRUADDKFDUII-UHFFFAOYSA-N|Methyl 2-{[1-(4-tert-butylphenyl)propan-2-yl]diazenyl}benzoate",,"Verdantiol, Lilyall / Methyl Anthranilate Schiffs Base",{'MySkinRecipes': '91-51-0'},https://www.myskinrecipes.com/shop/th/narcotic-ยาเสพติด/3991-verdantiol-lilyall-methyl-anthranilate-schiffs-base.html
NATURAL_MIXTURE,Treemoss Resinoid,,,,,,,Treemoss Resinoid,{'MySkinRecipes': '68917-40-8'},https://www.myskinrecipes.com/shop/th/yeast-moss-ยีส-มอสส์/3837-treemoss-resinoid.html
WIP_DISCREPANCY,Timber Propanol,,116699,"Cyclohexanepropanol, 2,2,6-trimethyl-alpha-propyl-",70788-30-6,"1-(2,2,6-Trimethylcyclohexyl)-3-hexanol|Cyclohexanepropanol, 2,2,6-trimethyl-alpha-propyl-|Timberol|6-(2,2,6-Trimethylcyclohexyl)-4-hexanol|UNII-CLV4EM4325|FINOTIMBER|CLV4EM4325|Cyclohexanepropanol, 2,2,6-trimethyl-.alpha.-propyl-|EINECS 274-892-7|2,2,6-Trimethyl-alpha-propylcyclohexanepropanol",,Timber Propanol (Karmawood),{'MySkinRecipes': '70788-30-6'},https://www.myskinrecipes.com/shop/th/wood-ไม้-เปลือกไม้/2848-timber-propanol-karmawood.html
WIP_DISCREPANCY,Strawberry Furanone,,19309,Furaneol,3658-77-3,"Furaneol|3658-77-3|4-hydroxy-2,5-dimethylfuran-3(2H)-one|2,5-Dimethyl-4-hydroxy-3(2H)-furanone|4-Hydroxy-2,5-dimethyl-3(2H)-furanone|4-Hydroxy-2,5-dimethyl-3(2H)furanone|Pineapple ketone|Dimethylhydroxy furanone|Alletone|Strawberry furanone",,Strawberry Furanone,{'MySkinRecipes': '3658-77-3'},https://www.myskinrecipes.com/shop/th/vanilla-วานิลลา/2826-strawberry-furanone.html
SUPPLIER_MISMATCH,Indolene 50,,106826,"1H-Indole-1-heptanol, eta-1H-indol-1-yl-alpha,alpha,epsilon-trimethyl-",67801-36-9,"1H-Indole-1-heptanol, eta-1H-indol-1-yl-alpha,alpha,epsilon-trimethyl-|Indol-hydroxycitronellal (Schiff Base)|8,8-Bis(1H-indol-1-yl)-2,6-dimethyl-2-octanol|EINECS 267-156-1|DTXSID10867343|eta-1H-Indol-1-yl-alpha,alpha,epsilon-trimethyl-1H-indole-1-heptanol|1H-Indole-1-heptanol, .eta.-1H-indol-1-yl-.alpha.,.alpha.,.epsilon.-trimethyl-|1H-Indole-1-heptanol, eta-1H-indol-1-yl-alpha,alpha, epsilon-trimethyl-|RefChem:79878|DTXCID60815536",Supplier MySkinRecipes CAS 68908-82-7 error,Indolene 50,{'MySkinRecipes': '68908-82-7'},https://www.myskinrecipes.com/shop/th/animal-สัตว์/2813-indolene-50.html
WIP_DISCREPANCY,Isoeugenol,,853433,,97-54-1,,,Isoeugenol (FEMA 2468),{'MySkinRecipes': '97-54-1'},https://www.myskinrecipes.com/shop/th/spice-เผ็ดร้อน/2790-isoeugenol-fema-2468.html
WIP_DISCREPANCY,Damascenone Total Damascenone-93,,5366074,,23696-85-7,"beta-Damascenone|23726-93-4|trans-beta-Damascenone|trans-damascenone|(E)-beta-damascenone|FEMA No. 3420|(E)-1-(2,6,6-Trimethyl-1,3-cyclohexadien-1-yl)-2-buten-1-one|U66V25TBO0|4-(2,6,6-Trimethylcyclohexa-1,3-dienyl)but-2-en-4-one|CHEBI:67251",,Damascenone Total Damascenone-93 (FEMA 3420),{'MySkinRecipes': '23696-85-7'},https://www.myskinrecipes.com/shop/th/rose-กุหลาบ/2763-damascenone-total-damascenone-93-fema-3420.html
WIP_DISCREPANCY,Benzyl Benzoate,,2345,Benzyl Benzoate,120-51-4,,,Benzyl Benzoate (FEMA 2138),{'MySkinRecipes': '120-51-4'},https://www.myskinrecipes.com/shop/th/frankincense-กำยาน/2746-benzyl-benzoate-fema-2138.html
DATA_GAP,Para Cresol,,2879,P-Cresol,1319-77-3|106-44-5|2876-02-0,"P-CRESOL|4-Methylphenol|106-44-5|4-Cresol|4-Hydroxytoluene|p-Methylphenol|p-Hydroxytoluene|p-Tolyl alcohol|Phenol, 4-methyl-|para-Cresol",,Para Cresol,{'MySkinRecipes': '106-44-5'},https://www.myskinrecipes.com/shop/th/phenolic-ยา/2737-para-cresol.html
DATA_GAP,Magnolia Indene,,119674,"Indeno[1,2-d]-1,3-dioxin, 4,4a,5,9b-tetrahydro-2,4-dimethyl-",27606-09-3,"Magnolan|27606-09-3|Indeno[1,2-d]-1,3-dioxin, 4,4a,5,9b-tetrahydro-2,4-dimethyl-|2,4-Dimethyl-4,4a,5,9b-tetrahydroindeno[1,2-d]-1,3-dioxin|EINECS 248-561-2|2,4-Dimethyl-5,6-indeno-1,3-dioxan|Indeno(1,2-d)-1,3-dioxin, 4,4a,5,9b-tetrahydro-2,4-dimethyl-|2,4-Dimethyl-4,4a,5,9b-tetrahydroindeno(1,2-d)-1,3-dioxin|RefChem:790900|Indeno1,2-d-1,3-dioxin, 4,4a,5,9b-tetrahydro-2,4-dimethyl-",,Magnolia Indene (Magnolan),{'MySkinRecipes': '27606-09-3'},https://www.myskinrecipes.com/shop/th/lily-of-the-valley/2712-magnolia-indene-magnolan.html
WIP_VERIFIED,Woody Acetate,,36081,4-tert-Butylcyclohexyl acetate,32210-23-4|1900-69-2|10411-92-4,"4-tert-Butylcyclohexyl acetate|32210-23-4|4-tert-Butylcyclohexanol acetate|p-tert-Butylcyclohexyl acetate|Cyclohexanol, 4-tert-butyl-, acetate|DTXSID1027974|Cyclohexanol, 4-(1,1-dimethylethyl)-, acetate|Cyclohexanol, 4-(1,1-dimethylethyl)-, 1-acetate|21EUM2B8UC|DTXCID207974",,Woody Acetate (Vertenex),{'MySkinRecipes': '32210-23-4'},https://www.myskinrecipes.com/shop/th/linalool-ฟรีเซีย/2691-woody-acetate-vertenex.html
PROPRIETARY_MIXTURE,Dihydrojasmone,,62378,Dihydrojasmone,1128-08-1,"Dihydrojasmone|1128-08-1|3-Methyl-2-pentylcyclopent-2-enone|2-CYCLOPENTEN-1-ONE, 3-METHYL-2-PENTYL-|FEMA No. 3763|3-Methyl-2-(n-pentanyl)-2-cyclopenten-1-one|Y953R7PP90|NSC-71928|DTXSID4051584|RefChem:133852",,Dihydrojasmone (FEMA 3763),{'MySkinRecipes': ''},https://www.myskinrecipes.com/shop/th/jasmine-มะลิ/2670-dihydrojasmone-fema-3763.html
WIP_DISCREPANCY,cis-3-Hexenyl Propionate,,5365049,cis-3-Hexenyl propionate,33467-74-2,,,cis-3-Hexenyl Propionate,{'MySkinRecipes': '33467-74-2'},https://www.myskinrecipes.com/shop/th/green-พืช-ใบไม้เขียว/2607-cis-3-hexenyl-propionate.html
DATA_GAP,Delta Decalactone,,12810,delta-Decalactone,705-86-2,"DELTA-DECALACTONE|705-86-2|6-Pentyltetrahydro-2H-pyran-2-one|5-Decanolide|6-pentyloxan-2-one|delta-Decanolactone|2H-Pyran-2-one, tetrahydro-6-pentyl-|Decan-5-olide|5-Decalactone|delta-Decalactone (natural)",,Delta Decalactone (FEMA 2361),{'MySkinRecipes': '705-86-2'},https://www.myskinrecipes.com/shop/th/dairy-นม-เนย/2510-delta-decalactone-fema-2361.html
DATA_GAP,Geranyl Nitrile,,21768,Geranyl nitrile,5146-66-7,"citronitrile|3,7-Dimethyl-2,6-octadienenitrile|2,6-Octadienenitrile, 3,7-dimethyl-|Citralva|DTXSID3036286|MS598KEL3M|DTXCID1016286|NSC-109052|RefChem:922179|225-918-0",,Geranyl Nitrile,{'MySkinRecipes': '5146-66-7'},https://www.myskinrecipes.com/shop/th/citrus-ส้ม-เปรี้ยว-สดชื่น/2488-geranyl-nitrile.html
WIP_VERIFIED,Nonyl Acetate,,8918,Nonyl Acetate,143-13-5,"NONYL ACETATE|Acetic acid, nonyl ester|Acetic Acid Nonyl Ester|NONYLACETATE|DTXSID4047123|EINECS 205-585-8|UNII-M2SE618B1L|NSC 82356|M2SE618B1L|AI3-11583",,Nonyl Acetate (FEMA 2788),{'MySkinRecipes': '143-13-5'},https://www.myskinrecipes.com/shop/th/aldehyde-ไขมัน/2432-nonyl-acetate-fema-2788.html
WIP_VERIFIED,Sclareolate,,16063805,"Propanoic acid, 2-(1,1-dimethylpropoxy)-, propyl ester, (2S)-",319002-92-1,"319002-92-1|Propanoic acid, 2-(1,1-dimethylpropoxy)-, propyl ester, (2S)-|Propyl (2S)-2-(1,1-dimethylpropoxy)propanoate|DTXSID30889168|RefChem:869172|DTXCID901028436|620-563-1|propyl (2S)-2-(2-methylbutan-2-yloxy)propanoate|SCHEMBL668281|KPUAQAYQMYWKBV-VIFPVBQESA-N",,Sclareolate,{'MySkinRecipes': '319002-92-1'},https://www.myskinrecipes.com/shop/th/herb-สมุนไพร/33680-sclareolate-firmenich-.html
WIP_VERIFIED,Pentyl Octanoate,,61185,,638-25-5,,,Pentyl Octanoate (FEMA 2079),{'MySkinRecipes': '638-25-5'},https://www.myskinrecipes.com/shop/th/yeast-moss-ยีส-มอสส์/32380-pentyl-octanoatefema-2079.html
WIP_VERIFIED,Propyl Butyrate,,7770,,105-66-8,,,Propyl Butyrate (FEMA 2934),{'MySkinRecipes': '105-66-8'},https://www.myskinrecipes.com/shop/th/ungrouped/32352-propyl-butyrate-fema-2934.html
DATA_GAP,Damascenone-98,,5366074,beta-Damascenone,23696-85-7|23726-93-4,"beta-Damascenone|23726-93-4|trans-beta-Damascenone|trans-damascenone|(E)-beta-damascenone|FEMA No. 3420|(E)-1-(2,6,6-Trimethyl-1,3-cyclohexadien-1-yl)-2-buten-1-one|U66V25TBO0|4-(2,6,6-Trimethylcyclohexa-1,3-dienyl)but-2-en-4-one|CHEBI:67251",,Damascenone-98 (FEMA 3420),{'MySkinRecipes': '23696-85-7'},https://www.myskinrecipes.com/shop/th/rose-กุหลาบ/9236-damascenone-98-fema-3420.html
DATA_GAP,Conifer Acetate,,62240,Conifer acetate,67874-72-0,,,Conifer Acetate (Coniferan),{'MySkinRecipes': '67874-72-0'},https://www.myskinrecipes.com/shop/th/konifer-ต้นสน/3435-conifer-acetate-coniferan.html
DATA_GAP,Musk Xylol,,62329,Musk Xylene,81-15-2,"Musk xylene|Musk xylol|81-15-2|Xylene musk|2,4,6-Trinitro-1,3-dimethyl-5-tert-butylbenzene|5-tert-Butyl-2,4,6-trinitro-m-xylene|5-tert-Butyl-2,4,6-trinitroxylene|1-tert-Butyl-3,5-dimethyl-2,4,6-trinitrobenzene|2,4,6-Trinitro-5-tert-butyl-m-xylene|m-Xylene, 5-tert-butyl-2,4,6-trinitro-",,Musk Xylol,{'MySkinRecipes': '81-15-2'},https://www.myskinrecipes.com/shop/th/musk-มัสก์/2885-musk-xylol.html
DATA_GAP,Vanillyl Isobutyrate,,539829,Vanillin isobutyrate,20665-85-4,"Vanillin isobutyrate|4-Formyl-2-methoxyphenyl isobutyrate|Isobutavan|4-Formyl-2-methoxyphenyl 2-methylpropanoate|Propanoic acid, 2-methyl-, 4-formyl-2-methoxyphenyl ester|Vanillyl isobutyrate|FEMA No. 3754|Isobutyric acid, ester with vanillin|UNII-C55654RCNR|C55654RCNR",,Vanillyl Isobutyrate (Isobutavan),{'MySkinRecipes': '20665-85-4'},https://www.myskinrecipes.com/shop/th/vanilla-วานิลลา/2827-vanillyl-isobutyrate-isobutavan.html
DATA_GAP,Indoflor,,87453,"4,4a,5,9b-Tetrahydroindeno(1,2-d)-1,3-dioxin",18096-62-3,"18096-62-3|4,4a,5,9b-Tetrahydroindeno(1,2-d)-1,3-dioxin|Dihydroindenyl-2,4-dioxane|4,5-Indeno-1,3-dioxan|EINECS 241-997-4|4,4a,5,9b-tetrahydroindeno[1,2-d]-1,3-dioxin|DTXSID5051810|4,4a,5,9b-Tetrahydroindeno(1,2-d)-1,3-dioxine|RefChem:96383|DTXCID6030366",,Indoflor (Indolarome),{'MySkinRecipes': '18096-62-3'},https://www.myskinrecipes.com/shop/th/animal-สัตว์/2814-indoflor-indolarome.html
DATA_GAP,Florocyclene,,86579,Tricyclodecenyl propionate,17511-60-3|68912-13-0,"17511-60-3|Tricyclodecenyl propionate|Cyclaprop|3a,4,5,6,7,7a-Hexahydro-1H-4,7-methanoinden-6-yl propionate|4,7-Methano-1H-inden-6-ol, 3a,4,5,6,7,7a-hexahydro-, 6-propanoate|4,7-Methano-1H-inden-6-ol, 3a,4,5,6,7,7a-hexahydro-, propanoate|S3ASM14UAS|EINECS 241-514-7|BRN 1959792|hexahydro-4,7-methanoinden-6-yl propionate",,Florocyclene,{'MySkinRecipes': '17511-60-3'},https://www.myskinrecipes.com/shop/th/linalool-ฟรีเซีย/2692-tricyclodecenyl-propionate.html
DATA_GAP,cis-3-Hexenyl Hexanoate,,5352543,"3-Hexenyl hexanoate, (3Z)-",31501-11-8,"cis-3-Hexenyl hexanoate|cis-3-Hexenyl caproate|(Z)-3-hexenyl hexanoate|31501-11-8|cis-3-Hexenyl hexoate|(3Z)-Hex-3-en-1-yl hexanoate|(Z)-Hex-3-enyl hexanoate|Hexanoic acid, (3Z)-3-hexenyl ester|3-Hexenyl hexanoate, cis-|Hexanoic acid, 3-hexenyl ester, (Z)-",,cis-3-Hexenyl Hexanoate (FEMA-3403),{'MySkinRecipes': '31501-11-8'},https://www.myskinrecipes.com/shop/th/green-พืช-ใบไม้เขียว/2608-cis-3-hexenyl-hexanoate-fema-3403.html
DATA_GAP,Butyl Butyryl Lactate Butyl Butyro Lactate,,24114,Butyl Butyryllactate,7492-70-8,"Butyl butyryllactate|7492-70-8|Butyl butyryl lactate|Butyl O-butyryllactate|Butyl butyrolactate|Butanoic acid, 2-butoxy-1-methyl-2-oxoethyl ester|1-Butoxy-1-oxopropan-2-yl butyrate|1-butoxy-1-oxopropan-2-yl butanoate|(1-butoxy-1-oxopropan-2-yl) butanoate|FEMA No. 2190",,Butyl Butyryl Lactate Butyl Butyro Lactate (FEMA 2190),{'MySkinRecipes': '7492-70-8'},https://www.myskinrecipes.com/shop/th/edible-อาหาร/2526-butyl-butyryl-lactate-butyl-butyro-lactate-fema-2190.html
DATA_GAP,Delta Octalactone,,12777,Delta-Octalactone,698-76-0,"698-76-0|delta-Octanolactone|DELTA-OCTALACTONE|6-propyloxan-2-one|2H-Pyran-2-one, tetrahydro-6-propyl-|Tetrahydro-6-propyl-2H-pyran-2-one|FEMA No. 3214|DTXSID5047164|8AA944C37V|DTXCID3027164",,Delta Octalactone (FEMA 3214),{'MySkinRecipes': '698-76-0'},https://www.myskinrecipes.com/shop/th/dairy-นม-เนย/2511-delta-octalactone-fema-3214.html
DATA_GAP,Dodecane Nitrile,,17092,Dodecanenitrile,2437-25-4,Dodecanenitrile|2437-25-4|TL45I6761P|NSC-1804|RefChem:135430|219-440-1|LAURONITRILE|Undecyl cyanide|Dodecanonitrile|n-Undecyl cyanide,,Dodecane Nitrile,{'MySkinRecipes': '2437-25-4'},https://www.myskinrecipes.com/shop/th/citrus-ส้ม-เปรี้ยว-สดชื่น/2489-dodecane-nitrile.html
DATA_GAP,"2,4-Decadienal",,5283349,"2,4-Decadienal",25152-84-5|2363-88-4|30551-18-9,"2,4-DECADIENAL|2363-88-4|DTXSID4047626|RefChem:908722|DTXCID2027626|219-114-9|(2E,4E)-deca-2,4-dienal|25152-84-5|trans,trans-2,4-Decadienal|(E,E)-2,4-Decadienal",,"2,4-Decadienal (FEMA 3135)",{'MySkinRecipes': '2363-88-4'},https://www.myskinrecipes.com/shop/th/aldehyde-ไขมัน/2433-24-decadienal-fema-3135.html
DATA_GAP,,,5283361,2-Dodecenal,20407-84-5|4826-62-4|82107-89-9,"2-DODECENAL|4826-62-4|DTXSID0052122|RefChem:1062977|DTXCID001838749|225-402-5|trans-2-Dodecenal|20407-84-5|2-Dodecenal, (2E)-|(E)-dodec-2-enal",,(E)-Dodec-2-Enal (FEMA 2402),{'MySkinRecipes': '20407-84-5'},https://www.myskinrecipes.com/shop/th/herb-สมุนไพร/33761-e-dodec-2-enal-fema-2402.html
DATA_GAP,3-Methylthio Propyl Isothiocyanate,,62351,3-Methylthiopropyl isothiocyanate,505-79-3,"3-(Methylthio)propyl isothiocyanate|505-79-3|Iberverin|3-Methylthiopropyl isothiocyanate|PROPANE, 1-ISOTHIOCYANATO-3-(METHYLTHIO)-|Isothiocyanic acid, 3-(methylthio)propyl ester|3-Methylmercaptopropyl isothiocyanate|FEMA No. 3312|YTT13BN94Z|DTXSID3047132",,3-Methylthio Propyl Isothiocyanate (FEMA 3312),{'MySkinRecipes': '505-79-3'},https://www.myskinrecipes.com/shop/th/yeast-moss-ยีส-มอสส์/32501-3-methylthio-propyl-isothiocyanate-fema-3312.html
DATA_GAP,2-Methylbutyl Butyrate,,162627,"Butanoic acid, 2-methylbutyl ester",51115-64-1,"2-Methylbutyl butyrate|51115-64-1|Butanoic acid, 2-methylbutyl ester|EINECS 256-973-9|WE(4:0(2Me)/4:0)|AI3-33702|DTXSID80866181|RefChem:571395|DTXCID10814498|256-973-9",,2-Methylbutyl Butyrate (FEMA 2934),{'MySkinRecipes': '51115-64-1'},https://www.myskinrecipes.com/shop/th/ungrouped/32353--2-methylbutyl-butyrate-fema-2934.html
DATA_GAP,Dihydroterpinyl Acetate,,,,,,,Dihydroterpinyl Acetate,{'MySkinRecipes': '58985-18-5'},https://www.myskinrecipes.com/shop/th/konifer-ต้นสน/3764-dihydroterpinyl-acetate.html
SUPPLIER_MISMATCH,Musk Ambrette,,6753,,,,Supplier MySkinRecipes CAS 83-66-9 error,Musk Ambrette,{'MySkinRecipes': '83-66-9'},https://www.myskinrecipes.com/shop/th/musk-มัสก์/2886-musk-ambrette.html
DATA_GAP,4-Ethyl Guaiacol,,,,,,,4-Ethyl Guaiacol (FEMA 2436),{'MySkinRecipes': '2785-89-9'},https://www.myskinrecipes.com/shop/th/spice-เผ็ดร้อน/2792-4-ethyl-guaiacol-fema-2436.html
SUPPLIER_MISMATCH,"Rose Carboxylate, Givescone",,93847,"Ethyl 2-ethyl-6,6-dimethylcyclohex-2-ene-1-carboxylate",,"57934-97-1|Ethyl 2-ethyl-6,6-dimethylcyclohex-2-ene-1-carboxylate|Ethyl 2-ethyl-6,6-dimethyl-2-cyclohexene-carboxylate|U0QIF3ZHAA|EINECS 261-020-5|2-Cyclohexene-1-carboxylic acid, 2-ethyl-6,6-dimethyl-, ethyl ester|DTXSID1052240|RefChem:594371|DTXCID6030811|261-020-5",Supplier MySkinRecipes CAS 57934-97-1 error,"Rose Carboxylate, Givescone",{'MySkinRecipes': '57934-97-1'},https://www.myskinrecipes.com/shop/th/rose-กุหลาบ/2764-rose-carboxylate.html
DATA_GAP,2-Acetyl Furan,,14505,2-Acetylfuran,1192-62-7,,,2-Acetyl Furan,{'MySkinRecipes': '1192-62-7'},https://www.myskinrecipes.com/shop/th/frankincense-กำยาน/2748-2-acetyl-furan.html
DATA_GAP,Muguet Aldehyde,,61401,,7492-67-3,"Citronellyloxyacetaldehyde|7492-67-3|CITRONELLOXYACETALDEHYDE|Muget aldehyde|6,10-Dimethyl-3-oxa-9-undecenal|Muguet aldehyde|FEMA No. 2310|[(3,7-dimethyl-6-octenyl)oxy]acetaldehyde|((3,7-Dimethyl-6-octenyl)oxy)acetaldehyde|citronellyl oxyacetaldehyde",,Muguet Aldehyde 50%,{'MySkinRecipes': '7492-67-3'},https://www.myskinrecipes.com/shop/th/lily-of-the-valley/2714-citronellyl-oxyacetaldehyde-muguet-aldehyde.html
DATA_GAP,Dimethyl Benzyl Carbinyl Acetate,,9024,,151-05-3,"151-05-3|Dimethylbenzylcarbinyl acetate|Dimethyl benzyl carbinyl acetate|1,1-Dimethyl-2-phenylethyl acetate|Benzyldimethylcarbinyl acetate|alpha,alpha-Dimethylphenethyl acetate|Benzyldimethylcarbinol acetate|Dimethylbenzylcarbinol acetate|Benzyl dimethyl carbinyl acetate|2-Benzyl-2-propyl acetate",,Dimethyl Benzyl Carbinyl Acetate (FEMA 2392),{'MySkinRecipes': '151-05-3'},https://www.myskinrecipes.com/shop/th/linalool-ฟรีเซีย/2693-dimethyl-benzyl-carbinyl-acetate-fema-2392.html
PROPRIETARY_MIXTURE,Benzyl Isobutyrate,,7646,Benzyl isobutyrate,103-28-6,"Benzyl isobutyrate|103-28-6|Benzyl 2-methylpropanoate|Benzyl isobutanoate|Phenylmethyl 2-methylpropanoate|Propanoic acid, 2-methyl-, phenylmethyl ester|ISOBUTYRIC ACID, BENZYL ESTER|Benzyl 2-methylpropionate|Benzyl 2-methyl propionate|Benzylester kyseliny isomaselne",,Benzyl Isobutyrate (FEMA 2141),{'MySkinRecipes': ''},https://www.myskinrecipes.com/shop/th/jasmine-มะลิ/2672-benzyl-isobutyrate-fema-2141.html
DATA_GAP,Hexyl Butyrate,,17525,Hexyl butyrate,2639-63-6,"HEXYL BUTYRATE|2639-63-6|Hexyl butanoate|Butanoic acid, hexyl ester|n-Hexyl butanoate|Butyric Acid Hexyl Ester|n-Hexyl butyrate|1-Hexyl butyrate|Butyric acid, hexyl ester|n-Hexyl n-butanoate",,Hexyl Butyrate (FEMA-2568),{'MySkinRecipes': '2639-63-6'},https://www.myskinrecipes.com/shop/th/green-พืช-ใบไม้เขียว/2609-hexyl-butyrate-fema-2568.html
DATA_GAP,Alpha Damascone,,5366077,"(E)-1-(2,6,6-trimethylcyclohex-2-en-1-yl)but-2-en-1-one",24720-09-0|43052-87-5|23726-94-5,"24720-09-0|(E)-1-(2,6,6-trimethylcyclohex-2-en-1-yl)but-2-en-1-one|1-(2,6,6-trimethylcyclohex-2-en-1-yl)but-2-en-1-one|(+/-)-alpha-DAMASCONE|MFCD00673214|1-(2,6,6-TRIMETHYL-CYCLOHEX-2-ENYL)-BUT-2-EN-1-ONE|57549-92-5|(2E)-1-(2,6,6-Trimethyl-2-cyclohexen-1-yl)-2-buten-1-one|(2E)-1-(2,6,6-trimethylcyclohex-2-en-1-yl)but-2-en-1-one|2-Buten-1-one, 1-(2,6,6-trimethyl-2-cyclohexen-1-yl)-, (E)-",,Alpha Damascone (FEMA 3659),{'MySkinRecipes': '24720-09-0'},https://www.myskinrecipes.com/shop/th/fruit-ผลไม้/2559-alpha-damascone-fema-3659.html
DATA_GAP,Acetyl Propionyl,,11747,"2,3-Pentanedione",600-14-6,"2,3-PENTANEDIONE|pentane-2,3-dione|600-14-6|Acetylpropionyl|Acetyl propionyl|2,3-Pentadione|FEMA No. 2841|K4WBE45SCM|DTXSID6051435|NSC-7613",,Acetyl Propionyl (FEMA 2841),{'MySkinRecipes': '600-14-6'},https://www.myskinrecipes.com/shop/th/dairy-นม-เนย/2512-acetyl-propionyl-fema-2841.html
DATA_GAP,Alpha-methylene Citronellal,,90776,"3,7-Dimethyl-2-methylene-6-octenal, (+-)-",22418-66-2,"22418-66-2|3,7-Dimethyl-2-methyleneocta-6-enal|3,7-dimethyl-2-methylideneoct-6-enal|alpha-Methylenecitronellal|6-Octenal, 3,7-dimethyl-2-methylene-|3,7-dimethyl-2-methylene-6-octenal|K0DB1O9KVL|EINECS 244-981-5|DTXSID9051872|RefChem:487709",,Alpha-methylene Citronellal,{'MySkinRecipes': '22418-66-2'},https://www.myskinrecipes.com/shop/th/citrus-ส้ม-เปรี้ยว-สดชื่น/2490-alpha-methylene-citronellal.html
DATA_GAP,Decanoic Acid c10-Capric Acid,,2969,Decanoic Acid,334-48-5,Decanoic acid|CAPRIC ACID|334-48-5|n-Decanoic acid|n-Capric acid|Decoic acid|Decylic acid|Caprinic acid|n-Decylic acid|1-Nonanecarboxylic acid,,Decanoic Acid c10-Capric Acid (FEMA 2364),{'MySkinRecipes': '334-48-5'},https://www.myskinrecipes.com/shop/th/fatty-acids-fatty-alcohols/2434-decanoic-acid-c10-capric-acid-fema-2364.html
DATA_GAP,Carveol,,7438,Carveol,2102-58-1|99-48-9|2102-59-2,"CARVEOL|99-48-9|p-Mentha-6,8-dien-2-ol|p-Mentha-1,8-dien-6-ol|2-Methyl-5-(1-methylethenyl)-2-cyclohexen-1-ol|1-Methyl-4-isopropenyl-6-cyclohexen-2-ol|2-methyl-5-prop-1-en-2-ylcyclohex-2-en-1-ol|5-Isopropenyl-2-methyl-2-cyclohexen-1-ol|2-Cyclohexen-1-ol, 2-methyl-5-(1-methylethenyl)-|2-Methyl-5-isopropenyl-2-cyclohexen-1-ol",,Carveol (FEMA 2247),{'MySkinRecipes': '99-48-9'},https://www.myskinrecipes.com/shop/th/herb-สมุนไพร/253576-carveol-fema-2247.html
DATA_GAP,Benzyl Butyrate,,7650,Benzyl butyrate,103-37-7,"Benzyl butyrate|Benzyl butanoate|Benzyl n-butyrate|Phenylmethyl butanoate|Butanoic acid, phenylmethyl ester|Benzyl n-butanoate|Butyric acid, benzyl ester|Phenylmethyl butyrate|Benzyl butyrate (natural)|Benzylester kyseliny maselne",,Benzyl Butyrate (FEMA 2140),{'MySkinRecipes': '103-37-7'},https://www.myskinrecipes.com/shop/th/ungrouped/32356-benzyl-butyrate-fema-2140-.html
NATURAL_MIXTURE,Honeysuckle Oil,,,,,,,Honeysuckle Oil,{'MySkinRecipes': ''},https://www.myskinrecipes.com/shop/th/phenolic-ยา/5814-honeysuckle-oil-lonicera-caprifolium-oil.html
DATA_GAP,3-Octanol,,11527,3-Octanol,22658-92-0|29063-28-3|589-98-0|20296-29-1,3-OCTANOL|Octan-3-ol|589-98-0|1-Ethylhexanol|Ethylamylcarbinol|Amyl ethyl carbinol|Amylethylcarbinol|Ethyl-n-amylcarbinol|Octanol-3|Ethyl amyl carbinol,,3-Octanol (FEMA 3581),{'MySkinRecipes': '589-98-0'},https://www.myskinrecipes.com/shop/th/yeast-moss-ยีส-มอสส์/3765-3-octanol-fema-3581.html
DATA_GAP,Pine Hexanol,,26068,2-tert-Butylcyclohexanol,7214-18-8|13491-79-7|98104-30-4|5448-22-6,"2-tert-Butylcyclohexanol|o-tert-Butylcyclohexanol|Cyclohexanol, 2-(1,1-dimethylethyl)-|2-(1,1-dimethylethyl)cyclohexanol|ortho-tert-Butylcyclohexanol|UNII-0T84N6X2PM|Cyclohexanol, 2-tert-butyl-|DTXSID4044799|EINECS 236-806-6|0T84N6X2PM",,Pine Hexanol (Verdol),{'MySkinRecipes': '13491-79-7'},https://www.myskinrecipes.com/shop/th/konifer-ต้นสน/3551-pine-hexanol-verdol.html
DATA_GAP,2-Acetylpyrrole,,14079,2-Acetylpyrrole,1072-83-9,"2-ACETYLPYRROLE|1072-83-9|1-(1H-Pyrrol-2-yl)ethanone|1-(1H-Pyrrol-2-yl)ethan-1-one|Ethanone, 1-(1H-pyrrol-2-yl)-|2-Pyrrolylethanone|Methyl pyrrol-2-yl ketone|2-Acetyl-1H-pyrrole|Ketone, methyl pyrrol-2-yl|Methyl 2-pyrrolyl ketone",,2-Acetylpyrrole,{'MySkinRecipes': '1072-83-9'},https://www.myskinrecipes.com/shop/th/musk-มัสก์/2887-2-acetyl-pyrrole.html
DATA_GAP,Beta Caryophyllene,,5281515,(-)-Caryophyllene,87-44-5,"BETA-CARYOPHYLLENE|Caryophyllene|(-)-trans-Caryophyllene|87-44-5|L-Caryophyllene|trans-beta-caryophyllene|beta-Caryophyllen|(-)-Caryophyllene|FEMA No. 2252|(1R,4E,9S)-4,11,11-trimethyl-8-methylidenebicyclo[7.2.0]undec-4-ene",,Beta Caryophyllene (FEMA 2252),{'MySkinRecipes': '87-44-5'},https://www.myskinrecipes.com/shop/th/wood-ไม้-เปลือกไม้/2851-beta-caryophyllene-fema-2252.html
DATA_GAP,Isobutyl Phenyl Acetate,,60998,Isobutyl phenylacetate,102-13-6,"Isobutyl phenylacetate|2-Methylpropyl phenylacetate|BENZENEACETIC ACID, 2-METHYLPROPYL ESTER|Isobutyl phenylethanoate|Phenylacetic acid, isobutyl ester|Isobutyl alpha-toluate|Acetic acid, phenyl-, isobutyl ester|Iphaneine|2-Methylpropyl benzeneacetate|FEMA No. 2210",,Isobutyl Phenyl Acetate,{'MySkinRecipes': '102-13-6'},https://www.myskinrecipes.com/shop/th/vanilla-วานิลลา/2829-isobutyl-phenyl-acetate.html
DATA_GAP,Para Anisaldehyde,,31244,4-Methoxybenzaldehyde,123-11-5|50984-52-6,"4-Methoxybenzaldehyde|123-11-5|P-ANISALDEHYDE|Anisaldehyde|p-Methoxybenzaldehyde|4-Anisaldehyde|Benzaldehyde, 4-methoxy-|Crategine|p-Formylanisole|Obepin",,Para Anisaldehyde (FEMA 2670),{'MySkinRecipes': '123-11-5'},https://www.myskinrecipes.com/shop/th/spice-เผ็ดร้อน/2793-para-anisaldehyde-fema-2670.html
DATA_GAP,Phenethyl Alcohol Phenyl Ethyl Alcohol,,6054,2-Phenylethanol,60-12-8|1321-27-3,2-PHENYLETHANOL|Phenethyl alcohol|60-12-8|Phenylethyl alcohol|Benzeneethanol|Phenylethanol|Phenethanol|2-Phenylethyl alcohol|beta-Phenylethanol|Benzylcarbinol,,Phenethyl Alcohol Phenyl Ethyl Alcohol (FEMA 2858),{'MySkinRecipes': '60-12-8'},https://www.myskinrecipes.com/shop/th/rose-กุหลาบ/2765-phenethyl-alcohol-phenyl-ethyl-alcohol-fema-2858.html
DATA_GAP,Myrmac Aldehyde Precyclemone B Myrcenal,,103648,Precyclemone B,52474-60-9,"Precyclemone B|52474-60-9|1-methyl-3-(4-methylpent-3-enyl)cyclohex-3-ene-1-carbaldehyde|3-Cyclohexene-1-carboxaldehyde, 1-methyl-3-(4-methyl-3-penten-1-yl)-|J28HO9G580|EINECS 257-941-7|1-Methyl-3-(4-methyl-3-pentenyl)-3-cyclohexene-1-carboxaldehyde|UNII-J28HO9G580|DTXSID20866266|3-CYCLOHEXENE-1-CARBOXALDEHYDE, 1-METHYL-3-(4-METHYL-3-PENTEN-1-YL)",,Myrmac Aldehyde Precyclemone B Myrcenal,{'MySkinRecipes': '52474-60-9'},https://www.myskinrecipes.com/shop/th/lily-of-the-valley/2715-myrmac-aldehyde-precyclemone-b-myrcenal.html
DATA_GAP,Alpha Terpinyl Acetate,,111037,alpha-Terpinyl acetate,8007-35-0|80-26-2|10581-37-0,"ALPHA-TERPINYL ACETATE|2-(4-methylcyclohex-3-en-1-yl)propan-2-yl acetate|alpha-Terpineol acetate|p-Menth-1-en-8-yl acetate|p-Menth-1-en-8-ol, acetate|alpha-Terpineol, acetate|.alpha.-Terpinyl acetate|.alpha.-Terpineol acetate|Terpinyl acetate (natural)|DTXSID2026496",,Alpha Terpinyl Acetate (FEMA 3047),{'MySkinRecipes': '80-26-2'},https://www.myskinrecipes.com/shop/th/linalool-ฟรีเซีย/2694-alpha-terpinyl-acetate-fema-3047.html
PROPRIETARY_MIXTURE,Jasmin Cyclopentanone Jasmatone,,114454,2-Hexylcyclopentanone,13074-65-2,"2-Hexylcyclopentanone|13074-65-2|Cyclopentanone, 2-hexyl-|2-n-Hexylcyclopentanone|97O72GYM1E|DTXSID90864355|RefChem:87307|DTXCID80812885|235-970-6|2-Hexylcyclopentan-1-one",,Jasmin Cyclopentanone Jasmatone,{'MySkinRecipes': ''},https://www.myskinrecipes.com/shop/th/jasmine-มะลิ/2673-jasmin-cyclopentanone-jasmatone.html
DATA_GAP,cis-3-Hexenyl Salicylate,,6021887,cis-3-Hexenyl salicylate,68141-22-0|65405-77-8,"3-Hexenyl salicylate|65405-77-8|C78Y9OR6YH|2-Hydroxybenzoic acid, (Z)-3-hexenyl ester|FEMA NO. 4750|3-HEXENYL SALICYLATE, CIS-|3Z-HEXENYL 2-HYDROXYBENZOATE|2-HYDROXYBENZOIC ACID 3Z-HEXENYL ESTER|((E)-hex-3-enyl) 2-hydroxybenzoate|RefChem:918699",,cis-3-Hexenyl Salicylate,{'MySkinRecipes': '65405-77-8'},https://www.myskinrecipes.com/shop/th/green-พืช-ใบไม้เขียว/2610-hexenyl-salicylate-cis-3.html
DATA_GAP,Hexyl Propionate,,88454,Hexyl propionate,2445-76-3,"Hexyl propionate|Hexyl propanoate|Propanoic acid, hexyl ester|1-Hexyl propionate|1-Hexyl propanoate|Propionic acid, hexyl ester|n-Hexyl propionate|FEMA No. 2576|Hexyl propionate (natural)|n-Hexyl n-propionate",,Hexyl Propionate (FEMA 2576),{'MySkinRecipes': '2445-76-3'},https://www.myskinrecipes.com/shop/th/fruit-ผลไม้/2560-hexyl-propionate-fema-2576.html
DATA_GAP,Citrus Carbaldehyde,,93199,"3-Cyclohexene-1-carboxaldehyde, 4-(4-methyl-3-penten-1-yl)-",37677-14-8,"Myrac aldehyde|37677-14-8|4-(4-Methyl-3-pentenyl)cyclohex-3-ene-1-carbaldehyde|3-Cyclohexene-1-carboxaldehyde, 4-(4-methyl-3-pentenyl)-|para-Myrac aldehyde|Isohexenyl cyclohexenyl carboxaldehyde|1-Formyl-4-isohexenyl-4-cyclohexene|EINECS 253-617-4|1-Formyl-4-ixohexenyl-4-cyclohexene|4-(4-Methyl-3-penten-1-yl)-3-cyclohexen-1-carboxaldehyde",,Citrus Carbaldehyde,{'MySkinRecipes': '37677-14-8'},https://www.myskinrecipes.com/shop/th/aldehyde-ไขมัน/2435-citrus-carbaldehyde.html
DATA_GAP,Octyl Butyrate,,61030,Octyl butyrate,110-39-4,"Octyl butyrate|Octyl butanoate|BUTANOIC ACID, OCTYL ESTER|n-Octyl butyrate|Butyric acid, octyl ester|n-Octyl n-butyrate|Caprylyl Butyrate|n-Octyl butanoate|octylbutyrate|FEMA No. 2807",,Octyl Butyrate,{'MySkinRecipes': '110-39-4'},https://www.myskinrecipes.com/shop/th/ungrouped/32357-octyl-butyrate.html
DATA_GAP,Violet Dienyne,,6433089,"(3E)-undeca-1,3-dien-5-yne",166432-52-6|56318-81-1,"1,3-Undecadien-5-yne|(3E)-undeca-1,3-dien-5-yne|166432-52-6|DTXSID6051776|RefChem:400709|DTXCID9030331|605-441-8|(3E)-1,3-undecadien-5-yne|SCHEMBL909680|Q3K23C2DX6",,Violet Dienyne (Violettyne MIP),{'MySkinRecipes': '166432-52-6'},https://www.myskinrecipes.com/shop/th/iris-ไอริส/3583-violet-dienyne.html
DATA_GAP,Fenchyl Acetate,,107217,"1,3,3-Trimethyl-2-norbornanyl acetate",13851-11-1|4057-31-2,"1,3,3-Trimethyl-2-norbornanyl acetate|RefChem:906799|Fenchyl acetate|13851-11-1|Fenchylacetate|2-Norbornanol, 1,3,3-trimethyl-, acetate|FEMA No. 3390|3,3-Dimethyl-8,9-dinorbornan-2-yl acetate|1,3,3-trimethylbicyclo[2.2.1]heptan-2-yl acetate|(1,3,3-trimethyl-2-bicyclo[2.2.1]heptanyl) acetate",,Fenchyl Acetate,{'MySkinRecipes': '13851-11-1'},https://www.myskinrecipes.com/shop/th/konifer-ต้นสน/3557-fenchyl-acetate.html
DATA_GAP,Para Cresyl Isobutyrate,,7685,p-TOLYL ISOBUTYRATE,103-93-5,"p-Tolyl isobutyrate|103-93-5|p-Cresyl isobutyrate|4-Methylphenyl 2-methylpropanoate|p-Methylphenyl isobutyrate|ISOBUTYRIC ACID, p-TOLYL ESTER|Propanoic acid, 2-methyl-, 4-methylphenyl ester|Cresyl isobutyrate, p-|FEMA No. 3075|p-tolyl 2-methylpropanoate",,Para Cresyl Isobutyrate (FEMA 3075),{'MySkinRecipes': '103-93-5'},https://www.myskinrecipes.com/shop/th/phenolic-ยา/3483-para-cresyl-isobutyrate-fema-3075.html
DATA_GAP,Exaltolide Pentadecanolide Exaltolide Total,,235414,Pentadecalactone,106-02-5,Oxacyclohexadecan-2-one|106-02-5|Cyclopentadecanolide|Exaltolide|Pentalide|Muskolactone|Thibetolide|Pentadecan-15-olide|PENTADECALACTONE|omega-Pentadecalactone,,Exaltolide Pentadecanolide Exaltolide Total,{'MySkinRecipes': '106-02-5'},https://www.myskinrecipes.com/shop/th/musk-มัสก์/2888-exaltolide-pentadecanolide-exaltolide-total.html
DATA_GAP,Isolongifolene Ketone,,21116680,Isolongifolanone,33407-62-4|23787-90-8|29461-14-1,"Isolongifolanone|Isolongifolene ketone|5916QUE93V|DTXSID2047228|Isolongifolanone-parent|RefChem:149495|2,2,8,8-tetramethyl-octahydro-1H-2,4a-methanonapthalen-10-one|DTXCID0027228|245-890-3|29461-14-1",,Isolongifolene Ketone,{'MySkinRecipes': '23787-90-8'},https://www.myskinrecipes.com/shop/th/wood-ไม้-เปลือกไม้/2852-isolongifolene-ketone.html
DATA_GAP,Dihydrocoumarin,,660,Dihydrocoumarin,119-84-6,"dihydrocoumarin|3,4-dihydrocoumarin|119-84-6|hydrocoumarin|Benzodihydropyrone|melilotin|2-chromanone|1,2-benzodihydropyrone|melilotic lactone|Melilotine",,Dihydrocoumarin (FEMA 2381),{'MySkinRecipes': '119-84-6'},https://www.myskinrecipes.com/shop/th/vanilla-วานิลลา/2830-dihydrocoumarin-fema-2381.html
DATA_GAP,Estragole,,8815,Estragole,140-67-0,Estragole|4-Allylanisole|140-67-0|1-Allyl-4-methoxybenzene|p-Allylanisole|Methyl chavicol|Esdragol|Chavicol methyl ether|Esdragole|Isoanethole,,Estragole (FEMA 2157),{'MySkinRecipes': '140-67-0'},https://www.myskinrecipes.com/shop/th/spice-เผ็ดร้อน/2794-estragole-fema-2157.html
DATA_GAP,Butyric Acid,,264,Butyric Acid,107-92-6,butyric acid|butanoic acid|107-92-6|n-Butyric acid|n-Butanoic acid|propylformic acid|ethylacetic acid|1-propanecarboxylic acid|Butanic acid|1-Butyric acid,,Butyric Acid (FEMA 2221),{'MySkinRecipes': '107-92-6'},https://www.myskinrecipes.com/shop/th/fatty-acids-fatty-alcohols/2766-butyric-acid-fema-2221.html
DATA_GAP,Cinnamyl Alcohol,,5315892,Cinnamyl Alcohol,4407-36-7|104-54-1,cinnamyl alcohol|104-54-1|3-PHENYL-2-PROPEN-1-OL|cinnamic alcohol|(E)-3-phenylprop-2-en-1-ol|(E)-cinnamyl alcohol|Styryl carbinol|Styrone|3-Phenylallyl alcohol|Styryl alcohol,,Cinnamyl Alcohol (FEMA 2294),{'MySkinRecipes': '104-54-1'},https://www.myskinrecipes.com/shop/th/frankincense-กำยาน/2750-cinnamyl-alcohol-fema-2294.html
DATA_GAP,Cyclamen Homoaldehyde Silvial,,110914,3-(p-Cumenyl)-2-methylpropionaldehyde,6658-48-6,"6658-48-6|3-(p-Cumenyl)-2-methylpropionaldehyde|EINECS 229-695-0|Benzenepropanal, alpha-methyl-4-(2-methylpropyl)-|DTXSID4052346|Benzenepropanal, .alpha.-methyl-4-(2-methylpropyl)-|RefChem:495789|DTXCID4030918|229-695-0|3-(4-isobutylphenyl)-2-methylpropanal",,Cyclamen Homoaldehyde Silvial,{'MySkinRecipes': '6658-48-6'},https://www.myskinrecipes.com/shop/th/lily-of-the-valley/2716-cyclamen-homoaldehyde-silvial.html
DATA_GAP,Linalool Oxide,,22310,"Linalool, oxide",1365-19-1|34995-77-2|5989-33-3|60047-17-8,"DTXSID60863673|RefChem:472774|DTXSID6052746|DTXCID30812259|215-723-9|1365-19-1|4UJJ55KMCS|FEMA No. 3746|Linalool oxide|Linalool, epoxydihydro-",,Linalool Oxide (FEMA 3746),{'MySkinRecipes': '1365-19-1'},https://www.myskinrecipes.com/shop/th/linalool-ฟรีเซีย/2695-linalool-oxide-fema-3746.html
PROPRIETARY_MIXTURE,Freesia Acetate,,,,,,,Freesia Acetate,{'MySkinRecipes': ''},https://www.myskinrecipes.com/shop/th/jasmine-มะลิ/2674-freesia-acetate-myraldyl-acetate.html
DATA_GAP,Hexanal Aldehyde C-6,,6184,Hexanal,66-25-1,HEXANAL|Caproaldehyde|66-25-1|Hexaldehyde|Caproic aldehyde|n-Hexanal|Capronaldehyde|1-Hexanal|n-Caproaldehyde|Hexanaldehyde,,Hexanal Aldehyde C-6 (FEMA 2557),{'MySkinRecipes': '66-25-1'},https://www.myskinrecipes.com/shop/th/green-พืช-ใบไม้เขียว/2611-hexanal-aldehyde-c-6-fema-2557.html
DATA_GAP,Isoamyl Hexanoate,,16617,Isoamyl hexanoate,88164-61-8|2198-61-0,"Isopentyl hexanoate|ISOAMYL HEXANOATE|2198-61-0|3-Methylbutyl hexanoate|Isoamyl caproate|Hexanoic acid, 3-methylbutyl ester|Isopentyl caproate|Isopentyl-n-hexanoate|Hexanoic acid, isopentyl ester|Isopentyl alcohol, hexanoate",,Isoamyl Hexanoate,{'MySkinRecipes': '2198-61-0'},https://www.myskinrecipes.com/shop/th/fruit-ผลไม้/2561-isoamyl-hexanoate.html
DATA_GAP,2-Methyl Decanal,,29381,2-Methyldecanal,19009-56-4,"2-Methyldecanal|19009-56-4|(4) 2-Methyldecanal|Decanal, 2-methyl-|Methyloctylacetaldehyde|DTXSID5021623|RefChem:401776|DTXCID101623|242-745-6|2-Methyl decanal",,2-Methyl Decanal,{'MySkinRecipes': '19009-56-4'},https://www.myskinrecipes.com/shop/th/citrus-ส้ม-เปรี้ยว-สดชื่น/2492-2-methyl-decanal-aldehyde-c-11-moa.html
DATA_GAP,Isovaleraldehyde,,11552,3-Methylbutanal,590-86-3|26140-47-6,"3-Methylbutanal|ISOVALERALDEHYDE|590-86-3|3-Methylbutyraldehyde|Isovaleral|Isopentaldehyde|Butanal, 3-methyl-|Isoamylaldehyde|Isopentanal|Isovalerylaldehyde",,Isovaleraldehyde (FEMA 2692),{'MySkinRecipes': '590-86-3'},https://www.myskinrecipes.com/shop/th/aldehyde-ไขมัน/2437-isovaleraldehyde-fema-2692.html
DATA_GAP,Violet Nitrile Vionil,,105392,"2,6-Nonadienenitrile",67019-89-0,"2,6-Nonadienenitrile|67019-89-0|DTXSID1070482|EINECS 266-545-3|RefChem:83371|DTXCID6044858|violet nitrile|nona-2,6-dienenitrile|SCHEMBL1401493|DSOXXQLCMAEPEZ-UHFFFAOYSA-N",,Violet Nitrile Vionil,{'MySkinRecipes': '67019-89-0'},https://www.myskinrecipes.com/shop/th/iris-ไอริส/33733-violet-nitrile-vionil.html
DATA_GAP,3-Methylcrotonic Acid,,10931,3-Methyl-2-butenoic acid,541-47-9,"3,3-Dimethylacrylic acid|541-47-9|Senecioic acid|3-Methylcrotonic acid|2-Butenoic acid, 3-methyl-|3-METHYL-2-BUTENOIC ACID|beta,beta-Dimethylacrylic acid|beta,beta-Dimethacrylic acid|beta-Methylcrotonic acid|FEMA No. 3187",,3-Methylcrotonic Acid (FEMA 3187),{'MySkinRecipes': '541-47-9'},https://www.myskinrecipes.com/shop/th/phenolic-ยา/31027-3-methylcrotonic-acid-fema-3187.html
DATA_GAP,Alpha-methyl Cinnamaldehyde,,5372813,alpha-METHYLCINNAMALDEHYDE,101-39-3|15174-47-7,"15174-47-7|ALPHA-METHYLCINNAMALDEHYDE|101-39-3|2-Propenal, 2-methyl-3-phenyl-|2-Methyl-3-phenylacrylaldehyde|2-methyl-3-phenylprop-2-enal|2-Methyl-3-phenylacrolein|(E)-2-Methyl-3-phenylacrolein|alpha-Methyl-trans-cinnamaldehyde|(E)-2-methyl-3-phenylprop-2-enal",,Alpha-methyl Cinnamaldehyde,{'MySkinRecipes': '101-39-3'},https://www.myskinrecipes.com/shop/th/spice-เผ็ดร้อน/2795-alpha-methyl-cinnamaldehyde.html
DATA_GAP,Geraniol-98,,637566,Geraniol,68311-14-8|868742-17-0|106-24-1|624-15-7|106-25-2,"GERANIOL|106-24-1|Geranyl alcohol|Lemonol|trans-Geraniol|(E)-3,7-Dimethylocta-2,6-dien-1-ol|(E)-Geraniol|(2E)-3,7-dimethylocta-2,6-dien-1-ol|beta-Geraniol|Geraniol alcohol",,Geraniol-98 (FEMA 2507),{'MySkinRecipes': '106-24-1'},https://www.myskinrecipes.com/shop/th/rose-กุหลาบ/2767-geraniol-98-fema-2507.html
DATA_GAP,Ethyl Cinnamate,,637758,Ethyl Cinnamate,4192-77-2|103-36-6,"ETHYL CINNAMATE|103-36-6|Ethylcinnamate|Cinnamic acid ethyl ester|Ethylcinnamoate|ethyl (E)-3-phenylprop-2-enoate|2-Propenoic acid, 3-phenyl-, ethyl ester|Ethyl benzylideneacetate|FEMA No. 2430|SemaSORB 9827",,Ethyl Cinnamate (FEMA 2430),{'MySkinRecipes': '103-36-6'},https://www.myskinrecipes.com/shop/th/frankincense-กำยาน/2751-ethyl-cinnamate-fema-2430.html
DATA_GAP,Muguet Butanol,,92543,"Benzenepropanol, alpha,beta-dimethyl-",56836-93-2,"3-Methyl-4-phenylbutan-2-ol|AI3-24792|EINECS 260-398-9|Benzenepropanol, alpha,beta-dimethyl-|Benzenepropanol, .alpha.,.beta.-dimethyl-|RefChem:563660|260-398-9|56836-93-2|3-Methyl-4-phenyl-2-butanol|Muguesia",,Muguet Butanol (Muguesia),{'MySkinRecipes': '56836-93-2'},https://www.myskinrecipes.com/shop/th/lily-of-the-valley/2717-muguet-butanol-muguesia.html
DATA_GAP,Trans-2-Hexenal,,5281168,trans-2-Hexenal,1335-39-3|505-57-7|6728-26-3,"trans-2-Hexenal|6728-26-3|(E)-2-HEXENAL|2-trans-Hexenal|2-Hexenal, (2E)-|FEMA No. 2560|69JX3AIR1I|RefChem:1100222|229-778-1|2-HEXENAL",,Trans-2-Hexenal (FEMA 2560),{'MySkinRecipes': '6728-26-3'},https://www.myskinrecipes.com/shop/th/green-พืช-ใบไม้เขียว/2612-trans-2-hexenal-fema-2560.html
DATA_GAP,Furfural,,7362,Furfural,98-01-1,FURFURAL|2-Furaldehyde|furan-2-carbaldehyde|98-01-1|2-Furancarboxaldehyde|Furaldehyde|Furfuraldehyde|2-Formylfuran|Fural|2-Furanaldehyde,,Furfural (FEMA 2489),{'MySkinRecipes': '98-01-1'},https://www.myskinrecipes.com/shop/th/edible-อาหาร/2530-furfural-fema-2489.html
DATA_GAP,Ethyl Palmitate,,12366,Ethyl palmitate,628-97-7,"ETHYL PALMITATE|Ethyl hexadecanoate|628-97-7|Hexadecanoic acid, ethyl ester|Palmitic acid, ethyl ester|Ethyl cetylate|FEMA No. 2451|IRD3M534ZM|DTXSID2047511|NSC-8918",,Ethyl Palmitate (FEMA 2451),{'MySkinRecipes': '628-97-7'},https://www.myskinrecipes.com/shop/th/aldehyde-ไขมัน/2438-ethyl-palmitate-fema-2451.html
DATA_GAP,Carvacrol,,10364,Carvacrol,499-75-2,"CARVACROL|5-Isopropyl-2-methylphenol|499-75-2|Isopropyl-o-cresol|Antioxine|2-p-Cymenol|5-Isopropyl-o-cresol|2-Hydroxy-p-cymene|Phenol, 2-methyl-5-(1-methylethyl)-|Karvakrol",,Carvacrol,{'MySkinRecipes': '499-75-2'},https://www.myskinrecipes.com/shop/th/phenolic-ยา/3721-carvacrol.html
DATA_GAP,Leather Cyclohexanol,,20739,4-Isopropylcyclohexanol,4621-04-9|15890-36-5|22900-08-9,"4-ISOPROPYLCYCLOHEXANOL|4621-04-9|Cyclohexanol, 4-(1-methylethyl)-|p-Isopropylcyclohexanol|Cyclohexanol, 4-isopropyl-|DTXSID2047149|DTXCID0027149|NSC-21123|3N745V536F|RefChem:524339",,Leather Cyclohexanol,{'MySkinRecipes': '4621-04-9'},https://www.myskinrecipes.com/shop/th/animal-สัตว์/3432-leather-cyclohexanol-apo-patchone-coeur-folrosia.html
DATA_GAP,Citronellol-96-dl,,8842,Citronellol,106-22-9|26489-01-0,"Citronellol|106-22-9|3,7-Dimethyloct-6-en-1-ol|Cephrol|3,7-DIMETHYL-6-OCTEN-1-OL|6-Octen-1-ol, 3,7-dimethyl-|Elenol|Rodinol|2,3-Dihydrogeraniol|2,6-Dimethyl-2-octen-8-ol",,Citronellol-96-dl (FEMA 2309),{'MySkinRecipes': '106-22-9'},https://www.myskinrecipes.com/shop/th/rose-กุหลาบ/2768-citronellol-96-dl-fema-2309.html
DATA_GAP,Phenethyl Cinnamate,,5369459,Phenethyl Cinnamate,63238-64-2|103-53-7,"Phenethyl cinnamate|103-53-7|63238-64-2|Phenylethyl cinnamate|Benzylcarbinyl cinnamate|2-Phenylethyl cinnamate|2-Phenylethyl 3-phenylprop-2-enoate|CINNAMIC ACID, PHENETHYL ESTER|beta-Phenylethyl cinnamate|2-Propenoic acid, 3-phenyl-, 2-phenylethyl ester",,Phenethyl Cinnamate (FEMA 2863),{'MySkinRecipes': '103-53-7'},https://www.myskinrecipes.com/shop/th/frankincense-กำยาน/2752-phenethyl-cinnamate-fema-2863.html
DATA_GAP,Isoamyl Octanoate,,16255,3-Methylbutyl octanoate,2035-99-6,"Isopentyl octanoate|Isoamyl octanoate|3-METHYLBUTYL OCTANOATE|Octanoic acid, 3-methylbutyl ester|Isoamyl caprylate|Isoamyl octanoate (natural)|octanoic acid isopentyl ester|EINECS 218-004-8|UNII-2EX40079OL|BRN 1767760",,Isoamyl Octanoate (FEMA 2080),{'MySkinRecipes': '2035-99-6'},https://www.myskinrecipes.com/shop/th/fruit-ผลไม้/2563-isoamyl-octanoate-fema-2080.html
DATA_GAP,Methional,,18635,Methional,3268-49-3,"3-(Methylthio)propionaldehyde|Methional|3268-49-3|Propanal, 3-(methylthio)-|4-Thiapentanal|Propionaldehyde, 3-(methylthio)-|3-Methylmercaptopropyl aldehyde|Methylmercaptopropionic aldehyde|methylmercaptopropionaldehyde|FEMA No. 2747",,Methional (FEMA 2747),{'MySkinRecipes': '3268-49-3'},https://www.myskinrecipes.com/shop/th/edible-อาหาร/2531-methional-fema-2747.html
DATA_GAP,Butyl Lactate,,8738,Butyl Lactate,138-22-7,"BUTYL LACTATE|Butyl 2-hydroxypropanoate|138-22-7|n-Butyl lactate|Propanoic acid, 2-hydroxy-, butyl ester|Lactic acid, butyl ester|2-Hydroxypropanoic acid butyl ester|Butylester kyseliny mlecne|Butyl alpha-hydroxypropionate|FEMA No. 2205",,Butyl Lactate (FEMA 2205),{'MySkinRecipes': '138-22-7'},https://www.myskinrecipes.com/shop/th/dairy-นม-เนย/2515-butyl-lactate-fema-2205.html
DATA_GAP,Dipentene,,22311,1-Methyl-4-Prop-1-En-2-Ylcyclohexene,5989-27-5|8016-20-4|138-86-3|7705-14-8|9003-73-0,1-methyl-4-prop-1-en-2-ylcyclohexene|RefChem:1055817|LIMONENE|Dipentene|138-86-3|Cinene|Cajeputene|DL-Limonene|Kautschin|Dipenten,,Dipentene (DL-Limonene),{'MySkinRecipes': '138-86-3'},https://www.myskinrecipes.com/shop/th/citrus-ส้ม-เปรี้ยว-สดชื่น/2494-dipentene-dl-limonene.html
PROPRIETARY_MIXTURE,Beta Homocyclocitral,,,,,,,Beta Homocyclocitral (FEMA 3474),{'MySkinRecipes': ''},https://www.myskinrecipes.com/shop/th/ice-cold-เย็น/2481-beta-homocyclocitral-fema-3474.html
DATA_GAP,4-Decenal,,5702654,trans-4-Decen-1-al,30390-50-2|65405-70-1,"trans-4-Decen-1-al|65405-70-1|4-trans-Decenal|4-Decenal, (4E)-|FEMA No. 3264|KZ74B5801J|DTXSID0052338|RefChem:1100239|DTXCID4030910|265-741-6",,4-Decenal (FEMA 3264),{'MySkinRecipes': '65405-70-1'},https://www.myskinrecipes.com/shop/th/aldehyde-ไขมัน/2439-4-decenal-fema-3264.html
DATA_GAP,Cyclohexenyl pentanal,,103381,"Cyclohexenebutanal, alpha,2,2,6-tetramethyl-",65405-84-7,"Cyclohexenebutanal, alpha,2,2,6-tetramethyl-|EINECS 265-747-9|2-Methyl-4-(2,6,6-trimethyl-2-cyclohexenyl)butanal|2-Methyl-4-(2,6,6-trimethyl-2(1)-cyclohexen-1-yl) butanal|4-(2,6,6-Trimethyl-2(and/or 3)-cyclohexene)-2-methylbutanal|EC 265-747-9|Cyclohexenebutanal, .alpha.,2,2,6-tetramethyl-|RefChem:129666|65405-84-7|Cetonal",,Cyclohexenyl pentanal,{'MySkinRecipes': '65405-84-7'},https://www.myskinrecipes.com/shop/th/iris-ไอริส/33768-4-266-trimethyl-1-cyclohex-2-enylpentanal-.html
DATA_GAP,Heptyl Butyrate,,62592,Heptyl butyrate,5870-93-9,"Heptyl butyrate|Heptyl butanoate|Butanoic acid, heptyl ester|Butyric acid, heptyl ester|FEMA No. 2549|n-Heptyl butanoate|n-Heptyl n-butyrate|EINECS 227-526-5|UNII-6YF38H29F1|BRN 1760253",,Heptyl Butyrate,{'MySkinRecipes': '5870-93-9'},https://www.myskinrecipes.com/shop/th/ungrouped/32361-heptyl-butyrate-.html
DATA_GAP,Monomenthyl Succinate Menthyl Succinate,,11219061,"Monomenthyl succinate, (-)-",77341-67-4,"77341-67-4|PHYSCOOL|mono-menthyl succinate|Monomenthyl succinate, (-)-|85MHF9Y3DI|FEMA NO. 3810|DTXSID10228071|EC 426-890-4|MONO-MENTHYL SUCCINATE [FHFI]|Butanedioic acid, 1-[(1R,2S,5R)-5-methyl-2-(1-methylethyl)cyclohexyl] ester",,Monomenthyl Succinate Menthyl Succinate (FEMA 3810),{'MySkinRecipes': '77341-67-4'},https://www.myskinrecipes.com/shop/th/ice-cold-เย็น/9239-monomenthyl-succinate-menthyl-succinate-fema-3810.html
DATA_GAP,Dihydrojasmone Lactone Gamma Methyl Decalacton,,285097,Dihydrojasmone lactone,7011-83-8,"Dihydrojasmone lactone|gamma-Methyl-gamma-decanolactone|4-methyl-4-decanolide|2(3H)-Furanone, 5-hexyldihydro-5-methyl-|gamma-Methyldecalactone|gamma-Methyl decalactone|5-hexyl-5-methyldihydrofuran-2(3h)-one|Lactojamon|5-Hexyldihydro-5-methyl-2(3H)-furanone|FEMA No. 3786",,Dihydrojasmone Lactone Gamma Methyl Decalacton (FEMA 3786),{'MySkinRecipes': '7011-83-8'},https://www.myskinrecipes.com/shop/th/jasmine-มะลิ/8015-dihydrojasmone-lactone-gamma-methyl-decalacton-fema-3786.html
DATA_GAP,Naphthalene,,931,Naphthalene,91-20-3,naphthalene|91-20-3|Naphthalin|Tar camphor|White tar|Albocarbon|Naphthene|Camphor tar|naphtalene|Naphthaline,,Naphthalene,{'MySkinRecipes': '91-20-3'},https://www.myskinrecipes.com/shop/th/phenolic-ยา/3989-naphthalene.html
DATA_GAP,Santalol,,5368798,Npc255072,11031-45-1,"RefChem:1092971|Npc255072|SANTALOL|11031-45-1|Santalol (Technical Grade)|(E)-2-methyl-5-(2-methyl-3-methylidene-2-bicyclo[2.2.1]heptanyl)pent-2-en-1-ol|Santalol, Technical grade|SCHEMBL3782160|AC-35163",,Santalol (FEMA 3006),{'MySkinRecipes': '11031-45-1'},https://www.myskinrecipes.com/shop/th/wood-ไม้-เปลือกไม้/2855-santalol-fema-3006.html
DATA_GAP,Cinnamaldehyde,,637511,Cinnamaldehyde,104-55-2|14371-10-9|57194-69-1,"cinnamaldehyde|104-55-2|Zimtaldehyde|Cinnamal|3-Phenylacrylaldehyde|2-Propenal, 3-phenyl-|3-Phenylpropenal|Phenylacrolein|3-Phenyl-2-propenal|(E)-3-phenylprop-2-enal",,Cinnamaldehyde,{'MySkinRecipes': '104-55-2'},https://www.myskinrecipes.com/shop/th/spice-เผ็ดร้อน/2797-cinnamaldehyde-cinnamic-aldehyde.html
DATA_GAP,Benzyl Phenyl Acetate,,60999,Benzyl phenylacetate,102-16-9,"Benzyl phenylacetate|102-16-9|BENZENEACETIC ACID, PHENYLMETHYL ESTER|Benzyl benzeneacetate|Benzyl alpha-toluate|Acetic acid, phenyl-, benzyl ester|FEMA No. 2149|A7LDA0CIWF|EINECS 203-008-4|Phenylacetic acid, benzyl ester",,Benzyl Phenyl Acetate,{'MySkinRecipes': '102-16-9'},https://www.myskinrecipes.com/shop/th/rose-กุหลาบ/2769-benzyl-phenyl-acetate.html
DATA_GAP,Benzyl Cinnamate,,5273469,Benzyl Cinnamate,78277-23-3|103-41-3,"BENZYL CINNAMATE|103-41-3|Cinnamein|Benzyl 3-phenylpropenoate|benzyl (E)-3-phenylprop-2-enoate|trans-Cinnamic acid benzyl ester|Cinnamic acid, benzyl ester|Benzylcinnamate|Benzyl alcohol, cinnamic ester|FEMA No. 2142",,Benzyl Cinnamate (FEMA 2142),{'MySkinRecipes': '103-41-3'},https://www.myskinrecipes.com/shop/th/frankincense-กำยาน/2753-benzyl-cinnamate-fema-2142.html
DATA_GAP,Linalyl Acetate,,8294,Linalyl Acetate,115-95-7,"LINALYL ACETATE|115-95-7|Linalool acetate|Bergamiol|Bergamol|3,7-dimethylocta-1,6-dien-3-yl acetate|Lynalyl acetate|Linalol acetate|Licareol acetate|Acetic acid linalool ester",,Linalyl Acetate (FEMA 2636),{'MySkinRecipes': '115-95-7'},https://www.myskinrecipes.com/shop/th/linalool-ฟรีเซีย/2698-linalyl-acetate-fema-2636.html
DATA_GAP,cis-3-Hexen-1-ol,,5281167,3-Hexenol,928-96-1,cis-3-Hexen-1-ol|928-96-1|(Z)-Hex-3-en-1-ol|Leaf alcohol|cis-3-Hexenol|(Z)-3-Hexen-1-ol|Blatteralkohol|3-Hexenol|Z-3-Hexenol|(3Z)-hex-3-en-1-ol,,cis-3-Hexen-1-ol (Leaf Alcohol),{'MySkinRecipes': '928-96-1'},https://www.myskinrecipes.com/shop/th/green-พืช-ใบไม้เขียว/2614-hexenol-cis-3.html
DATA_GAP,Tropical Thiazole,,61808,2-Isopropyl-4-methylthiazole,15679-13-7,"2-Isopropyl-4-methylthiazole|15679-13-7|Thiazole, 4-methyl-2-(1-methylethyl)-|4-Methyl-2-(1-methylethyl)thiazole|tropical thiazole|Thiazole, 2-isopropyl-4-methyl-|FEMA No. 3555|4-methyl-2-propan-2-yl-1,3-thiazole|4-methyl-2-(propan-2-yl)-1,3-thiazole|2-Isopropyl-4-methyl-1,3-thiazole",,Tropical Thiazole,{'MySkinRecipes': '15679-13-7'},https://www.myskinrecipes.com/shop/th/fruit-ผลไม้/2564-tropical-thiazole.html
DATA_GAP,Fish Thiol-2-Methyl-3-Furanthiol,,34286,2-Methyl-3-furanthiol,28588-74-1,"2-Methyl-3-furanthiol|28588-74-1|2-Methylfuran-3-thiol|3-FURANTHIOL, 2-METHYL-|2-Methyl-3-mercaptofuran|2-Methyl-3-furylthiol|2-Methyl-3-furylmercaptan|FEMA No. 3188|DTXSID5047118|N21RW1N179",,Fish Thiol-2-Methyl-3-Furanthiol (FEMA 3188),{'MySkinRecipes': '28588-74-1'},https://www.myskinrecipes.com/shop/th/edible-อาหาร/2532-fish-thiol-2-methyl-3-furanthiol-fema-3188.html
DATA_GAP,Gamma-Nonalactone,,7710,Gamma-Nonalactone,82373-92-0|57084-16-9|104-61-0,"104-61-0|Gamma-nonalactone|gamma-Nonanolactone|2(3H)-Furanone, dihydro-5-pentyl-|Prunolide|gamma-Nonanolide|Cocos aldehyde|Nonan-1,4-olide|Coconut aldehyde|gamma-Nonylactone",,Gamma-Nonalactone (C-18),{'MySkinRecipes': '104-61-0'},https://www.myskinrecipes.com/shop/th/dairy-นม-เนย/2516-gamma-nonalactone-aldehyde-c-18.html
DATA_GAP,Methyl Heptenone,,9862,6-Methyl-5-hepten-2-one,409-02-9|110-93-0,"6-METHYL-5-HEPTEN-2-ONE|6-Methylhept-5-en-2-one|110-93-0|Sulcatone|METHYL HEPTENONE|5-HEPTEN-2-ONE, 6-METHYL-|2-Oxo-6-methylhept-5-ene|FEMA No. 2707|DTXSID5021629|NSC-15294",,Methyl Heptenone (FEMA 2707),{'MySkinRecipes': '110-93-0'},https://www.myskinrecipes.com/shop/th/citrus-ส้ม-เปรี้ยว-สดชื่น/2495-methyl-heptenone-fema-2707.html
DATA_GAP,2-Methyl-5-Prop-1-En-2-Ylcyclohexan-1-ol,,12072,2-Methyl-5-(1-methylethenyl)cyclohexanol,619-01-2,"2-Methyl-5-(1-methylethenyl)cyclohexanol|2-methyl-5-(1-methylvinyl)cyclohexan-1-ol|RefChem:587704|Dihydrocarveol|619-01-2|1,6-Dihydrocarveol|2-methyl-5-(prop-1-en-2-yl)cyclohexanol|Neodihydrocarveol|Cyclohexanol, 2-methyl-5-(1-methylethenyl)-|8-p-Menthen-2-ol",,2-Methyl-5-Prop-1-En-2-Ylcyclohexan-1-ol (FEMA 2379),{'MySkinRecipes': '619-01-2'},https://www.myskinrecipes.com/shop/th/ice-cold-เย็น/33730-2-methyl-5-prop-1-en-2-ylcyclohexan-1-ol-fema-2379.html
DATA_GAP,Methyl Isobutyrate,,11039,Methyl isobutyrate,547-63-7|26161-42-2,"METHYL ISOBUTYRATE|547-63-7|Methyl 2-methylpropanoate|Methyl 2-methylpropionate|Propanoic acid, 2-methyl-, methyl ester|Isobutyric acid, methyl ester|FEMA No. 2694|EM286QL922|NSC-126780|DTXSID5060275",,Methyl Isobutyrate (FEMA 2694),{'MySkinRecipes': '547-63-7'},https://www.myskinrecipes.com/shop/th/ungrouped/32362-methyl-isobutyrate-fema-2694.html
DATA_GAP,Cuminyl Acetaldehyde,,62654,Cuminyl acetaldehyde,7775-00-0,"7775-00-0|Cuminyl acetaldehyde|Benzenepropanal, 4-(1-methylethyl)-|Cuminacetaldehyde|3-(p-Cumenyl)propionaldehyde|Cymylpropanal, p-|3-p-Cumenylpropionaldehyde|3-(p-Isopropylphenyl)propionaldehyde|FEMA No. 2957|Propionaldehyde, 3-P-cumenyl-",,Cuminyl Acetaldehyde,{'MySkinRecipes': '7775-00-0'},https://www.myskinrecipes.com/shop/th/lily-of-the-valley/3885-cuminyl-acetaldehyde-cyclemax.html
DATA_GAP,Jasmin Pyranol,,161960,5-Methyl-3-butyltetrahydropyran-4-yl acetate,38285-49-3,"38285-49-3|5-Methyl-3-butyltetrahydropyran-4-yl acetate|2H-Pyran-4-ol, 3-butyltetrahydro-5-methyl-, acetate|RefChem:537083|253-863-2|TEPYL ACETATE|(3-butyl-5-methyloxan-4-yl) acetate|3-Butyltetrahydro-5-methyl-2H-pyran-4-yl acetate|EINECS 253-863-2|3-Butyl-5-methyl-tetrahydro-2H-pyran-4-yl acetate",,Jasmin Pyranol (Jessemal),{'MySkinRecipes': '38285-49-3'},https://www.myskinrecipes.com/shop/th/jasmine-มะลิ/3688-jasmin-pyranol-jessemal.html
DATA_GAP,Patchouli Hexanol,,7391,4-tert-Butylcyclohexanol,937-05-3|98-52-2|21862-63-5,"4-tert-Butylcyclohexanol|98-52-2|Cyclohexanol, 4-(1,1-dimethylethyl)-|Padaryl|CYCLOHEXANOL, 4-tert-BUTYL-|DTXSID5026623|DTXCID606623|K0H1405S9C|NSC-404197|PATCHONE",,Patchouli Hexanol (Patchone),{'MySkinRecipes': '98-52-2'},https://www.myskinrecipes.com/shop/th/wood-ไม้-เปลือกไม้/2856-patchouli-hexanol-patchone.html
DATA_GAP,Shoyu Furanone,,93111,5-Ethyl-4-hydroxy-2-methyl-3(2H)-furanone,27538-09-6,"27538-09-6|5-Ethyl-4-hydroxy-2-methyl-3(2H)-furanone|3(2H)-Furanone, 5-ethyl-4-hydroxy-2-methyl-|4-Hydroxy-5-ethyl-2-methyl-3(2H)-furanone|PG3201707P|DTXSID80885392|FEMA NO. 3623, 5-ETHYL-|EHMF cpd|RefChem:535535|DTXCID501024775",,Shoyu Furanone 20% in PG,{'MySkinRecipes': '27538-09-6'},https://www.myskinrecipes.com/shop/th/vanilla-วานิลลา/2834-shoyu-furanone-homofuronol.html
DATA_GAP,Phenethyl Phenyl Acetate,,7601,Phenethyl phenylacetate,102-20-5,"Phenethyl phenylacetate|2-Phenylethyl phenylacetate|Benzeneacetic acid, 2-phenylethyl ester|2-phenylethyl 2-phenylacetate|Phenylethyl phenylacetate|Phenylacetic acid, phenethyl ester|ACETIC ACID, PHENYL-, PHENETHYL ESTER|Benzylcarbinyl alpha-toluate|Phenethyl alpha-toluate|Benzylcarbinyl phenylacetate",,Phenethyl Phenyl Acetate,{'MySkinRecipes': '102-20-5'},https://www.myskinrecipes.com/shop/th/rose-กุหลาบ/2770-phenethyl-phenyl-acetate.html
DATA_GAP,Phenethyl Benzoate,,7194,Phenethyl Benzoate,94-47-3,"Phenethyl benzoate|2-Phenylethyl benzoate|94-47-3|Phenylethyl benzoate|Benzoic acid, 2-phenylethyl ester|Benzylcarbinyl benzoate|Phenethylbenzoate|Phenethyl alcohol, benzoate|BENZOIC ACID, PHENETHYL ESTER|Benzyl carbinyl benzoate",,Phenethyl Benzoate,{'MySkinRecipes': '94-47-3'},https://www.myskinrecipes.com/shop/th/frankincense-กำยาน/2754-phenethyl-benzoate.html
DATA_GAP,Dimethyl Benzyl Carbinyl Butyrate Dmbcb,,24915,"1,1-Dimethyl-2-phenylethyl butyrate",10094-34-5,"1,1-Dimethyl-2-phenylethyl butyrate|RefChem:588253|10094-34-5|Butanoic acid, 1,1-dimethyl-2-phenylethyl ester|Dimethylbenzylcarbinyl butyrate|Benzyldimethylcarbinyl butyrate|Dimethyl benzyl carbinyl butyrate|alpha,alpha-Dimethylphenethyl butyrate|Dmbc butyrate|2-Benzyl-2-propyl butyrate",,Dimethyl Benzyl Carbinyl Butyrate Dmbcb (FEMA 2394),{'MySkinRecipes': '10094-34-5'},https://www.myskinrecipes.com/shop/th/linalool-ฟรีเซีย/2699-dimethyl-benzyl-carbinyl-butyrate-dmbcb-fema-2394.html
DATA_GAP,2-Acetylpyrazine,,30914,Acetylpyrazine,22047-25-2,"Acetylpyrazine|2-ACETYLPYRAZINE|22047-25-2|Ethanone, 1-pyrazinyl-|1-(pyrazin-2-yl)ethan-1-one|1-pyrazin-2-ylethanone|1-Pyrazinylethanone|Pyrazin-1-ylethan-1-one|Ethanone, l-pyrazinyl-|FEMA No. 3126",,2-Acetylpyrazine,{'MySkinRecipes': '22047-25-2'},https://www.myskinrecipes.com/shop/th/edible-อาหาร/2533-2-acetyl-pyrazine.html
SUPPLIER_MISMATCH,Dimethyl Octenone,,86144131,Dimethyl octenone,,dimethyl octenone|SCHEMBL1783003|YXRXDZOBKUTUQZ-UHFFFAOYSA-N,Supplier MySkinRecipes CAS 2550-11-0 error,Dimethyl Octenone,{'MySkinRecipes': '2550-11-0'},https://www.myskinrecipes.com/shop/th/citrus-ส้ม-เปรี้ยว-สดชื่น/2496-dimethyl-octenone.html
DATA_GAP,Octanal Aldehyde C-8,,454,Octanal,9006-52-4|124-13-0,Octanal|124-13-0|Caprylaldehyde|Caprylic aldehyde|n-Octanal|1-octanal|n-Octyl aldehyde|n-Caprylaldehyde|n-Octaldehyde|Octanaldehyde,,Octanal Aldehyde C-8,{'MySkinRecipes': '124-13-0'},https://www.myskinrecipes.com/shop/th/aldehyde-ไขมัน/2441-octanal-aldehyde-c-8.html
DATA_GAP,2-266-Trimethyl-1-Cyclohexenylacetaldehyde,,61124,beta-HOMOCYCLOCITRAL,472-66-2,"2,6,6-Trimethyl-1-cyclohexene-1-acetaldehyde|472-66-2|beta-Homocyclocitral|2,6,6-Trimethyl-1-cyclohexen-1-acetaldehyde|FEMA No. 3474|1-CYCLOHEXENE-1-ACETALDEHYDE, 2,6,6-TRIMETHYL-|beta-Apo-8-carotenal|Cyclohomocitral, beta-|2-(2,6,6-trimethylcyclohex-1-en-1-yl)acetaldehyde|Apo-8-carotenal, beta-",,2-266-Trimethyl-1-Cyclohexenylacetaldehyde (FEMA 3474),{'MySkinRecipes': '472-66-2'},https://www.myskinrecipes.com/shop/th/ice-cold-เย็น/33767-2-266-trimethyl-1-cyclohexenylacetaldehyde-fema-3474.html
DATA_GAP,Propyl Isobutyrate,,12571,Propyl isobutyrate,644-49-5,"PROPYL ISOBUTYRATE|Propyl 2-methylpropanoate|Isobutyric acid n-propyl ester|Isobutyric acid, propyl ester|Propanoic acid, 2-methyl-, propyl ester|Propyl isobutanoate|n-Propyl isobutyrate|n-Propyl 2-methylpropanoate|FEMA No. 2936|UNII-Q0080Q3HHP",,Propyl Isobutyrate (FEMA 2936),{'MySkinRecipes': '644-49-5'},https://www.myskinrecipes.com/shop/th/ungrouped/32363-propyl-isobutyrate-fema-2936.html
DATA_GAP,Amber Butanol,,164422,2-tert-Butylcyclohexyloxybutanol,139504-68-0,"2-Butanol, 1-[[2-(1,1-dimethylethyl)cyclohexyl]oxy]-|2-t-Butylcyclohexyloxy-2-butanol|2-tert-butylcyclohexyloxybutanol|1-(2-tert-butylcyclohexyloxy)-2-butanol|1DR20642YH|2-t-butylcyclohexyloxybutanol|1-[(2-tert-butylcyclohexyl)oxy]butan-2-ol|DTXSID00869896|2-Butanol, 1-((2-(1,1-dimethylethyl)cyclohexyl)oxy)-|1-((2-tert-Butylcyclohexyl)oxy)butan-2-ol",,Amber Butanol (Ambercore),{'MySkinRecipes': '139504-68-0'},https://www.myskinrecipes.com/shop/th/animal-สัตว์/3560-amber-butanol-ambercore.html
DATA_GAP,Globanone,,162268,5-Cyclohexadecen-1-one,37609-25-9,5-Cyclohexadecen-1-one|37609-25-9|DTXSID8047139|1DAH7E9E0D|DTXCID6027139|RefChem:535108|253-568-9|5-Cyclohexadecenone|cyclohexadec-5-en-1-one|MFCD00059511,,Globanone,{'MySkinRecipes': '37609-25-9'},https://www.myskinrecipes.com/shop/th/musk-มัสก์/2893-globanone.html
DATA_GAP,Woody Dioxolane Okoumal,,3034278,"1,3-Dioxolane, 2,4-dimethyl-2-(5,6,7,8-tetrahydro-5,5,8,8-tetramethyl-2-naphthalenyl)-",131812-67-4|131812-52-7,"131812-67-4|1,3-Dioxolane, 2,4-dimethyl-2-(5,6,7,8-tetrahydro-5,5,8,8-tetramethyl-2-naphthalenyl)-|Okoumal|131812-52-7|DTXSID00888946|RefChem:414867|DTXCID701028216|639-471-8|687-591-4|131812-51-6",,Woody Dioxolane Okoumal,{'MySkinRecipes': '131812-67-4'},https://www.myskinrecipes.com/shop/th/wood-ไม้-เปลือกไม้/2857-woody-dioxolane-okoumal.html
DATA_GAP,Phenethyl Acetate,,7654,2-Phenylethyl Acetate,103-45-7,"Phenethyl acetate|2-Phenylethyl acetate|103-45-7|2-Phenethyl acetate|Benzylcarbinyl acetate|Acetic acid, 2-phenylethyl ester|beta-Phenylethyl acetate|Acetic acid, phenethyl ester|FEMA No. 2857|DTXSID7044506",,Phenethyl Acetate (FEMA 2857),{'MySkinRecipes': '103-45-7'},https://www.myskinrecipes.com/shop/th/rose-กุหลาบ/2771-phenethyl-acetate-fema-2857.html
DATA_GAP,Trans-2-Hexenol,,5318042,2-Hexen-1-ol,928-95-0|2305-21-7,2-HEXEN-1-OL|2-Hexenol|Hex-2-en-1-ol|3-Propylallyl alcohol|2305-21-7|FEMA No. 2562|CHEBI:144070|NSC-142553|4786A28X17|DTXSID3051882,,Trans-2-Hexenol (FEMA 2562),{'MySkinRecipes': '928-95-0'},https://www.myskinrecipes.com/shop/th/green-พืช-ใบไม้เขียว/2616-trans-2-hexenol-fema-2562.html
DATA_GAP,Allyl Heptanoate,,8878,Allyl Heptanoate,142-19-8,"Allyl heptanoate|Allyl heptylate|Allyl enanthate|2-Propenyl heptanoate|Allyl heptoate|Prop-2-en-1-yl heptanoate|Heptanoic acid, 2-propenyl ester|HEPTANOIC ACID, ALLYL ESTER|Allylester kyseliny enanthove|FEMA No. 2031",,Allyl Heptanoate (FEMA 2031),{'MySkinRecipes': '142-19-8'},https://www.myskinrecipes.com/shop/th/fruit-ผลไม้/2566-allyl-heptanoate-fema-2031.html
DATA_GAP,Shoyu Pyrazine,,27458,"2,3-Diethylpyrazine",15707-24-1,"2,3-DIETHYLPYRAZINE|Pyrazine, 2,3-diethyl-|shoyu pyrazine|FEMA No. 3136|EINECS 239-800-1|UNII-AD31A42VY0|AD31A42VY0|DTXSID6047101|2,3-Diethyl-pyrazine|DTXCID4027101",,Shoyu Pyrazine,{'MySkinRecipes': '15707-24-1'},https://www.myskinrecipes.com/shop/th/edible-อาหาร/2534-shoyu-pyrazine.html
DATA_GAP,Homogeranyl Nitrile,,112446,"3,7-Dimethyl-2,6-nonadienenitrile",61792-11-8,"3,7-Dimethylnona-2,6-dienenitrile|Lemonile|3,7-Dimethyl-2,6-nonadienenitrile|2,6-Nonadienenitrile, 3,7-dimethyl-|EINECS 263-214-5|UNII-B8MK5EZU56|B8MK5EZU56|DTXSID1052296|EC 263-214-5|RefChem:91882",,Homogeranyl Nitrile (Lemonile),{'MySkinRecipes': '61792-11-8'},https://www.myskinrecipes.com/shop/th/citrus-ส้ม-เปรี้ยว-สดชื่น/2497-homogeranyl-nitrile-lemonile.html
PROPRIETARY_MIXTURE,Menthol Crystal Low Bitter,,,,,,,Menthol Crystal Low Bitter ไม่ขม,{'MySkinRecipes': ''},https://www.myskinrecipes.com/shop/th/ice-cold-เย็น/125625-menthol-crystal-low-bitter-ไม่ขม.html
DATA_GAP,Butyl Isobutyrate,,7353,Butyl isobutyrate,97-87-0,"Butyl isobutyrate|97-87-0|Butyl 2-methylpropanoate|Butyl isobutanoate|Propanoic acid, 2-methyl-, butyl ester|Isobutyric acid, butyl ester|n-Butyl isobutyrate|FEMA No. 2188|MFCD00048773|PW9UJ5C0F3",,Butyl Isobutyrate (FEMA 2188),{'MySkinRecipes': '97-87-0'},https://www.myskinrecipes.com/shop/th/ungrouped/32364-butyl-isobutyrate-fema-2188-.html
DATA_GAP,2-Isobutyl Quinoline,,7130,2-Isobutylquinoline,93-19-6,"2-Isobutylquinoline|2-(2-Methylpropyl)quinoline|Quinoline, 2-(2-methylpropyl)-|2-Isobutyl quinoline|alpha-Isobutylquinoline|QUINOLINE, 2-ISOBUTYL-|BRN 0117444|EINECS 202-227-2|AI3-36193|.alpha.-Isobutylquinoline",,2-Isobutyl Quinoline,{'MySkinRecipes': '93-19-6'},https://www.myskinrecipes.com/shop/th/animal-สัตว์/4001-2-isobutyl-quinoline.html
DATA_GAP,Muguet Carboxaldehyde,,112226,"1,2,3,4,5,6,7,8-Octahydro-8,8-dimethyl-2-naphthaldehyde",68991-97-9,"Cyclomugual|CYCLOMYRAL|1,2,3,4,5,6,7,8-Octahydro-8,8-dimethyl-2-naphthaldehyde|UNII-86K5N052WT|MELAFLEUR|2-Naphthalenecarboxaldehyde, 1,2,3,4,5,6,7,8-octahydro-8,8-dimethyl-|86K5N052WT|EINECS 273-661-8|DTXSID3052434|8,8-Dimethyl-1,2,3,4,5,6,7,8-octahydro-2-naphthalenecarboxaldehyde",,Muguet Carboxaldehyde,{'MySkinRecipes': '68991-97-9'},https://www.myskinrecipes.com/shop/th/lily-of-the-valley/3845-muguet-carboxaldehyde-cyclomugual-cyclomyral-melafleur.html
DATA_GAP,Phenethyl Isobutyrate,,7655,Phenethyl isobutyrate,103-48-0,"Phenethyl isobutyrate|103-48-0|2-Phenylethyl isobutyrate|2-Phenylethyl 2-methylpropanoate|Phenylethyl isobutyrate|Benzylcarbinol isobutyrate|Phenethyl 2-methylpropanoate|Benzylcarbinyl isobutyrate|ISOBUTYRIC ACID, PHENETHYL ESTER|Phenethyl 2-methylpropionate",,Phenethyl Isobutyrate (FEMA 2862),{'MySkinRecipes': '103-48-0'},https://www.myskinrecipes.com/shop/th/rose-กุหลาบ/2772-phenethyl-isobutyrate-fema-2862.html
DATA_GAP,235-Trimethyl Pyrazine,,26808,Trimethylpyrazine,14667-55-1,"2,3,5-Trimethylpyrazine|14667-55-1|TRIMETHYLPYRAZINE|Pyrazine, trimethyl-|2,3,5-Trimethyl pyrazine|2,3,6-Trimethylpyrazine|FEMA No. 3244|Q8PR0W8TIT|DTXSID1047075|DTXCID9027075",,235-Trimethyl Pyrazine (FEMA 3244),{'MySkinRecipes': '14667-55-1'},https://www.myskinrecipes.com/shop/th/edible-อาหาร/2535-235-trimethyl-pyrazine-fema-3244.html
DATA_GAP,Methyl Laitone,,175596,"1-Oxaspiro(4.5)decan-2-one, 8-methyl-",94201-19-1,"8-METHYL-1-OXASPIRO[4.5]DECAN-2-ONE|EINECS 303-602-4|1-Oxaspiro[4.5]decan-2-one, 8-methyl-|1-Oxaspiro(4.5)decan-2-one, 8-methyl-|DTXSID70888736|8-Methyl-1-oxaspiro(4.5)decan-2-one|RefChem:76811|DTXCID901028012|303-602-4|94201-19-1",,Methyl Laitone 10%,{'MySkinRecipes': '94201-19-1'},https://www.myskinrecipes.com/shop/th/dairy-นม-เนย/2519-coconut-decanone-methyl-methyl-laitone.html
DATA_GAP,Octanoic Acid c8-Caprylic Acid,,379,Octanoic Acid,124-07-2|287111-08-4,octanoic acid|caprylic acid|124-07-2|n-octanoic acid|n-caprylic acid|Octylic acid|octoic acid|n-octylic acid|1-heptanecarboxylic acid|n-Octoic acid,,Octanoic Acid c8-Caprylic Acid (FEMA 2799),{'MySkinRecipes': '124-07-2'},https://www.myskinrecipes.com/shop/th/fatty-acids-fatty-alcohols/2443-octanoic-acid-c8-caprylic-acid-fema-2799.html
DATA_GAP,Isobutyl Isobutyrate,,7351,Isobutyl isobutyrate,97-85-8,"Isobutyl isobutyrate|97-85-8|2-Methylpropyl 2-methylpropanoate|Isobutyl isobutanoate|Isobutyl 2-methylpropanoate|2-Methylpropyl 2-methylpropionate|2-METHYLPROPYL ISOBUTYRATE|Isobutyric acid, isobutyl ester|Propanoic acid, 2-methyl-, 2-methylpropyl ester|Isobutylester kyseliny isomaselne",,Isobutyl Isobutyrate (FEMA 2189),{'MySkinRecipes': '97-85-8'},https://www.myskinrecipes.com/shop/th/ungrouped/32365-isobutyl-isobutyrate-fema-2189-.html
DATA_GAP,2-Pentyl Cyclopentanone,,20959,2-Pentylcyclopentan-1-one,4819-67-4,"2-Pentylcyclopentan-1-one|RefChem:585670|2-PENTYLCYCLOPENTANONE|4819-67-4|2-n-pentylcyclopentanone|Delfone|Cyclopentanone, 2-pentyl-|2-pentyl cyclopentanone|2-pentyl-cyclopentanone|2873H3P924",,2-Pentyl Cyclopentanone,{'MySkinRecipes': '4819-67-4'},https://www.myskinrecipes.com/shop/th/jasmine-มะลิ/3717-2-pentyl-cyclopentanone.html
SUPPLIER_MISMATCH,Delta Nonalactone,,138644,Nonalactone,6008-27-1,Nonalactone|6008-27-1|DTXSID10208818|RefChem:1092496|DTXCID60131309|oxecan-2-one|2-Oxecanone|nonanolactone|nonanolide|Oxa-2-cyclodecanone,Supplier MySkinRecipes CAS 3301-94-8 error,Delta Nonalactone (FEMA 3356),{'MySkinRecipes': '3301-94-8'},https://www.myskinrecipes.com/shop/th/dairy-นม-เนย/3667-delta-nonalactone-fema-3356.html
SUPPLIER_MISMATCH,Dihydro Beta Ionone,,6431122,"4-(2,2,6-Trimethylcyclohexyl)-3-buten-2-one",36208-32-9,"4-(2,2,6-Trimethylcyclohexyl)-3-buten-2-one|EINECS 252-912-5|36208-32-9|RefChem:96972|252-912-5|Dihydroionone|Iron,wire|SCHEMBL813341|YJRODKCOICMRBO-BQYQJAHWSA-N|e-4-(2,6,6-trimethyl-cyclohexyl)-but-3-en-2-one",Supplier MySkinRecipes CAS 17283-81-7 error,Dihydro Beta Ionone,{'MySkinRecipes': '17283-81-7'},https://www.myskinrecipes.com/shop/th/wood-ไม้-เปลือกไม้/2859-dihydro-beta-ionone.html
DATA_GAP,"Peony Acetonitrile, Peonile",,66327,Alpha-cyclohexylidene benzeneacetonitrile,10461-98-0,"alpha-cyclohexylidene benzeneacetonitrile|RefChem:555479|2-cyclohexylidene-2-phenylacetonitrile|10461-98-0|Benzeneacetonitrile, a-cyclohexylidene-|cyclohexylidene(phenyl)acetonitrile|(S)-.alpha.,alpha.,4-trimethylcyclohex-3-ene-1-methylacetate|Cyclohexylidenephenylacetonitrile|peony acetonitrile|NSC408284",,"Peony Acetonitrile, Peonile",{'MySkinRecipes': '10461-98-0'},https://www.myskinrecipes.com/shop/th/rose-กุหลาบ/2773-peony-acetonitrile.html
DATA_GAP,2-Octanone Methyl Hexyl Ketone,,8093,2-Octanone,111-13-7,2-OCTANONE|Octan-2-one|111-13-7|Hexyl methyl ketone|Methyl hexyl ketone|n-Hexyl methyl ketone|Methyl n-hexyl ketone|2-Oxooctane|FEMA No. 2802|FEMA Number 2802,,2-Octanone Methyl Hexyl Ketone (FEMA 2802),{'MySkinRecipes': '111-13-7'},https://www.myskinrecipes.com/shop/th/linalool-ฟรีเซีย/2702-2-octanone-methyl-hexyl-ketone-fema-2802.html
DATA_GAP,Methyl Isovalerate,,11160,Methyl isovalerate,556-24-1,"Methyl isovalerate|Methyl 3-methylbutanoate|556-24-1|Butanoic acid, 3-methyl-, methyl ester|FEMA No. 2753|Methyl isovalerate (natural)|EINECS 209-117-3|Methyl iso-valerate|isopentanoic acid methyl ester|BRN 1699922",,Methyl Isovalerate,{'MySkinRecipes': '556-24-1'},https://www.myskinrecipes.com/shop/th/fruit-ผลไม้/2568-methyl-isovalerate.html
DATA_GAP,"3,5-Cocoa Pyrazine",,26334,"2-Ethyl-3,5-dimethylpyrazine",13925-07-0|55031-15-7,"2-ETHYL-3,5-DIMETHYLPYRAZINE|13925-07-0|Pyrazine, 2-ethyl-3,5-dimethyl-|3-Ethyl-2,6-dimethylpyrazine|2,6-Dimethyl-3-ethylpyrazine|2-Ethyl-3,5-dimethyl pyrazine|R182EY5L8C|DTXSID7065679|FEMA NO. 3150|RefChem:86882",,"3,5-Cocoa Pyrazine",{'MySkinRecipes': '13925-07-0'},https://www.myskinrecipes.com/shop/th/edible-อาหาร/2536-3-5-cocoa-pyrazine.html
DATA_GAP,Ethyl Nonanoate,,31251,Ethyl Nonanoate,123-29-5,"ETHYL NONANOATE|123-29-5|Ethyl pelargonate|Nonanoic acid, ethyl ester|Wine ether|Pelargonic Acid Ethyl Ester|FEMA No. 2447|KSH683S98J|DTXSID1047651|NSC-8901",,Ethyl Nonanoate (FEMA 2447),{'MySkinRecipes': '123-29-5'},https://www.myskinrecipes.com/shop/th/aldehyde-ไขมัน/2444-ethyl-nonanoate-fema-2447.html
DATA_GAP,"Lily Propanol, Majantol",,175948,Majantol,103694-68-4,"103694-68-4|Majantol|Benzenepropanol, beta,beta,3-trimethyl-|7S411YY2VY|RefChem:899824|403-140-4|2,2-Dimethyl-3-(m-tolyl)propan-1-ol|2,2-dimethyl-3-(3-methylphenyl)propan-1-ol|2,2-Dimethyl-3-(3-methylphenyl)propanol|Trimethylbenzenepropanol",,"Lily Propanol, Majantol",{'MySkinRecipes': '103694-68-4'},https://www.myskinrecipes.com/shop/th/lily-of-the-valley/33720-lily-propanol-majantol.html
DATA_GAP,2-Methylbutyl Isobutyrate,,97883,2-Methylbutyl isobutyrate,2445-69-4,"2-Methylbutyl isobutyrate|2445-69-4|2-Methylbutyl 2-methylpropanoate|Isobutyric acid, 2-methylbutyl ester|Propanoic acid, 2-methyl-, 2-methylbutyl ester|UC67Z9233Z|EINECS 219-493-0|NSC-53946|AI3-06019|2-METHYLBUTYL ISOBUTANOATE",,2-Methylbutyl Isobutyrate,{'MySkinRecipes': '2445-69-4'},https://www.myskinrecipes.com/shop/th/ungrouped/32366-2-methylbutyl-isobutyrate.html
DATA_GAP,Gamma Heptalactone,,7742,gamma-Heptalactone,57129-71-2|105-21-5,"gamma-Heptalactone|105-21-5|4-Heptanolide|5-propyloxolan-2-one|gamma-Heptanolactone|2(3H)-Furanone, dihydro-5-propyl-|Heptan-4-olide|1,4-Heptanolide|Heptanolide-4,1|gamma-Propiobutyrolactone",,Gamma Heptalactone (FEMA 2539),{'MySkinRecipes': '105-21-5'},https://www.myskinrecipes.com/shop/th/dairy-นม-เนย/3496-gamma-heptalactone-fema-2539.html
DATA_GAP,Orris Hexanone,,27941,4-tert-Pentylcyclohexanone,16587-71-6,"16587-71-6|4-tert-Pentylcyclohexanone|4-tert-Amylcyclohexanone|Cyclohexanone, 4-(1,1-dimethylpropyl)-|4-(1,1-Dimethylpropyl)cyclohexanone|Orivone|CYCLOHEXANONE, 4-tert-PENTYL-|NSC 21167|4-(tert-Pentyl)-cyclohexanone|EINECS 240-642-0",,Orris Hexanone (Orivone),{'MySkinRecipes': '16587-71-6'},https://www.myskinrecipes.com/shop/th/wood-ไม้-เปลือกไม้/2860-orris-hexanone-orivone.html
DATA_GAP,Valspice-4-Methyl Guaiacol,,7144,2-Methoxy-4-Methylphenol,93-51-6,"2-METHOXY-4-METHYLPHENOL|93-51-6|Creosol|Phenol, 2-methoxy-4-methyl-|4-Methyl guaiacol|p-Methylguaiacol|p-Creosol|2-Methoxy-4-cresol|4-Methyl-2-methoxyphenol|p-Cresol, 2-methoxy-",,Valspice-4-Methyl Guaiacol (FEMA 2671),{'MySkinRecipes': '93-51-6'},https://www.myskinrecipes.com/shop/th/spice-เผ็ดร้อน/2802-valspice-4-methyl-guaiacol-fema-2671-.html
DATA_GAP,Phenethyl Formate,,7711,2-Phenylethyl formate,104-62-1,"2-Phenylethyl formate|Phenethyl formate|104-62-1|Formic acid, 2-phenylethyl ester|Phenethyl alcohol, formate|Benzylcarbinyl formate|Phenylethyl formate|2-Phenethyl formate|2-Phenethyl methanoate|Benzeneethanol, formate",,Phenethyl Formate,{'MySkinRecipes': '104-62-1'},https://www.myskinrecipes.com/shop/th/rose-กุหลาบ/2774-phenethyl-formate.html
DATA_GAP,Methyl Butyrate,,12180,Methyl butyrate,623-42-7,"Methyl butyrate|Methyl butanoate|623-42-7|Butanoic acid, methyl ester|METHYL N-BUTYRATE|Methyl n-butanoate|Methyl-n-butyrate|FEMA No. 2693|DTXSID5047083|CGX598508O",,Methyl Butyrate (FEMA 2693),{'MySkinRecipes': '623-42-7'},https://www.myskinrecipes.com/shop/th/fruit-ผลไม้/2569-methyl-butyrate-fema-2693.html
DATA_GAP,Mandarine Aldehyde,,5283361,2-Dodecenal,20407-84-5|4826-62-4|82107-89-9,"2-DODECENAL|4826-62-4|DTXSID0052122|RefChem:1062977|DTXCID001838749|225-402-5|trans-2-Dodecenal|20407-84-5|2-Dodecenal, (2E)-|(E)-dodec-2-enal",,Mandarine Aldehyde 10%,{'MySkinRecipes': '20407-84-5'},https://www.myskinrecipes.com/shop/th/citrus-ส้ม-เปรี้ยว-สดชื่น/2500-mandarine-aldehyde-10.html
DATA_GAP,5,,11332852,"4-Hydroxy-4-methyl decenoic acid gamma lactone, (7Z)-",70851-61-5,"Lactone of cis-jasmone|waxy lactone|Lactone of cis Jasmone|70851-61-5|KRQ6Q31HYG|(Z)-5-Hex-3-enyldihydro-5-methylfuran-2(3H)-one|4-Methyl-cis-decene gamma-lactone|EINECS 274-942-8|4-Methyl-4-hydroxy-cis-7-decenoic acid lactone|2(3H)-Furanone, 5-(3Z)-3-hexenyldihydro-5-methyl-",,5(6) Decenoic Acid (FEMA 3742),{'MySkinRecipes': '70851-61-5'},https://www.myskinrecipes.com/shop/th/dairy-นม-เนย/32504-56-decenoic-acid-fema-3742.html
DATA_GAP,Butyl 2-Methylbutyrate,,61812,Butyl 2-methyl butyrate,15706-73-7,"Butyl 2-methylbutyrate|15706-73-7|n-butyl 2-methylbutyrate|Butanoic acid, 2-methyl-, butyl ester|butyl 2-methyl butyrate|n-Butyl-2-methylbutyrate|alpha-Butyl 2-methylbutylate|FEMA No. 3393|n-Butyl 2-methyl butyrate|Butyric acid, 2-methyl-, butyl ester",,Butyl 2-Methylbutyrate (FEMA 3393),{'MySkinRecipes': '15706-73-7'},https://www.myskinrecipes.com/shop/th/ungrouped/32368--butyl-2-methylbutyrate-fema-3393.html
DATA_GAP,Isoamyl Benzoate,,7193,Isoamyl benzoate,54846-63-8|94-46-2,"Isoamyl benzoate|Isopentyl benzoate|94-46-2|3-Methylbutyl benzoate|1-Butanol, 3-methyl-, benzoate|Isopentyl alcohol, benzoate|1-(3-Methyl)butyl benzoate|3-Methyl-1-butyl benzoate|BENZOIC ACID, ISOPENTYL ESTER|Benzoic acid, 1-(3-methyl)butyl ester",,Isoamyl Benzoate (FEMA 2058),{'MySkinRecipes': '94-46-2'},https://www.myskinrecipes.com/shop/th/frankincense-กำยาน/4009-isoamyl-benzoate-fema-2058.html
PROPRIETARY_MIXTURE,iso-Muscone,,,,,,,iso-Muscone 50% in IPM,{'MySkinRecipes': ''},https://www.myskinrecipes.com/shop/th/musk-มัสก์/2897-cyclohexadecanone-muscone-iso.html
DATA_GAP,Bisabolene Jecfa-1336,,62346,gamma-Bisabolene,495-62-5,"Bisabolene|495-62-5|CYCLOHEXENE, 4-(1,5-DIMETHYL-4-HEXENYLIDENE)-1-METHYL-|1-methyl-4-(6-methylhept-5-en-2-ylidene)cyclohexene|CHEBI:49237|Cyclohexene, 4-(1,5-dimethyl-4-hexen-1-ylidene)-1-methyl-|E6941S3U3Q|RefChem:197860|2-Heptene, 2-methyl-6-(4-methyl-3-cyclohexen-1-ylidene)-|CHEBI:49235",,Bisabolene Jecfa-1336 (FEMA 3331),{'MySkinRecipes': '495-62-5'},https://www.myskinrecipes.com/shop/th/spice-เผ็ดร้อน/2803-bisabolene-fema-3331-jecfa-1336.html
DATA_GAP,Geranyl Formate,,5282109,Geranyl formate,105-86-2,"Geranyl formate|105-86-2|GERANIOL FORMATE|Geranyl methanoate|Formic acid, geraniol ester|FEMA No. 2514|2,6-Octadien-1-ol, 3,7-dimethyl-, formate, (E)-|[(2E)-3,7-dimethylocta-2,6-dienyl] formate|trans-3,7-Dimethyl-2,6-octadien-1-yl formate|2,6-Octadien-1-ol, 3,7-dimethyl-, formate, (2E)-",,Geranyl Formate (FEMA 2514),{'MySkinRecipes': '105-86-2'},https://www.myskinrecipes.com/shop/th/rose-กุหลาบ/2775-geranyl-formate-fema-2514.html
DATA_GAP,Ethyl Isobutyrate,,7342,Ethyl isobutyrate,97-62-1,"ETHYL ISOBUTYRATE|97-62-1|Ethyl 2-methylpropanoate|Ethyl isobutanoate|Propanoic acid, 2-methyl-, ethyl ester|Ethyl 2,2-dimethylacetate|Ethyl 2-methylpropionate|Isobutyric acid, ethyl ester|FEMA No. 2428|9A9661LN4H",,Ethyl Isobutyrate (FEMA 2428),{'MySkinRecipes': '97-62-1'},https://www.myskinrecipes.com/shop/th/fruit-ผลไม้/2570-ethyl-isobutyrate-fema-2428.html
DATA_GAP,Pamplefleur,,3021997,2-Methyl-4-phenyl-1-pentanol,92585-24-5,"92585-24-5|2-Methyl-4-phenylpentanol|2-Methyl-4-phenyl-1-pentanol|Benzenebutanol, beta,delta-dimethyl-|DTXSID1052616|RefChem:88152|DTXCID5031189|402-770-7|2-methyl-4-phenylpentan-1-ol|Pamplefleur",,Pamplefleur,{'MySkinRecipes': '92585-24-5'},https://www.myskinrecipes.com/shop/th/citrus-ส้ม-เปรี้ยว-สดชื่น/2501-pamplefleur.html
DATA_GAP,Ethyl Octanoate,,7799,Ethyl octanoate,106-32-1,"ETHYL OCTANOATE|Ethyl caprylate|106-32-1|Ethyl n-octanoate|Octanoic acid, ethyl ester|Caprylic acid ethyl ester|Ethyl octoate|FEMA No. 2449|DTXSID8051542|81C5MOP582",,Ethyl Octanoate (FEMA 2449),{'MySkinRecipes': '106-32-1'},https://www.myskinrecipes.com/shop/th/aldehyde-ไขมัน/2446-ethyl-octanoate-fema-2449.html
DATA_GAP,L-Ambregrisox,,10857465,(-)-Ambroxide,100679-85-4|6790-58-5,"(-)-Ambroxide|6790-58-5|Ambroxide|Ambroxan|(-)-ambrox|Ambroxide, (-)-|K60YJF1E9A|(3aR,5aS,9aS,9bR)-3a,6,6,9a-tetramethyldodecahydronaphtho[2,1-b]furan|AMBERMOX|AMBROFIX",,L-Ambregrisox,{'MySkinRecipes': '6790-58-5'},https://www.myskinrecipes.com/shop/th/animal-สัตว์/252973-l-ambregrisox.html
DATA_GAP,Isoamyl 2-Methylbutyrate,,520326,Isoamyl 2-methylbutyrate,27625-35-0|93803-99-7,"27625-35-0|3-Methylbutyl 2-methylbutanoate|Isopentyl 2-methylbutyrate|Isoamyl 2-methylbutyrate|Butanoic acid, 2-methyl-, 3-methylbutyl ester|Isopentyl 2-methylbutanoate|3-Methylbutyl 2-methylbutyrate|Isoamyl 2-methylbutanoate|Isoamyl alpha-methylbutyrate|FEMA No. 3505",,Isoamyl 2-Methylbutyrate (FEMA 3505),{'MySkinRecipes': '27625-35-0'},https://www.myskinrecipes.com/shop/th/ungrouped/32370-isoamyl-2-methylbutyrate-fema-3505-.html
DATA_GAP,Ocimene Oxirane,,94648,"2,2-Dimethyl-3-(3-methylpenta-2,4-dienyl)oxirane",69103-20-4,"2,2-Dimethyl-3-(3-methylpenta-2,4-dienyl)oxirane|Oxirane, 2,2-dimethyl-3-(3-methyl-2,4-pentadienyl)-|DTXSID3052436|RefChem:441315|DTXCID5031008|69103-20-4|ocimene oxirane|UNII-GI3799S29T|SCHEMBL1472148|2,2-dimethyl-3-(3-methylpenta-2,4-dien-1-yl)oxirane",,Ocimene Oxirane,{'MySkinRecipes': '69103-20-4'},https://www.myskinrecipes.com/shop/th/ไม่มีสาร/3846-ocimene-oxirane.html
DATA_GAP,Dihydrolinalool,,86749,Dihydrolinalool,18479-51-1|2270-57-7,"Dihydrolinalool|3,7-Dimethyloct-6-en-3-ol|18479-51-1|3,7-Dimethyl-6-octen-3-ol|6-Octen-3-ol, 3,7-dimethyl-|VW0O7I863L|DTXSID1044809|J208.378G|DTXCID9024809|RefChem:91898",,Dihydrolinalool,{'MySkinRecipes': '18479-51-1'},https://www.myskinrecipes.com/shop/th/linalool-ฟรีเซีย/3593-dihydrolinalool-dihydro-linalool.html
DATA_GAP,Ambretone,,162268,5-Cyclohexadecen-1-one,37609-25-9,5-Cyclohexadecen-1-one|37609-25-9|DTXSID8047139|1DAH7E9E0D|DTXCID6027139|RefChem:535108|253-568-9|5-Cyclohexadecenone|cyclohexadec-5-en-1-one|MFCD00059511,,Ambretone (Velvione),{'MySkinRecipes': '37609-25-9'},https://www.myskinrecipes.com/shop/th/musk-มัสก์/2898-ambretone-velvione.html
DATA_GAP,Cuminyl Nitrile,,26289,4-Isopropylbenzonitrile,13816-33-6,"4-Isopropylbenzonitrile|Cuminyl nitrile|Benzonitrile, 4-(1-methylethyl)-|p-Cyanocumene|p-Isopropylbenzonitrile|Cuminonitrile|Cuminic nitrile|BENZONITRILE, p-ISOPROPYL-|4-(1-Methylethyl)benzonitrile|EINECS 237-492-3",,Cuminyl Nitrile,{'MySkinRecipes': '13816-33-6'},https://www.myskinrecipes.com/shop/th/spice-เผ็ดร้อน/2804-cuminyl-nitrile.html
DATA_GAP,Geranyl Acetate,,1549026,Geranyl Acetate,105-87-3|33843-18-4|16409-44-2|68311-13-7,"GERANYL ACETATE|105-87-3|Geranyl ethanoate|[(2E)-3,7-dimethylocta-2,6-dienyl] acetate|Acetic acid, geraniol ester|Geranyl acetate A|trans-3,7-Dimethyl-2,6-octadien-1-yl acetate|trans-Geraniol acetate|2,6-Octadien-1-ol, 3,7-dimethyl-, acetate, (E)-|(E)-3,7-Dimethylocta-2,6-dien-1-yl acetate",,Geranyl Acetate (FEMA 2509),{'MySkinRecipes': '105-87-3'},https://www.myskinrecipes.com/shop/th/rose-กุหลาบ/2776-geranyl-acetate-fema-2509.html
DATA_GAP,Peach Cyclopentanone,,175661,2-(2-(4-Methylcyclohex-3-en-1-yl)propyl)cyclopentan-1-one,95962-14-4,"NECTARYL|95962-14-4|2-(2-(4-Methyl-3-cyclohexen-1-yl)propyl)cyclopentanone|2-[2-(4-methylcyclohex-3-en-1-yl)propyl]cyclopentan-1-one|2-(p-Menthen-1-ene-9-yl)cyclopentan-1-one|P1K3Z8A8HJ|DTXSID3052646|2-(2-(4-Methylcyclohex-3-en-1-yl)propyl)cyclopentan-1-one|Cyclopentanone, 2-(2-(4-methyl-3-cyclohexen-1-yl)propyl)-|Cyclopentanone, 2-[2-(4-methyl-3-cyclohexen-1-yl)propyl]-",,Peach Cyclopentanone,{'MySkinRecipes': '95962-14-4'},https://www.myskinrecipes.com/shop/th/fruit-ผลไม้/2571-peach-cyclopentanone.html
DATA_GAP,Ethyl Laurate,,7800,Ethyl Dodecanoate,106-33-2,"ETHYL LAURATE|Ethyl dodecanoate|106-33-2|Dodecanoic acid, ethyl ester|Ethyl laurinate|Lauric acid, ethyl ester|dodecanoic acid ethyl ester|FEMA No. 2441|F389D4MD5K|DTXSID4047044",,Ethyl Laurate (FEMA 2441),{'MySkinRecipes': '106-33-2'},https://www.myskinrecipes.com/shop/th/aldehyde-ไขมัน/2447-ethyl-laurate-fema-2441.html
DATA_GAP,Dihydrocarvyl Acetate,,30248,Dihydrocarvyl acetate,20777-49-5|20405-60-1,"Dihydrocarvyl acetate|Tuberyl acetate|Dihydrocarveyl acetate|Carhydrine|8-p-Menthen-2-yl acetate|EINECS 243-794-6|Cyclohexanol, 2-methyl-5-(1-methylethenyl)-, acetate, (1R,2R,5R)-rel-|p-Menth-8(9)-en-2-yl acetate|FEMA No. 2380|Cyclohexanol, 2-methyl-5-(1-methylethenyl)-, 1-acetate",,Dihydrocarvyl Acetate (FEMA 2380),{'MySkinRecipes': '20777-49-5'},https://www.myskinrecipes.com/shop/th/linalool-ฟรีเซีย/33702-dihydrocarvyl-acetate-fema-2380.html
WIP_DISCREPANCY,Hexyl Isovalerate Hexyl-3-Methylbutanoate,,61455,,10032-13-0,"Hexyl isovalerate|Hexyl 3-methylbutanoate|10032-13-0|Hexyl isopentanoate|Butanoic acid, 3-methyl-, hexyl ester|n-Hexyl isopentanoate|Isovaleric acid, hexyl ester|Hexyl isovaleriate|Hexyl isovalerianate|3-Methylbutyric acid hexyl ester",,Hexyl Isovalerate Hexyl-3-Methylbutanoate (FEMA 3500),{'MySkinRecipes': '10032-13-0'},https://www.myskinrecipes.com/shop/th/ungrouped/32371--hexyl-isovalerate-hexyl-3-methylbutanoate-fema-3500.html
WIP_VERIFIED,Grapefruit Nitrile,,156605,"2,2,4-Trimethyl-4-phenyl-butane-nitrile",75490-39-0,"2,2,4-trimethyl-4-phenyl-butane-nitrile|EC 422-580-8|Benzenebutanenitrile, alpha,alpha,gamma-trimethyl-|Benzenebutanenitrile, .alpha.,.alpha.,.gamma.-trimethyl-|RefChem:440726|422-580-8|75490-39-0|Benzenebutanenitrile,alpha,alpha,gamma-trimethyl-|2,2-dimethyl-4-phenylpentanenitrile|SCHEMBL235642",,Grapefruit Nitrile,{'MySkinRecipes': '75490-39-0'},https://www.myskinrecipes.com/shop/th/citrus-ส้ม-เปรี้ยว-สดชื่น/3876-grapefruit-nitrile-khusinil.html
WIP_VERIFIED,Isovaleric Acid,,10430,Isovaleric Acid,503-74-2|35915-22-1|92634-50-9,"ISOVALERIC ACID|3-Methylbutanoic acid|503-74-2|Isopentanoic acid|3-Methylbutyric acid|Isopropylacetic acid|Delphinic acid|Butanoic acid, 3-methyl-|Isovalerianic acid|Isobutylformic acid",,Isovaleric Acid (FEMA 3102),{'MySkinRecipes': '503-74-2'},https://www.myskinrecipes.com/shop/th/dairy-นม-เนย/3725-isovaleric-acid-fema-3102.html
WIP_VERIFIED,4-Carvomenthenol Terpinen-4-ol,,11230,Terpinen-4-ol,562-74-3,Terpinen-4-ol|562-74-3|4-Carvomenthenol|4-Terpineol|1-Terpinen-4-ol|Terpinenol-4|1-p-Menthen-4-ol|Terpene-4-ol|1-Menthene-4-ol|TERPINENE-4-OL,,4-Carvomenthenol Terpinen-4-ol (FEMA 2248),{'MySkinRecipes': '562-74-3'},https://www.myskinrecipes.com/shop/th/spice-เผ็ดร้อน/3427-4-carvomenthenol-terpinen-4-ol-fema-2248.html
WIP_VERIFIED,Applelide,,57759198,"Propanedioic acid, 1-[1-(3,3-dimethylcyclohexyl)ethyl] 3-ethyl ester",478695-70-4,"Propanedioic acid, 1-(3,3-dimethylcyclohexyl)ethyl ethyl ester|DTXSID10889186|Propanedioic acid, 1-(1-(3,3-dimethylcyclohexyl)ethyl) 3-ethyl ester|Propanedioic acid, 1-[1-(3,3-dimethylcyclohexyl)ethyl] 3-ethyl ester|RefChem:868930|DTXCID701028454|478695-70-4|SCHEMBL233611|QISVACSCBGQBEZ-UHFFFAOYSA-N|1-(3,3-Dimethylcyclohexyl)ethyl ethyl propanedioate",,Applelide,{'MySkinRecipes': '478695-70-4'},https://www.myskinrecipes.com/shop/th/musk-มัสก์/2899-applelide.html
WIP_VERIFIED,Dimethyl Octanol,,7792,"3,7-Dimethyl-1-octanol",1117-60-8|106-21-8|68680-98-8|1333-49-9,"3,7-Dimethyloctan-1-ol|3,7-Dimethyl-1-octanol|106-21-8|Tetrahydrogeraniol|Dihydrocitronellol|Geraniol tetrahydride|1-OCTANOL, 3,7-DIMETHYL-|Dimethyl octanol|Geraniol, perhydro-|FEMA No. 2391",,Dimethyl Octanol,{'MySkinRecipes': '106-21-8'},https://www.myskinrecipes.com/shop/th/rose-กุหลาบ/2777-dimethyl-octanol.html
WIP_VERIFIED,Pyridine,,1049,Pyridine,110-86-1,PYRIDINE|110-86-1|Azabenzene|Azine|Pyridin|Piridina|Pirydyna|RCRA waste number U196|CP 32|NCI-C55301,,Pyridine (FEMA 2966),{'MySkinRecipes': '110-86-1'},https://www.myskinrecipes.com/shop/th/edible-อาหาร/2538-pyridine-fema-2966.html
WIP_VERIFIED,Ethyl Decanoate,,8048,Ethyl caprate,110-38-3,"ETHYL DECANOATE|Ethyl caprate|110-38-3|Ethyl decylate|Decanoic acid, ethyl ester|Capric acid ethyl ester|FEMA No. 2432|DTXSID0044363|GY39FB86UO|NSC-8909",,Ethyl Decanoate (FEMA 2432),{'MySkinRecipes': '110-38-3'},https://www.myskinrecipes.com/shop/th/aldehyde-ไขมัน/2448-ethyl-decanoate-fema-2432.html
SUPPLIER_MISMATCH,Methyl 2-4-Tert Butylphenylacetate,,75484,"Methyl 2,3-Dihydroxybenzoate",2411-83-8,"Methyl 2,3-dihydroxybenzoate|2411-83-8|o-Pyrocatechuic acid, methyl ester|Benzoic acid, 2,3-dihydroxy-, methyl ester|EINECS 219-317-2|AI3-20956|DTXSID20178836|NSC 174147|Methyl 2|3-Dihydroxybenzoate",Supplier MySkinRecipes CAS 68738-99-8 error,Methyl 2-4-Tert Butylphenylacetate (FEMA 2690),{'MySkinRecipes': '68738-99-8'},https://www.myskinrecipes.com/shop/th/dairy-นม-เนย/33710-methyl-2-4-tert-butylphenylacetate-fema-2690.html
WIP_VERIFIED,Propyl Caproate,,12293,Propyl hexanoate,626-77-7,"PROPYL HEXANOATE|Propyl caproate|Hexanoic acid, propyl ester|FEMA No. 2949|Propyl hexanoate (natural)|UNII-30A840S94U|EINECS 210-963-0|NSC 53784|NSC-53784|30A840S94U",,Propyl Caproate (FEMA 2949),{'MySkinRecipes': '626-77-7'},https://www.myskinrecipes.com/shop/th/ungrouped/32376-propyl-caproatefema-2949.html
WIP_VERIFIED,Waxy Nitrile,,90818,2-Tridecenenitrile,22629-49-8,2-Tridecenenitrile|22629-49-8|Tridecennitrile-2|DTXSID5047667|EINECS 245-142-6|BT3KRX4DA6|DTXCID3027667|tridec-2-enonitrile|RefChem:89502|245-142-6,,Waxy Nitrile (Ozonil),{'MySkinRecipes': '22629-49-8'},https://www.myskinrecipes.com/shop/th/citrus-ส้ม-เปรี้ยว-สดชื่น/3617-waxy-nitrile-ozonil.html
WIP_VERIFIED,Ethyl Cyclopentenolone,,62752,3-Ethyl-2-hydroxy-2-cyclopenten-1-one,21835-01-8,"21835-01-8|3-ETHYL-2-HYDROXY-2-CYCLOPENTEN-1-ONE|2-Cyclopenten-1-one, 3-ethyl-2-hydroxy-|2-Hydroxy-3-ethyl-2-cyclopenten-1-one|FEMA No. 3152|3-Ethyl-2-cyclopenten-2-ol-1-one|3-ETHYL-1,2-CYCLOPENTANEDIONE|XH8EA788C9|DTXSID0044232|RefChem:501250",,Ethyl Cyclopentenolone (ECP),{'MySkinRecipes': '21835-01-8'},https://www.myskinrecipes.com/shop/th/vanilla-วานิลลา/3614-ethyl-cyclopentenolone.html
WIP_VERIFIED,Para-anisyl Propanal,,64813,2-Methyl-3-(p-methoxyphenyl)propanal,5462-06-6,"3-(4-methoxyphenyl)-2-methylpropanal|2-Methyl-3-(p-methoxyphenyl)propanal|2-(p-Anisyl)propanal|2-Anisylpropional|L7QWJ4USPC|p-Methoxyhydratropaldehyde|2-Methyl-3-(4-methoxyphenyl)propionaldehyde|Benzenepropanal, 4-methoxy-.alpha.-methyl-|EINECS 226-749-5|4-Methoxy-alpha-methylbenzenepropanal",,Para-anisyl Propanal (Canthoxal),{'MySkinRecipes': '5462-06-6'},https://www.myskinrecipes.com/shop/th/spice-เผ็ดร้อน/3466-para-anisyl-propanal-canthoxal.html
DATA_GAP,Sandal Cyclopropane,,,,,,,Sandal Cyclopropane (Javanol),{'MySkinRecipes': '198404-98-7'},https://www.myskinrecipes.com/shop/th/wood-ไม้-เปลือกไม้/2864-sandal-cyclopropane-javanol.html
WIP_VERIFIED,Rose Acetate,,7007,Rosacetol,90-17-5,"2,2,2-Trichloro-1-phenylethyl acetate|90-17-5|Rosacetol|Rose crystals|alpha-(Trichloromethyl)benzyl acetate|Rosephenone|Trichloromethylphenylcarbinyl acetate|Trichlor phenyl methyl carbinyl acetate|NSC 165582|DTXSID2047725",,Rose Acetate,{'MySkinRecipes': '90-17-5'},https://www.myskinrecipes.com/shop/th/rose-กุหลาบ/2778-rose-acetate.html
WIP_VERIFIED,cis-3-Hexenyl Benzoate,,5367706,"3-Hexenyl benzoate, (3Z)-",25152-85-6,"cis-3-Hexenyl benzoate|25152-85-6|(3Z)-Hex-3-en-1-yl benzoate|(Z)-3-Hexenyl benzoate|FEMA No. 3688|3-Hexenyl benzoate, (Z)-|3-Hexen-1-ol, benzoate, (Z)-|3-Hexenyl benzoate, cis-|(Z)-Hex-3-enyl benzoate|3-Hexenyl benzoate, (3Z)-",,cis-3-Hexenyl Benzoate (FEMA-3688),{'MySkinRecipes': '25152-85-6'},https://www.myskinrecipes.com/shop/th/green-พืช-ใบไม้เขียว/2623-cis-3-hexenyl-benzoate-fema-3688.html
WIP_VERIFIED,Methyl 2-Methyl Butyrate,,13357,Methyl 2-methylbutyrate,53955-81-0|868-57-5,"Methyl 2-methylbutyrate|868-57-5|METHYL 2-METHYLBUTANOATE|Butanoic acid, 2-methyl-, methyl ester|Butyric acid, 2-methyl-, methyl ester|Methyl anteisovalerate|FEMA No. 2719|DTXSID1052587|2-methylbutanoic acid methyl ester|Methyl alpha-methylbutyrate",,Methyl 2-Methyl Butyrate (FEMA 2719),{'MySkinRecipes': '868-57-5'},https://www.myskinrecipes.com/shop/th/fruit-ผลไม้/2573-methyl-2-methyl-butyrate-fema-2719.html
WIP_VERIFIED,Butyl Phenyl Acetate,,31210,Butyl phenylacetate,122-43-0,"Butyl phenylacetate|butyl 2-phenylacetate|Benzeneacetic acid, butyl ester|n-Butyl phenylacetate|Butyl benzene acetate|Butyl alpha-toluate|Butyl benzeneacetate|Butyl phenylethanoate|Phenylethanoic acid butyl ester|ACETIC ACID, PHENYL-, BUTYL ESTER",,Butyl Phenyl Acetate,{'MySkinRecipes': '122-43-0'},https://www.myskinrecipes.com/shop/th/edible-อาหาร/2539-butyl-phenyl-acetate.html
WIP_VERIFIED,2-Methyl Undecanal Aldehyde C-12-Mna,,61031,2-Methylundecanal,110-41-8,"2-Methylundecanal|110-41-8|UNDECANAL, 2-METHYL-|Aldehyde M.N.A.|Methylnonylacetaldehyde|Aldehyde C-12|Methyl-n-nonylacetaldehyde|2-Methylhendecanal|Methylnonylacetic aldehyde|Aldehyde C-12 mna",,2-Methyl Undecanal Aldehyde C-12-Mna,{'MySkinRecipes': '110-41-8'},https://www.myskinrecipes.com/shop/th/aldehyde-ไขมัน/2449-2-methyl-undecanal-aldehyde-c-12-mna.html
WIP_VERIFIED,2-Methyl Butyl Hexanoate,,102855,"Hexanoic acid, 2-methylbutyl ester",2601-13-0,"2-Methylbutyl hexanoate|2601-13-0|2-Methylbutyl caproate|Hexanoic acid, 2-methylbutyl ester|EINECS 220-005-3|WE(4:0(2Me)/6:0)|AI3-33716|DTXSID30862996|RefChem:787345|DTXCID50811683",,2-Methyl Butyl Hexanoate,{'MySkinRecipes': '2601-13-0'},https://www.myskinrecipes.com/shop/th/ungrouped/32378-2-methyl-butyl-hexanoate.html
WIP_VERIFIED,Methyl Cyclopentenolone,,6660,2-Hydroxy-3-methyl-2-cyclopenten-1-one,80-71-7,"80-71-7|Cyclotene|Corylone|2-HYDROXY-3-METHYL-2-CYCLOPENTEN-1-ONE|2-hydroxy-3-methylcyclopent-2-en-1-one|Cycloten|2-Cyclopenten-1-one, 2-hydroxy-3-methyl-|Methylcyclopentenolone|Cyclotene (ordorant)|2-Hydroxy-1-methylcyclopenten-3-one",,"Methyl Cyclopentenolone (MCP, Cyclotene, Maple Lactone)",{'MySkinRecipes': '80-71-7'},https://www.myskinrecipes.com/shop/th/vanilla-วานิลลา/8011-methyl-cyclopentenolone-mcp-cyclotene-maple-lactone.html
WIP_VERIFIED,Nootkatone,,1268142,(+)-Nootkatone,4674-50-4|28834-25-5,"NOOTKATONE|(+)-Nootkatone|4674-50-4|DTXSID8047050|(4R,4aS,6R)-4,4a-dimethyl-6-prop-1-en-2-yl-3,4,5,6,7,8-hexahydronaphthalen-2-one|IZ2Y119N4J|1(10),11-Eremophiladien-2-one|2(3H)-Naphthalenone, 4,4a,5,6,7,8-hexahydro-4,4a-dimethyl-6-(1-methylethenyl)-, (4R,4aS,6R)-|DTXCID6027050|FEMA NO. 4941",,Nootkatone (FEMA 3166),{'MySkinRecipes': '4674-50-4'},https://www.myskinrecipes.com/shop/th/citrus-ส้ม-เปรี้ยว-สดชื่น/3713-nootkatone-fema-3166.html
WIP_VERIFIED,Cuminaldehyde,,326,Cuminaldehyde,122-03-2,"4-isopropylbenzaldehyde|cuminaldehyde|122-03-2|cumaldehyde|cuminic aldehyde|cuminal|p-cumic aldehyde|Cumic aldehyde|Cuminyl aldehyde|Benzaldehyde, 4-(1-methylethyl)-",,Cuminaldehyde (FEMA 2341),{'MySkinRecipes': '122-03-2'},https://www.myskinrecipes.com/shop/th/spice-เผ็ดร้อน/3527-cuminaldehyde-fema-2341.html
SUPPLIER_MISMATCH,Woody Amylene,,3019017,"3,4,5,6,6-Pentamethylhept-3-en-2-one",86115-11-9,"3,4,5,6,6-Pentamethylhept-3-en-2-one|DTXSID6052582|RefChem:485657|DTXCID3031155|86115-11-9|3-Hepten-2-one, 3,4,5,6,6-pentamethyl-|WOODY AMYLENE|SCHEMBL236626|IXIYWQIFBRZMNR-UHFFFAOYSA-N|NS00092698",Supplier MySkinRecipes CAS 81786-73-4 error,Woody Amylene (Koavone),{'MySkinRecipes': '81786-73-4'},https://www.myskinrecipes.com/shop/th/wood-ไม้-เปลือกไม้/2865-woody-amylene-koavone.html
WIP_VERIFIED,Beta Damascone,,5374527,beta-DAMASCONE,23726-92-3|35044-68-9|23726-91-2,"beta-Damascone|23726-91-2|Damasione|4-(2,6,6-Trimethylcyclohex-1-enyl)but-2-en-4-one|DTXSID7051890|(2E)-1-(2,6,6-trimethylcyclohex-1-en-1-yl)but-2-en-1-one|J131X1Y3RE|DTXCID50210415|DORINONE|RefChem:1079676",,Beta Damascone (FEMA 3243),{'MySkinRecipes': '23726-91-2'},https://www.myskinrecipes.com/shop/th/rose-กุหลาบ/2779-beta-damascone-fema-3243.html
WIP_VERIFIED,2-Isobutyl-3-methoxypyrazine,,32594,2-Isobutyl-3-methoxypyrazine,24683-00-9,"2-ISOBUTYL-3-METHOXYPYRAZINE|24683-00-9|3-Isobutyl-2-methoxypyrazine|2-Methoxy-3-(2-methylpropyl)pyrazine|2-Methoxy-3-isobutylpyrazine|Pyrazine, 2-methoxy-3-(2-methylpropyl)-|DTXSID9051907|FEMA No. 3132|Pyrazine, 2-isobutyl-3-methoxy-|S327O0T12O",,2-Isobutyl-3-methoxypyrazine (IBMP),{'MySkinRecipes': '24683-00-9'},https://www.myskinrecipes.com/shop/th/green-พืช-ใบไม้เขียว/2624-2-isobutyl-3-methoxypyrazine.html
WIP_VERIFIED,Tropical Ionone,,5365976,Allyl-alpha-ionone,79-78-7,"Allyl alpha-ionone|79-78-7|Allyl-alpha-ionone|Ionone, allyl alpha-|FEMA No. 2033|8IP66F9ODG|DTXSID4047591|1,6-HEPTADIEN-3-ONE, 1-(2,6,6-TRIMETHYL-2-CYCLOHEXEN-1-YL)-|RefChem:554848|DTXCID20809638",,Tropical Ionone,{'MySkinRecipes': '79-78-7'},https://www.myskinrecipes.com/shop/th/fruit-ผลไม้/2574-tropical-ionone-allyl-alpha-ionone-cetone-v.html
WIP_VERIFIED,Tetramethyl Pyrazine,,14296,Tetramethylpyrazine,1124-11-4,"2,3,5,6-Tetramethylpyrazine|TETRAMETHYLPYRAZINE|1124-11-4|Ligustrazine|Chuanxiongzine|Tetrapyrazine|chuanxingzine|FEMA No. 3237|TMPZ|2,3,5,6,-Tetramethyl-1,4-pyrazine",,Tetramethyl Pyrazine,{'MySkinRecipes': '1124-11-4'},https://www.myskinrecipes.com/shop/th/edible-อาหาร/2540-tetramethyl-pyrazine-2-3-5-6.html
WIP_VERIFIED,Methyl Octanoate Methyl Caprylate,,8091,,111-11-5,"Methyl octanoate|111-11-5|Methyl caprylate|Caprylic acid methyl ester|Methyl n-octanoate|Octanoic acid methyl ester|OCTANOIC ACID, METHYL ESTER|Uniphat A20|Methyl octylate|FEMA No. 2728",,Methyl Octanoate Methyl Caprylate (FEMA 2728),{'MySkinRecipes': '111-11-5'},https://www.myskinrecipes.com/shop/th/aldehyde-ไขมัน/2450-methyl-octanoate-methyl-caprylate-fema-2728.html
WIP_VERIFIED,Propyl Octanoate,,69351,Propyl octanoate,624-13-5,"Propyl octanoate|Octanoic acid, propyl ester|VU5LA9XGW7|n-propyl octanoate|n-Propyl n-octanoate|NSC-23736|DTXSID9060782|CHEBI:87374|4-02-00-00987 (Beilstein Handbook Reference)|RefChem:176511",,Propyl Octanoate (Propyl Caprylate),{'MySkinRecipes': '624-13-5'},https://www.myskinrecipes.com/shop/th/ungrouped/32379-propyl-octanoate.html
WIP_DISCREPANCY,Methyl Octalactone Whiskey Lactone,,62900,,39212-23-2,Oaklactone|3-Methyl-4-octanolide|beta-Methyl-gamma-octalactone|4-Hydroxy-3-methyloctanoic acid lactone|FEMA No. 3803|5-Butyl-4-methyldihydro-2(3H)-furanone|HKX8Y5BUAO|RefChem:902193|254-357-4|Whiskey lactone,,Methyl Octalactone Whiskey Lactone (FEMA 3803),{'MySkinRecipes': '39212-23-2'},https://www.myskinrecipes.com/shop/th/vanilla-วานิลลา/3694-methyl-octalactone-whiskey-lactone-fema-3803.html
WIP_VERIFIED,Cinnamyl Butyrate,,5355254,Cinnamyl butyrate,103-61-7|78761-39-4,"Cinnamyl butyrate|103-61-7|Cinnamyl butanoate|78761-39-4|BUTYRIC ACID, CINNAMYL ESTER|FEMA No. 2296|3-Phenyl-2-propen-1-yl butanoate|Butanoic acid, 3-phenyl-2-propenyl ester|[(E)-3-phenylprop-2-enyl] butanoate|TKZ9V37P1G",,Cinnamyl Butyrate (FEMA 2296),{'MySkinRecipes': '103-61-7'},https://www.myskinrecipes.com/shop/th/spice-เผ็ดร้อน/3481-cinnamyl-butyrate-fema-2296.html
WIP_VERIFIED,Ambrettolide-99,,3591866,,7779-50-2,1-oxacycloheptadec-7-en-2-one|7779-50-2|(7E)-1-oxacycloheptadec-7-en-2-one|Ambrettol||O-6-Hexadecenlactone|SCHEMBL7552857|HMWPDRYGIBLSHB-UHFFFAOYSA-N|HAA77950|MSK167261|AKOS030254953,,Ambrettolide-99 (FEMA 2555),{'MySkinRecipes': '7779-50-2'},https://www.myskinrecipes.com/shop/th/musk-มัสก์/2902-ambrettolide-99-fema-2555.html
WIP_VERIFIED,"Floral Pyran, Rosyrane Super",,108443,,60335-71-9,"60335-71-9|4-methyl-2-phenyl-3,6-dihydro-2H-pyran|Rosyrane|3,6-Dihydro-4-methyl-2-phenyl-2H-pyran|EINECS 262-187-7|2H-Pyran, 3,6-dihydro-4-methyl-2-phenyl-|DTXSID00866805|RefChem:484342|DTXCID10815046|262-187-7",,"Floral Pyran, Rosyrane Super",{'MySkinRecipes': '60335-71-9'},https://www.myskinrecipes.com/shop/th/rose-กุหลาบ/2780-floral-pyran-rosyrane-super.html
WIP_VERIFIED,Isobutyl Alcohol,,6560,Isobutanol,78-83-1,"Isobutanol|2-Methyl-1-propanol|ISOBUTYL ALCOHOL|2-Methylpropan-1-ol|78-83-1|Isopropylcarbinol|1-Propanol, 2-methyl-|1-Hydroxymethylpropane|Iso-butyl alcohol|2-Methylpropyl alcohol",,Isobutyl Alcohol,{'MySkinRecipes': '78-83-1'},https://www.myskinrecipes.com/shop/th/fruit-ผลไม้/2575-isobutyl-alcohol.html
WIP_VERIFIED,2-Acetyl Pyridine,,14286,2-Acetylpyridine,30440-88-1|1122-62-9,"2-ACETYLPYRIDINE|1122-62-9|Methyl 2-pyridyl ketone|1-pyridin-2-ylethanone|1-(Pyridin-2-Yl)Ethan-1-One|Ketone, methyl 2-pyridyl|2-Acetopyridine|Ethanone, 1-(2-pyridinyl)-|FEMA No. 3251|629O10UI3L",,2-Acetyl Pyridine (FEMA 3251),{'MySkinRecipes': '1122-62-9'},https://www.myskinrecipes.com/shop/th/edible-อาหาร/2541-2-acetyl-pyridine-fema-3251.html
WIP_VERIFIED,Octanol,,957,1-Octanol,111-87-5|220713-26-8|29063-28-3,1-octanol|Octan-1-ol|N-octanol|111-87-5|Octyl alcohol|caprylic alcohol|n-Octyl alcohol|Heptyl carbinol|1-Hydroxyoctane|Octilin,,Octanol,{'MySkinRecipes': '111-87-5'},https://www.myskinrecipes.com/shop/th/aldehyde-ไขมัน/2451-octanol.html
WIP_VERIFIED,Propyl Decanoate,,121739,Propyl caprate,30673-60-0,"Propyl decanoate|30673-60-0|n-Propyl decanoate|propyl caprate|Decanoic acid, propyl ester|Propyl caprate (natural)|S0HE9GRS1W|Propyl caprate (decanoate)|EINECS 250-283-1|AI3-33576",,Propyl Decanoate,{'MySkinRecipes': '30673-60-0'},https://www.myskinrecipes.com/shop/th/ungrouped/32382-propyl-decanoate.html
WIP_VERIFIED,Oxyoctaline Formate,,103377,"1-Naphthalenol, 1,2,3,4,4a,7,8,8a-octahydro-2,4a,5,8a-tetramethyl-, 1-formate",65405-72-3,"65405-72-3|1-Naphthalenol, 1,2,3,4,4a,7,8,8a-octahydro-2,4a,5,8a-tetramethyl-, 1-formate|2,4a,5,8a-Tetramethyl-1,2,3,4,4a,7,8,8a-octahydro-1-naphthyl formate|EINECS 265-742-1|DTXSID90867144|2,5,9,10-Tetramethyl-5,6-dehydro-1-decalyl formate|1,2,3,4,4a,7,8,8a-Octahydro-2,4a,5,8a-tetramethyl-1-naphthyl formate|RefChem:76523|DTXCID20815350|265-742-1",,Oxyoctaline Formate (Amber Formate),{'MySkinRecipes': '65405-72-3'},https://www.myskinrecipes.com/shop/th/wood-ไม้-เปลือกไม้/2867-amber-formate-oxyoctaline-formate.html
NATURAL_MIXTURE,"Phenoxanol, Mefrosol, Rose Absolute Pentalol",,108312,Phenylisohexanol,55066-48-3,"3-methyl-5-phenylpentan-1-ol|55066-48-3|3-Methyl-5-phenyl-1-pentanol|phenoxanol|3-Methyl-5-phenylpentanol|Phenylisohexanol|Mefrosol|phenylhexanol|DTXSID4044822|Benzenepentanol, .gamma.-methyl-",,"Phenoxanol, Mefrosol, Rose Absolute Pentalol",{'MySkinRecipes': '55066-48-3'},https://www.myskinrecipes.com/shop/th/rose-กุหลาบ/2781-phenoxanol-mefrosol-rose-absolute-pentalol.html
WIP_VERIFIED,Octyl Acetate,,8164,Octyl Acetate,112-14-1,"Octyl acetate|112-14-1|n-Octyl acetate|Acetic acid, octyl ester|Caprylyl acetate|Octyl ethanoate|n-Octanyl acetate|Octyl alcohol acetate|Octyl acetate, normal|FEMA No. 2806",,Octyl Acetate (FEMA-2806),{'MySkinRecipes': '112-14-1'},https://www.myskinrecipes.com/shop/th/green-พืช-ใบไม้เขียว/2626-octyl-acetate-fema-2806.html
WIP_VERIFIED,Aldehyde C-16-Strawberry,,6501,Ethyl 3-methyl-3-phenylglycidate,19464-95-0|77-83-8,"77-83-8|Ethyl 3-methyl-3-phenylglycidate|ETHYL METHYLPHENYLGLYCIDATE|Strawberry aldehyde|Aldehyde C-16|EMPG|C-16 aldehyde|Oxiranecarboxylic acid, 3-methyl-3-phenyl-, ethyl ester|Aldehyde C16|Ethyl(methylphenyl)glycidate",,Aldehyde C-16-Strawberry (FEMA 2444),{'MySkinRecipes': '77-83-8'},https://www.myskinrecipes.com/shop/th/fruit-ผลไม้/2576-aldehyde-c-16-strawberry-fema-2444.html
WIP_VERIFIED,Nonanoic Acid,,8158,Nonanoic Acid,112-05-0|68937-75-7,NONANOIC ACID|Pelargonic acid|112-05-0|n-Nonanoic acid|Nonoic acid|Nonylic acid|Pelargic acid|1-Octanecarboxylic acid|n-Nonylic acid|n-Nonoic acid,,Nonanoic Acid,{'MySkinRecipes': '112-05-0'},https://www.myskinrecipes.com/shop/th/fatty-acids-fatty-alcohols/2452-nonanoic-acid.html
WIP_VERIFIED,Methyl Heptanoate,,7826,Methyl heptanoate,106-73-0,"METHYL HEPTANOATE|106-73-0|Methyl enanthate|Heptanoic acid methyl ester|Heptanoic acid, methyl ester|Methyl n-heptylate|Methyl heptoate|Methyl oenanthylate|Methyl heptylate|Methyl n-heptanoate",,Methyl Heptanoate (FEMA 2705),{'MySkinRecipes': '106-73-0'},https://www.myskinrecipes.com/shop/th/ungrouped/32385-methyl-heptanoatefema-2705.html
WIP_VERIFIED,Vanillin Propylene Glycol Acetal,,109455,Vanillin propylene glycol acetal,68527-74-2,"2-Methoxy-4-(4-methyl-1,3-dioxolan-2-yl)phenol|Vanillin propylene glycol acetal|Vanillin propyleneglycol acetal|Phenol, 2-methoxy-4-(4-methyl-1,3-dioxolan-2-yl)-|UNII-J6C2S16A8K|J6C2S16A8K|EINECS 271-279-6|FEMA NO. 3905|DTXSID10867661|VANILLIN 1,2-PROPYLENE GLYCOL ACETAL",,Vanillin Propylene Glycol Acetal (FEMA 3905),{'MySkinRecipes': '68527-74-2'},https://www.myskinrecipes.com/shop/th/vanilla-วานิลลา/8174-vanillin-propylene-glycol-acetal-fema-3905.html
NATURAL_MIXTURE,Lemon Oil Terpenes,,,,,,,Lemon Oil Terpenes,{'MySkinRecipes': '68917-33-9'},https://www.myskinrecipes.com/shop/th/citrus-ส้ม-เปรี้ยว-สดชื่น/3835-lemon-oil-terpenes.html
PROPRIETARY_MIXTURE,Sucrose Acetate Isobutyrate,,31339,Sucrose Acetate Isobutyrate,126-13-6,"SAIB|Sucrose acetoisobutyrate|SAIB 100S|Sucrose, diacetate hexaisobutyrate|H5KI1C3YTV|Isobutyric acid, hexaester with sucrose diacetate|INS NO.444|INS-444|alpha-D-Glucopyranoside, 6-O-acetyl-1,3,4-tris-O-(2-methyl-1-oxopropyl)-beta-D-fructofuranosyl, 6-acetate 2,3,4-tris(2-methylpropanoate)|((2R,3R,4S,5S)-5-((acetyloxy)methyl)-5-(((2R,3R,4S,5R,6R)-6-((acetyloxy)methyl)-3,4,5-tris((2-methylpropanoyl)oxy)oxan-2-yl)oxy)-3,4-bis((2-methylpropanoyl)oxy)oxolan-2-yl)methyl 2-methylpropanoate",,Sucrose Acetate Isobutyrate (SAIB),{'MySkinRecipes': ''},https://www.myskinrecipes.com/shop/th/musk-มัสก์/3455-sucrose-acetate-isobutyrate.html
WIP_VERIFIED,"Green Ether, Anther, Phenyl Ethyl Isoamyl Ether",,91978,Isoamyl phenethyl ether,56011-02-0,"Isopentyl phenethyl ether|green ether|Isoamyl phenylethyl ether|Isoamyl phenethyl ether|Phenylethyl isoamyl ether|2-Phenylethyl isopentyl ether|(2-(3-Methylbutoxy)ethyl)benzene|[2-(3-METHYLBUTOXY)ETHYL]BENZENE|Benzene, (2-(3-methylbutoxy)ethyl)-|EINECS 259-943-3",,"Green Ether, Anther, Phenyl Ethyl Isoamyl Ether",{'MySkinRecipes': '56011-02-0'},https://www.myskinrecipes.com/shop/th/rose-กุหลาบ/2782-green-ether-anther-phenyl-ethyl-isoamyl-ether.html
WIP_VERIFIED,Ethyl 2-Methyl Butyrate,,24020,Ethyl 2-methylbutyrate,7452-79-1,"Ethyl 2-methylbutyrate|7452-79-1|ETHYL 2-METHYLBUTANOATE|Butanoic acid, 2-methyl-, ethyl ester|Ethyl 2-methyl butyrate|2-Methylbutanoic acid ethyl ester|FEMA No. 2443|UNII-L1T4AB29DS|NSC 1103|L1T4AB29DS",,Ethyl 2-Methyl Butyrate (FEMA 2443),{'MySkinRecipes': '7452-79-1'},https://www.myskinrecipes.com/shop/th/fruit-ผลไม้/2577-ethyl-2-methyl-butyrate-fema-2443.html
WIP_VERIFIED,Decyl Acetate,,8167,Decyl acetate,112-17-4,"DECYL ACETATE|n-Decyl acetate|Acetic acid, decyl ester|1-Decanol acetate|Acetate C 10|n-Decyl ethanoate|Decyl ethanoate|1-Decyl acetate|Decanyl acetate|Acetate C-10",,Decyl Acetate (FEMA 2367),{'MySkinRecipes': '112-17-4'},https://www.myskinrecipes.com/shop/th/aldehyde-ไขมัน/2453-decyl-acetate-fema-2367.html
WIP_VERIFIED,4-4-Hydroxy-3-Methoxyphenylbutan-2-one,,31211,Zingerone,122-48-5,"ZINGERONE|Vanillylacetone|122-48-5|Zingiberone|4-(4-Hydroxy-3-methoxyphenyl)butan-2-one|4-(4-Hydroxy-3-methoxyphenyl)-2-butanone|Zingherone|Gingerone|Vanillyl acetone|2-Butanone, 4-(4-hydroxy-3-methoxyphenyl)-",,4-4-Hydroxy-3-Methoxyphenylbutan-2-one (FEMA 3124),{'MySkinRecipes': '122-48-5'},https://www.myskinrecipes.com/shop/th/spice-เผ็ดร้อน/33797-4-4-hydroxy-3-methoxyphenylbutan-2-one-fema-3124.html
WIP_VERIFIED,Propyl Heptanoate,,229377,Propyl heptanoate,7778-87-2,"Propyl heptanoate|Heptanoic acid, propyl ester|Propyl heptoate|Propyl heptylate|n-propyl heptanoate|n-Propyl n-heptanoate|FEMA No. 2948|UNII-43257OA2O9|EINECS 231-917-6|NSC-23045",,Propyl Heptanoate (FEMA 2948),{'MySkinRecipes': '7778-87-2'},https://www.myskinrecipes.com/shop/th/ungrouped/32386-propyl-heptanoatefema-2948.html
WIP_VERIFIED,2-Heptanol,,10976,2-Heptanol,543-49-7|52390-72-4,2-HEPTANOL|Heptan-2-ol|543-49-7|s-Heptyl alcohol|2-Heptyl alcohol|2-Hydroxyheptane|Amyl methyl carbinol|1-Methylhexanol|Methyl amyl carbinol|Heptanol-2,,2-Heptanol (FEMA 3288),{'MySkinRecipes': '543-49-7'},https://www.myskinrecipes.com/shop/th/citrus-ส้ม-เปรี้ยว-สดชื่น/3744-2-heptanolfema-3288.html
WIP_VERIFIED,Levulinic Acid,,11579,Levulinic Acid,123-76-2,"LEVULINIC ACID|4-Oxopentanoic acid|123-76-2|Laevulinic acid|Pentanoic acid, 4-oxo-|4-Oxovaleric acid|Levulic acid|4-Ketovaleric acid|gamma-Ketovaleric acid|LEVA",,Levulinic Acid (FEMA 2627),{'MySkinRecipes': '123-76-2'},https://www.myskinrecipes.com/shop/th/vanilla-วานิลลา/3536-levulinic-acid-fema-2627.html
WIP_VERIFIED,Melon Nonenoate,,5368076,Methyl 2-nonenoate,37822-76-7|111-79-5|14952-06-8,"Methyl non-2-enoate|Methyl 2-nonenoate|111-79-5|Methyl trans-2-nonenoate|Melon nonenoate|2-NONENOIC ACID, METHYL ESTER|2-Nonenoic acid, methyl ester, (2E)-|FEMA No. 2725|2-Nonenoic acid, methyl ester, (E)-|2-Nonenoic acid, methyl ester, trans-",,Melon Nonenoate,{'MySkinRecipes': '111-79-5'},https://www.myskinrecipes.com/shop/th/green-พืช-ใบไม้เขียว/2628-melon-nonenoate.html
WIP_VERIFIED,Gamma Decalactone,,12813,Gamma-Decalactone,2825-92-5|706-14-9,"gamma-Decalactone|706-14-9|gamma-Decanolactone|5-hexyloxolan-2-one|Decan-4-olide|2(3H)-Furanone, 5-hexyldihydro-|2-Decalactone|5-Hexyldihydro-2(3H)-furanone|4-Hexyl-4-butanolide|gamma-N-Decalactone",,Gamma Decalactone (FEMA 2360),{'MySkinRecipes': '706-14-9'},https://www.myskinrecipes.com/shop/th/fruit-ผลไม้/2578-gamma-decalactone-fema-2360.html
WIP_VERIFIED,Methylbutyraldehyde,,7284,2-Methylbutanal,57456-98-1|96-17-3,"2-Methylbutyraldehyde|2-METHYLBUTANAL|96-17-3|2-Formylbutane|Butanal, 2-methyl-|Butyraldehyde, 2-methyl-|Methylethylacetaldehyde|alpha-Methylbutanal|Methyl ethyl acetaldehyde|alpha-Methylbutyraldehyde",,Methylbutyraldehyde (FEMA 2691),{'MySkinRecipes': '96-17-3'},https://www.myskinrecipes.com/shop/th/edible-อาหาร/2544-methylbutyraldehyde-fema-2691-.html
WIP_VERIFIED,Decanol (1,,8174,1-Decanol,64641-46-9|70084-71-8|85566-12-7|36729-58-5|112-30-1,1-DECANOL|Decyl alcohol|Decan-1-ol|112-30-1|n-Decyl alcohol|n-Decanol|Capric alcohol|Nonylcarbinol|Antak|Royaltac,,Decanol (1,{'MySkinRecipes': '112-30-1'},https://www.myskinrecipes.com/shop/th/aldehyde-ไขมัน/2454-decanol.html
SUPPLIER_MISMATCH,Cinnamyl Isovalerate,,5355855,Cinnamyl isovalerate,,"Cinnamyl isovalerate|140-27-2|Isovaleric acid, cinnamyl ester|Butanoic acid, 3-methyl-, 3-phenyl-2-propen-1-yl ester|FEMA No. 2302|[(E)-3-phenylprop-2-enyl] 3-methylbutanoate|5JHK9Y2XRM|BUTANOIC ACID, 3-METHYL-, 3-PHENYL-2-PROPENYL ESTER|NSC-46141|((E)-3-phenylprop-2-enyl) 3-methylbutanoate",Supplier MySkinRecipes CAS 140-27-2 error,Cinnamyl Isovalerate (FEMA 2302),{'MySkinRecipes': '140-27-2'},https://www.myskinrecipes.com/shop/th/spice-เผ็ดร้อน/32375-cinnamyl-isovaleratefema-2302.html
WIP_VERIFIED,Geranyl Isobutyrate,,6086514,Geranyl isobutyrate,2345-26-8,"Geranyl isobutyrate|2345-26-8|geranyl isobutanoate|FEMA No. 2513|Propanoic acid, 2-methyl-, (2E)-3,7-dimethyl-2,6-octadien-1-yl ester|Geraniol isobutyrate|Geranyl isobutyrate (natural)|[(2E)-3,7-dimethylocta-2,6-dienyl] 2-methylpropanoate|EINECS 219-062-7|AI3-32667",,Geranyl Isobutyrate (FEMA 2513),{'MySkinRecipes': '2345-26-8'},https://www.myskinrecipes.com/shop/th/rose-กุหลาบ/3618-geranyl-isobutyrate-fema-2513.html
WIP_VERIFIED,Methyl Heptine Carbonate,,8092,Methyl 2-octynoate,111-12-6,"Methyl 2-octynoate|111-12-6|Folione|Methyl heptine carbonate|Methyl 2-octynate|2-OCTYNOIC ACID, METHYL ESTER|Vert de violette, artificial|Methyl hept-1-yne-1-carboxylate|Methyl pentylacetylenecarboxylate|FEMA No. 2729",,Methyl Heptine Carbonate (FEMA 2729),{'MySkinRecipes': '111-12-6'},https://www.myskinrecipes.com/shop/th/green-พืช-ใบไม้เขียว/2629-methyl-heptine-carbonate-fema-2729.html
WIP_VERIFIED,Grapefruit Acetal,,106766,"6,6-Dimethoxy-2,5,5-trimethylhex-2-ene",67674-46-8,"67674-46-8|6,6-Dimethoxy-2,5,5-trimethylhex-2-ene|METHYL PAMPLEMOUSSE|1,1-Dimethoxy-2,2,5-trimethylhex-4-ene|2-Hexene, 6,6-dimethoxy-2,5,5-trimethyl-|EINECS 266-885-2|DTXSID2052366|RefChem:538520|DTXCID2030938|266-885-2",,Grapefruit Acetal,{'MySkinRecipes': '67674-46-8'},https://www.myskinrecipes.com/shop/th/fruit-ผลไม้/2579-grapefruit-acetal-methyl-pamplemousse.html
WIP_VERIFIED,Decanal Aldehyde C-10,,8175,Decanal,112-81-2|112-31-2,Decanal|Decyl aldehyde|112-31-2|Capraldehyde|Caprinaldehyde|Decanaldehyde|Capric aldehyde|1-Decanal|n-Decanal|n-Decyl aldehyde,,Decanal Aldehyde C-10 (FEMA 2362),{'MySkinRecipes': '112-31-2'},https://www.myskinrecipes.com/shop/th/aldehyde-ไขมัน/2455-decanal-aldehyde-c-10-fema-2362.html
WIP_VERIFIED,4-Hydroxy-5-Methyl-32h Furanone,,4564493,4-Hydroxy-5-methyl-3(2H)-furanone,19322-27-1,"19322-27-1|4-Hydroxy-5-methylfuran-3(2H)-one|4-Hydroxy-5-methyl-3-furanone|4-Hydroxy-5-methyl-3(2H)-furanone|norfuraneol|5-Methyl-4-hydroxy-3(2H)-furanone|3(2H)-Furanone, 4-hydroxy-5-methyl-|4-Hydroxy-5-methyl-2,3-dihydrofuran-3-one|FEMA No. 3635|4-hydroxy-5-methylfuran-3-one",,4-Hydroxy-5-Methyl-32h Furanone (FEMA 3635),{'MySkinRecipes': '19322-27-1'},https://www.myskinrecipes.com/shop/th/vanilla-วานิลลา/32439-4-hydroxy-5-methyl-32h-furanone-fema-3635.html
WIP_VERIFIED,Pyrazinyl Methyl Sulfide,,519907,(Methylthio)pyrazine,21948-70-9,"2-(Methylthio)pyrazine|2-Methylthiopyrazine|21948-70-9|Pyrazine, (methylthio)-|2-(Methylsulfanyl)pyrazine|Pyrazinyl methyl sulfide|Methyl pyrazinyl sulfide|(Methylthio)pyrazine|2-Methylmercaptopyrazine|DTXSID1047491",,Pyrazinyl Methyl Sulfide (FEMA 3231),{'MySkinRecipes': '21948-70-9'},https://www.myskinrecipes.com/shop/th/ungrouped/32403-pyrazinyl-methyl-sulfide-fema-3231.html
WIP_VERIFIED,Delta-Muscenone,,57353762,Methylcyclopentadecenone,82356-51-2,METHYLCYCLOPENTADECENONE|82356-51-2|SCHEMBL354995,,Delta-Muscenone,{'MySkinRecipes': '82356-51-2'},https://www.myskinrecipes.com/shop/th/musk-มัสก์/3954-delta-muscenone.html
WIP_VERIFIED,Geranium Cyclohexane,,556998,"P-Menthane-3,8-diol",42822-86-6|92471-23-3,"p-Menthane-3,8-diol|42822-86-6|2-(2-hydroxypropan-2-yl)-5-methylcyclohexan-1-ol|Geranodyle|Citriodiol|para-menthane-3,8-diol|3,8-p-menthanediol|Geranium cyclohexane|6T6Z1Z1NC4|DTXSID0035744",,Geranium Cyclohexane,{'MySkinRecipes': '42822-86-6'},https://www.myskinrecipes.com/shop/th/rose-กุหลาบ/3706-geranium-cyclohexane.html
WIP_VERIFIED,Isoamyl Formate,,8052,Isoamyl formate,110-45-2,"Isopentyl formate|ISOAMYL FORMATE|110-45-2|3-Methylbutyl formate|1-Butanol, 3-methyl-, formate|3-Methyl-1-butyl formate|FEMA No. 2069|1-Butanol, 3-methyl-, 1-formate|iso-Amyl Formate|NSC 6530",,Isoamyl Formate (FEMA 2069),{'MySkinRecipes': '110-45-2'},https://www.myskinrecipes.com/shop/th/green-พืช-ใบไม้เขียว/2630-isoamyl-formate-fema-2069.html
WIP_VERIFIED,Romanone Flakes,,10409,Cyclopentadecanone,502-72-7,CYCLOPENTADECANONE|502-72-7|Exaltone|Normuscone|Normuscon|EINECS 207-951-2|DTXSID2047141|UNII-T09G246LET|NSC 63900|BRN 1618444,,Romanone Flakes (Cyclopentadecanone),{'MySkinRecipes': '502-72-7'},https://www.myskinrecipes.com/shop/th/musk-มัสก์/252975-romanone-flakes.html
WIP_VERIFIED,4-Methoxy-25-Dimethyl-32h Furanone,,61325,"2,5-dimethyl-4-methoxy-3(2H)-furanone",4077-47-8,"4077-47-8|2,5-DIMETHYL-4-METHOXY-3(2H)-FURANONE|4-Methoxy-2,5-dimethylfuran-3(2H)-one|Mesifurane|4-Methoxy-2,5-dimethyl-3(2H)-furanone|Mesifuran|4-methoxy-2,5-dimethylfuran-3-one|3(2H)-Furanone, 4-methoxy-2,5-dimethyl-|2,5-Dimethyl-4-methoxy-2,3-dihydro-3-furanone|4-Methoxy-2,5-dimethyl-2,3-dihydrofuran-3-one",,4-Methoxy-25-Dimethyl-32h Furanone (FEMA 3664),{'MySkinRecipes': '4077-47-8'},https://www.myskinrecipes.com/shop/th/vanilla-วานิลลา/32441-4-methoxy-25-dimethyl-32h-furanone-fema-3664.html
WIP_VERIFIED,Pyrazine Ethanethiol,,61945,Pyrazineethanethiol,35250-53-4,Pyrazineethanethiol|35250-53-4|2-Pyrazinylethanethiol|2-Pyrazineethanethiol|2-(pyrazin-2-yl)ethanethiol|Mercaptoethylpyrazine|pyrazine ethanethiol|2-Pyrazinylethylmercaptan|Pyrazinyl ethanethiol|FEMA 3230,,Pyrazine Ethanethiol (FEMA 3230),{'MySkinRecipes': '35250-53-4'},https://www.myskinrecipes.com/shop/th/ungrouped/32410-pyrazine-ethanethiol-fema-3230.html
WIP_DISCREPANCY,Phenoxyethyl Isobutyrate,,61005,,103-60-6,"2-Phenoxyethyl isobutyrate|103-60-6|Phenoxyethyl isobutyrate|2-Phenoxyethyl 2-methylpropanoate|PROPANOIC ACID, 2-METHYL-, 2-PHENOXYETHYL ESTER|Isobutyric acid, 2-phenoxyethyl ester|FEMA No. 2873|DTXSID7042279|43ENB1627Z|NSC-227210",,Phenoxyethyl Isobutyrate (FEMA 2873),{'MySkinRecipes': '103-60-6'},https://www.myskinrecipes.com/shop/th/green-พืช-ใบไม้เขียว/2631-phenoxyethyl-isobutyrate-fema-2873.html
WIP_DISCREPANCY,Isopropyl 2-Methyl Butyrate,,522214,Isopropyl 2-methylbutyrate,66576-71-4,"Isopropyl 2-methylbutyrate|Isopropyl 2-methylbutanoate|propan-2-yl 2-methylbutanoate|FEMA 3699|Butanoic acid, 2-methyl-, 1-methylethyl ester|FEMA No. 3699|Isopropyl 2-methyIbutyrate|2-Propyl 2-methylbutanoate|isopropyl 2-methyl butyrate|UNII-3429OS9G6T",,Isopropyl 2-Methyl Butyrate (FEMA 3699),{'MySkinRecipes': '66576-71-4'},https://www.myskinrecipes.com/shop/th/fruit-ผลไม้/2581-isopropyl-2-methyl-butyrate-fema-3699.html
WIP_DISCREPANCY,Undecanal Aldehyde C-11-Undecylic,,8186,,112-44-7,UNDECANAL|112-44-7|Undecyl aldehyde|Undecanaldehyde|n-Undecanal|Undecylic aldehyde|1-Undecanal|Hendecanal|Undecylaldehyde|Hendecanaldehyde,,Undecanal Aldehyde C-11-Undecylic (FEMA 3092),{'MySkinRecipes': '112-44-7'},https://www.myskinrecipes.com/shop/th/aldehyde-ไขมัน/2457-undecanal-aldehyde-c-11-undecylic-fema-3092.html
WIP_VERIFIED,5-Hydroxymethylfurfural,,237332,5-(Hydroxymethyl)furfural,67-47-0,"5-HYDROXYMETHYLFURFURAL|67-47-0|5-Hydroxymethyl-2-furaldehyde|5-(Hydroxymethyl)furfural|5-(Hydroxymethyl)-2-furaldehyde|5-Oxymethylfurfurole|Hydroxymethylfurfurole|5-(Hydroxymethyl)-2-furancarbonal|2-Furancarboxaldehyde, 5-(hydroxymethyl)-|5-Hydroxymethylfuran-2-aldehyde",,5-Hydroxymethylfurfural,{'MySkinRecipes': '67-47-0'},https://www.myskinrecipes.com/shop/th/vanilla-วานิลลา/127455-5-hydroxymethyl-2-furaldehyde-hmf-95-gc.html
WIP_VERIFIED,Rose pyran,,3024003,tetrahydro-4-methyl-2-phenyl-2H-pyran,94201-73-7,Tetrahydro-4-methyl-2-phenyl-2H-pyran|94201-73-7|EINECS 303-662-1|EC 303-662-1|RefChem:188626|303-662-1|4-methyl-2-phenyloxane|4-methyl-2-phenyltetrahydro-2h-pyran|SCHEMBL1396587|DTXSID90869209,,Rose pyran (Doremox),{'MySkinRecipes': '94201-73-7'},https://www.myskinrecipes.com/shop/th/rose-กุหลาบ/33830-rose-pyran-doremox-4-methyl-2-phenyloxane.html
WIP_DISCREPANCY,Thiazole,,9256,Thiazole,288-47-1,"THIAZOLE|288-47-1|1,3-Thiazole|Thiazoles|FEMA No. 3615|320RCW8PEF|DTXSID2059776|CHEBI:43732|RefChem:897653|DTXCID4037875",,Thiazole (FEMA 3615),{'MySkinRecipes': '288-47-1'},https://www.myskinrecipes.com/shop/th/ungrouped/32419-thiazolefema-3615-.html
WIP_VERIFIED,Santaliff,,119897,"2-Buten-1-ol, 2-methyl-4-(2,2,3-trimethyl-3-cyclopenten-1-yl)-",28219-60-5,"2-Methyl-4-(2,2,3-trimethyl-3-cyclopenten-1-yl)-2-buten-1-ol|2-Buten-1-ol, 2-methyl-4-(2,2,3-trimethyl-3-cyclopenten-1-yl)-|DTXSID40865418|EINECS 248-907-2|2-Methyl-4-(2,2,3-trimethyl-3-cyclopenten-1-yl)but-2-en-1-ol|RefChem:85945|DTXCID90813828|248-907-2|28219-60-5|2-METHYL-4-(2,2,3-TRIMETHYLCYCLOPENT-3-EN-1-YL)BUT-2-EN-1-OL",,Santaliff / Sandaxol / Sandalmysore,{'MySkinRecipes': '28219-60-5'},https://www.myskinrecipes.com/shop/th/wood-ไม้-เปลือกไม้/2873-santaliff-sandaxol-sandalmysore.html
WIP_VERIFIED,Isoamyl Isovalerate,,12613,,659-70-1,ISOAMYL ISOVALERATE|659-70-1|Isopentyl 3-methylbutanoate|3-Methylbutyl 3-methylbutanoate|Isopentyl isopentanoate|Solusterol|Isopentyl isovalerate|Apple essence|iso-Amyl isovalerate|Isoamyl valerianate,,Isoamyl Isovalerate (FEMA 2085),{'MySkinRecipes': '659-70-1'},https://www.myskinrecipes.com/shop/th/fruit-ผลไม้/2582-isoamyl-isovalerate-fema-2085.html
WIP_VERIFIED,Intreleven Aldehyde Aldehyde C-11-Undecylenic,,8187,10-Undecenal,112-45-8,"10-Undecenal|Undec-10-enal|112-45-8|Undecylenic aldehyde|Hendecenal|Undecylenaldehyde|1-Undecen-10-al|10-Undecylenealdehyde|10-Hendecenal|C-11 aldehyde, undecylenic",,Intreleven Aldehyde Aldehyde C-11-Undecylenic,{'MySkinRecipes': '112-45-8'},https://www.myskinrecipes.com/shop/th/aldehyde-ไขมัน/2458-intreleven-aldehyde-aldehyde-c-11-undecylenic.html
WIP_DISCREPANCY,"4,5-Dimethyl-2-Isobutyl Thiazoline",,4120025,"2-Isobutyl-4,5-dimethyl-3-thiazoline",65894-83-9,"65894-83-9|4,5-Dimethyl-2-isobutyl-3-thiazoline|2-Isobutyl-4,5-dimethyl-3-thiazoline|4,5-dimethyl-2-(2-methylpropyl)-2,5-dihydro-1,3-thiazole|2,5-Dihydro-4,5-dimethyl-2-(2-methylpropyl)thiazole|Thiazole, 2,5-dihydro-4,5-dimethyl-2-(2-methylpropyl)-|FEMA No. 3621|BRN 0774665|2-Isobutyl-4,5-dimethyl thiazoline|EINECS 265-969-6",,"4,5-Dimethyl-2-Isobutyl Thiazoline (FEMA 3621)",{'MySkinRecipes': '65894-83-9'},https://www.myskinrecipes.com/shop/th/ungrouped/32424-45-dimethyl-2-isobutyl-thiazoline-fema-3621-.html
WIP_VERIFIED,Firsantol,,16063533,,104864-90-6,,,Firsantol,{'MySkinRecipes': '104864-90-6'},https://www.myskinrecipes.com/shop/th/wood-ไม้-เปลือกไม้/2874-firsantol.html
WIP_DISCREPANCY,2-Methyl-3-Furyl Disulfide,,526624,,28588-75-2,"Bis(2-methyl-3-furyl)disulfide|28588-75-2|bis(2-Methyl-3-furyl) disulfide|1,2-bis(2-methylfuran-3-yl)disulfane|Furan, 3,3'-dithiobis[2-methyl-|3,3'-Dithiobis[2-methylfuran]|2-Methyl-3-furyl disulfide|3,3'-Dithiobis(2-methylfuran)|FEMA No. 3259|Bis(2-methyl-3-furyl)disulphide",,2-Methyl-3-Furyl Disulfide (FEMA 3259),{'MySkinRecipes': '28588-75-2'},https://www.myskinrecipes.com/shop/th/ungrouped/32435-2-methyl-3-furyl-disulfide-fema-3259-.html
WIP_DISCREPANCY,Furfuryl Mercaptan,,7363,,98-02-2,,,Furfuryl Mercaptan,{'MySkinRecipes': '98-02-2'},https://www.myskinrecipes.com/shop/th/edible-อาหาร/3431-furfuryl-mercaptan.html
PROPRIETARY_MIXTURE,Caryophyllene Oxide,,,,,,,Caryophyllene Oxide (FEMA 4085),{'MySkinRecipes': ''},https://www.myskinrecipes.com/shop/th/wood-ไม้-เปลือกไม้/2875-caryophyllene-oxide-fema-4085.html
SUPPLIER_MISMATCH,Fruity Ketal Fructone B Fraistone,,80865,Ethyl acetoacetate ethyleneglycol ketal,6413-10-1,"6413-10-1|Fructone|1,3-Dioxolane-2-acetic acid, 2-methyl-, ethyl ester|Ethyl 2-methyl-1,3-dioxolane-2-acetate|Ethyl acetoacetate ethylene ketal|Ethyl acetoacetate 3-ethylene acetal|Ethyl 3-oxobutyrate ethylene ketal|APPLINAL|Ethyl acetoacetate ethyleneglycol ketal|G5EXI4NID0",Supplier MySkinRecipes CAS 6290-17-1 error,Fruity Ketal Fructone B Fraistone (FEMA 4294),{'MySkinRecipes': '6290-17-1'},https://www.myskinrecipes.com/shop/th/fruit-ผลไม้/2584-fruity-ketal-fructone-b-fraistone-fema-4294.html
WIP_DISCREPANCY,Dodecanal Aldehyde C-12-Lauric,,8194,Dodecanal,112-54-9,DODECANAL|Dodecyl aldehyde|112-54-9|Lauraldehyde|Lauric aldehyde|Lauryl aldehyde|1-Dodecanal|n-Dodecanal|Dodecanaldehyde|n-Dodecyl aldehyde,,Dodecanal Aldehyde C-12-Lauric (FEMA 2615),{'MySkinRecipes': '112-54-9'},https://www.myskinrecipes.com/shop/th/aldehyde-ไขมัน/2460-dodecanal-aldehyde-c-12-lauric-fema-2615-.html
SUPPLIER_MISMATCH,Methyl 2-Methyl-3-Furyl Disulfide,,3034819,Methyl,3315-37-5|2229-07-4,Methyl radical|2229-07-4|CHEBI:29309|DTXSID60176836|RefChem:158018|DTXCID9099327|Methyl|hydridocarbon(.)|hydridocarbon(.) (doublet)|CHEBI:29430,Supplier MySkinRecipes CAS 65505-17-1 error,Methyl 2-Methyl-3-Furyl Disulfide (FEMA 3573),{'MySkinRecipes': '65505-17-1'},https://www.myskinrecipes.com/shop/th/ungrouped/32436-methyl-2-methyl-3-furyl-disulfide-fema-3573-.html
WIP_VERIFIED,Furfuryl Alcohol,,7361,Furfuryl Alcohol,98-00-00|98-00-0,,,Furfuryl Alcohol (FEMA 2491),{'MySkinRecipes': '98-00-0'},https://www.myskinrecipes.com/shop/th/edible-อาหาร/3430-furfuryl-alcohol-fema-2491.html
WIP_VERIFIED,Amyl Acetate,,12348,Amyl Acetate,628-63-7,"Amyl acetate|Pentyl acetate|628-63-7|n-Amyl acetate|N-PENTYL ACETATE|Acetic acid, pentyl ester|Birnenoel|Amyl acetic ester|1-Pentyl acetate|n-Pentyl ethanoate",,Amyl Acetate,{'MySkinRecipes': '628-63-7'},https://www.myskinrecipes.com/shop/th/fruit-ผลไม้/2585-amyl-acetate.html
SUPPLIER_MISMATCH,Propyl 2-Methyl-3-Furyl Disulfide,,123145,Propyl,2143-61-5,Propyl|2143-61-5|RefChem:1097020|Propyl radical|n-Propyl radical|1-Propyl|n-C3H7|OCBFFGCSTGGPSQ-UHFFFAOYSA-N,Supplier MySkinRecipes CAS 61197-09-9 error,Propyl 2-Methyl-3-Furyl Disulfide (FEMA 3607),{'MySkinRecipes': '61197-09-9'},https://www.myskinrecipes.com/shop/th/ungrouped/32437-propyl-2-methyl-3-furyl-disulfide-fema-3607-.html
WIP_VERIFIED,Sandela-803- Synthetic Sandalwood,,106673,4-Hydroxy-1-(5-isocamphyl)cyclohexane,66068-84-6,"66068-84-6|Cyclohexanol, 4-(5,5,6-trimethylbicyclo(2.2.1)hept-2-yl)-|4-Hydroxy-1-(5-isocamphyl)cyclohexane|UNII-TVJ25725XP|4-(5,5,6-trimethylbicyclo[2.2.1]hept-2-yl)cyclohexanol|TVJ25725XP|EINECS 266-100-3|4-(5,5,6-TRIMETHYLBICYCLO[2.2.1]HEPT-2-YL)CYCLOHEXAN-1-OL|J349.334B|DTXSID4041816",,Sandela-803-Givaudan Synthetic Sandalwood,{'MySkinRecipes': '66068-84-6'},https://www.myskinrecipes.com/shop/th/wood-ไม้-เปลือกไม้/8106-sandela-803-givaudan-synthetic-sandalwood.html
WIP_VERIFIED,Difurfuryl Ether,,263034,Difurfuryl ether,4437-22-3,"Difurfuryl ether|4437-22-3|Furfuryl ether|2,2'-Difurfuryl ether|Furan, 2,2'-(oxydimethylene)di-|Furan, 2,2'-[oxybis(methylene)]bis-|2,2'-(Oxydimethylene)difuran|FEMA No. 3337|Furan, 2,2'-(oxybis(methylene))bis-|2,2'-(Oxybis(methylene))bisfuran",,Difurfuryl Ether (FEMA 3337),{'MySkinRecipes': '4437-22-3'},https://www.myskinrecipes.com/shop/th/ungrouped/32440-difurfuryl-ether-fema-3337.html
WIP_DISCREPANCY,Leafy Oxime,,90787,3-Methyl-5-heptanone oxime,22457-23-4,"Stemone|5-Methylheptan-3-one oxime|5-Methyl-3-heptanone oxime|22457-23-4|3-Heptanone, 5-methyl-, oxime|3-Methyl-5-heptanone oxime|Ethyl 2-methylbutyl ketoxime|Ethyl 2-methylbutyl ketoxine|EINECS 245-010-8|XHN6C9A7U3",,Leafy Oxime (Stemone),{'MySkinRecipes': '22457-23-4'},https://www.myskinrecipes.com/shop/th/green-พืช-ใบไม้เขียว/2637-leafy-oxime-stemone.html
WIP_VERIFIED,Mandarine Undecenal,,6431148,,324541-83-5|143-14-6,9-UNDECENAL|9-Hendecenal|FEMA No. 3094|mandarine undecenal|EINECS 205-586-3|(9E)-UNDEC-9-ENAL|143-14-6|879S4Y7K6F|DTXSID6051720|RefChem:549910,,Mandarine Undecenal (Aldehyde Supra),{'MySkinRecipes': '143-14-6'},https://www.myskinrecipes.com/shop/th/aldehyde-ไขมัน/2463-mandarine-undecenal.html
WIP_DISCREPANCY,Phenethyl Isovalerate,,8792,,140-26-1,"140-26-1|Phenethyl isovalerate|Phenylethyl isovalerate|Butanoic acid, 3-methyl-, 2-phenylethyl ester|ISOVALERIC ACID, PHENETHYL ESTER|Phenylethyl 3-methylbutyrate|FEMA No. 2871|K86JE60K0L|NSC-21899|DTXSID2059693",,Phenethyl Isovalerate (FEMA 2871),{'MySkinRecipes': '140-26-1'},https://www.myskinrecipes.com/shop/th/fruit-ผลไม้/2588-phenethyl-isovalerate-fema-2871.html
WIP_DISCREPANCY,Heptanal Aldehyde C-7,,8130,Heptanal,111-71-7,Heptanal|Heptaldehyde|111-71-7|Enanthaldehyde|n-Heptaldehyde|Enanthal|Heptyl aldehyde|N-HEPTANAL|Oenanthaldehyde|Heptanaldehyde,,Heptanal Aldehyde C-7,{'MySkinRecipes': '111-71-7'},https://www.myskinrecipes.com/shop/th/aldehyde-ไขมัน/2464-heptanal-aldehyde-c-7.html
WIP_DISCREPANCY,4-Acetoxy-25-Dimethyl-32h Furanone,,61334,,4166-20-5,"Furaneol acetate|4-ACETOXY-2,5-DIMETHYL-3(2H)-FURANONE|4-Acetoxy-2,5-dimethyl-3(2H)furanone|3(2H)-Furanone, 4-(acetyloxy)-2,5-dimethyl-|(2,5-dimethyl-4-oxofuran-3-yl) acetate|strawberry furanone acetate|2GV7TTS87D|4-(Acetyloxy)-2,5-dimethyl-3(2H)-furanone|4-Hydroxy-2,5-dimethyl-3(2H)-furanone acetate|3(2H)-Furanone, 4-hydroxy-2,5-dimethyl-, acetate",,4-Acetoxy-25-Dimethyl-32h Furanone (FEMA 3797),{'MySkinRecipes': '4166-20-5'},https://www.myskinrecipes.com/shop/th/ungrouped/32443-4-acetoxy-25-dimethyl-32h-furanone-fema-3797.html
WIP_VERIFIED,"2,6-Dimethoxyphenol",,7041,,91-10-1,"2,6-DIMETHOXYPHENOL|91-10-1|Syringol|Pyrogallol 1,3-dimethyl ether|Phenol, 2,6-dimethoxy-|1,3-Dimethoxy-2-hydroxybenzene|2-Hydroxy-1,3-dimethoxybenzene|1,3-Dimethyl pyrogallate|1,3-Di-o-methylpyrogallol|Pyrogallol dimethylether",,"2,6-Dimethoxyphenol (FEMA 3137)",{'MySkinRecipes': '91-10-1'},https://www.myskinrecipes.com/shop/th/edible-อาหาร/7925-26-dimethoxyphenol-fema-3137.html
WIP_VERIFIED,Methyl Hexanoate,,7824,Methyl hexanoate,106-70-7,"METHYL HEXANOATE|Methyl caproate|106-70-7|Hexanoic Acid Methyl Ester|Hexanoic acid, methyl ester|Methyl hexoate|Methyl n-hexanoate|Methyl capronate|Methyl hexylate|Caproic acid methyl ester",,Methyl Hexanoate (FEMA 2708),{'MySkinRecipes': '106-70-7'},https://www.myskinrecipes.com/shop/th/fruit-ผลไม้/2589-methyl-hexanoate-fema-2708.html
WIP_VERIFIED,Alcohol C-12-Lauryl Alcohol,,8193,,27342-88-7|112-53-8|68551-07-5,,,Alcohol C-12-Lauryl Alcohol,{'MySkinRecipes': '112-53-8'},https://www.myskinrecipes.com/shop/th/aldehyde-ไขมัน/2465-alcohol-c-12-lauryl-alcohol.html
WIP_VERIFIED,Ethyl 2-Furoate,,519709,Ethyl 2-mercaptopropionate,103616-07-5|19788-49-9,,,Ethyl 2-Furoate,{'MySkinRecipes': '19788-49-9'},https://www.myskinrecipes.com/shop/th/ungrouped/32444-ethyl-2-furoate.html
WIP_DISCREPANCY,Furfuryl Thioacetate,,61660,,13678-68-7,,,Furfuryl Thioacetate,{'MySkinRecipes': '13678-68-7'},https://www.myskinrecipes.com/shop/th/edible-อาหาร/7974-furfuryl-alcohol.html
PROPRIETARY_MIXTURE,Cis-3-Hexenyl Butyrate,,,,,,,Cis-3-Hexenyl Butyrate,{'MySkinRecipes': ''},https://www.myskinrecipes.com/shop/th/green-พืช-ใบไม้เขียว/2640-cis-3-hexenyl-butyrate.html
WIP_VERIFIED,Ethyl Heptanoate,,7797,Ethyl Heptanoate,106-30-9,"ETHYL HEPTANOATE|106-30-9|Ethyl enanthate|Oenanthic ether|Ethyl heptylate|Ethyl heptoate|Ethyl oenanthate|Heptanoic acid, ethyl ester|HEPTANOIC ACID ETHYL ESTER|FEMA No. 2437",,Ethyl Heptanoate (FEMA 2437),{'MySkinRecipes': '106-30-9'},https://www.myskinrecipes.com/shop/th/fruit-ผลไม้/2590-ethyl-heptanoate-fema-2437.html
WIP_DISCREPANCY,Propionic Acid,,1032,,79-09-4,propionic acid|Propanoic acid|79-09-4|methylacetic acid|ethylformic acid|Carboxyethane|Metacetonic acid|Ethanecarboxylic acid|Luprosil|Pseudoacetic acid,,Propionic Acid (FEMA 2924),{'MySkinRecipes': '79-09-4'},https://www.myskinrecipes.com/shop/th/fatty-acids-fatty-alcohols/2466-propionic-acid-propanoic-acid-fema-2924.html
WIP_DISCREPANCY,25-Dimethyl-3-Furanthiol,,41569,,55764-23-3,,,25-Dimethyl-3-Furanthiol (FEMA 3451),{'MySkinRecipes': '55764-23-3'},https://www.myskinrecipes.com/shop/th/ungrouped/32445-25-dimethyl-3-furanthiol-fema-3451.html
WIP_DISCREPANCY,Teaalcohol,,566734,,14203-59-9,"4-Hydroxy-3,5,5-trimethylcyclohex-2-enone|RefChem:99173|81238-64-4|RLDREDRZMOWDOA-UHFFFAOYSA-N|14203-59-9|TEAALCOHOL|4-hydroxy-3,5,5-trimethylcyclohex-2-en-1-one|4-hydroxyisophorone|CHEMBL463102|4-Hydroxy-3,5,5-trimethyl-2-cyclohexen-1-one",,Teaalcohol / Teaketone,{'MySkinRecipes': '14203-59-9'},https://www.myskinrecipes.com/shop/th/edible-อาหาร/8057-teaalcohol-teaketone.html
SUPPLIER_MISMATCH,Amber Decatriene,,119832,"Methyl 2,6,10-trimethylcyclododeca-2,5,9-trien-1-yl ketone",28371-99-5,"28371-99-5|DTXSID3051963|Methyl 2,6,10-trimethylcyclododeca-2,5,9-trien-1-yl ketone|Ethanone, 1-(2,6,10-trimethyl-2,5,9-cyclododecatrien-1-yl)-|EINECS 248-995-2|RefChem:157229|DTXCID6030526|248-995-2|amber decatriene|SCHEMBL1153227",Supplier MySkinRecipes CAS 144020-22-4 error,Amber Decatriene (Trimofix O),{'MySkinRecipes': '144020-22-4'},https://www.myskinrecipes.com/shop/th/wood-ไม้-เปลือกไม้/3565-amber-decatriene-trimofix-o-fixamber.html
WIP_DISCREPANCY,Valeric Acid,,7991,,109-52-4,,,Valeric Acid (FEMA 3101),{'MySkinRecipes': '109-52-4'},https://www.myskinrecipes.com/shop/th/fatty-acids-fatty-alcohols/2467-valeric-acid-pentanoic-acid.html
WIP_DISCREPANCY,(E)-5-Tangerine Acetate,,5752319,,3239-35-8,,,(E)-5-Tangerine Acetate,{'MySkinRecipes': '3239-35-8'},https://www.myskinrecipes.com/shop/th/aldehyde-ไขมัน/33644-e-5-tangerine-acetate.html
SUPPLIER_MISMATCH,Tetrahydrothiophen-3-one,,1127,Tetrahydrothiophene,110-01-0,"tetrahydrothiophene|Thiolane|110-01-0|Thiophene, tetrahydro-|Thiophane|Thiacyclopentane|Tetramethylene sulfide|Thilane|Tetrahydrothiophen|Tetramethylenesulfide",Supplier MySkinRecipes CAS 1003-04-9 error,Tetrahydrothiophen-3-one (FEMA 3266),{'MySkinRecipes': '1003-04-9'},https://www.myskinrecipes.com/shop/th/ungrouped/32453-tetrahydrothiophen-3-one-fema-3266.html
WIP_DISCREPANCY,"Woody epoxide, Cedroxyde",,6441804,,71735-79-0,,,"Woody epoxide, Cedroxyde",{'MySkinRecipes': '71735-79-0'},https://www.myskinrecipes.com/shop/th/wood-ไม้-เปลือกไม้/8013-woody-epoxide-cedroxyde.html
WIP_DISCREPANCY,Ethyl Pyruvate,,12041,,617-35-6,"ETHYL PYRUVATE|Ethyl 2-oxopropanoate|617-35-6|Ethyl 2-oxopropionate|Pyruvic acid, ethyl ester|PYRUVIC ACID ETHYL ESTER|Propanoic acid, 2-oxo-, ethyl ester|Ethyl pyroracemate|Ethyl acetylformate|FEMA No. 2457",,Ethyl Pyruvate (FEMA 2457),{'MySkinRecipes': '617-35-6'},https://www.myskinrecipes.com/shop/th/edible-อาหาร/3776-ethyl-pyruvate-fema-2457.html
PROPRIETARY_MIXTURE,Citronellyl Propionate,,8834,Citronellyl propionate,141-14-0|94086-40-5,"Citronellyl propionate|141-14-0|Citronellyl propanoate|6-Octen-1-ol, 3,7-dimethyl-, 1-propanoate|6-Octen-1-ol, 3,7-dimethyl-, propanoate|6-Octen-1-ol, 3,7-dimethyl-, propionate|3,7-Dimethyl-6-octen-1-yl propionate|FEMA No. 2316|3,7-Dimethyl-6-octen-1-ol propanoate|Citronellyl propionate (natural)",,Citronellyl Propionate (FEMA 2316),{'MySkinRecipes': ''},https://www.myskinrecipes.com/shop/th/green-พืช-ใบไม้เขียว/2642-citronellyl-propionate-fema-2316.html
WIP_DISCREPANCY,Cocoa Aldehyde Cocoa Hexenal,,5370602,,21834-92-4,"5-Methyl-2-phenyl-2-hexenal|21834-92-4|Cocal|cocoa hexenal|(2E)-5-methyl-2-phenylhex-2-enal|2-Phenyl-5-methylhex-2-enal|FEMA No. 3199|alpha-(3-Methylbutylidene)benzeneacetaldehyde|2-Hexenal, 5-methyl-2-phenyl-|57UW55EC13",,Cocoa Aldehyde Cocoa Hexenal (FEMA 3199),{'MySkinRecipes': '21834-92-4'},https://www.myskinrecipes.com/shop/th/edible-อาหาร/32526-cocoa-aldehyde-cocoa-hexenal-fema-3199.html
WIP_DISCREPANCY,2-Mercaptothiophene,,522674,,7774-74-5,Thiophene-2-thiol|2-Thiophenethiol|7774-74-5|2-Thienyl mercaptan|2-thienylmercaptan|FEMA No. 3062|UNII-F3LB1437XQ|F3LB1437XQ|EINECS 231-881-1|DTXSID40228362,,2-Mercaptothiophene (FEMA 3062),{'MySkinRecipes': '7774-74-5'},https://www.myskinrecipes.com/shop/th/ungrouped/32454-2-mercaptothiophene-fema-3062.html
WIP_DISCREPANCY,Woody Furan Trisamber,,57357974,,338735-71-0,"2,6,6,7,8,8-Hexamethyldecahydro-2H-indeno[4,5-b]furan|Decahydro-2,6,6,7,8,8-hexamethyl-2H-indeno[4,5-b]furan|2,6,6,7,8,8-hexamethyl-3,3a,4,5,5a,7,8a,8b-octahydro-2H-cyclopenta[g][1]benzofuran|DTXSID9051373|2H-Indeno[4,5-b]furan, decahydro-2,6,6,7,8,8-hexamethyl-|2H-Indeno(4,5-b)furan, decahydro-2,6,6,7,8,8-hexamethyl-|Decahydro-2,6,6,7,8,8-hexamethyl-2H-indeno(4,5-b)furan|2,6,6,7,8,8-hexamethyldecahydro-2H-indeno(4,5-b)furan|2,6,6,7,8,8-hexamethyl-3,3a,4,5,5a,7,8a,8b-octahydro-2H-cyclopenta(g)(1)benzofuran|RefChem:445138",,Woody Furan Trisamber,{'MySkinRecipes': '338735-71-0'},https://www.myskinrecipes.com/shop/th/wood-ไม้-เปลือกไม้/3671-woody-furan-trisamber.html
PROPRIETARY_MIXTURE,butyraldehyde,,261,Butanal,123-72-8,butyraldehyde|butanal|123-72-8|n-butyraldehyde|Butyral|1-butanal|Butyric aldehyde|Butaldehyde|Butanaldehyde|Butal,,butyraldehyde,{'MySkinRecipes': ''},https://www.myskinrecipes.com/shop/th/aldehyde-ไขมัน/3535-butyraldehyde.html
WIP_DISCREPANCY,Geranyl Propionate,,5355853,,105-90-8,"Geranyl propionate|105-90-8|Geranyl propanoate|FEMA No. 2517|Geranyl propionate (natural)|Propionic acid, geranyl ester|DTXSID8051540|[(2E)-3,7-dimethylocta-2,6-dienyl] propanoate|2,6-OCTADIEN-1-OL, 3,7-DIMETHYL-, PROPANOATE, (E)-|EINECS 203-344-1",,Geranyl Propionate,{'MySkinRecipes': '105-90-8'},https://www.myskinrecipes.com/shop/th/fruit-ผลไม้/2593-geranyl-propionate.html
WIP_DISCREPANCY,,,5283321,,4313-03-5,"2,4-HEPTADIENAL|5910-85-0|(E,E)-2,4-Heptadien-1-al|(2E,4Z)-2,4-heptadienal|VY79R3SU8X|DTXSID9064057|RefChem:908779|DTXCID8042551|227-627-4|(2E,4E)-Hepta-2,4-dienal",,"(E,E)-2,4-Heptadienal (FEMA 3164)",{'MySkinRecipes': '4313-03-5'},https://www.myskinrecipes.com/shop/th/aldehyde-ไขมัน/33756-ee-24-heptadienal-fema-3164.html
WIP_DISCREPANCY,Acetyl Butyryl-23-Hexanedione,,19707,,3848-24-6,"2,3-HEXANEDIONE|3848-24-6|hexane-2,3-dione|Acetylbutyryl|Acetyl butyryl|Methyl propyl diketone|FEMA No. 2558|DTXSID2047066|559ANR3NVS|NSC-31665",,Acetyl Butyryl-23-Hexanedione (FEMA 2558),{'MySkinRecipes': '3848-24-6'},https://www.myskinrecipes.com/shop/th/edible-อาหาร/32804-acetyl-butyryl-23-hexanedione-fema-2558.html
WIP_DISCREPANCY,3-Methyl-2-Cyclopenten-1-one,,17691,,2758-18-1,"3-METHYL-2-CYCLOPENTEN-1-ONE|3-methylcyclopent-2-en-1-one|3-Methylcyclopent-2-enone|2-Cyclopenten-1-one, 3-methyl-|3-Methyl-2-cyclopentenone|1-Methyl-1-cyclopenten-3-one|FEMA No. 3435|UNII-6V7RSW7273|NUSSOL|6V7RSW7273",,3-Methyl-2-Cyclopenten-1-one (FEMA 3435),{'MySkinRecipes': '2758-18-1'},https://www.myskinrecipes.com/shop/th/ungrouped/32456-3-methyl-2-cyclopenten-1-one-fema-3435.html
WIP_DISCREPANCY,Rhubarb Oxirane,,94522,,41816-03-9,"Rhubofix|Spiro(1,4-methanonaphthalene-2(1H),2'-oxirane), 3,4,4a,5,8,8a-hexahydro-3',7-dimethyl-|EINECS 255-560-0|DTXSID6052089|3,4,4a,5,8,8a-Hexahydro-3',7'-dimethylspiro[1,4-methanonaphthalene-2(1H),2'-oxirane]|3,4,4a,5,8,8a-Hexahydro-3',7 (or 6)-dimethylspiro(1,4-methanonaphthalene-2(1H),2'-oxirane)|3,4,4a,5,8,8a-Hexahydro-3',7-dimethylspiro[1,4-methanonaphthalene-2(1H),2'-oxirane]|Spiro[1,4-methanonaphthalene-2(1H),2'-oxirane], 3,4,4a,5,8,8a-hexahydro-3',7-dimethyl-|3,4,4a,5,8,8a-Hexahydro-3',7'-dimethylspiro(1,4-methanonaphthalene-2(1H),2'-oxirane)|3,4,4a,5,8,8a-Hexahydro-3',7-dimethylspiro(1,4-methanonaphthalene-2(1H),2'-oxirane)",,Rhubarb Oxirane (Rhubofix),{'MySkinRecipes': '41816-03-9'},https://www.myskinrecipes.com/shop/th/wood-ไม้-เปลือกไม้/3703-rhubarb-oxirane.html
PROPRIETARY_MIXTURE,Hyacinth Body Acetal,,,,,,,Hyacinth Body Acetal,{'MySkinRecipes': ''},https://www.myskinrecipes.com/shop/th/green-พืช-ใบไม้เขียว/2644-acetaldehyde-ethyl-phenethyl-acetal.html
WIP_DISCREPANCY,34-Hexanedione,,62539,,4437-51-8,"3,4-HEXANEDIONE|4437-51-8|hexane-3,4-dione|Diethyl diketone|3,4-hexane dione|3,4-hexandione|CCRIS 6295|DTXSID3047681|UNII-4M4NPR5VGD|4M4NPR5VGD",,34-Hexanedione (FEMA 3768),{'MySkinRecipes': '4437-51-8'},https://www.myskinrecipes.com/shop/th/edible-อาหาร/32805-34-hexanedione-fema-3768.html
WIP_DISCREPANCY,23-Hexanedione,,19707,,3848-24-6,"2,3-HEXANEDIONE|3848-24-6|hexane-2,3-dione|Acetylbutyryl|Acetyl butyryl|Methyl propyl diketone|FEMA No. 2558|DTXSID2047066|559ANR3NVS|NSC-31665",,23-Hexanedione (FEMA 2558),{'MySkinRecipes': '3848-24-6'},https://www.myskinrecipes.com/shop/th/ungrouped/32457-23-hexanedione-fema-2558.html
PROPRIETARY_MIXTURE,Cucumber Aldehyde Trans-2-Nonenal,,643731,"trans-2,cis-6-Nonadienal",557-48-2,"trans-2,cis-6-Nonadienal|(2E,6Z)-nona-2,6-dienal|trans,cis-2,6-Nonadienal|Violet leaf aldehyde|Cucumber aldehyde|(2E,6Z)-2,6-Nonadienal|(2E,6Z)-Nonadienal|2-trans-6-cis-Nonadienal|2E,6Z-nonadienal|CHEBI:7610",,Cucumber Aldehyde Trans-2-Nonenal (FEMA 3213),{'MySkinRecipes': ''},https://www.myskinrecipes.com/shop/th/green-พืช-ใบไม้เขียว/2645-cucumber-aldehyde-trans-2-nonenal-fema-3213.html
WIP_DISCREPANCY,3-Methylthio Propanol,,10448,,505-10-2,"Methionol|505-10-2|3-(Methylthio)-1-propanol|1-Propanol, 3-(methylthio)-|3-(METHYLTHIO)PROPANOL|3-Hydroxypropyl methyl sulfide|3-Methylmercapto-1-propanol|gamma-Methylmercaptopropyl alcohol|FEMA No. 3415|H1E1U441XX",,3-Methylthio Propanol (FEMA 3415),{'MySkinRecipes': '505-10-2'},https://www.myskinrecipes.com/shop/th/edible-อาหาร/32476-3-methylthio-propanol-fema-3415.html
WIP_DISCREPANCY,16-Hexanedithiol,,14491,,1191-43-1,"1,6-HEXANEDITHIOL|1191-43-1|Hexane-1,6-dithiol|1,6-Dimercaptohexane|Hexamethylene dimercaptan|1,6-Hexane dithiol|FEMA No. 3495|RWN7RM884E|NSC-29031|DTXSID60152317",,16-Hexanedithiol (FEMA 3495),{'MySkinRecipes': '1191-43-1'},https://www.myskinrecipes.com/shop/th/ungrouped/32460-16-hexanedithiol-fema-3495.html
WIP_VERIFIED,Sandal Hexanol,,103005,Isobornyl cyclohexanol,4105-12-8|3407-42-9,"Isobornyl cyclohexanol|DTXSID5044817|DTXCID3024817|RefChem:791572|3407-42-9|Sandenol|3-(5,5,6-Trimethyl-2-norbornyl)cyclohexanol|SANDELA|Cyclohexanol, 3-(5,5,6-trimethylbicyclo[2.2.1]hept-2-yl)-|3-(5,5,6-trimethylbicyclo[2.2.1]hept-2-yl)cyclohexanol",,Sandal Hexanol (IBCH),{'MySkinRecipes': '3407-42-9'},https://www.myskinrecipes.com/shop/th/wood-ไม้-เปลือกไม้/3674-sandal-hexanol-ibch.html
WIP_VERIFIED,Diethyl Malonate,,7761,Diethyl Malonate,105-53-3,"DIETHYL MALONATE|105-53-3|Diethyl propanedioate|Ethyl malonate|Malonic ester|Propanedioic acid, diethyl ester|Carbethoxyacetic ester|Malonic acid, diethyl ester|Dicarbethoxymethane|1,3-diethyl propanedioate",,Diethyl Malonate (FEMA 2375),{'MySkinRecipes': '105-53-3'},https://www.myskinrecipes.com/shop/th/fruit-ผลไม้/2596-diethyl-malonate-fema-2375.html
SUPPLIER_MISMATCH,Nonan-1-ol,,8141,Nonane,61193-19-9|66039-00-7|111-84-2,NONANE|n-Nonane|111-84-2|Nonyl hydride|Shellsol 140|DTXSID9025796|T9W3VH6G10|NSC-72430|DTXCID005796|CHEBI:32892,Supplier MySkinRecipes CAS 143-08-8 error,Nonan-1-ol (FEMA 2789),{'MySkinRecipes': '143-08-8'},https://www.myskinrecipes.com/shop/th/aldehyde-ไขมัน/33723-nonan-1-ol-fema-2789.html
WIP_VERIFIED,Bis Methylthiomethane Truffle Sulfide,,15380,"2,4-Dithiapentane",1618-26-4,"Bis(methylthio)methane|1618-26-4|Bis(methylsulfanyl)methane|Methane, bis(methylthio)-|2,4-DITHIAPENTANE|Bis(methylmercapto)methane|Formaldehyde dimethyl mercaptal|Methylenebis(methyl sulfide)|Bis[methylmercapto]methane|128SGX814T",,Bis Methylthiomethane Truffle Sulfide (FEMA 3878),{'MySkinRecipes': '1618-26-4'},https://www.myskinrecipes.com/shop/th/edible-อาหาร/32484-bis-methylthiomethane-truffle-sulfide-fema-3878.html
WIP_VERIFIED,3-Methylthio-1-hexanol,,65413,3-(Methylthio)-1-hexanol,51755-66-9|90180-89-5,"3-(Methylthio)-1-hexanol|51755-66-9|3-(Methylthio)hexan-1-ol|3-methylsulfanylhexan-1-ol|1-Hexanol, 3-(methylthio)-|3-(Methylmercapto)-1-hexanol|FEMA No. 3438|3-methylthio-1-hexanol|3-(methyl thio) hexanol|CFU4A74TQT",,3-Methylthio-1-hexanol (FEMA 3438),{'MySkinRecipes': '51755-66-9'},https://www.myskinrecipes.com/shop/th/ungrouped/32461-3-methylthio-1-hexanol-fema-3438.html
PROPRIETARY_MIXTURE,Spirogalbanone,,15405344,1-spiro(4.5)Dec-7-en-7-yl-4-penten-1-one,224031-70-3,"4-Penten-1-one, 1-spiro[4.5]dec-7-en-7-yl-|4-Penten-1-one, 1-spiro(4.5)dec-7-en-7-yl-|1-Spiro[4.5]dec-7-en-7-yl-4-penten-1-one|1-spiro(4.5)Dec-7-en-7-yl-4-penten-1-one|RefChem:436558|224031-70-3|1-(spiro[4.5]dec-7-en-7-yl)pent-4-en-1-one|Spirogalbanone|SCHEMBL758157|DTXSID80870263",,Spirogalbanone,{'MySkinRecipes': ''},https://www.myskinrecipes.com/shop/th/green-พืช-ใบไม้เขียว/2647-spirogalbanone.html
WIP_VERIFIED,Ethyl Propionate,,7749,Ethyl Propionate,105-37-3,"ETHYL PROPIONATE|Ethyl propanoate|105-37-3|Propanoic acid, ethyl ester|Propionic ether|Propionic ester|Propionic acid, ethyl ester|Propionate d'ethyle|FEMA No. 2456|Ethylester kyseliny propionove",,Ethyl Propionate,{'MySkinRecipes': '105-37-3'},https://www.myskinrecipes.com/shop/th/fruit-ผลไม้/2597-ethyl-propionate.html
WIP_VERIFIED,Koumalactone,,14344497,Dihydromintlactone,92015-65-1,"Dihydromintlactone|92015-65-1|2(3H)-Benzofuranone, hexahydro-3,6-dimethyl-|3,6-dimethylhexahydrobenzofuran-2(3H)-one|V49A09DWAA|3,6-dimethyl-octahydro-1-benzofuran-2-one|FEMA NO. 4032|DTXSID90888713|HEXAHYDRO-3,6-DIMETHYL-2(3H)-BENZOFURANONE|PERHYDRO-3,6-DIMETHYL-BENZO(B)FURAN-2-ONE",,Koumalactone Firmenich (FEMA 4032),{'MySkinRecipes': '92015-65-1'},https://www.myskinrecipes.com/shop/th/wood-ไม้-เปลือกไม้/33679-koumalactone-firmenich-fema-4032.html
WIP_VERIFIED,Methyl propyl disulfide,,16592,Methyl propyl disulfide,2179-60-4,"Methyl propyl disulfide|1-(Methyldisulfanyl)propane|Disulfide, methyl propyl|Methyldithiopropane|2,3-Dithiahexane|Methyl propyl disulphide|Propyl methyl disulfide|Methyl n-propyl disulfide|FEMA No. 3201|8M12K3FU0T",,Methyl propyl disulfide (FEMA 3201),{'MySkinRecipes': '2179-60-4'},https://www.myskinrecipes.com/shop/th/ungrouped/32462-methyl-propyl-disulfide-fema-3201.html
WIP_VERIFIED,Pyrrole,,8027,Pyrrole,30604-81-0|109-97-7,"PYRROLE|1H-Pyrrole|109-97-7|Azole|Divinylenimine|Imidole|Pyrrol|Monopyrrole|Divinyleneimine|1-Aza-2,4-cyclopentadiene",,Pyrrole (FEMA 3386),{'MySkinRecipes': '109-97-7'},https://www.myskinrecipes.com/shop/th/edible-อาหาร/32392-pyrrolefema-3386.html
SUPPLIER_MISMATCH,Trans-2-Cis-6-Nonadienol,,90457052,trans,,"trans|SCHEMBL16095230|ALBWRRHELUFSEF-UHFFFAOYSA-N|tert-butyl 6-fluoro-2-(4-methyl-5-oxo-2,5-dihydrofuran-3-yl)-1-oxo-2,8-diazaspiro[4.5]decane-8-carboxylate",Supplier MySkinRecipes CAS 557-48-2 error,Trans-2-Cis-6-Nonadienol,{'MySkinRecipes': '557-48-2'},https://www.myskinrecipes.com/shop/th/green-พืช-ใบไม้เขียว/8010-trans-2-cis-6-nonadienol.html
WIP_VERIFIED,Gamma-Undecalactone,,7714,Gamma-undecalactone,104-67-6,"Gamma-undecalactone|104-67-6|Undecan-4-olide|2(3H)-Furanone, 5-heptyldihydro-|5-heptyloxolan-2-one|Persicol|Peach aldehyde|Peach lactone|5-Heptyldihydro-2(3H)-furanone|1,4-Undecanolide",,Gamma-Undecalactone (C-14),{'MySkinRecipes': '104-67-6'},https://www.myskinrecipes.com/shop/th/fruit-ผลไม้/2598-gamma-undecalactone-aldehyde-c-14-so-called.html
WIP_VERIFIED,Isolongifolene,,11127402,Isolongifolene,17015-38-2|1135-66-6,"Isolongifolene|(-)-Isolongifolene|1135-66-6|iso-Longifolene|Isolongifolene, (-)-|DTXSID1044518|E0LN4V7EY4|EINECS 214-494-2|DTXCID9024518|(2S)-1,3,4,5,6,7-Hexahydro-1,1,5,5-tetramethyl-2H-2,4a-methanonaphthalene",,Isolongifolene,{'MySkinRecipes': '1135-66-6'},https://www.myskinrecipes.com/shop/th/wood-ไม้-เปลือกไม้/33827-2s-134567-hexahydro-1155-tetramethyl-2h-24a-methanonaphthalene.html
WIP_VERIFIED,Allyl methyl disulfide,,62434,Allyl methyl disulfide,2179-58-0,"ALLYL METHYL DISULFIDE|Methyl allyl disulfide|2179-58-0|3-(methyldisulfanyl)prop-1-ene|Allyl methyl disulphide|Methyl 2-propenyl disulfide|Disulfide, methyl 2-propenyl|OXW45UTR7B|FEMA No. 3127|DTXSID60176199",,Allyl methyl disulfide (FEMA 3127),{'MySkinRecipes': '2179-58-0'},https://www.myskinrecipes.com/shop/th/ungrouped/32463-allyl-methyl-disulfide-fema-3127-.html
WIP_VERIFIED,2-Acetyl Thiophene,,6920,2-Acetylthiophene,88-15-3,"2-ACETYLTHIOPHENE|88-15-3|1-(2-Thienyl)ethanone|Methyl 2-thienyl ketone|2-Acetothienone|2-Acetothiophene|Ethanone, 1-(2-thienyl)-|2-Thienyl methyl ketone|Ketone, methyl 2-thienyl|1-(thiophen-2-yl)ethan-1-one",,2-Acetyl Thiophene,{'MySkinRecipes': '88-15-3'},https://www.myskinrecipes.com/shop/th/edible-อาหาร/32452-2-acetyl-thiophene-.html
WIP_VERIFIED,Raspberry Ketone Methyl Ether,,61007,Anisylacetone,104-20-1,"4-(4-Methoxyphenyl)-2-butanone|Anisylacetone|4-(4-Methoxyphenyl)butan-2-one|2-BUTANONE, 4-(4-METHOXYPHENYL)-|4-Methoxybenzylacetone|Raspberry ketone methyl ether|4-(p-Methoxyphenyl)-2-butanone|Anisylacetone, p-|Methyl oxanone|p-Methoxybenzylacetone",,Raspberry Ketone Methyl Ether,{'MySkinRecipes': '104-20-1'},https://www.myskinrecipes.com/shop/th/fruit-ผลไม้/2599-raspberry-ketone-methyl-ether-anisyl-acetone.html
WIP_VERIFIED,Allyl propyl disulfide,,16591,Allyl propyl disulfide,2179-59-1,"ALLYL PROPYL DISULFIDE|2179-59-1|4,5-Dithia-1-octene|2-Propenyl propyl disulfide|Disulfide, 2-propenyl propyl|Allyl propyl disulphide|Disulfide, allyl propyl|Propyl allyl disulfide|3-(propyldisulfanyl)prop-1-ene|DTXSID8024448",,Allyl propyl disulfide (FEMA 4073),{'MySkinRecipes': '2179-59-1'},https://www.myskinrecipes.com/shop/th/ungrouped/32464-allyl-propyl-disulfide-fema-4073.html
WIP_VERIFIED,3-Acetyl Pyridine,,9589,3-Acetylpyridine,350-03-8,"3-ACETYLPYRIDINE|350-03-8|1-pyridin-3-ylethanone|1-(3-Pyridinyl)ethanone|Methyl 3-pyridyl ketone|Ethanone, 1-(3-pyridinyl)-|1-(pyridin-3-yl)ethan-1-one|Methyl pyridyl ketone|beta-Acetylpyridine|FEMA No. 3424",,3-Acetyl Pyridine (FEMA 3424),{'MySkinRecipes': '350-03-8'},https://www.myskinrecipes.com/shop/th/edible-อาหาร/32451-3-acetyl-pyridine-fema-3424.html
WIP_VERIFIED,Cinnamyl Isobutyrate,,5355851,Cinnamyl isobutyrate,110682-09-2|103-59-3,"Cinnamyl isobutyrate|103-59-3|3-phenylprop-2-en-1-yl 2-methylpropanoate|ISOBUTYRIC ACID, CINNAMYL ESTER|FEMA No. 2297|NSC-46133|C286CMK03D|Propanoic acid, 2-methyl-, 3-phenyl-2-propenyl ester|DTXCID4027608|[(E)-3-phenylprop-2-enyl] 2-methylpropanoate",,Cinnamyl Isobutyrate (FEMA 2297),{'MySkinRecipes': '103-59-3'},https://www.myskinrecipes.com/shop/th/fruit-ผลไม้/3301-cinnamyl-isobutyrate-fema-2297.html
PROPRIETARY_MIXTURE,Hydratopic Aldehyde,,,,,,,Hydratopic Aldehyde,{'MySkinRecipes': ''},https://www.myskinrecipes.com/shop/th/green-พืช-ใบไม้เขียว/2649-hydratopic-aldehyde-2-phenyl-propionaldehyde.html
WIP_VERIFIED,Dimethyl Disulfide,,12232,Dimethyl Disulfide,68920-64-9|624-92-0,"Dimethyl disulfide|624-92-0|METHYL DISULFIDE|(Methyldisulfanyl)methane|Dimethyldisulfide|DMDS|Dimethyl disulphide|2,3-Dithiabutane|Disulfide, dimethyl|Methyldisulfide",,Dimethyl Disulfide (FEMA 3536),{'MySkinRecipes': '624-92-0'},https://www.myskinrecipes.com/shop/th/edible-อาหาร/32477-dimethyl-disulfide-fema-3536.html
WIP_VERIFIED,Benzyl methyl disulfide,,12779,Benzyl methyl disulfide,699-10-5,"Benzyl methyl disulfide|Methyl benzyl disulfide|Disulfide, methyl phenylmethyl|Benzyldithiomethane|[(Methyldisulfanyl)methyl]benzene|Benzyl methyl disulphide|DISULFIDE, BENZYL METHYL|Methyl phenylmethyl disulfide|FEMA No. 3504|EINECS 211-826-8",,Benzyl methyl disulfide (FEMA 3504),{'MySkinRecipes': '699-10-5'},https://www.myskinrecipes.com/shop/th/ungrouped/32465-benzyl-methyl-disulfide-fema-3504.html
WIP_VERIFIED,Phenyl Propyl Aldehyde,,7707,Benzenepropanal,104-53-0|1335-10-0,3-Phenylpropanal|104-53-0|Benzenepropanal|3-Phenylpropionaldehyde|Hydrocinnamic aldehyde|3-Phenyl-1-propanal|Phenylpropyl aldehyde|3-Phenylpropylaldehyde|Hydrocinnamylaldehyde|3-Phenylpropyl aldehyde,,Phenyl Propyl Aldehyde (FEMA 2887),{'MySkinRecipes': '104-53-0'},https://www.myskinrecipes.com/shop/th/green-พืช-ใบไม้เขียว/3342-phenyl-propyl-aldehyde-fema-2887.html
WIP_VERIFIED,Phenethyl Butyrate,,7658,Phenethyl butyrate,103-52-6,"Phenethyl butyrate|103-52-6|2-Phenylethyl butanoate|Phenylethyl butyrate|Butanoic acid, 2-phenylethyl ester|2-Phenethyl butanoate|Benzylcarbinyl butyrate|2-Phenylethyl butyrate|Phenethyl butanoate|BUTYRIC ACID, PHENETHYL ESTER",,Phenethyl Butyrate (FEMA 2861),{'MySkinRecipes': '103-52-6'},https://www.myskinrecipes.com/shop/th/fruit-ผลไม้/3302-phenethyl-butyrate-fema-2861.html
WIP_VERIFIED,Trithioacetone,,13233,Trithioacetone,828-26-2,"2,2,4,4,6,6-Hexamethyl-1,3,5-trithiane|Trithioacetone|2,2,4,4,6,6-Hexamethyl-S-trithiane|Hexamethyl-1,3,5-trithiane|Hexamethyl-S-trithiane|1,3,5-Trithiane, 2,2,4,4,6,6-hexamethyl-|S-Trithiane, hexamethyl-|tropical trithiane|FEMA No. 3475|s-TRITHIANE, 2,2,4,4,6,6-HEXAMETHYL-",,Trithioacetone (FEMA 3475),{'MySkinRecipes': '828-26-2'},https://www.myskinrecipes.com/shop/th/edible-อาหาร/32487-trithioacetone-fema-3475.html
WIP_VERIFIED,Allyl mercaptan,,13367,Allyl Mercaptan,870-23-5,ALLYL MERCAPTAN|2-Propene-1-thiol|prop-2-ene-1-thiol|Allylthiol|Allyl sulfhydrate|allyl thioalcohol|FEMA No. 2035|3-Mercaptopropene|UNII-1X587IBY09|1X587IBY09,,Allyl mercaptan (FEMA 2035) 75%,{'MySkinRecipes': '870-23-5'},https://www.myskinrecipes.com/shop/th/ungrouped/32466-allyl-mercaptan-fema-2035.html
WIP_VERIFIED,Triacetin Glycerol Triacetate,,5541,Triacetin,102-76-1,triacetin|102-76-1|Glyceryl triacetate|Glycerol triacetate|Enzactin|Triacetine|Glycerin triacetate|Triacetylglycerol|Fungacetin|Glyped,,Triacetin Glycerol Triacetate (FEMA 2007),{'MySkinRecipes': '102-76-1'},https://www.myskinrecipes.com/shop/th/ตัวทำละลาย-solvents-polyols/3303-triacetin-glycerol-triacetate-fema-2007-.html
WIP_VERIFIED,Ethyl thioacetate,,61171,S-Ethyl thiolacetate,59094-77-8|625-60-5,"S-Ethyl ethanethioate|S-Ethyl thioacetate|625-60-5|S-Ethyl thiolacetate|Ethyl thiolacetate|ETHANETHIOIC ACID, S-ETHYL ESTER|Acetic acid, thio-, S-ethyl ester|1-(ethylsulfanyl)ethan-1-one|FEMA No. 3282|EINECS 210-904-9",,Ethyl thioacetate (FEMA 3282),{'MySkinRecipes': '625-60-5'},https://www.myskinrecipes.com/shop/th/ungrouped/32467-ethyl-thioacetate-fema-3282.html
WIP_VERIFIED,25-Dimethyl Furan,,12266,"2,5-Dimethylfuran",625-86-5,"2,5-DIMETHYLFURAN|625-86-5|Furan, 2,5-dimethyl-|2,5-Dimethylfurane|2,5-dimethyl-furan|DTXSID7022093|DR5HL9OJ7Y|NSC-6220|DTXCID102093|FEMA NO. 4106",,25-Dimethyl Furan (FEMA 4106),{'MySkinRecipes': '625-86-5'},https://www.myskinrecipes.com/shop/th/edible-อาหาร/32447-25-dimethyl-furan-fema-4106.html
WIP_VERIFIED,Cis-Galbanum Oxathiane Oxane,,6931725,"(2R,4S)-2-methyl-4-propyl-1,3-oxathiane",59323-76-1,"(2R,4S)-2-methyl-4-propyl-1,3-oxathiane|59323-76-1|(Z)-2-Methyl-4-propyl-1,3-oxathiane|C8H16OS|SCHEMBL238102|SCHEMBL30797151|GKGOLPMYJJXRGD-SFYZADRCSA-N|AC1065|MFCD30257452|AKOS037645679",,Cis-Galbanum Oxathiane Oxane (FEMA 3578),{'MySkinRecipes': '59323-76-1'},https://www.myskinrecipes.com/shop/th/green-พืช-ใบไม้เขียว/3769-cis-galbanum-oxathiane-oxane-fema-3578.html
WIP_VERIFIED,Allyl Isothiocyanate,,5971,Allyl Isothiocyanate,57-06-7,ALLYL ISOTHIOCYANATE|57-06-7|3-isothiocyanatoprop-1-ene|AITC|Redskin|Allylsenfoel|Allylsenevol|Oleum sinapis|Allyl isosulfocyanate|Allylsevenolum,,Allyl Isothiocyanate (FEMA 2034),{'MySkinRecipes': '57-06-7'},https://www.myskinrecipes.com/shop/th/edible-อาหาร/32496-allyl-isothiocyanate-fema-2034.html
WIP_VERIFIED,S-Methyl thiofuroate,,61662,Methyl 2-thiofuroate,13679-61-3,"Methyl 2-thiofuroate|13679-61-3|S-Methyl 2-furancarbothioate|Methyl thiofuroate|S-Methyl thiofuroate|2-Furancarbothioic acid, S-methyl ester|Methylthiol furoate|2-Furoic acid, thio-, S-methyl ester|Methyl thio-2-furoate|S-Methyl thio-2-furoate",,S-Methyl thiofuroate (FEMA 3311),{'MySkinRecipes': '13679-61-3'},https://www.myskinrecipes.com/shop/th/ungrouped/32470-s-methyl-thiofuroate-fema-3311.html
WIP_VERIFIED,Hyacinth Butanal,,85979,3-Phenylbutanal,16251-77-7,"3-Phenylbutyraldehyde|3-Phenylbutanal|16251-77-7|Benzenepropanal, beta-methyl-|DTXSID4047098|1B5MVX2XGA|J82.489E|DTXCID2027098|RefChem:504931|240-362-9",,Hyacinth Butanal (Trifernal),{'MySkinRecipes': '16251-77-7'},https://www.myskinrecipes.com/shop/th/green-พืช-ใบไม้เขียว/3579-hyacinth-butanal-trifernal.html
WIP_VERIFIED,23-Butanedithiol,,11552,3-Methylbutanal,26140-47-6|590-86-3,"3-Methylbutanal|ISOVALERALDEHYDE|590-86-3|3-Methylbutyraldehyde|Isovaleral|Isopentaldehyde|Butanal, 3-methyl-|Isoamylaldehyde|Isopentanal|Isovalerylaldehyde",,23-Butanedithiol (FEMA 3477),{'MySkinRecipes': '590-86-3'},https://www.myskinrecipes.com/shop/th/ungrouped/32472-23-butanedithiol-fema-3477.html
WIP_VERIFIED,25-Hexanedione,,8035,"2,5-Hexanedione",110-13-4,"2,5-HEXANEDIONE|Hexane-2,5-dione|Acetonylacetone|110-13-4|1,2-Diacetylethane|2,5-Diketohexane|Diacetonyl|2,5-Hexadione|Acetonyl acetone|2,5-Dioxohexane",,25-Hexanedione,{'MySkinRecipes': '110-13-4'},https://www.myskinrecipes.com/shop/th/edible-อาหาร/32455-25-hexanedione.html
WIP_VERIFIED,Farnesyl Acetate,,94403,Farnesyl acetate,29548-30-9,"Farnesyl acetate|29548-30-9|3,7,11-Trimethyldodeca-2,6,10-trienyl acetate|UNII-2ARF3ZNJ1R|DTXSID2047222|EINECS 249-689-1|2ARF3ZNJ1R|NSC 132958|Farnesylacetate|AI3-33837",,Farnesyl Acetate,{'MySkinRecipes': '29548-30-9'},https://www.myskinrecipes.com/shop/th/green-พืช-ใบไม้เขียว/3652-farnesyl-acetate.html
WIP_VERIFIED,Apple Ketal,,80865,Ethyl acetoacetate ethyleneglycol ketal,6413-10-1,"6413-10-1|Fructone|1,3-Dioxolane-2-acetic acid, 2-methyl-, ethyl ester|Ethyl 2-methyl-1,3-dioxolane-2-acetate|Ethyl acetoacetate ethylene ketal|Ethyl acetoacetate 3-ethylene acetal|Ethyl 3-oxobutyrate ethylene ketal|APPLINAL|Ethyl acetoacetate ethyleneglycol ketal|G5EXI4NID0",,Apple Ketal (Fructone),{'MySkinRecipes': '6413-10-1'},https://www.myskinrecipes.com/shop/th/fruit-ผลไม้/3306-apple-ketal-fructone.html
WIP_VERIFIED,3-Mercapto-2-Butanone,,38679,3-Mercapto-2-butanone,40789-98-8,"3-Mercapto-2-butanone|40789-98-8|2-Mercapto-3-butanone|3-sulfanylbutan-2-one|2-BUTANONE, 3-MERCAPTO-|FEMA No. 3298|Mercapto-3 butanone-2|BRN 1737689|Mercapto-3 butanone-2 [French]|EINECS 255-082-2",,3-Mercapto-2-Butanone (FEMA 3298),{'MySkinRecipes': '40789-98-8'},https://www.myskinrecipes.com/shop/th/ungrouped/32473-3-mercapto-2-butanone-fema-3298.html
WIP_VERIFIED,Hyacinth Acetals,,21895,"2-(Phenylmethyl)-1,3-dioxolane-4-methanol",29895-73-6|5694-72-4,"5694-72-4|1,3-Dioxolane-4-methanol, 2-(phenylmethyl)-|4-Hydroxymethyl-2-benzyl-1,3-dioxolane|1,3-DIOXOLANE-4-METHANOL, 2-BENZYL-|BD92587FZX|2-(Phenylmethyl)-1,3-Dioxolane-4-methanol|DTXSID201014563|FEMA NO. 2877, 1,3-DIOXOLANE-|RefChem:1061982|DTXCID0030538",,Hyacinth Acetals,{'MySkinRecipes': '29895-73-6'},https://www.myskinrecipes.com/shop/th/green-พืช-ใบไม้เขียว/3654-hyacinth-acetals.html
WIP_VERIFIED,Filbert Pyrazine,,27457,2-Ethyl-3-Methylpyrazine,15707-23-0,"2-ETHYL-3-METHYLPYRAZINE|Pyrazine, 2-ethyl-3-methyl-|2-Methyl-3-ethylpyrazine|FEMA No. 3155|DTXSID4047464|2-Ethyl-3-methylpyrazine, 9CI|BRN 0956775|EINECS 239-799-8|UNII-9GF35MK66U|9GF35MK66U",,Filbert Pyrazine,{'MySkinRecipes': '15707-23-0'},https://www.myskinrecipes.com/shop/th/edible-อาหาร/3572-filbert-pyrazine.html
WIP_VERIFIED,2-Mercapto-3-Butanol,,641834,"rel-(2R,3S)-3-Mercapto-2-butanol",37887-04-0|846047-53-8,"REL-(2R,3S)-3-MERCAPTO-2-BUTANOL|DTXSID401301916|RefChem:879124|DTXCID501731994|37887-04-0|(2R,3S)-3-Mercaptobutan-2-ol|(2R,3S)-3-sulfanylbutan-2-ol|rel-(2R,3S)-3-Mercaptobutan-2-ol|846047-53-8|RS926BK5UU",,2-Mercapto-3-Butanol (FEMA 3502),{'MySkinRecipes': '37887-04-0'},https://www.myskinrecipes.com/shop/th/ungrouped/32474-2-mercapto-3-butanol-fema-3502.html
WIP_VERIFIED,5-Methyl-2-Acetyl Furan,,14514,2-Acetyl-5-Methylfuran,1193-79-9,"2-ACETYL-5-METHYLFURAN|1193-79-9|1-(5-methylfuran-2-yl)ethanone|1-(5-Methyl-2-furyl)ethanone|Ethanone, 1-(5-methyl-2-furanyl)-|5-Methyl-2-furylmethylketone|1-(5-Methyl-2-furanyl)ethanone|1-(5-Methyl-2-furyl)ethan-1-one|Furan, 2-acetyl-5-methyl-|Methyl 5-methyl-2-furyl ketone",,5-Methyl-2-Acetyl Furan (FEMA 3609),{'MySkinRecipes': '1193-79-9'},https://www.myskinrecipes.com/shop/th/edible-อาหาร/32393-5-methyl-2-acetyl-furan-fema-3609.html
WIP_VERIFIED,Diphenyl Methane,,7580,Diphenylmethane,101-81-5,"Diphenylmethane|101-81-5|Benzylbenzene|Ditan|Benzene, 1,1'-methylenebis-|Ditane|Diphenyl methane|Methane, diphenyl-|1,1'-Dimethylenebis(benzene)|Benzene, (phenylmethyl)-",,Diphenyl Methane,{'MySkinRecipes': '101-81-5'},https://www.myskinrecipes.com/shop/th/green-พืช-ใบไม้เขียว/3475-diphenyl-methane.html
WIP_VERIFIED,"Melon Heptenal-2,6-Dimethyl-5-Heptenal",,61016,"(+-)-2,6-Dimethyl-5-heptenal",106-72-9,"2,6-Dimethyl-5-heptenal|2,6-Dimethylhept-5-enal|106-72-9|Melonal|5-HEPTENAL, 2,6-DIMETHYL-|FEMA No. 2389|2,6-Dimethylhept-5-en-1-al|DTXSID8044753|dimethyl heptenal|MELOMOR",,"Melon Heptenal-2,6-Dimethyl-5-Heptenal (FEMA 2389)",{'MySkinRecipes': '106-72-9'},https://www.myskinrecipes.com/shop/th/fruit-ผลไม้/3308-melon-heptenal-26-dimethyl-5-heptenal-fema-2389-.html
WIP_VERIFIED,"3,5-Dimethyl-2-Hydroxy-2-Cyclopentenyl-1-one",,61634,"3,5-Dimethyl-1,2-cyclopentanedione",13494-07-0|8028-89-5,"13494-07-0|3,5-Dimethyl-1,2-cyclopentanedione|3,5-Dimethylcyclopentane-1,2-dione|3,5-Dimethyl-1,2-cyclopentadione|1,2-Cyclopentanedione, 3,5-dimethyl-|DTXSID0047660|DTXCID8027660|FEMA 3269|EINECS 236-811-3|UNII-DV18V4XD6W",,"3,5-Dimethyl-2-Hydroxy-2-Cyclopentenyl-1-one (FEMA 3269)",{'MySkinRecipes': '13494-07-0'},https://www.myskinrecipes.com/shop/th/ungrouped/32481-35-dimethyl-2-hydroxy-2-cyclopentenyl-1-one-fema-3269.html
WIP_VERIFIED,Difurfuryl Disulfide,,20499,"2,2'-(Dithiodimethylene)difuran",4437-20-1,"DIFURFURYL DISULFIDE|Furfuryl disulfide|Furan, 2,2'-[dithiobis(methylene)]bis-|2,2'-(Dithiodimethylene)difuran|2-Furfuryl disulfide|coffee difuran|Bis(2-furfuryl)disulfide|Bis(2-furfuryl) disulfide|FEMA No. 3146|2,2'-(thiodimethylene)-difuran",,Difurfuryl Disulfide (FEMA 3146),{'MySkinRecipes': '4437-20-1'},https://www.myskinrecipes.com/shop/th/edible-อาหาร/32431-difurfuryl-disulfide-fema-3146-.html
WIP_VERIFIED,"Ivy Dioxolane, Glycolierral",,111418,"1,3-Dioxolane, 2-[6-methyl-8-(1-methylethyl)bicyclo[2.2.2]oct-5-en-2-yl]-",68901-32-6,"EINECS 272-669-9|2-[8-Isopropyl-6-methylbicyclo[2.2.2]oct-5-en-2-yl]-1,3-dioxolane|DTXSID4052427|1,3-Dioxolane, 2-(6-methyl-8-(1-methylethyl)bicyclo(2.2.2)oct-5-en-2-yl)-|1,3-Dioxolane, 2-[6-methyl-8-(1-methylethyl)bicyclo[2.2.2]oct-5-en-2-yl]-|2-(8-Isopropyl-6-methylbicyclo(2.2.2)oct-5-en-2-yl)-1,3-dioxolane|RefChem:414885|DTXCID1030999|272-669-9|68901-32-6",,"Ivy Dioxolane, Glycolierral",{'MySkinRecipes': '68901-32-6'},https://www.myskinrecipes.com/shop/th/green-พืช-ใบไม้เขียว/3827-ivy-dioxolane.html
WIP_VERIFIED,Pyrazine,,9261,Pyrazine,290-37-9,"PYRAZINE|290-37-9|1,4-Diazine|p-Diazine|Paradiazine|Piazine|1,4-Diazabenzene|pyrazin|MFCD00006122|1,4-Diazin",,Pyrazine (FEMA 4015),{'MySkinRecipes': '290-37-9'},https://www.myskinrecipes.com/shop/th/edible-อาหาร/32391-pyrazinefema-4015.html
WIP_VERIFIED,Galbanum Decatriene,,61832,"1,3,5-Undecatriene",16356-11-9,"undeca-1,3,5-triene|16356-11-9|DTXSID9047546|FEMA No. 3795|PWB1EM60KN|DTXCID7027546|RefChem:1052607|240-416-1|1,3,5-Undecatriene|n-undecatriene",,Galbanum Decatriene (FEMA 3795),{'MySkinRecipes': '16356-11-9'},https://www.myskinrecipes.com/shop/th/green-พืช-ใบไม้เขียว/3581-galbanum-decatriene-fema-3795.html
WIP_VERIFIED,Ethyl 2-Methylsulfanylacetate,,78199,Ethyl (methylthio)acetate,4455-13-4,"Ethyl (methylthio)acetate|4455-13-4|Ethyl 2-(methylthio)acetate|Acetic acid, (methylthio)-, ethyl ester|Ethyl 2-(methylthio)-acetate|ethyl 2-(methylsulfanyl)acetate|6148QQN25T|Ethyl 2-methylthioacetate|EINECS 224-700-2|NSC-165655",,Ethyl 2-Methylsulfanylacetate (FEMA 3835),{'MySkinRecipes': '4455-13-4'},https://www.myskinrecipes.com/shop/th/ungrouped/32483-ethyl-2-methylsulfanylacetate-fema-3835.html
WIP_VERIFIED,23-Diethyl-5-Methylpyrazine,,28905,"2,3-Diethyl-5-Methylpyrazine",18138-04-0,"2,3-DIETHYL-5-METHYLPYRAZINE|Pyrazine, 2,3-diethyl-5-methyl-|hazelnut pyrazine|5-Methyl-2,3-diethylpyrazine|2,3-Diethyl-6-methylpyrazine|FEMA No. 3336|UNII-530763R0AP|EINECS 242-024-6|530763R0AP|DTXSID6066317",,23-Diethyl-5-Methylpyrazine (FEMA 3336),{'MySkinRecipes': '18138-04-0'},https://www.myskinrecipes.com/shop/th/edible-อาหาร/32396-23-diethyl-5-methylpyrazine-fema-3336.html
PROPRIETARY_MIXTURE,Cassis,,,,,,,Cassis Base,{'MySkinRecipes': ''},https://www.myskinrecipes.com/shop/th/green-พืช-ใบไม้เขียว/4072-cassis-specialty.html
WIP_VERIFIED,Citral Diethyl Acetal,,5365794,Citral diethyl acetal,89553-30-0|7492-66-2,"1,1-Diethoxy-3,7-dimethylocta-2,6-diene|CITRAL DIETHYL ACETAL|7492-66-2|citral diethylacetal|3,7-Dimethyl-2,6-octadienal diethyl acetal|2,6-Octadiene, 1,1-diethoxy-3,7-dimethyl-|FEMA No. 2304|CCRIS 4600|EINECS 231-323-7|2,6-Octadienal, 3,7-dimethyl-, diethyl acetal",,Citral Diethyl Acetal (FEMA 2304),{'MySkinRecipes': '7492-66-2'},https://www.myskinrecipes.com/shop/th/green-พืช-ใบไม้เขียว/33773-citral-diethyl-acetal-fema-2304.html
WIP_VERIFIED,4-Methyl-4-Methylthio-2-Pentanone,,4682590,4-Methyl-4-(methylthio)-2-pentanone,23550-40-5,"23550-40-5|4-Methylthio-4-methyl-2-pentanone|2-Pentanone, 4-methyl-4-(methylthio)-|4-Methyl-4-(methylthio)-2-pentanone|4-Methyl-4-(methylthio)pentan-2-one|cassis pentanone|FEMA No. 3376|4-(Methylthio)-4-methyl-2-pentanone|4-methyl-4-(methylsulfanyl)pentan-2-one|4-Methylmercapto-4-methylpentan-2-one",,4-Methyl-4-Methylthio-2-Pentanone (FEMA 3376),{'MySkinRecipes': '23550-40-5'},https://www.myskinrecipes.com/shop/th/ungrouped/32490-4-methyl-4-methylthio-2-pentanone-fema-3376.html
WIP_VERIFIED,3-Methyl-2-Butanethiol,,519823,3-Methyl-2-butanethiol,2084-18-6,"3-Methyl-2-butanethiol|3-Methylbutane-2-thiol|2-Butanethiol, 3-methyl-|3-methyl-2-butane thiol|FEMA No. 3304|3-Methyl-2-butylthiol|EINECS 218-223-9|JE3PR84J0B|UNII-JE3PR84J0B|DTXSID40862826",,3-Methyl-2-Butanethiol (FEMA 3304),{'MySkinRecipes': '2084-18-6'},https://www.myskinrecipes.com/shop/th/edible-อาหาร/32485-3-methyl-2-butanethiol-fema-3304.html
WIP_VERIFIED,Butyl Acetate,,31272,Butyl Acetate,123-86-4,"Butyl acetate|123-86-4|N-BUTYL ACETATE|Acetic acid, butyl ester|Butyl ethanoate|1-Butyl acetate|Acetic Acid Butyl Ester|n-Butyl ethanoate|Butylacetat|Acetate de butyle",,Butyl Acetate (FEMA 2174),{'MySkinRecipes': '123-86-4'},https://www.myskinrecipes.com/shop/th/fruit-ผลไม้/3312-butyl-acetate-fema-2174.html
WIP_VERIFIED,Furfuryl Propionate,,61166,Furfuryl propionate,623-19-8,"Furfuryl propionate|623-19-8|Furfuryl propanoate|Furfuryl alcohol, propionate|2-FURANMETHANOL, PROPANOATE|2-Furanmethyl propionate|2-Furanmethyl propanoate|2-Furanmethanol, 2-propanoate|FEMA No. 3346|EY0D04ABR5",,Furfuryl Propionate (FEMA 3346),{'MySkinRecipes': '623-19-8'},https://www.myskinrecipes.com/shop/th/ungrouped/32491-furfuryl-propionate-fema-3346.html
WIP_VERIFIED,4-Methyl-4-Mercapto-2-Pentanone,,88290,4-Mercapto-4-methyl-2-Pentanone,19872-52-7,"19872-52-7|4-Mercapto-4-methyl-2-pentanone|4-Mercapto-4-methylpentan-2-one|4-methyl-4-sulfanylpentan-2-one|2-Pentanone, 4-mercapto-4-methyl-|4-methyl-4-mercapto-2-pentanone|9524RG5ZQL|DTXSID8051839|FEMA NO. 3997|CHEBI:77856",,4-Methyl-4-Mercapto-2-Pentanone (FEMA 3997),{'MySkinRecipes': '19872-52-7'},https://www.myskinrecipes.com/shop/th/edible-อาหาร/32489-4-methyl-4-mercapto-2-pentanone-fema-3997.html
WIP_VERIFIED,Allyl Hexanoate Allyl Caproate,,31266,Allyl caproate,123-68-2,"Allyl hexanoate|123-68-2|Allyl caproate|Hexanoic acid, allyl ester|prop-2-enyl hexanoate|FEMA No. 2032|3VH84A363D|NSC-20962|DTXSID1047653|RefChem:110871",,Allyl Hexanoate Allyl Caproate (FEMA 2032),{'MySkinRecipes': '123-68-2'},https://www.myskinrecipes.com/shop/th/fruit-ผลไม้/3313-allyl-hexanoate-allyl-caproate-fema-2032.html
WIP_VERIFIED,4-Methyl-4-Furfurylthio-2-Pentanone,,3025939,4-Furfurylthio-2-pentanone,180031-78-1,4-Furfurylthio-2-pentanone|4-[(2-Furanylmethyl)thio]-2-pentanone|4-((2-Furanmethyl)thio)-2-pentanone|FEMA No. 3840|W5N093JFRP|4-((2-Furanmethyl)thio)pentan-2-one|4-(Furan-2-ylmethylsulfanyl)pentane-2-one|4-((2-Furanmethyl)thio]-2-pentanone [FIFH]|4-[(2-Furanmethyl)thio]-2-pentanone|4-[(FURAN-2-YLMETHYL)SULFANYL]PENTAN-2-ONE,,4-Methyl-4-Furfurylthio-2-Pentanone (FEMA 3840),{'MySkinRecipes': '180031-78-1'},https://www.myskinrecipes.com/shop/th/ungrouped/32492-4-methyl-4-furfurylthio-2-pentanone-fema-3840.html
WIP_VERIFIED,2-Methyl-3-Methylthio Furan,,526618,2-Methyl-3-(methylthio)furan,63012-97-5,"2-methyl-3-(methylthio)furan|63012-97-5|2-Methyl-3-methylthiofuran|furan, 2-methyl-3-(methylthio)-|2-methyl-3-(methylsulfanyl)furan|2-Methyl-3-thiomethylfuran|FEMA no. 3949|2-Methyl-3-(methylthio)furan [FHFI]|M46N02LDL4|DTXSID50212237",,2-Methyl-3-Methylthio Furan (FEMA 3949),{'MySkinRecipes': '63012-97-5'},https://www.myskinrecipes.com/shop/th/edible-อาหาร/32430-2-methyl-3-methylthio-furan-fema-3949-.html
WIP_VERIFIED,Ethyl Hexanoate Ethyl Caproate,,31265,Ethyl hexanoate,123-66-0,"ETHYL HEXANOATE|Ethyl caproate|123-66-0|Hexanoic acid, ethyl ester|Hexanoic Acid Ethyl Ester|Ethyl hexoate|Ethyl hexanoate (caproate)|FEMA No. 2439|DTXSID3021980|FLO6YR1SHT",,Ethyl Hexanoate Ethyl Caproate (FEMA 2439),{'MySkinRecipes': '123-66-0'},https://www.myskinrecipes.com/shop/th/fruit-ผลไม้/3314-ethyl-hexanoate-ethyl-caproate-fema-2439.html
WIP_VERIFIED,Ethyl Thiopropionate,,75513,S-Ethyl propanethioate,2432-42-0,"2432-42-0|S-Ethyl propanethioate|Ethyl propanethioate|Propanethioic acid, S-ethyl ester|EINECS 219-405-0|DTXSID00179063|NSC 159051|RefChem:884226|DTXCID30101554|219-405-0",,Ethyl Thiopropionate,{'MySkinRecipes': '2432-42-0'},https://www.myskinrecipes.com/shop/th/ungrouped/32495-ethyl-thiopropionate.html
WIP_VERIFIED,Difurfuryl Sulfide,,61659,Difurfuryl sulfide,13678-67-6,"Difurfuryl sulfide|13678-67-6|Furfuryl sulfide|Furan, 2,2'-[thiobis(methylene)]bis-|2-Furfuryl monosulfide|Bis(2-furfuryl) sulfide|FEMA No. 3238|2,2-(Thiodimethylene)-difuran|2,2'-(Thiodimethylene) difuran|2,2'-(Thiobis(methylene))bisfuran",,Difurfuryl Sulfide (FEMA 3238),{'MySkinRecipes': '13678-67-6'},https://www.myskinrecipes.com/shop/th/edible-อาหาร/32432-difurfuryl-sulfide-fema-3238-.html
WIP_VERIFIED,Isoamyl Alcohol,,31260,Isoamyl Alcohol,123-51-3|50858-14-5|6423-06-9,"Isoamyl alcohol|3-Methyl-1-butanol|Isopentyl alcohol|123-51-3|3-Methylbutan-1-ol|Isopentanol|3-Methylbutanol|1-Butanol, 3-methyl-|Isoamylol|Isobutylcarbinol",,Isoamyl Alcohol,{'MySkinRecipes': '123-51-3'},https://www.myskinrecipes.com/shop/th/fruit-ผลไม้/3315-isoamyl-alcohol.html
WIP_VERIFIED,3-Methylthio Propyl Acetate,,85519,3-(Methylthio)propyl acetate,16630-55-0,"3-(Methylthio)propyl acetate|16630-55-0|1-Propanol, 3-(methylthio)-, acetate|1-Propanol, 3-(methylthio)-, 1-acetate|IGN6YR3CJE|methionyl acetate|Acetic Acid 3-(Methylthio)propyl Ester|EINECS 240-679-2|FEMA NO. 3883|DTXSID90168087",,3-Methylthio Propyl Acetate (FEMA 3883),{'MySkinRecipes': '16630-55-0'},https://www.myskinrecipes.com/shop/th/ungrouped/32500-3-methylthio-propyl-acetate-fema-3883.html
WIP_VERIFIED,Propionaldehyde,,527,Propanal,123-38-6,Propionaldehyde|propanal|123-38-6|Propanaldehyde|Propylaldehyde|Propaldehyde|Methylacetaldehyde|n-Propanal|Propional|Propionic aldehyde,,Propionaldehyde (FEMA 2923),{'MySkinRecipes': '123-38-6'},https://www.myskinrecipes.com/shop/th/fruit-ผลไม้/3316-propionaldehyde-fema-2923.html
WIP_VERIFIED,Methyl Thioacetate,,73750,S-Methyl thioacetate,1534-08-3,"S-Methyl thioacetate|1534-08-3|S-Methyl ethanethioate|Ethanethioic acid, S-methyl ester|Methylthioacetate|1-(methylsulfanyl)ethan-1-one|PF2D4MWX79|DTXSID3073264|FEMA NO. 3876|CHEBI:51280",,Methyl Thioacetate (FEMA 3876),{'MySkinRecipes': '1534-08-3'},https://www.myskinrecipes.com/shop/th/ungrouped/32503-methyl-thioacetate-fema-3876.html
WIP_VERIFIED,Furfuryl thiopropionate,,62143,Furfuryl thiopropionate,59020-85-8,"Furfuryl thiopropionate|59020-85-8|S-Furfuryl thiopropionate|Propanethioic acid, S-(2-furanylmethyl) ester|S-Furfuryl propanethioate|Furfurylthiol propionate|S-(2-Furanylmethyl) propanethioate|S-(2-Furylmethyl) propanethioate|FEMA No. 3347|U05MDN4A54",,Furfuryl thiopropionate (FEMA 3347),{'MySkinRecipes': '59020-85-8'},https://www.myskinrecipes.com/shop/th/edible-อาหาร/32469-furfuryl-thiopropionate-fema-3347.html
WIP_VERIFIED,Diethyl Succinate,,31249,Diethyl Succinate,123-25-1,"DIETHYL SUCCINATE|123-25-1|Diethyl butanedioate|Ethyl succinate|Butanedioic acid, diethyl ester|Succinic acid diethyl ester|1,4-diethyl butanedioate|Butanedioic acid, 1,4-diethyl ester|Succinic acid, diethyl ester|FEMA No. 2377",,Diethyl Succinate (FEMA 2377),{'MySkinRecipes': '123-25-1'},https://www.myskinrecipes.com/shop/th/fruit-ผลไม้/3317-diethyl-succinate-fema-2377.html
WIP_DISCREPANCY,2-Methyl-35-6-Furfurylthio Pyrazine,,101003,2-Methyl-3-(furfurylthio)pyrazine,59035-98-2|59303-07-0,"2-Furfurylthio-3-methylpyrazine|2-Methyl-3-(furfurylthio)pyrazine|Pyrazine, 2-[(2-furanylmethyl)thio]-3-methyl-|HNN0V366HI|2-(2-furylmethylsulfanyl)-3-methyl-pyrazine|EINECS 261-690-9|Pyrazine, 2-((2-furanylmethyl)thio)-3-methyl-|2-[(furan-2-ylmethyl)sulfanyl]-3-methylpyrazine|FEMA NO. 3189, 3-(FURFURYLTHIO)-|FURFURYL 2-METHYL-3-PYRAZINYL SULFIDE",,2-Methyl-35-6-Furfurylthio Pyrazine (FEMA 3189),{'MySkinRecipes': '65530-53-2'},https://www.myskinrecipes.com/shop/th/edible-อาหาร/32400-2-methyl-35-6-furfurylthio-pyrazine-fema-3189.html
WIP_VERIFIED,"2,4-Nonadienal",,23203,"Nona-2,4-dienal",30551-17-8|6750-03-4,"nona-2,4-dienal|n-Nona-2,4-dienal|DTXSID70944265|RefChem:166406|DTXCID0027220|6750-03-4|ZHHYXNZJDGDGPJ-BSWSSELBSA-N|ZHHYXNZJDGDGPJ-UHFFFAOYSA-N|Nonadienal|2,4-NONADIENAL",,"2,4-Nonadienal (FEMA 3212)",{'MySkinRecipes': '6750-03-4'},https://www.myskinrecipes.com/shop/th/green-พืช-ใบไม้เขียว/3467-24-nonadienal-fema-3212.html
WIP_VERIFIED,S-Furfuryl thioformate,,62144,Furfuryl mercaptan formate,59020-90-5,"59020-90-5|2-Furanmethanethiol formate|S-Furfuryl Thioformate|S-(2-Furanylmethyl) methanethioate|Furfurylthiol formate|Furfuryl mercaptan formate|S-(2-Furylmethyl) methanethioate|Methanethioic acid, S-(2-furanylmethyl) ester|FEMA No. 3158|3-(2-Furanylmethyl) methanethioate",,S-Furfuryl thioformate (FEMA 3158),{'MySkinRecipes': '59020-90-5'},https://www.myskinrecipes.com/shop/th/edible-อาหาร/32468-s-furfuryl-thioformate-fema-3158.html
WIP_VERIFIED,Ethyl (E)-2-Hexenoate,,5364778,Ethyl trans-2-hexenoate,1552-67-6|27829-72-7,"27829-72-7|Ethyl trans-2-hexenoate|Ethyl 2-hexenoate|ethyl (E)-hex-2-enoate|2-Hexenoic acid, ethyl ester, (2E)-|Ethyl (E)-2-hexenoate|2-Hexenoic acid, ethyl ester|Ethyl 2E-hexenoate|Ethyl E-hex-2-enoate|(2E)-2-Hexenoic Acid Ethyl Ester",,Ethyl (E)-2-Hexenoate,{'MySkinRecipes': '27829-72-7'},https://www.myskinrecipes.com/shop/th/green-พืช-ใบไม้เขียว/33648-ethyl-e-2-hexenoate.html
WIP_VERIFIED,N Furfuryl Pyrrole,,15037,1-Furfurylpyrrole,1438-94-4,"1-FURFURYLPYRROLE|1438-94-4|1-(Furan-2-ylmethyl)-1H-pyrrole|N-Furfurylpyrrole|1H-Pyrrole, 1-(2-furanylmethyl)-|1-(2-Furanylmethyl)-1H-pyrrole|N-Furfuryl pyrrole|1-Furfuryl-1H-pyrrole|N-(2-Furfuryl)pyrrole|Pyrrole, 1-furfuryl-",,N Furfuryl Pyrrole (FEMA 3284),{'MySkinRecipes': '1438-94-4'},https://www.myskinrecipes.com/shop/th/edible-อาหาร/32450-n-furfuryl-pyrrole-fema-3284.html
WIP_VERIFIED,2-Methyl Butyric Acid,,8314,2-Methylbutanoic Acid,600-07-7|9007-16-3|151687-96-6|116-53-0,"2-Methylbutanoic acid|116-53-0|2-METHYLBUTYRIC ACID|DL-2-Methylbutyric acid|Butanoic acid, 2-methyl-|Ethylmethylacetic acid|Methylethylacetic acid|2-Methybutyric acid|alpha-Methylbutyric acid|FEMA No. 2695",,2-Methyl Butyric Acid (FEMA 2695),{'MySkinRecipes': '116-53-0'},https://www.myskinrecipes.com/shop/th/fruit-ผลไม้/3320-2-methyl-butyric-acid-fema-2695.html
WIP_VERIFIED,Hexyl 2-methylbutanoate,,24838,Hexyl 2-methylbutyrate,10032-15-2,"Hexyl 2-methylbutanoate|10032-15-2|Hexyl 2-methylbutyrate|Butanoic acid, 2-methyl-, hexyl ester|BUTYRIC ACID, 2-METHYL-, HEXYL ESTER|FEMA No. 3499|2-Methylbutanoic acid, n-hexyl ester|DTXSID4047599|Hexyl 2-methylbutanoate (natural)|EINECS 233-106-2",,Hexyl 2-methylbutanoate (FEMA-3499),{'MySkinRecipes': '10032-15-2'},https://www.myskinrecipes.com/shop/th/green-พืช-ใบไม้เขียว/33695-hexyl-2-methylbutanoate-fema-3499.html
WIP_VERIFIED,4-Acetoxy-25-Dimethyl-32h Furanone,,61334,"4-acetoxy-2,5-dimethyl-3(2H)-furanone",4166-20-5,"Furaneol acetate|4-ACETOXY-2,5-DIMETHYL-3(2H)-FURANONE|4-Acetoxy-2,5-dimethyl-3(2H)furanone|3(2H)-Furanone, 4-(acetyloxy)-2,5-dimethyl-|(2,5-dimethyl-4-oxofuran-3-yl) acetate|strawberry furanone acetate|2GV7TTS87D|4-(Acetyloxy)-2,5-dimethyl-3(2H)-furanone|4-Hydroxy-2,5-dimethyl-3(2H)-furanone acetate|3(2H)-Furanone, 4-hydroxy-2,5-dimethyl-, acetate",,4-Acetoxy-25-Dimethyl-32h Furanone (FEMA 3797),{'MySkinRecipes': '4166-20-5'},https://www.myskinrecipes.com/shop/th/ungrouped/32511-4-acetoxy-25-dimethyl-32h-furanone-fema-3797.html
WIP_VERIFIED,Furfuryl Methyl Sulfide,,518937,Furfuryl methyl sulfide,1438-91-1,"Furfuryl methyl sulfide|1438-91-1|2-((Methylthio)methyl)furan|Methyl furfuryl sulfide|2-Furfuryl methyl sulfide|Furan, 2-[(methylthio)methyl]-|2-[(methylthio)methyl]furan|FEMA No. 3160|Furan, 2-((methylthio)methyl)-|LMB8355W32",,Furfuryl Methyl Sulfide (FEMA 3160),{'MySkinRecipes': '1438-91-1'},https://www.myskinrecipes.com/shop/th/edible-อาหาร/32433-furfuryl-methyl-sulfide-fema-3160-.html
WIP_VERIFIED,1-Hexanol,,8103,1-Hexanol,25917-35-5|111-27-3,1-Hexanol|Hexyl alcohol|Hexan-1-ol|111-27-3|n-Hexanol|n-Hexyl alcohol|Amylcarbinol|1-Hydroxyhexane|Caproyl alcohol|1-Hexyl alcohol,,1-Hexanol,{'MySkinRecipes': '111-27-3'},https://www.myskinrecipes.com/shop/th/fruit-ผลไม้/3321-hexanol.html
WIP_VERIFIED,"2,6-Dimethylpyrazine",,7938,"2,6-Dimethylpyrazine",108-50-9,"2,6-DIMETHYLPYRAZINE|108-50-9|Pyrazine, 2,6-dimethyl-|3,5-Dimethylpyrazine|FEMA No. 3273|N77Q72C9I3|DTXSID5047619|RefChem:445751|DTXCID3027619|203-589-4",,"2,6-Dimethylpyrazine (FEMA 3273)",{'MySkinRecipes': '108-50-9'},https://www.myskinrecipes.com/shop/th/edible-อาหาร/33828-26-dimethylpyrazine-fema-3273.html
WIP_VERIFIED,"3,5-Dimethyl-12-Cyclopentanedione",,61634,"3,5-Dimethyl-1,2-cyclopentanedione",13494-07-0|8028-89-5,"13494-07-0|3,5-Dimethyl-1,2-cyclopentanedione|3,5-Dimethylcyclopentane-1,2-dione|3,5-Dimethyl-1,2-cyclopentadione|1,2-Cyclopentanedione, 3,5-dimethyl-|DTXSID0047660|DTXCID8027660|FEMA 3269|EINECS 236-811-3|UNII-DV18V4XD6W",,"3,5-Dimethyl-12-Cyclopentanedione (FEMA 3269)",{'MySkinRecipes': '13494-07-0'},https://www.myskinrecipes.com/shop/th/ungrouped/32512-35-dimethyl-12-cyclopentanedione-fema-3269.html
WIP_VERIFIED,Potato Butyraldehyde,,61845,3-(Methylthio)butanal,16630-52-7,"3-(Methylthio)butanal|3-(Methylthio)butyraldehyde|Butanal, 3-(methylthio)-|3-(Methylsulfanyl)butanal|potato butyraldehyde|FEMA No. 3374|Butyraldehyde, 3-(methylthio)-|beta-(Methylthio)butyraldehyde|UNII-1B27G5W046|EINECS 240-678-7",,Potato Butyraldehyde (FEMA 3374),{'MySkinRecipes': '16630-52-7'},https://www.myskinrecipes.com/shop/th/green-พืช-ใบไม้เขียว/3582-potato-butyraldehydefema-3374.html
WIP_VERIFIED,Isobutyl Acetate,,8038,Isobutyl Acetate,110-19-0,"ISOBUTYL ACETATE|110-19-0|2-Methylpropyl acetate|Isobutyl ethanoate|2-Methylpropyl ethanoate|Acetic acid, 2-methylpropyl ester|2-Methyl-1-propyl acetate|Acetic acid, isobutyl ester|Acetate d'isobutyle|beta-Methylpropyl ethanoate",,Isobutyl Acetate (FEMA 2175),{'MySkinRecipes': '110-19-0'},https://www.myskinrecipes.com/shop/th/fruit-ผลไม้/3322-isobutyl-acetate-fema-2175.html
WIP_VERIFIED,25-Dimethyl-4-Methoxy-32hfuranone,,61325,"2,5-dimethyl-4-methoxy-3(2H)-furanone",4077-47-8,"4077-47-8|2,5-DIMETHYL-4-METHOXY-3(2H)-FURANONE|4-Methoxy-2,5-dimethylfuran-3(2H)-one|Mesifurane|4-Methoxy-2,5-dimethyl-3(2H)-furanone|Mesifuran|4-methoxy-2,5-dimethylfuran-3-one|3(2H)-Furanone, 4-methoxy-2,5-dimethyl-|2,5-Dimethyl-4-methoxy-2,3-dihydro-3-furanone|4-Methoxy-2,5-dimethyl-2,3-dihydrofuran-3-one",,25-Dimethyl-4-Methoxy-32hfuranone (FEMA 3664),{'MySkinRecipes': '4077-47-8'},https://www.myskinrecipes.com/shop/th/ungrouped/32513-25-dimethyl-4-methoxy-32hfuranone-fema-3664.html
WIP_VERIFIED,2-Methyl-35-6-Methoxy Pyrazine,,17898,2-Methoxy-3-methylpyrazine,68378-13-2|2847-30-5,"2-METHOXY-3-METHYLPYRAZINE|2847-30-5|Pyrazine, 2-methoxy-3-methyl-|2-Methyl-3-methoxypyrazine|04O7CN9Q85|DTXSID80863034|FEMA NO. 3183, 2-METHYL-3-METHOXY|FEMA NO. 3280, 2-METHYL-3-METHOXY-|RefChem:1063568|DTXCID80811717",,2-Methyl-35-6-Methoxy Pyrazine (FEMA 3183),{'MySkinRecipes': '2847-30-5'},https://www.myskinrecipes.com/shop/th/edible-อาหาร/32397-2-methyl-35-6-methoxy-pyrazine-fema-3183.html
PROPRIETARY_MIXTURE,"Ivy Carbaldehyde Mixture Of-24--3,5-And-3,6-Dimethyl-3-Cyclohexenylcarbaldehyde",,,,,,,"Ivy Carbaldehyde Mixture Of-24--3,5-And-3,6-Dimethyl-3-Cyclohexenylcarbaldehyde",{'MySkinRecipes': ''},https://www.myskinrecipes.com/shop/th/green-พืช-ใบไม้เขียว/3801-ivy-carbaldehyde-mixture-of-24--35-and-36-dimethyl-3-cyclohexenylcarbaldehyde.html
WIP_VERIFIED,Ethyl Formate,,8025,Ethyl formate,109-94-4,"ETHYL FORMATE|109-94-4|Areginal|Formic acid, ethyl ester|Ethyl methanoate|Ethyl formic ester|Aethylformiat|Formic ether|Ethylformiaat|Mrowczan etylu",,Ethyl Formate (FEMA 2434),{'MySkinRecipes': '109-94-4'},https://www.myskinrecipes.com/shop/th/fruit-ผลไม้/3323-ethyl-formate-fema-2434.html
NATURAL_MIXTURE,whitecare Turmeric Extract-3x Curcumin Water Dispersible,,,,,,,whitecare™ Turmeric Extract-3x Curcumin Water Dispersible,{'MySkinRecipes': ''},https://www.myskinrecipes.com/shop/th/green-พืช-ใบไม้เขียว/253058-whitecare™-turmeric-extract-3x-curcumin-water-dispersible.html
WIP_VERIFIED,2-Methoxy Pyrazine,,18467,2-Methoxypyrazine,3149-28-8,"2-Methoxypyrazine|3149-28-8|METHOXYPYRAZINE|Pyrazine, methoxy-|Pyrazine, 2-methoxy-|2-Methoxy-1,4-diazine|FEMA No. 3302|EINECS 221-579-8|RYD35T7F4T|MONOMETHOXYPYRAZINE",,2-Methoxy Pyrazine (FEMA 3302),{'MySkinRecipes': '3149-28-8'},https://www.myskinrecipes.com/shop/th/edible-อาหาร/32402-2-methoxy-pyrazine-fema-3302.html
DATA_GAP,2-Methoxy-3-Isopropyl Pyrazine,,,,,,,2-Methoxy-3-Isopropyl Pyrazine (FEMA 3358),{'MySkinRecipes': '93905-03-4'},https://www.myskinrecipes.com/shop/th/edible-อาหาร/32408-2-methoxy-3-isopropyl-pyrazine-fema-3358.html
WIP_VERIFIED,Geranyl Isovalerate,,5362830,Geranyl isovalerate,109-20-6,"Geranyl isovalerate|109-20-6|Geranyl isopentanoate|FEMA No. 2518|Isovaleric acid geranyl ester|Geranyl isovalerate (natural)|OPO8694RK3|Butanoic acid, 3-methyl-, 3,7-dimethyl-2,6-octadienyl ester, (E)-|[(2E)-3,7-dimethylocta-2,6-dienyl] 3-methylbutanoate|EINECS 203-655-2",,Geranyl Isovalerate (FEMA 2518),{'MySkinRecipes': '109-20-6'},https://www.myskinrecipes.com/shop/th/fruit-ผลไม้/3325-geranyl-isovalerate-fema-2518.html
WIP_VERIFIED,Ethyl Dehydrocyclogeranate,,118199,Ethyl alpha-safranate,35044-57-6,"35044-57-6|Ethyl 2,6,6-trimethylcyclohexa-2,4-diene-1-carboxylate|Ethyl dehydrocyclogeranate|Ethyl alpha-safranate|1WQ7H1XU14|2,4-Cyclohexadiene-1-carboxylic acid, 2,6,6-trimethyl-, ethyl ester|EINECS 252-333-8|ethyl 2,6,6-trimethyl-2,4-cyclohexadiene-1-carboxylate|ETHYL .ALPHA.-SAFRANATE|DTXSID7052026",,Ethyl Dehydrocyclogeranate,{'MySkinRecipes': '35044-57-6'},https://www.myskinrecipes.com/shop/th/ungrouped/32518-ethyl-dehydrocyclogeranate-.html
WIP_VERIFIED,Benzyl Methyl Sulfide,,13016,Benzyl methyl sulfide,766-92-7,"Benzyl methyl sulfide|766-92-7|Methyl benzyl sulfide|Benzyl methyl sulphide|Sulfide, benzyl methyl|1-Phenyl-2-thiapropane|[(Methylsulfanyl)methyl]benzene|Benzene, [(methylthio)methyl]-|alpha-(Methylthio)toluene|Methylthiomethylbenzene",,Benzyl Methyl Sulfide (FEMA 3597),{'MySkinRecipes': '766-92-7'},https://www.myskinrecipes.com/shop/th/edible-อาหาร/32497-benzyl-methyl-sulfide-fema-3597.html
WIP_VERIFIED,2-Octenal,,5283324,(E)-2-Octenal,25447-69-2|2363-89-5|2548-87-0,"trans-2-Octenal|(E)-2-Octenal|(E)-Oct-2-enal|2548-87-0|(E)-2-Octen-1-al|trans-2-Octen-1-al|2-Octenal, (E)-|2-Octenal, (2E)-|2-Octenel|FEMA No. 3215",,2-Octenal (FEMA 3215),{'MySkinRecipes': '2548-87-0'},https://www.myskinrecipes.com/shop/th/edible-อาหาร/3632-2-octenal-fema-3215.html
WIP_VERIFIED,Furan-2-Ylmethyl Acetate,,12170,Furfural acetate,623-17-6,"Furfuryl acetate|623-17-6|2-Furanmethanol, acetate|2-Furanmethanol acetate|FURFURAL ACETATE|Acetic acid furfuryl ester|Furfuryl alcohol, acetate|2-Acetoxymethylfuran|Acetic acid furfurylester|2-Furanmethyl acetate",,Furan-2-Ylmethyl Acetate (FEMA 2490),{'MySkinRecipes': '623-17-6'},https://www.myskinrecipes.com/shop/th/edible-อาหาร/33650-furan-2-ylmethyl-acetate-fema-2490.html
WIP_VERIFIED,4-223-Trimethylcyclopentylbutanoic Acid,,12294,Butyl hexanoate,626-82-4,"Butyl hexanoate|626-82-4|Hexanoic acid, butyl ester|N-BUTYL HEXANOATE|FEMA No. 2201|NSC-4022|DTXSID8060824|CHEBI:89561|RefChem:1080385|DTXCID0043422",,4-223-Trimethylcyclopentylbutanoic Acid (FEMA 4529),{'MySkinRecipes': '626-82-4'},https://www.myskinrecipes.com/shop/th/ungrouped/33634-4-223-trimethylcyclopentylbutanoic-acid-fema-4529-.html
WIP_VERIFIED,,,5365069,"3-Hexenyl 2-methylbutyrate, (3Z)-",10094-41-4|53398-85-9,"53398-85-9|cis-3-Hexenyl 2-methylbutanoate|(Z)-3-Hexenyl 2-methylbutyrate|cis-3-Hexenyl 2-methylbutyrate|(Z)-Hex-3-enyl 2-methylbutyrate|(3Z)-hex-3-en-1-yl 2-methylbutanoate|FEMA No. 3497|Butanoic acid, 2-methyl-, (3Z)-3-hexenyl ester|N181NM2UXZ|3-Hexenyl 2-methylbutyrate, (3Z)-",,(Z)-Hex-3-Enyl-2-Methylbutanoate (FEMA 3497),{'MySkinRecipes': '53398-85-9'},https://www.myskinrecipes.com/shop/th/ungrouped/33636-z-hex-3-enyl-2-methylbutanoate-fema-3497.html
WIP_VERIFIED,Dibutyl Sulfide,,11002,Dibutyl sulfide,544-40-1,"Dibutyl sulfide|544-40-1|Butyl sulfide|n-Butyl sulfide|Butane, 1,1'-thiobis-|Butyl monosulfide|5-THIANONANE|Dibutyl thioether|1-(Butylsulfanyl)butane|FEMA No. 2215",,Dibutyl Sulfide (FEMA 2215),{'MySkinRecipes': '544-40-1'},https://www.myskinrecipes.com/shop/th/edible-อาหาร/32459-dibutyl-sulfide-fema-2215.html
WIP_VERIFIED,Hexyl Benzoate,,23235,Hexyl benzoate,6789-88-4,"Hexyl benzoate|Benzoic acid, hexyl ester|N-HEXYL BENZOATE|Benzoic acid n-hexyl ester|Benzoic Acid Hexyl Ester|Hexylbenzoate|DTXSID9025403|HSDB 6031|UNII-VR3C36EKJR|EINECS 229-856-5",,Hexyl Benzoate (FEMA 3691),{'MySkinRecipes': '6789-88-4'},https://www.myskinrecipes.com/shop/th/ungrouped/33637-hexyl-benzoate-fema-3691.html
WIP_VERIFIED,N Ethyl-2-Acetyl Pyrrole,,61988,1-Ethyl-2-acetyl pyrrole,39741-41-8,"2-Acetyl-1-ethylpyrrole|39741-41-8|1-(1-Ethyl-1H-pyrrol-2-yl)ethanone|N-Ethyl-2-acetylpyrrole|1-Ethyl-2-acetyl pyrrole|Ethanone, 1-(1-ethyl-1H-pyrrol-2-yl)-|1-Ethyl-2-acetylpyrrole|1-Ethyl-2-acetylazole|1-N-Ethylpyrrole-2-yl ethanone|FEMA No. 3147",,N Ethyl-2-Acetyl Pyrrole (FEMA 3147),{'MySkinRecipes': '39741-41-8'},https://www.myskinrecipes.com/shop/th/edible-อาหาร/32449-n-ethyl-2-acetyl-pyrrole-fema-3147.html
WIP_VERIFIED,Cassiffix,,57483301,"5-Methyl-1-(2,2,3-trimethylcyclopent-3-en-1-yl)-6-oxabicyclo[3.2.1]octane",139539-66-5,"DTXSID101021305|139539-66-5|5-Methyl-1-(2,2,3-trimethylcyclopent-3-en-1-yl)-6-oxabicyclo[3.2.1]octane|RefChem:536834|DTXCID201506356|SCHEMBL17627650|RTIYSHLNESDZSF-UHFFFAOYSA-N",,Cassiffix,{'MySkinRecipes': '139539-66-5'},https://www.myskinrecipes.com/shop/th/fruit-ผลไม้/3330-cassiffix.html
WIP_VERIFIED,Ethylhexyl Salicylate,,8364,2-Ethylhexyl salicylate,118-60-5,"2-ETHYLHEXYL SALICYLATE|Octisalate|118-60-5|2-Ethylhexyl 2-hydroxybenzoate|Benzoic acid, 2-hydroxy-, 2-ethylhexyl ester|Escalol|Salicylic Acid 2-Ethylhexyl Ester|Octisalato|DTXSID7040734|NSC-46151",,Ethylhexyl Salicylate,{'MySkinRecipes': '118-60-5'},https://www.myskinrecipes.com/shop/th/ungrouped/33638-2-ethylhexyl-2-hydroxybenzoate.html
WIP_VERIFIED,"4,5-Dimethyl Thiazole",,62510,"4,5-Dimethylthiazole",3581-91-7,"4,5-DIMETHYLTHIAZOLE|3581-91-7|4,5-Dimethyl-1,3-thiazole|Thiazole, 4,5-dimethyl-|4,5-dimethyl thiazole|FEMA No. 3274|EINECS 222-703-3|BRN 0105694|U3RP5I088G|DTXSID40189348",,"4,5-Dimethyl Thiazole (FEMA 3274)",{'MySkinRecipes': '3581-91-7'},https://www.myskinrecipes.com/shop/th/edible-อาหาร/32416-45-dimethyl-thiazole-fema-3274.html
WIP_VERIFIED,Tuberose Acetate,,162409,"Acetic acid, 2-cyclopentylidene-, methyl ester",40203-73-4,"40203-73-4|methyl 2-cyclopentylideneacetate|Methyl cyclopentylideneacetate|Acetic acid, 2-cyclopentylidene-, methyl ester|Cyclopentylideneacetic acid, methyl ester|Acetic acid, cyclopentylidene-, methyl ester|EINECS 254-837-3|DTXSID2052077|EC 254-837-3|RefChem:552144",,Tuberose Acetate (Cyclopidene),{'MySkinRecipes': '40203-73-4'},https://www.myskinrecipes.com/shop/th/fruit-ผลไม้/3331-tuberose-acetate-cyclopidene.html
WIP_VERIFIED,Methyl 3-Methyl Thio Propionate,,61641,Methyl 3-methylthiopropionate,13532-18-8,"Methyl 3-(methylthio)propionate|13532-18-8|Methyl 3-methylthiopropionate|Methyl-3-(methylthio)propionate|Propanoic acid, 3-(methylthio)-, methyl ester|Methyl beta-methiopropionate|Propionic acid, 3-(methylthio)-, methyl ester|FEMA No. 2720|Methyl beta-methylthiopropionate|Methyl beta-methylmercaptopropionate",,Methyl 3-Methyl Thio Propionate (FEMA 2720),{'MySkinRecipes': '13532-18-8'},https://www.myskinrecipes.com/shop/th/ungrouped/33641-methyl-3-methyl-thio-propionate-fema-2720.html
WIP_VERIFIED,"2,4,5-Trimethyl Thiazole",,61653,"2,4,5-Trimethylthiazole",13623-11-5,"2,4,5-Trimethylthiazole|13623-11-5|Trimethylthiazole|trimethyl-1,3-thiazole|Thiazole, 2,4,5-trimethyl-|FEMA No. 3325|NSC-170614|6393273PE0|DTXSID5065564|CHEBI:78738",,"2,4,5-Trimethyl Thiazole (FEMA 3325)",{'MySkinRecipes': '13623-11-5'},https://www.myskinrecipes.com/shop/th/edible-อาหาร/32417-245-trimethyl-thiazole-fema-3325-.html
WIP_VERIFIED,Fig Crotonate,,107073,1-Cyclohexylethyl 2-butenoate,68039-69-0,"2-Butenoic acid, 1-cyclohexylethyl ester|1-Cyclohexylethyl 2-butenoate|68039-69-0|DTXSID20867450|Cyclohexyl methyl carbinol crotonate|EINECS 268-276-7|RefChem:431738|DTXCID00815636|268-276-7|1-cyclohexylethyl but-2-enoate",,Fig Crotonate (Datilat),{'MySkinRecipes': '68039-69-0'},https://www.myskinrecipes.com/shop/th/fruit-ผลไม้/3332-fig-crotonate-datilat.html
WIP_VERIFIED,4-Methyl-5-pentyloxolan-2-one,,5752319,"(E)-6,10-Dimethylundeca-5,9-dien-2-yl acetate",3239-35-8|91482-37-0,"3239-35-8|(E)-6,10-Dimethylundeca-5,9-dien-2-yl acetate|5,9-Undecadien-2-ol, 6,10-dimethyl-, 2-acetate, (5E)-|5,9-Undecadien-2-ol, 6,10-dimethyl-, 2-acetate|5,9-Undecadien-2-ol, 6,10-dimethyl-, acetate|[(5E)-6,10-dimethylundeca-5,9-dien-2-yl] acetate|(5E)-6,10-DIMETHYLUNDECA-5,9-DIEN-2-YL ACETATE|5,9-Undecadien-2-ol, 6,10-dimethyl-, acetate, (5E)-|EINECS 221-803-4|5,9-Undecadien-2-ol, 6,10-dimethyl-, acetate, (E)-",,4-Methyl-5-pentyloxolan-2-one,{'MySkinRecipes': '3239-35-8'},https://www.myskinrecipes.com/shop/th/ungrouped/33645-4-methyl-5-pentyloxolan-2-one.html
WIP_VERIFIED,4-Methyl-5-Vinyl Thiazole,,15654,4-Methyl-5-vinylthiazole,1759-28-0,"4-METHYL-5-VINYLTHIAZOLE|1759-28-0|Thiazole, 5-ethenyl-4-methyl-|5-ethenyl-4-methyl-1,3-thiazole|5-Ethenyl-4-methylthiazole|Thiazole, 4-methyl-5-vinyl-|FEMA No. 3313|1G77935P78|DTXSID5061952|RefChem:525369",,4-Methyl-5-Vinyl Thiazole (FEMA 3313),{'MySkinRecipes': '1759-28-0'},https://www.myskinrecipes.com/shop/th/edible-อาหาร/32421-4-methyl-5-vinyl-thiazole-fema-3313-.html
WIP_VERIFIED,3-Methylbutyl Propanoate,,7772,Isoamyl propionate,105-68-0,"Isoamyl propionate|105-68-0|3-Methylbutyl propanoate|ISOAMYL PROPANOATE|Isopentyl propanoate|Isopentyl propionate|3-Methylbutyl propionate|Isopentyl alcohol, propionate|1-Butanol, 3-methyl-, propanoate|iso-Pentyl propionate",,3-Methylbutyl Propanoate (FEMA 2082),{'MySkinRecipes': '105-68-0'},https://www.myskinrecipes.com/shop/th/ungrouped/33646-3-methylbutyl-propanoate-fema-2082.html
WIP_VERIFIED,4-Methyl-5-Thiozoleethanol Acetate,,61192,4-Methyl-5-thiazoleethanol acetate,656-53-1,"656-53-1|2-(4-Methylthiazol-5-yl)ethyl acetate|2-(4-Methyl-5-thiazolyl)ethyl acetate|4-Methyl-5-thiazoleethanol acetate|sulfuryl acetate|4-Methyl-5-(2-acetoxyethyl)thiazole|5-THIAZOLEETHANOL, 4-METHYL-, ACETATE (ESTER)|5-(2-Acetoxyethyl)-4-methylthiazole|FEMA No. 3205|5-Thiazoleethanol, 4-methyl-, acetate",,4-Methyl-5-Thiozoleethanol Acetate (FEMA 3205),{'MySkinRecipes': '656-53-1'},https://www.myskinrecipes.com/shop/th/edible-อาหาร/32420-4-methyl-5-thiozoleethanol-acetate-fema-3205-.html
WIP_VERIFIED,4-Methylpent-4-en-2-yl Isobutyrate,,3018907,"1,3-Dimethyl-3-butenyl 2-methylpropionate",80118-06-5,"1,3-Dimethylbut-3-enyl isobutyrate|W64T225HF4|1,3-Dimethyl-3-butenyl 2-methylpropionate|EINECS 279-399-0|Propanoic acid, 2-methyl-, 1,3-dimethyl-3-butenyl ester|2-Methyl-propanoic acid, 1,3-dimethyl-3-butenyl ester|Propanoic acid, 2-methyl-, 1,3-dimethyl-3-buten-1-yl ester|RefChem:414607|80118-06-5|4-methylpent-4-en-2-yl 2-methylpropanoate",,4-Methylpent-4-en-2-yl Isobutyrate,{'MySkinRecipes': '80118-06-5'},https://www.myskinrecipes.com/shop/th/ungrouped/33651-4-methylpent-4-en-2-yl-2-methylpropanoate.html
WIP_VERIFIED,2-Ethyl-4-Methyl Thiazole,,27440,2-Ethyl-4-methyl thiazole,15679-12-6,"2-ETHYL-4-METHYLTHIAZOLE|15679-12-6|2-Ethyl-4-methyl thiazole|Thiazole, 2-ethyl-4-methyl-|2-Ethyl-4-methyl-1,3-thiazole|FEMA No. 3680|LVC1ZV6X4U|EINECS 239-757-9|DTXSID6065923|2-ETHYL-4-METHYL THIAZOLE [FHFI]",,2-Ethyl-4-Methyl Thiazole (FEMA 3680),{'MySkinRecipes': '15679-12-6'},https://www.myskinrecipes.com/shop/th/edible-อาหาร/32414-2-ethyl-4-methyl-thiazole-fema-3680-.html
WIP_VERIFIED,Pharaone,,15897831,"2-Cyclohexyl-1,6-heptadien-3-one",313973-37-4,"1,6-Heptadien-3-one, 2-cyclohexyl-|313973-37-4|DTXSID0074970|2-cyclohexyl-1,6-heptadien-3-one|RefChem:417615|DTXCID8038354|441-580-9|639-617-0|2-cyclohexylhepta-1,6-dien-3-one|Pineapple heptadienone 10%",,Pharaone 10%,{'MySkinRecipes': '313973-37-4'},https://www.myskinrecipes.com/shop/th/fruit-ผลไม้/3335-pineapple-heptadienone-pharaone.html
WIP_VERIFIED,2-Methylbutyl-2-Methylbutanoate,,17129,2-Methylbutyl 2-methylbutyrate,2445-78-5,"2-METHYLBUTYL 2-METHYLBUTYRATE|2-Methylbutyl 2-methylbutanoate|Butanoic acid, 2-methyl-, 2-methylbutyl ester|FEMA No. 3359|UNII-HYC739X7BP|HYC739X7BP|2-methyl butyl 2-methyl butyrate|EINECS 219-497-2|2-Methylbutanoic acid 2-methylbutyl ester|2-methylbutanoic acid 2-methyl butyl ester",,2-Methylbutyl-2-Methylbutanoate (FEMA 3359),{'MySkinRecipes': '2445-78-5'},https://www.myskinrecipes.com/shop/th/ungrouped/33652-2-methylbutyl-2-methylbutanoate-fema-3359.html
WIP_VERIFIED,5-Methyl Quinoxaline,,61670,5-Methylquinoxaline,13708-12-8,"5-Methylquinoxaline|13708-12-8|Quinoxaline, 5-methyl-|FEMA No. 3203|5-methyl quinoxaline|DTXSID4047090|EINECS 237-246-5|8-methylquinoxaline|L0AD7T152G|CHEBI:132799",,5-Methyl Quinoxaline (FEMA 3203),{'MySkinRecipes': '13708-12-8'},https://www.myskinrecipes.com/shop/th/edible-อาหาร/32411-5-methyl-quinoxaline-fema-3203.html
WIP_VERIFIED,Fleuramone,,8710,2-Heptylcyclopentanone,137-03-1|71607-27-7,"2-HEPTYLCYCLOPENTANONE|137-03-1|2-Heptylcyclopentan-1-one|Cyclopentanone, 2-heptyl-|Alismone|DTXSID8044547|FLEURAMONE|FRUTALONE|4984B2X8AH|NSC-78468",,Fleuramone,{'MySkinRecipes': '137-03-1'},https://www.myskinrecipes.com/shop/th/fruit-ผลไม้/3336-fleuramone.html
WIP_VERIFIED,2-Isobutyl-3-Methyl Pyrazine,,26333,2-Isobutyl-3-methyl pyrazine,13925-06-9,"2-ISOBUTYL-3-METHYLPYRAZINE|13925-06-9|2-Methyl-3-(2-methylpropyl)pyrazine|2-isobutyl-3-methyl pyrazine|2-Methyl-3-isobutylpyrazine|Pyrazine, 2-methyl-3-(2-methylpropyl)-|FEMA No. 3133|11EP4V0M9Z|Pyrazine, 2-isobutyl-3-methyl-|EINECS 237-693-6",,2-Isobutyl-3-Methyl Pyrazine (FEMA 3133),{'MySkinRecipes': '13925-06-9'},https://www.myskinrecipes.com/shop/th/edible-อาหาร/32407-2-isobutyl-3-methyl-pyrazine-fema-3133.html
WIP_VERIFIED,Fruity Butanate Nectarate,,44153588,"Butanoic acid, 3a,4,5,6,7,7a-hexahydro-4,7-methano-1H-indenyl ester",113889-23-9,"113889-23-9|Butanoic acid, 3a,4,5,6,7,7a-hexahydro-4,7-methano-1H-indenyl ester|RefChem:122106|DTXSID20894241|639-061-9|SCHEMBL30426652|KLEHDRXJJZQKPQ-UHFFFAOYSA-N",,Fruity Butanate Nectarate,{'MySkinRecipes': '113889-23-9'},https://www.myskinrecipes.com/shop/th/fruit-ผลไม้/3337-fruity-butanate-nectarate.html
WIP_VERIFIED,Methyl Myristate,,31284,Methyl Myristate,124-10-7,"Methyl tetradecanoate|METHYL MYRISTATE|124-10-7|Tetradecanoic acid, methyl ester|Uniphat A50|Metholeneat 2495|Methyl n-tetradecanoate|Myristic acid, methyl ester|FEMA No. 2722|Tetradecanoic Acid Methyl Ester",,Methyl Myristate (FEMA 2722),{'MySkinRecipes': '124-10-7'},https://www.myskinrecipes.com/shop/th/ungrouped/33654-methyl-myristate-fema-2722.html
WIP_VERIFIED,2-Methyl-5-Ethyl Pyrazine,,25915,2-Ethyl-5-methylpyrazine,36731-41-6|13360-64-0,"2-ETHYL-5-METHYLPYRAZINE|13360-64-0|Pyrazine, 2-ethyl-5-methyl-|2-Methyl-5-ethylpyrazine|2-Ethyl-5-methyl pyrazine|FEMA No. 3154|2,5-Methylethylpyrazine|BRN 0956719|2-Ethyl-5-methyl-pyrazine|EINECS 236-416-6",,2-Methyl-5-Ethyl Pyrazine (FEMA 3154),{'MySkinRecipes': '13360-64-0'},https://www.myskinrecipes.com/shop/th/edible-อาหาร/32405-2-methyl-5-ethyl-pyrazine-fema-3154.html
WIP_VERIFIED,Ethyl 10-undecenoate,,12729,Ethyl 10-undecenoate,692-86-4,"ETHYL 10-UNDECENOATE|692-86-4|Ethyl undec-10-enoate|Ethyl undecylenate|10-Undecenoic acid, ethyl ester|Ethyl undecenoate|Ethyl 10-hendecenoate|Ethyl 10-undecylenate|10-Undecenoic Acid Ethyl Ester|FEMA No. 2461",,Ethyl 10-undecenoate,{'MySkinRecipes': '692-86-4'},https://www.myskinrecipes.com/shop/th/fruit-ผลไม้/3338-ethyl-10-undecenoate.html
WIP_VERIFIED,Propyl Propanoate,,7803,Propyl propionate,106-36-5,"PROPYL PROPIONATE|Propyl propanoate|n-Propyl propionate|Propanoic acid, propyl ester|n-Propyl propanoate|Propionic acid, propyl ester|n-Propyl n-propionate|Propylester kyseliny propionove|FEMA No. 2958|Propyl propionate (natural)",,Propyl Propanoate (FEMA 2958),{'MySkinRecipes': '106-36-5'},https://www.myskinrecipes.com/shop/th/ungrouped/33660-propyl-propanoate-fema-2958.html
WIP_VERIFIED,2-Ethyl Pyrazine,,26331,2-Ethylpyrazine,13925-00-3|1392-50-3,"2-ETHYLPYRAZINE|Ethylpyrazine|13925-00-3|2-Ethyl-1,4-diazine|Pyrazine, ethyl-|2-ethyl pyrazine|FEMA No. 3281|Pyrazine, 2-ethyl-|CCRIS 2931|EINECS 237-691-5",,2-Ethyl Pyrazine (FEMA 3281),{'MySkinRecipes': '13925-00-3'},https://www.myskinrecipes.com/shop/th/edible-อาหาร/32401-2-ethyl-pyrazine-fema-3281.html
WIP_VERIFIED,,,2733294,"2-Hexenyl acetate, (2E)-",2497-18-9|10094-40-3,"trans-2-Hexenyl acetate|2497-18-9|[(E)-hex-2-enyl] acetate|trans-Hex-2-enyl acetate|(E)-2-HEXENYL ACETATE|2-Hexen-1-ol, 1-acetate, (2E)-|2-Hexen-1-ol, acetate|trans-2-hexen-1-yl acetate|2-Hexen-1-yl-acetate|2-Hexenyl acetate, (2E)-",,(E)-2-Hexen-1-yl Acetate (FEMA 2564),{'MySkinRecipes': '2497-18-9'},https://www.myskinrecipes.com/shop/th/ungrouped/33661-e-2-hexen-1-yl-acetate-fema-2564.html
WIP_VERIFIED,2-Methyl-35-6-Ethoxy Pyrazine,,122941,2-Ethoxy-3-methylpyrazine,32737-14-7,"2-Ethoxy-3-methylpyrazine|2-Methyl-3-ethoxypyrazine|Pyrazine, 2-ethoxy-3-methyl-|EINECS 251-184-6|UNII-P35895BBAF|Pyrazine, 3-ethoxy-2-methyl|P35895BBAF|DTXSID0067713|FEMA NO. 3569, 3-ETHOXY|RefChem:86823",,2-Methyl-35-6-Ethoxy Pyrazine (FEMA 3569),{'MySkinRecipes': '32737-14-7'},https://www.myskinrecipes.com/shop/th/edible-อาหาร/32398-2-methyl-35-6-ethoxy-pyrazine-fema-3569.html
WIP_VERIFIED,Ethyl Trans-2-Butenoate,,429065,Ethyl trans-crotonate,623-70-1|10544-63-5,"ETHYL CROTONATE|623-70-1|ethyl (E)-but-2-enoate|Ethyl (E)-crotonate|Ethyl trans-crotonate|Crotonic acid, ethyl ester, (E)-|FEMA No. 3486|99YUC7A1X1|DTXSID5057591|RefChem:1085110",,Ethyl Trans-2-Butenoate (FEMA 3486),{'MySkinRecipes': '623-70-1'},https://www.myskinrecipes.com/shop/th/edible-อาหาร/33677-ethyl-trans-2-butenoate-fema-3486.html
DATA_GAP,Iris Pallida Rhizome Tincture,,,,,,,Iris Pallida Rhizome Tincture (FEMA 2829),{'MySkinRecipes': '8002-73-1'},https://www.myskinrecipes.com/shop/th/ungrouped/33662-iris-pallida-rhizome-tincture-fema-2829.html
WIP_VERIFIED,Propyl Acetate,,7997,Propyl Acetate,109-60-4,"Propyl acetate|109-60-4|N-PROPYL ACETATE|Acetic acid, propyl ester|Propyl ethanoate|1-Acetoxypropane|1-Propyl acetate|Octan propylu|Acetic acid n-propyl ester|Propylacetate",,Propyl Acetate (FEMA 2925),{'MySkinRecipes': '109-60-4'},https://www.myskinrecipes.com/shop/th/ungrouped/33663-propyl-acetate-fema-2925.html
WIP_VERIFIED,Methyl thiobutyrate,,62444,S-methyl butanethioate,2432-51-1,"Methyl thiobutyrate|2432-51-1|S-Methyl butanethioate|BUTANETHIOIC ACID, S-METHYL ESTER|Methanethiol butyrate|Methyl thiolbutyrate|Butyric acid, thio-, S-methyl ester|FEMA No. 3310|1-(methylsulfanyl)butan-1-one|2P1E432MYZ",,Methyl thiobutyrate (FEMA 3310),{'MySkinRecipes': '2432-51-1'},https://www.myskinrecipes.com/shop/th/edible-อาหาร/32471-methyl-thiobutyrate-fema-3310.html
WIP_VERIFIED,Ethyl 4-Oxopentanoate,,10883,Ethyl levulinate,539-88-8,"ETHYL LEVULINATE|Ethyl 4-oxopentanoate|539-88-8|Ethyl 4-ketovalerate|Ethyl 4-oxovalerate|Levulinic acid, ethyl ester|Pentanoic acid, 4-oxo-, ethyl ester|Ethyl acetylpropanoate|FEMA No. 2442|DTXSID8047058",,Ethyl 4-Oxopentanoate (FEMA 2442),{'MySkinRecipes': '539-88-8'},https://www.myskinrecipes.com/shop/th/ungrouped/33665-ethyl-4-oxopentanoate-fema-2442.html
WIP_VERIFIED,2-Acetyl-356-Dimethyl Pyrazine,,104721,"2-Acetyl-3,5-dimethylpyrazine",54300-08-2,"2-Acetyl-3,5-dimethylpyrazine|Ethanone, 1-(3,5-dimethylpyrazinyl)-|1-(3,5-dimethylpyrazin-2-yl)ethan-1-one|1-(3,5-Dimethylpyrazinyl)ethan-1-one|UNII-RES1FSY5Z7|RES1FSY5Z7|EINECS 259-076-0|Ethanone, 1-(3,5-dimethyl-2-pyrazinyl)-|Pyrazine, 2-acetyl-3,5-dimethyl|1-(3,5-Dimethyl-2-pyrazinyl)ethanone",,2-Acetyl-356-Dimethyl Pyrazine (FEMA 3327),{'MySkinRecipes': '54300-08-2'},https://www.myskinrecipes.com/shop/th/edible-อาหาร/32406-2-acetyl-356-dimethyl-pyrazine-fema-3327.html
WIP_VERIFIED,Raspberry Dicarboxylate Fructalate,,254555,"Diethyl 1,4-cyclohexanedicarboxylate",19145-96-1|72903-27-6,"72903-27-6|Diethyl 1,4-cyclohexanedicarboxylate|1,4-Cyclohexanedicarboxylic acid, 1,4-diethyl ester|DTXSID0052469|1,4-Cyclohexanedicarboxylic acid, diethyl ester|EC 417-310-0|NSC 78975|RefChem:133380|DTXCID1031042|417-310-0",,Raspberry Dicarboxylate Fructalate,{'MySkinRecipes': '72903-27-6'},https://www.myskinrecipes.com/shop/th/fruit-ผลไม้/3862-raspberry-dicarboxylate-fructalate.html
WIP_VERIFIED,S Methyl Butanethioate,,62444,S-methyl butanethioate,2432-51-1,"Methyl thiobutyrate|2432-51-1|S-Methyl butanethioate|BUTANETHIOIC ACID, S-METHYL ESTER|Methanethiol butyrate|Methyl thiolbutyrate|Butyric acid, thio-, S-methyl ester|FEMA No. 3310|1-(methylsulfanyl)butan-1-one|2P1E432MYZ",,S Methyl Butanethioate (FEMA 3310),{'MySkinRecipes': '2432-51-1'},https://www.myskinrecipes.com/shop/th/ungrouped/33666-s-methyl-butanethioate-fema-3310.html
WIP_VERIFIED,2-Acetyl-3-Methyl Pyrazine,,519907,(Methylthio)pyrazine,21948-70-9,"2-(Methylthio)pyrazine|2-Methylthiopyrazine|21948-70-9|Pyrazine, (methylthio)-|2-(Methylsulfanyl)pyrazine|Pyrazinyl methyl sulfide|Methyl pyrazinyl sulfide|(Methylthio)pyrazine|2-Methylmercaptopyrazine|DTXSID1047491",,2-Acetyl-3-Methyl Pyrazine (FEMA 3964),{'MySkinRecipes': '21948-70-9'},https://www.myskinrecipes.com/shop/th/edible-อาหาร/32404-2-acetyl-3-methyl-pyrazine-fema-3964.html
WIP_VERIFIED,"Pear Valerate, Peranat",,163588,"Pentanoic acid, 2-methyl-, 2-methylpentyl ester",90397-38-9,"2-Methylpentyl 2-methylpentanoate|90397-38-9|EINECS 291-418-4|Pentanoic acid, 2-methyl-, 2-methylpentyl ester|DTXSID2052605|RefChem:171440|DTXCID6031178|2-Methylpentyl 2-methylvalerate|pear valerate|2-Methylvaleric acid 2-methylpentyl ester",,"Pear Valerate, Peranat",{'MySkinRecipes': '90397-38-9'},https://www.myskinrecipes.com/shop/th/fruit-ผลไม้/3984-pear-valerate-peranat.html
WIP_VERIFIED,Ethyl 3-Hydroxyhexanoate,,62444,S-methyl butanethioate,2432-51-1,"Methyl thiobutyrate|2432-51-1|S-Methyl butanethioate|BUTANETHIOIC ACID, S-METHYL ESTER|Methanethiol butyrate|Methyl thiolbutyrate|Butyric acid, thio-, S-methyl ester|FEMA No. 3310|1-(methylsulfanyl)butan-1-one|2P1E432MYZ",,Ethyl 3-Hydroxyhexanoate (FEMA 3545),{'MySkinRecipes': '2432-51-1'},https://www.myskinrecipes.com/shop/th/ungrouped/33667-ethyl-3-hydroxyhexanoate-fema-3545.html
WIP_VERIFIED,2-Ethoxypyrazine,,2758778,2-Ethoxypyrazine,38028-67-0,"2-Ethoxypyrazine|38028-67-0|Pyrazine, ethoxy-|Pyrazine, 2-ethoxy-|3-ethoxypyrazine|DTXSID10878914|RefChem:86851|DTXCID101016942|ATIUKJHILQVQLE-UHFFFAOYSA-N|MFCD00014609",,2-Ethoxypyrazine,{'MySkinRecipes': '38028-67-0'},https://www.myskinrecipes.com/shop/th/edible-อาหาร/32390-2-ethoxypyrazine.html
WIP_VERIFIED,Allyl Phenoxyacetate Pineapple Ether,,24117,Allyl phenoxyacetate,7493-74-5,"Allyl phenoxyacetate|7493-74-5|Acetic acid, phenoxy-, 2-propenyl ester|FEMA No. 2038|ACETIC ACID, PHENOXY-, ALLYL ESTER|prop-2-en-1-yl 2-phenoxyacetate|Q3P8UAF9WE|Acetic acid, 2-phenoxy-, 2-propen-1-yl ester|NSC-408892|DTXSID3064722",,Allyl Phenoxyacetate Pineapple Ether (FEMA 2038),{'MySkinRecipes': '7493-74-5'},https://www.myskinrecipes.com/shop/th/fruit-ผลไม้/3873-allyl-phenoxyacetate-pineapple-ether-fema-2038.html
WIP_VERIFIED,,,5364231,"3-Hexenyl lactate, (3Z)-",61931-81-5,"cis-3-Hexenyl lactate|61931-81-5|(Z)-3-Hexenyl lactate|(Z)-Hex-3-enyl lactate|3-Hexenyl lactate, (Z)-|FEMA No. 3690|3-Hexenyl lactate, cis-|3-Hexenyl lactate, (3Z)-|(3Z)-hex-3-en-1-yl 2-hydroxypropanoate|3-Hexenyl 2-hydroxypropanoate, cis-",,(Z)-3-Hexen-1-yl Lactate (FEMA 3690),{'MySkinRecipes': '61931-81-5'},https://www.myskinrecipes.com/shop/th/ungrouped/33668-z-3-hexen-1-yl-lactate-fema-3690.html
WIP_VERIFIED,2-Acetyl Thiazole,,520108,2-Acetylthiazole,24295-03-2,"2-Acetylthiazole|24295-03-2|1-(1,3-Thiazol-2-yl)ethan-1-one|1-(1,3-Thiazol-2-yl)ethanone|Ethanone, 1-(2-thiazolyl)-|Methyl 2-thiazolyl ketone|1-(Thiazol-2-yl)ethan-1-one|Ketone, methyl 2-thiazolyl|2-Thiazolyl methyl ketone|FEMA No. 3328",,2-Acetyl Thiazole (FEMA 3328),{'MySkinRecipes': '24295-03-2'},https://www.myskinrecipes.com/shop/th/edible-อาหาร/32413-2-acetyl-thiazole-fema-3328-.html
WIP_VERIFIED,5-Methyl-3h Furan-2-one,,11559,alpha-Angelica lactone,591-12-8,"alpha-Angelica lactone|591-12-8|5-Methylfuran-2(3H)-one|alpha-Angelicalactone|5-Methyl-2(3H)-furanone|5-methyl-3H-furan-2-one|2(3H)-FURANONE, 5-METHYL-|4-Hydroxypent-3-enoic acid lactone|4-Hydroxy-3-pentenoic acid gamma-lactone|delta(2)-Angelica lactone",,5-Methyl-3h Furan-2-one (FEMA 3293),{'MySkinRecipes': '591-12-8'},https://www.myskinrecipes.com/shop/th/ungrouped/33669-5-methyl-3h-furan-2-one-fema-3293.html
WIP_VERIFIED,Floral Undecenone,,102604,Tetrahydro-pseudo-ionone,1322-58-3|4433-36-7,"6,10-Dimethylundec-9-en-2-one|Citronellylacetone|3,4,5,6-Tetrahydropseudoionone|Tetrahydro-pseudo-ionone|6,10-Dimethyl-9-undecen-2-one|9-Undecen-2-one, 6,10-dimethyl-|4433-36-7|FEMA No. 3059|BRN 1765213|EINECS 224-634-4",,Floral Undecenone,{'MySkinRecipes': '1322-58-3'},https://www.myskinrecipes.com/shop/th/fruit-ผลไม้/3544-floral-undecenone-tetrameran.html
WIP_VERIFIED,133-Trimethylbicyclo-221-Hept-2-yl Acetate,,107217,"1,3,3-Trimethyl-2-norbornanyl acetate",4057-31-2|99341-77-2|13851-11-1,"1,3,3-Trimethyl-2-norbornanyl acetate|RefChem:906799|Fenchyl acetate|13851-11-1|Fenchylacetate|2-Norbornanol, 1,3,3-trimethyl-, acetate|FEMA No. 3390|3,3-Dimethyl-8,9-dinorbornan-2-yl acetate|1,3,3-trimethylbicyclo[2.2.1]heptan-2-yl acetate|(1,3,3-trimethyl-2-bicyclo[2.2.1]heptanyl) acetate",,133-Trimethylbicyclo-221-Hept-2-yl Acetate (FEMA 3390),{'MySkinRecipes': '13851-11-1'},https://www.myskinrecipes.com/shop/th/ungrouped/33670-133-trimethylbicyclo-221-hept-2-yl-acetate-fema-3390.html
WIP_VERIFIED,2-Methyl-35-6-Methylthio Pyrazine,,76152,"Pyrazine, methyl(methylthio)-",2882-20-4|67952-65-2|68378-12-1,"Methyl(methylthio)pyrazine|FEMA No. 3208|Pyrazine, methyl(methylthio)-|RefChem:1097201|OTV9F5B18P|2-Methyl-3(or 5 or 6)-methylthiopyrazine|267-918-3|Pyrazine, 2-methyl-3-(methylthio)-, mixt. with 2-methyl-5-(methylthio)pyrazine and 2-methyl-6-(methylthio)pyrazine|67952-65-2|2-Methyl-3-(methylthio)pyrazine",,2-Methyl-35-6-Methylthio Pyrazine (FEMA 3208),{'MySkinRecipes': '2882-20-4'},https://www.myskinrecipes.com/shop/th/edible-อาหาร/32399-2-methyl-35-6-methylthio-pyrazine-fema-3208.html
WIP_VERIFIED,"Apple Crotonate, Frutinat",,6440993,"2-Butenoic acid, 1,3-dimethylbutyl ester",2245852-26-8|35206-51-0,"2-Butenoic acid, 1,3-dimethylbutyl ester|35206-51-0|Methylisobutylcarbinyl crotonate|EINECS 252-438-9|RefChem:467979|4-methylpentan-2-yl (E)-but-2-enoate|SCHEMBL273806|VCLJLOIXTASTGU-AATRIKPKSA-N|DTXSID301243214|2245852-26-8",,"Apple Crotonate, Frutinat",{'MySkinRecipes': '35206-51-0'},https://www.myskinrecipes.com/shop/th/fruit-ผลไม้/7973-apple-crotonate-frutinat.html
WIP_VERIFIED,Heptyl Acetate,,8159,Heptyl acetate,112-06-1,"Heptyl acetate|Acetic acid, heptyl ester|1-Heptyl acetate|Heptanyl acetate|N-HEPTYL ACETATE|Acetate C-7|n-Heptyl ethanoate|Heptyl ethanoate|Acetic acid n-heptyl ester|HEPTYLACETATE",,Heptyl Acetate (FEMA 2547),{'MySkinRecipes': '112-06-1'},https://www.myskinrecipes.com/shop/th/fruit-ผลไม้/3508-heptyl-acetate-fema-2547.html
WIP_VERIFIED,Isobutyl Butyrate,,10885,Isobutyl butyrate,539-90-2,"Isobutyl butyrate|539-90-2|2-Methylpropyl butanoate|Isobutyl n-butyrate|Butanoic acid, 2-methylpropyl ester|Isobutyl butyrate (natural)|EINECS 208-729-8|UNII-827NDQ0P0W|BRN 1747322|827NDQ0P0W",,Isobutyl Butyrate (FEMA 2187),{'MySkinRecipes': '539-90-2'},https://www.myskinrecipes.com/shop/th/fruit-ผลไม้/3741-isobutyl-butyrate-fema-2187.html
WIP_VERIFIED,P Menth-3-yl Isovalerate,,565690,"Butanoic acid, 3-methyl-, 5-methyl-2-(1-methylethyl)cyclohexyl ester",16409-46-4,"16409-46-4|Butanoic acid, 3-methyl-, 5-methyl-2-(1-methylethyl)cyclohexyl ester|DTXSID00861678|RefChem:122097|DTXCID00810565|2-Isopropyl-5-methylcyclohexyl 3-methylbutanoate|5-methyl-2-(propan-2-yl)cyclohexyl 3-methylbutanoate|Menthylisovalerianat|SCHEMBL559926|(5-methyl-2-propan-2-ylcyclohexyl) 3-methylbutanoate",,P Menth-3-yl Isovalerate (FEMA 2669),{'MySkinRecipes': '16409-46-4'},https://www.myskinrecipes.com/shop/th/ungrouped/33673-p-menth-3-yl-isovalerate-fema-2669.html
WIP_VERIFIED,Methyl Allyl Sulfide,,66282,Allyl methyl sulfide,10152-76-8,"Allyl methyl sulfide|10152-76-8|1-Propene, 3-(methylthio)-|3-methylsulfanylprop-1-ene|3-methylthio-1-propene|Allyl methyl sulphide|V7QI1R316C|DTXSID9064976|allylmethylsulfide|RefChem:110879",,Methyl Allyl Sulfide,{'MySkinRecipes': '10152-76-8'},https://www.myskinrecipes.com/shop/th/edible-อาหาร/32478-methyl-allyl-sulfide-.html
WIP_VERIFIED,Citronellyl Butyrate,,8835,Citronellyl butyrate,141-16-2,"Citronellyl butyrate|141-16-2|3,7-dimethyloct-6-en-1-yl butanoate|Butanoic acid, 3,7-dimethyl-6-octen-1-yl ester|Butanoic acid, 3,7-dimethyl-6-octenyl ester|FEMA No. 2312|3,7-Dimethyl-6-octen-1-yl butyrate|Butyric acid, 3,7-dimethyl-6-octenyl ester|(1)-3,7-Dimethyloct-6-enyl butyrate|DTXSID5047405",,Citronellyl Butyrate (FEMA 2312),{'MySkinRecipes': '141-16-2'},https://www.myskinrecipes.com/shop/th/fruit-ผลไม้/3563-citronellyl-butyrate-fema-2312.html
WIP_VERIFIED,Hexyl 2-Methylpropanoate,,16872,Hexyl isobutyrate,2349-07-7,"Hexyl isobutyrate|2349-07-7|HEXYL 2-METHYLPROPANOATE|Propanoic acid, 2-methyl-, hexyl ester|Hexyl isobutanoate|n-Hexyl isobutyrate|1-Hexyl isobutyrate|Isobutyric acid, hexyl ester|n-Hexyl isobutanoate|Hexyl 2-methylpropionate",,Hexyl 2-Methylpropanoate (FEMA 3172),{'MySkinRecipes': '2349-07-7'},https://www.myskinrecipes.com/shop/th/ungrouped/33674-hexyl-2-methylpropanoate-fema-3172.html
WIP_VERIFIED,Methyl Furfuryl Disulfide,,62131,Furfuryl methyl disulfide,57500-00-2,"Methyl furfuryl disulfide|Furfuryl methyl disulfide|57500-00-2|Furan, 2-[(methyldithio)methyl]-|Methyl 2-furylmethyl disulfide|2-((Methyldithio)methyl)furan|2-[(Methyldithio)methyl]furan|FEMA No. 3362|Furan, 2-((methyldithio)methyl)-|1V1X0TA603",,Methyl Furfuryl Disulfide (FEMA 3362),{'MySkinRecipes': '57500-00-2'},https://www.myskinrecipes.com/shop/th/edible-อาหาร/32475-methyl-furfuryl-disulfide-fema-3362.html
WIP_VERIFIED,Isoamyl Isobutyrate,,519786,Isoamyl isobutyrate,2050-01-3,"Isoamyl isobutyrate|Isopentyl isobutyrate|2050-01-3|3-Methylbutyl 2-methylpropanoate|Propanoic acid, 2-methyl-, 3-methylbutyl ester|3-Methylbutyl isobutyrate|Isoamyl 2-methylpropanoate|Isobutyric acid, isopentyl ester|Isopentyl 2-methylpropanoate|3-Methyl-1-butyl isobutyrate",,Isoamyl Isobutyrate (FEMA 3507),{'MySkinRecipes': '2050-01-3'},https://www.myskinrecipes.com/shop/th/fruit-ผลไม้/3458-isoamyl-isobutyrate-fema-3507.html
WIP_VERIFIED,Laevo Menthyl Lactate,,2724573,l-Menthyl D-lactate,59259-38-0,"l-Menthyl lactate|L-Menthyl D-Lactate|59259-38-0|DTXSID601315646|RefChem:810972|DTXCID401745544|Menthyl lactate, L-|(-)-menthyl lactate|Menthan-3-yl lactate, (-)-p-|XFS8QYW6WY",,Laevo Menthyl Lactate (FEMA 3748),{'MySkinRecipes': '59259-38-0'},https://www.myskinrecipes.com/shop/th/ungrouped/33675-laevo-menthyl-lactate-fema-3748.html
WIP_VERIFIED,Propyl Thioacetate,,61295,S-propyl thioacetate,2307-10-0,"S-Propyl thioacetate|S-N-PROPYL THIOACETATE|Ethanethioic acid, S-propyl ester|Propyl thioacetate|S-N-Propylthioacetate|1-(propylsulfanyl)ethan-1-one|FEMA No. 3385|UNII-Y7284NZ6EP|N-PROPYL THIO ACETATE|Y7284NZ6EP",,Propyl Thioacetate (FEMA 3385),{'MySkinRecipes': '2307-10-0'},https://www.myskinrecipes.com/shop/th/edible-อาหาร/32494-propyl-thioacetate-fema-3385.html
WIP_VERIFIED,Ethyl Valerate,,10882,Ethyl valerate,539-82-2,"ETHYL VALERATE|Ethyl pentanoate|539-82-2|Pentanoic acid, ethyl ester|Valeric acid, ethyl ester|FEMA No. 2462|NSC-8868|95R258T4P6|DTXSID6040161|RefChem:139071",,Ethyl Valerate (FEMA 2462),{'MySkinRecipes': '539-82-2'},https://www.myskinrecipes.com/shop/th/fruit-ผลไม้/3740-ethyl-valerate-fema-2462.html
WIP_VERIFIED,Pentyl 2-Hydroxybenzoate,,16299,Amyl Salicylate,2050-08-0,"Amyl salicylate|2050-08-0|Pentyl 2-hydroxybenzoate|Pentyl salicylate|Benzoic acid, 2-hydroxy-, pentyl ester|SALICYLIC ACID, PENTYL ESTER|2-Hydroxybenzoic acid, pentyl ester|VZO9C30208|NSC-44877|NSC-46125",,Pentyl 2-Hydroxybenzoate (FEMA 2026),{'MySkinRecipes': '2050-08-0'},https://www.myskinrecipes.com/shop/th/ungrouped/33676-pentyl-2-hydroxybenzoate-fema-2026.html
WIP_VERIFIED,25-Dimethyl-14-Dithiane-25-Diol,,62105,"2,5-Dimethyl-2,5-dihydroxy-1,4-dithiane",55704-78-4,"2,5-Dimethyl-1,4-dithiane-2,5-diol|55704-78-4|2,5-Dimethyl-2,5-dihydroxy-1,4-dithiane|2,5-Dihydroxy-2,5-dimethyl-1,4-dithiane|2-Mercaptopropanone|1,4-Dithiane-2,5-diol, 2,5-dimethyl-|meaty dithiane|FEMA No. 3450|2,5-Dimethyl-2,5-dihydroxy-p-dithiane|2,5-DIMETHYL-[1,4]DITHIANE-2,5-DIOL",,25-Dimethyl-14-Dithiane-25-Diol (FEMA 3450),{'MySkinRecipes': '55704-78-4'},https://www.myskinrecipes.com/shop/th/edible-อาหาร/32486-25-dimethyl-14-dithiane-25-diol-fema-3450.html
WIP_VERIFIED,Isobutyl Hexanoate,,7775,Isobutyl hexanoate,105-79-3,"Isobutyl hexanoate|Isobutyl caproate|2-METHYLPROPYL HEXANOATE|Hexanoic acid, 2-methylpropyl ester|FEMA No. 2202|Isobutyl caproate (natural)|EINECS 203-332-6|UNII-2A3X4W9GZ0|2A3X4W9GZ0|AI3-24254",,Isobutyl Hexanoate (FEMA 2202),{'MySkinRecipes': '105-79-3'},https://www.myskinrecipes.com/shop/th/fruit-ผลไม้/3498-isobutyl-hexanoate-fema-2202.html
WIP_VERIFIED,5-Hexyloxolan-2-one,,12813,Gamma-Decalactone,2825-92-5|706-14-9,"gamma-Decalactone|706-14-9|gamma-Decanolactone|5-hexyloxolan-2-one|Decan-4-olide|2(3H)-Furanone, 5-hexyldihydro-|2-Decalactone|5-Hexyldihydro-2(3H)-furanone|4-Hexyl-4-butanolide|gamma-N-Decalactone",,5-Hexyloxolan-2-one (FEMA 2360),{'MySkinRecipes': '706-14-9'},https://www.myskinrecipes.com/shop/th/ungrouped/33678-5-hexyloxolan-2-one-fema-2360.html
WIP_VERIFIED,2-Methyltetrahydrofuran-3-one,,18522,Dihydro-2-methyl-3(2H)-furanone,3188-00-9,"2-METHYLTETRAHYDROFURAN-3-ONE|3188-00-9|3(2H)-Furanone, dihydro-2-methyl-|Dihydro-2-methyl-3(2H)-furanone|Dihydro-2-methyl-3-furanone|2-Methyl-3-oxotetrahydrofuran|2-Methyl-3-ketotetrahydrofuran|FEMA No. 3373|2-Methyl-2H-furan-3-one|DTXSID9047677",,2-Methyltetrahydrofuran-3-one (FEMA 3373),{'MySkinRecipes': '3188-00-9'},https://www.myskinrecipes.com/shop/th/edible-อาหาร/32434-2-methyltetrahydrofuran-3-one-fema-3373-.html
WIP_VERIFIED,Benzyl Isovalerate,,7651,Benzyl isovalerate,103-38-8,"Benzyl isovalerate|Benzyl 3-methylbutanoate|103-38-8|Butanoic acid, 3-methyl-, phenylmethyl ester|Benzyl isopentanoate|Benzyl 3-methylbutyrate|ISOVALERIC ACID, BENZYL ESTER|Benzyl 3-methyl butyrate|Benzyl isovalerianate|Phenylmethyl 3-methylbutanoate",,Benzyl Isovalerate (FEMA 2152),{'MySkinRecipes': '103-38-8'},https://www.myskinrecipes.com/shop/th/fruit-ผลไม้/3477-benzyl-isovalerate-fema-2152.html
WIP_VERIFIED,S Dihydroactinidiolide,,27209,"Dihydroactinidiolide, (+-)-",15356-74-8|17092-92-1,"5,6,7,7a-Tetrahydro-4,4,7a-trimethyl-2(4H)-benzofuranone|BH8469LVA9|FEMA NO. 4020|5,6,7,7a-Tetrahydro-4,4,7a-trimethylbenzofuran-2(4H)-one|RefChem:587698|Dihydroactinidiolide, (+-)-|(+-)-(2,6,6,-TRIMETHYL-2-HYDROXYCYCLOHEXYLIDENE)ACETIC ACID .GAMMA.-LACTONE [FHFI]|(+-)-(2,6,6,-TRIMETHYL-2-HYDROXYCYCLOHEXYLIDENE)ACETIC ACID GAMMA-LACTONE|15356-74-8|4,4,7a-Trimethyl-5,6,7,7a-tetrahydrobenzofuran-2(4H)-one",,S Dihydroactinidiolide (FEMA 4020),{'MySkinRecipes': '17092-92-1'},https://www.myskinrecipes.com/shop/th/ungrouped/33681-s-dihydroactinidiolide-fema-4020.html
WIP_VERIFIED,"2,4-Dimethyl-5-Acetyl Thiazole",,520888,"2,4-Dimethyl-5-acetylthiazole",38205-60-6,"5-Acetyl-2,4-dimethylthiazole|38205-60-6|2,4-dimethyl-5-acetylthiazole|1-(2,4-Dimethylthiazol-5-yl)ethanone|Ethanone, 1-(2,4-dimethyl-5-thiazolyl)-|nutty thiazole|FEMA No. 3267|1-(2,4-Dimethylthiazol-5-yl)ethan-1-one|PD36FU2WGY|2,4-Dimethyl-5-thiazoyl methyl ketone",,"2,4-Dimethyl-5-Acetyl Thiazole (FEMA 3267)",{'MySkinRecipes': '38205-60-6'},https://www.myskinrecipes.com/shop/th/edible-อาหาร/32415-24-dimethyl-5-acetyl-thiazole-fema-3267-.html
WIP_VERIFIED,Amyl Hexanoate,,10886,Pentyl Hexanoate,540-07-8,"PENTYL HEXANOATE|Amyl hexanoate|540-07-8|n-Amyl caproate|Hexanoic acid, pentyl ester|Amyl capronate|FEMA No. 2074|DTXSID0047581|5M61M1AL1H|NSC-46119",,Amyl Hexanoate (FEMA 2074),{'MySkinRecipes': '540-07-8'},https://www.myskinrecipes.com/shop/th/fruit-ผลไม้/3742-amyl-hexanoate-fema-2074.html
WIP_VERIFIED,5-Octyloxolan-2-one,,16821,Gamma-Dodecalactone,2305-05-7|57084-18-1,"gamma-Dodecalactone|2305-05-7|4-Dodecanolide|5-octyloxolan-2-one|2(3H)-Furanone, dihydro-5-octyl-|4-Hydroxydodecanoic acid lactone|Dodecan-4-olide|Dihydro-5-octyl-2(3H)-furanone|FEMA No. 2400|DTXSID7047190",,5-Octyloxolan-2-one (FEMA 2400),{'MySkinRecipes': '2305-05-7'},https://www.myskinrecipes.com/shop/th/ungrouped/33684-5-octyloxolan-2-one-fema-2400.html
WIP_VERIFIED,2-Mercaptopropionic acid-2-Thiolpropionic Acid,,62326,(+-)-2-Mercaptopropionic acid,79-42-5,"2-Mercaptopropionic acid|Thiolactic acid|79-42-5|2-Mercaptopropanoic acid|2-Thiolactic acid|alpha-Mercaptopropionic acid|PROPANOIC ACID, 2-MERCAPTO-|Propionic acid, 2-mercapto-|O5U6967KGF|CHEBI:47872",,2-Mercaptopropionic acid-2-Thiolpropionic Acid (FEMA 3180),{'MySkinRecipes': '79-42-5'},https://www.myskinrecipes.com/shop/th/edible-อาหาร/32479-2-mercaptopropionic-acid-2-thiolpropionic-acid-fema-3180.html
WIP_VERIFIED,2-Pentanone Methyl Propyl Ketone,,7895,2-Pentanone,107-87-9,2-Pentanone|107-87-9|PENTAN-2-ONE|METHYL PROPYL KETONE|Ethyl acetone|Ethylacetone|Methyl n-propyl ketone|Propyl methyl ketone|Metylopropyloketon|Methylpropyl ketone,,2-Pentanone Methyl Propyl Ketone (FEMA 2842),{'MySkinRecipes': '107-87-9'},https://www.myskinrecipes.com/shop/th/fruit-ผลไม้/9235-2-pentanone-methyl-propyl-ketone-fema-2842.html
WIP_VERIFIED,5-Ethyloxolan-2-one,,12756,gamma-Hexalactone,63357-95-9|695-06-7,"gamma-Caprolactone|695-06-7|gamma-Hexalactone|4-Hexanolide|gamma-Hexanolactone|6-Caprolactone|Tonkalide|Toukalide|2(3H)-Furanone, 5-ethyldihydro-|Hexanolide-1,4",,5-Ethyloxolan-2-one (FEMA 2556),{'MySkinRecipes': '695-06-7'},https://www.myskinrecipes.com/shop/th/ungrouped/33685-5-ethyloxolan-2-one-fema-2556.html
WIP_VERIFIED,2-Methyl-3-Tetrahydrofuranthiol,,62128,Tetrahydro-2-methyl-3-furanthiol,57124-87-5,"2-Methyltetrahydrofuran-3-thiol|2-Methyl-3-tetrahydrofuranthiol|2-methyloxolane-3-thiol|Tetrahydro-2-methyl-3-furanthiol|3-Furanthiol, tetrahydro-2-methyl-|2-Methyl-3-mercaptotetrahydrofuran|UNII-D826F42XX8|EINECS 260-572-4|Pentitol, 1,4-anhydro-2,5-dideoxy-3-thio-|DTXSID10866614",,2-Methyl-3-Tetrahydrofuranthiol (FEMA 3787),{'MySkinRecipes': '57124-87-5'},https://www.myskinrecipes.com/shop/th/edible-อาหาร/32438-2-methyl-3-tetrahydrofuranthiol-fema-3787.html
WIP_VERIFIED,6r-6-Pentyl-56-Dihydropyran-2-one,,642793,Massoia Lactone,51154-96-2|54814-64-1,"51154-96-2|Massoya lactone|Massoilactone|2H-Pyran-2-one, 5,6-dihydro-6-pentyl-, (6R)-|(-)-MASSOILACTONE|(-)-MASSOIALACTONE|UNII-847O2V0IOA|847O2V0IOA|5-hydroxy-2-decenoic acid lactone|(R)-(-)-Massoilactone",,6r-6-Pentyl-56-Dihydropyran-2-one (FEMA 3744),{'MySkinRecipes': '51154-96-2'},https://www.myskinrecipes.com/shop/th/ungrouped/33686-6r-6-pentyl-56-dihydropyran-2-one-fema-3744.html
WIP_VERIFIED,2-Amino Pyrazine,,78747,Aminopyrazine,5049-61-6,2-Aminopyrazine|5049-61-6|Aminopyrazine|Pyrazinamine|ES73FRK6MY|NSC-13147|DTXSID80198510|RefChem:465193|DTXCID40121001|225-748-7,,2-Amino Pyrazine,{'MySkinRecipes': '5049-61-6'},https://www.myskinrecipes.com/shop/th/edible-อาหาร/32412-2-amino-pyrazine.html
WIP_VERIFIED,2-Ethoxy Thiazole,,61809,2-Ethoxythiazole,15679-19-3,"2-Ethoxythiazole|15679-19-3|2-Ethoxy-1,3-thiazole|Thiazole, 2-ethoxy-|Ethyl 2-thiazolyl ether|2-Thiazolyl ethyl ether|FEMA No. 3340|Q3O421Q24K|EINECS 239-760-5|2-ETHOXYTHIAZOLE [FHFI]",,2-Ethoxy Thiazole (FEMA 3340),{'MySkinRecipes': '15679-19-3'},https://www.myskinrecipes.com/shop/th/edible-อาหาร/32418-2-ethoxy-thiazole-fema-3340-.html
WIP_VERIFIED,2-Methyl Butyl Acetate,,12209,2-Methylbutyl Acetate,624-41-9,"2-METHYLBUTYL ACETATE|624-41-9|2-Methyl-1-butyl acetate|2-methyl-1-butanol acetate|Acetic acid 2-methylbutyl ester|1-Butanol, 2-methyl-, acetate|2-methylbutanol acetate|FEMA No. 3644|1-Butanol, 2-methyl-, 1-acetate|DTXSID2027254",,2-Methyl Butyl Acetate,{'MySkinRecipes': '624-41-9'},https://www.myskinrecipes.com/shop/th/fruit-ผลไม้/31714-2-methyl-butyl-acetate.html
WIP_VERIFIED,Ethyl 2-Ethylhexanoate,,102916,Ethyl 2-ethylhexanoate,2983-37-1,"Ethyl 2-ethylhexanoate|Ethyl 2-ethylcaproate|Hexanoic acid, 2-ethyl-, ethyl ester|orris capronate|UNII-G42R59N31I|G42R59N31I|Ethylalpha-ethylhexanoate|EINECS 221-043-3|Ethyl.alpha.-ethylhexanoate|AI3-33644",,Ethyl 2-Ethylhexanoate (FEMA 4345),{'MySkinRecipes': '2983-37-1'},https://www.myskinrecipes.com/shop/th/ungrouped/33688-ethyl-2-ethylhexanoate-fema-4345.html
WIP_VERIFIED,2-Ethoxy-3-Isopropyl Pyrazine,,175170,2-Ethoxy-3-isopropylpyrazine,72797-16-1,"2-Ethoxy-3-isopropylpyrazine|72797-16-1|Pyrazine, 2-ethoxy-3-(1-methylethyl)-|EINECS 276-847-7|SU7E06NLO9|DTXSID2072598|FEMA NO. 4632|2-ETHOXY-3-(1-METHYLETHYL) PYRAZINE|2-Ethoxy-3-(1-methylethyl)pyrazine|RefChem:471420",,2-Ethoxy-3-Isopropyl Pyrazine (FEMA 4632),{'MySkinRecipes': '72797-16-1'},https://www.myskinrecipes.com/shop/th/edible-อาหาร/32409-2-ethoxy-3-isopropyl-pyrazine-fema-4632.html
WIP_VERIFIED,Citronellyl Isobutyrate,,60985,Citronellyl isobutyrate,97-89-2,"Citronellyl isobutyrate|97-89-2|PROPANOIC ACID, 2-METHYL-, 3,7-DIMETHYL-6-OCTENYL ESTER|3,7-dimethyloct-6-en-1-yl 2-methylpropanoate|3,7-dimethyloct-6-enyl 2-methylpropanoate|3,7-Dimethyloct-6-enyl isobutyrate|FEMA No. 2313|3,7-Dimethyl-6-octen-1-yl isobutyrate|Isobutyric acid, 3,7-dimethyl-6-octenyl ester|DTXSID7052652",,Citronellyl Isobutyrate (FEMA 2313),{'MySkinRecipes': '97-89-2'},https://www.myskinrecipes.com/shop/th/fruit-ผลไม้/31959-citronellyl-isobutyrate-fema-2313.html
WIP_VERIFIED,Fruity carboxylate,,157342,"Ethyl (1R,2R,6R,7S)-tricyclo[5.2.1.02,6]decane-2-carboxylate",129520-41-8|80623-07-0,"80623-07-0|Ethyl (1R,2R,6R,7S)-tricyclo[5.2.1.02,6]decane-2-carboxylate|SCHEMBL756488|DTXSID9052551|MGQPKOBPXHENPO-SBFPOUOMSA-N|rel-ethyl (3aR,4R,7S,7aR)-octahydro-3aH-4,7-methanoindene-3a-carboxylate|4,7-Methano-3aH-indene-3a-carboxylic acid, octahydro-, ethyl ester, (3aalpha,4beta,7beta,7aalpha)-|Ethyl (3aR,4R,7S,7aR)-octahydro-3aH-4,7-methanoindene-3a-carboxylate|Ethyl (3aR,4R,7S,7aR)-octahydro-3aH-4,7-methanoindene-3a-carboxylate rel|4,7-Methano-3aH-indene-3a-carboxylic acid, octahydro-, ethyl ester, (3aR,4R,7S,7aR)-",,Fruity carboxylate,{'MySkinRecipes': '80623-07-0'},https://www.myskinrecipes.com/shop/th/ungrouped/33690-fruity-carboxylate-.html
WIP_VERIFIED,2-Methoxy Thiazole,,575451,2-Methoxythiazole,14542-13-3,"2-Methoxythiazole|14542-13-3|Thiazole, 2-methoxy-|DTXSID60341744|RefChem:87949|DTXCID20292824|623-710-8|MJJRDTKNLLMJDJ-UHFFFAOYSA-N|2-Methoxy-1,3-thiazole|MFCD01631143",,2-Methoxy Thiazole,{'MySkinRecipes': '14542-13-3'},https://www.myskinrecipes.com/shop/th/edible-อาหาร/32422-2-methoxy-thiazole.html
WIP_VERIFIED,2-Methylbutyl-2-Methylbutyrate,,17129,2-Methylbutyl 2-methylbutyrate,2445-78-5,"2-METHYLBUTYL 2-METHYLBUTYRATE|2-Methylbutyl 2-methylbutanoate|Butanoic acid, 2-methyl-, 2-methylbutyl ester|FEMA No. 3359|UNII-HYC739X7BP|HYC739X7BP|2-methyl butyl 2-methyl butyrate|EINECS 219-497-2|2-Methylbutanoic acid 2-methylbutyl ester|2-methylbutanoic acid 2-methyl butyl ester",,2-Methylbutyl-2-Methylbutyrate (FEMA 3359),{'MySkinRecipes': '2445-78-5'},https://www.myskinrecipes.com/shop/th/fruit-ผลไม้/32369-2-methylbutyl-2-methylbutyrate-fema-3359.html
WIP_VERIFIED,2-methylbutyl 2-methylpropanoate,,97883,2-Methylbutyl isobutyrate,2445-69-4,"2-Methylbutyl isobutyrate|2445-69-4|2-Methylbutyl 2-methylpropanoate|Isobutyric acid, 2-methylbutyl ester|Propanoic acid, 2-methyl-, 2-methylbutyl ester|UC67Z9233Z|EINECS 219-493-0|NSC-53946|AI3-06019|2-METHYLBUTYL ISOBUTANOATE",,2-methylbutyl 2-methylpropanoate (FEMA-3507),{'MySkinRecipes': '2445-69-4'},https://www.myskinrecipes.com/shop/th/ungrouped/33691-2-methylbutyl-2-methylpropanoate-fema-3507.html
WIP_VERIFIED,1-Octen-3-yl Acetate,,17121,1-Octen-3-yl acetate,2442-10-6,"1-Octen-3-yl acetate|Oct-1-en-3-yl acetate|2442-10-6|1-OCTEN-3-OL, ACETATE|1-Pentylallyl acetate|3-Acetoxy-1-octene|1-Octen-3-ol, 3-acetate|FEMA No. 3582|2PZ32LCA02|DTXSID9051903",,1-Octen-3-yl Acetate (FEMA 3582),{'MySkinRecipes': '2442-10-6'},https://www.myskinrecipes.com/shop/th/fruit-ผลไม้/32502-1-octen-3-yl-acetate-fema-3582.html
WIP_VERIFIED,2-Methyl Thiazole,,77129,2-Methylthiazole,3581-87-1,"2-Methylthiazole|3581-87-1|2-Methyl-1,3-thiazole|Thiazole, 2-methyl-|7G081N1ERP|DTXSID20189346|RefChem:476285|DTXCID50111837|222-702-8|2-methyl-thiazole",,2-Methyl Thiazole,{'MySkinRecipes': '3581-87-1'},https://www.myskinrecipes.com/shop/th/edible-อาหาร/32388-2-methyl-thiazole.html
WIP_VERIFIED,N-butyl 2-methylbutyrate,,61812,Butyl 2-methyl butyrate,15706-73-7,"Butyl 2-methylbutyrate|15706-73-7|n-butyl 2-methylbutyrate|Butanoic acid, 2-methyl-, butyl ester|butyl 2-methyl butyrate|n-Butyl-2-methylbutyrate|alpha-Butyl 2-methylbutylate|FEMA No. 3393|n-Butyl 2-methyl butyrate|Butyric acid, 2-methyl-, butyl ester",,N-butyl 2-methylbutyrate (FEMA-3393),{'MySkinRecipes': '15706-73-7'},https://www.myskinrecipes.com/shop/th/ungrouped/33693-n-butyl-2-methylbutyrate-fema-3393.html
WIP_VERIFIED,Theaspirane,,61953,Theaspirane,36431-72-8,"Theaspirane|2,6,10,10-Tetramethyl-1-oxaspiro[4.5]dec-6-ene|36431-72-8|1-Oxaspiro[4.5]dec-6-ene, 2,6,10,10-tetramethyl-|FEMA No. 3774|2,6,6,10-tetramethyl-1-oxaspiro[4.5]dec-9-ene|DTXSID3047055|2,6,10,10-Tetramethyl-1-oxaspiro(4.5)dec-6-ene|1-Oxaspiro-2,6,10,10-tetramethyl(4.5)dec-6-ene|DTXCID1027055",,Theaspirane (FEMA 3774),{'MySkinRecipes': '36431-72-8'},https://www.myskinrecipes.com/shop/th/fruit-ผลไม้/33419-theaspirane-fema-3774.html
WIP_VERIFIED,2-Methylthio Thiazole,,2760100,2-(Methylthio)thiazole,5053-24-7,"2-(Methylthio)thiazole|5053-24-7|DTXSID60375024|RefChem:254391|DTXCID40326054|627-589-2|2-Methylthiothiazole|2-(methylsulfanyl)-1,3-thiazole|Thiazole, 2-(methylthio)-|2-methylsulfanyl-1,3-thiazole",,2-Methylthio Thiazole,{'MySkinRecipes': '5053-24-7'},https://www.myskinrecipes.com/shop/th/edible-อาหาร/32423-2-methylthio-thiazole.html
WIP_VERIFIED,5-hexyl-5-methyloxolan-2-one,,285097,Dihydrojasmone lactone,7011-83-8,"Dihydrojasmone lactone|gamma-Methyl-gamma-decanolactone|4-methyl-4-decanolide|2(3H)-Furanone, 5-hexyldihydro-5-methyl-|gamma-Methyldecalactone|gamma-Methyl decalactone|5-hexyl-5-methyldihydrofuran-2(3h)-one|Lactojamon|5-Hexyldihydro-5-methyl-2(3H)-furanone|FEMA No. 3786",,5-hexyl-5-methyloxolan-2-one (FEMA-3786),{'MySkinRecipes': '7011-83-8'},https://www.myskinrecipes.com/shop/th/ungrouped/33696-5-hexyl-5-methyloxolan-2-one-fema-3786.html
WIP_VERIFIED,4-Methyl Thiazole,,12748,4-Methylthiazole,693-95-8,"4-METHYLTHIAZOLE|693-95-8|4-Methyl-1,3-thiazole|Thiazole, 4-methyl-|FEMA No. 3716|DTXSID5027300|CHEBI:35626|NSC-42976|X8S174990R|DTXCID307300",,4-Methyl Thiazole (FEMA 3716),{'MySkinRecipes': '693-95-8'},https://www.myskinrecipes.com/shop/th/edible-อาหาร/32389-4-methyl-thiazolefema-3716-.html
WIP_VERIFIED,Acetaldehyde,,177,Acetaldehyde,75-07-0,acetaldehyde|ethanal|75-07-0|acetic aldehyde|ethyl aldehyde|Acetylaldehyde|Acetaldehyd|Aldeide acetica|Acetic ethanol|Octowy aldehyd,,Acetaldehyde (FEMA 2003),{'MySkinRecipes': '75-07-0'},https://www.myskinrecipes.com/shop/th/fruit-ผลไม้/3874-acetaldehyde-fema-2003-.html
WIP_VERIFIED,Strawberry Furanone Acetate,,61334,"4-acetoxy-2,5-dimethyl-3(2H)-furanone",4166-20-5,"Furaneol acetate|4-ACETOXY-2,5-DIMETHYL-3(2H)-FURANONE|4-Acetoxy-2,5-dimethyl-3(2H)furanone|3(2H)-Furanone, 4-(acetyloxy)-2,5-dimethyl-|(2,5-dimethyl-4-oxofuran-3-yl) acetate|strawberry furanone acetate|2GV7TTS87D|4-(Acetyloxy)-2,5-dimethyl-3(2H)-furanone|4-Hydroxy-2,5-dimethyl-3(2H)-furanone acetate|3(2H)-Furanone, 4-hydroxy-2,5-dimethyl-, acetate",,Strawberry Furanone Acetate (FEMA 3797),{'MySkinRecipes': '4166-20-5'},https://www.myskinrecipes.com/shop/th/fruit-ผลไม้/32505-strawberry-furanone-acetate-fema-3797.html
WIP_VERIFIED,N Methyl-2-Acetyl Pyrrole,,61240,2-Acetyl-1-methylpyrrole,932-16-1,"2-Acetyl-1-methylpyrrole|932-16-1|1-(1-Methyl-1H-pyrrol-2-yl)ethanone|1-(1-Methylpyrrol-2-yl)ethanone|1-Methyl-2-acetylpyrrole|2-Acetyl-N-methylpyrrole|1-(1-Methyl-1H-pyrrol-2-yl)ethan-1-one|ETHANONE, 1-(1-METHYL-1H-PYRROL-2-YL)-|Methyl 1-methylpyrrol-2-yl ketone|2-acetyl-1-methyl pyrrole",,N Methyl-2-Acetyl Pyrrole (FEMA 3184),{'MySkinRecipes': '932-16-1'},https://www.myskinrecipes.com/shop/th/edible-อาหาร/32448-n-methyl-2-acetyl-pyrrole-fema-3184.html
WIP_VERIFIED,3-Mercapto-2-Pentanone,,62237,3-Mercapto-2-pentanone,67633-97-0,"3-Mercapto-2-pentanone|3-sulfanylpentan-2-one|2-Pentanone, 3-mercapto-|3-Mercaptopentan-2-one|FEMA No. 3300|UNII-QI84S5GN0K|EINECS 266-799-5|QI84S5GN0K|DTXSID1047445|3-MERCAPTO-2-PENTANONE [FHFI]",,3-Mercapto-2-Pentanone (FEMA 3300),{'MySkinRecipes': '67633-97-0'},https://www.myskinrecipes.com/shop/th/edible-อาหาร/32488-3-mercapto-2-pentanone-fema-3300.html
WIP_VERIFIED,Natural 2-Methylbutyl Acetate,,12209,2-Methylbutyl Acetate,624-41-9,"2-METHYLBUTYL ACETATE|624-41-9|2-Methyl-1-butyl acetate|2-methyl-1-butanol acetate|Acetic acid 2-methylbutyl ester|1-Butanol, 2-methyl-, acetate|2-methylbutanol acetate|FEMA No. 3644|1-Butanol, 2-methyl-, 1-acetate|DTXSID2027254",,Natural 2-Methylbutyl Acetate (FEMA 3644),{'MySkinRecipes': '624-41-9'},https://www.myskinrecipes.com/shop/th/fruit-ผลไม้/32345-natural-2-methylbutyl-acetate-fema-3644-.html
WIP_VERIFIED,Ethyl 3-methyl-2-oxovalerate,,13129857,Ethyl 3-methyl-2-oxopentanoate,26516-27-8,"ethyl 3-methyl-2-oxopentanoate|Pentanoic acid, 3-methyl-2-oxo-, ethyl ester|5V9ZD1U3Q9|UNII-5V9ZD1U3Q9|2-Oxo-3-methylpentanoic acid ethyl ester|FEMA NO. 4903|DTXSID40885358|RefChem:138707|DTXCID601024742|26516-27-8",,Ethyl 3-methyl-2-oxovalerate (FEMA-4903),{'MySkinRecipes': '26516-27-8'},https://www.myskinrecipes.com/shop/th/ungrouped/33699-pentanoic-acid-3-methyl-2-oxo--ethyl-ester-fema-4903.html
WIP_VERIFIED,2-Ethyl Furan,,18554,2-Ethylfuran,3208-16-0,"2-Ethylfuran|3208-16-0|Furan, 2-ethyl-|alpha-Ethylfuran|2-Ethyloxole|FEMA No. 3673|T8O6J71T9O|DTXSID7062906|CHEBI:141565|RefChem:86962",,2-Ethyl Furan (FEMA 3673),{'MySkinRecipes': '3208-16-0'},https://www.myskinrecipes.com/shop/th/edible-อาหาร/32429-2-ethyl-furan-fema-3673-.html
PROPRIETARY_MIXTURE,Natural Butyl Propionate,,,,,,,Natural Butyl Propionate (FEMA 2212),{'MySkinRecipes': ''},https://www.myskinrecipes.com/shop/th/fruit-ผลไม้/32347-natural-butyl-propionate-fema-2212-.html
WIP_VERIFIED,2-Acetyl-1-Pyrroline,,522834,2-Acetyl-1-pyrroline,85213-22-5,"2-Acetyl-1-pyrroline|85213-22-5|1-(3,4-Dihydro-2H-pyrrol-5-yl)ethanone|CHEBI:67125|DTXSID40335080|RefChem:84964|DTXCID40286169|FEMA NO. 4249|IGC0W6LY94|ETHANONE, 1-(3,4-DIHYDRO-2H-PYRROL-5-YL)-",,2-Acetyl-1-Pyrroline (FEMA 4249),{'MySkinRecipes': '85213-22-5'},https://www.myskinrecipes.com/shop/th/edible-อาหาร/127647-2-acetyl-1-pyrroline-fema-4249.html
WIP_VERIFIED,Carvyl acetate,,7335,Carvyl acetate,97-42-7|1205-42-1,"CARVYL ACETATE|97-42-7|p-Mentha-6,8-dien-2-ol, acetate|2-Cyclohexen-1-ol, 2-methyl-5-(1-methylethenyl)-, acetate|2-METHYL-5-(PROP-1-EN-2-YL)CYCLOHEX-2-EN-1-YL ACETATE|p-Mentha-1(6),8-dien-2-yl acetate|DTXSID3024738|1-p-Mentha-6(8,9)-dien-2-yl acetate|EINECS 202-580-2|BRN 2330666",,Carvyl acetate (FEMA-2250),{'MySkinRecipes': '97-42-7'},https://www.myskinrecipes.com/shop/th/ungrouped/33701-carvyl-acetate-fema-2250.html
WIP_VERIFIED,Heptyl Butyrate,,62592,Heptyl butyrate,5870-93-9,"Heptyl butyrate|Heptyl butanoate|Butanoic acid, heptyl ester|Butyric acid, heptyl ester|FEMA No. 2549|n-Heptyl butanoate|n-Heptyl n-butyrate|DTXSID0042038|EINECS 227-526-5|UNII-6YF38H29F1",,Heptyl Butyrate (FEMA 2549),{'MySkinRecipes': '5870-93-9'},https://www.myskinrecipes.com/shop/th/fruit-ผลไม้/32358-heptyl-butyrate-fema-2549.html
WIP_VERIFIED,Ethyl,,108343,Ethyl 2-methylbut-2-enoate,5837-78-5|55514-48-2,"Ethyl 2-methylbut-2-enoate|Ethyl 2-methyl-2-butenoate|EINECS 259-688-8|DTXSID3047689|2-Butenoic acid, 2-methyl-, ethyl ester|RefChem:138622|DTXCID1027689|259-688-8|5837-78-5|OAPHLAAOJMTMLY-GQCTYLIASA-N",,Ethyl (E)-2-Methylbut-2-Enoate (FEMA 2460),{'MySkinRecipes': '5837-78-5'},https://www.myskinrecipes.com/shop/th/ungrouped/33703-ethyl-e-2-methylbut-2-enoate-fema-2460.html
WIP_VERIFIED,Isopentyl Decanoate,,75320,Isoamyl decanoate,2306-91-4,"Isoamyl decanoate|2306-91-4|Isopentyl decanoate|3-Methylbutyl decanoate|Decanoic acid, 3-methylbutyl ester|Z10YO60833|DTXSID7062320|RefChem:148997|DTXCID4036801|218-982-6",,Isopentyl Decanoate,{'MySkinRecipes': '2306-91-4'},https://www.myskinrecipes.com/shop/th/fruit-ผลไม้/32384-isopentyl-decanoate.html
WIP_VERIFIED,Heptyl Acetate,,8159,Heptyl acetate,112-06-1,"Heptyl acetate|Acetic acid, heptyl ester|1-Heptyl acetate|Heptanyl acetate|N-HEPTYL ACETATE|Acetate C-7|n-Heptyl ethanoate|Heptyl ethanoate|Acetic acid n-heptyl ester|HEPTYLACETATE",,Heptyl Acetate (FEMA 2547),{'MySkinRecipes': '112-06-1'},https://www.myskinrecipes.com/shop/th/ungrouped/33704-heptyl-acetate-fema-2547.html
WIP_VERIFIED,Methyl Caprate,,8050,Methyl Decanoate,110-42-9,"METHYL DECANOATE|110-42-9|Methyl caprate|Decanoic acid, methyl ester|Capric acid methyl ester|Methyl caprinate|Methyl-n-caprate|Uniphat A30|Metholene 2095|Methyl decanoate (natural)",,Methyl Caprate,{'MySkinRecipes': '110-42-9'},https://www.myskinrecipes.com/shop/th/fruit-ผลไม้/32381-methyl-caprate.html
WIP_VERIFIED,,,5352543,"3-Hexenyl hexanoate, (3Z)-",31501-11-8,"cis-3-Hexenyl hexanoate|31501-11-8|(Z)-3-hexenyl hexanoate|cis-3-Hexenyl caproate|cis-3-Hexenyl hexoate|(3Z)-Hex-3-en-1-yl hexanoate|(Z)-Hex-3-enyl hexanoate|Hexanoic acid, (3Z)-3-hexenyl ester|3-Hexenyl hexanoate, cis-|Hexanoic acid, 3-hexenyl ester, (Z)-",,(Z)-3-Hexen-1-yl Hexanoate (FEMA 3403),{'MySkinRecipes': '31501-11-8'},https://www.myskinrecipes.com/shop/th/ungrouped/33705-z-3-hexen-1-yl-hexanoate-fema-3403.html
WIP_VERIFIED,Propyl 2-Methylbutyrate,,162239,Propyl 2-methylbutanoate,37064-20-3,Propyl 2-methylbutanoate|Propyl 2-methylbutyrate|37064-20-3|n-Propyl 2-methyl butyrate|EINECS 253-329-9|AI3-33621|RefChem:176470|Propyl 2-methylbutanoic acid|253-329-9|TZFQMSDUSOTCJC-UHFFFAOYSA-N,,Propyl 2-Methylbutyrate,{'MySkinRecipes': '37064-20-3'},https://www.myskinrecipes.com/shop/th/fruit-ผลไม้/32367-propyl-2-methylbutyrate.html
WIP_VERIFIED,3-methylbutyl 2-methylbutanoate,,520326,Isoamyl 2-methylbutyrate,27625-35-0|93803-99-7,"27625-35-0|3-Methylbutyl 2-methylbutanoate|Isopentyl 2-methylbutyrate|Isoamyl 2-methylbutyrate|Butanoic acid, 2-methyl-, 3-methylbutyl ester|Isopentyl 2-methylbutanoate|3-Methylbutyl 2-methylbutyrate|Isoamyl 2-methylbutanoate|Isoamyl alpha-methylbutyrate|FEMA No. 3505",,3-methylbutyl 2-methylbutanoate (FEMA-3505),{'MySkinRecipes': '27625-35-0'},https://www.myskinrecipes.com/shop/th/fruit-ผลไม้/33700-3-methylbutyl-2-methylbutanoate-fema-3505.html
WIP_VERIFIED,3-Phenylpropyl-2-Methylpropanoate,,7662,3-Phenylpropyl isobutyrate,103-58-2,"3-Phenylpropyl isobutyrate|103-58-2|3-Phenylpropyl 2-methylpropanoate|Hydrocinnamyl isobutyrate|3-phenyl propyl isobutyrate|Hydrocinnamyl 2-methylpropanoate|ISOBUTYRIC ACID, 3-PHENYLPROPYL ESTER|FEMA No. 2893|Propanoic acid, 2-methyl-, 3-phenylpropyl ester|Y9O48YFN18",,3-Phenylpropyl-2-Methylpropanoate (FEMA 2893),{'MySkinRecipes': '103-58-2'},https://www.myskinrecipes.com/shop/th/fruit-ผลไม้/33714-3-phenylpropyl-2-methylpropanoate-fema-2893.html
WIP_VERIFIED,,,15461361,"Hexenyl tiglate, (3Z)-",67883-79-8,"cis-3-Hexenyl tiglate|67883-79-8|(3Z)-Hex-3-en-1-yl (2E)-2-methylbut-2-enoate|Hexenyl tiglate, (3Z)-|DTXSID7047562|(Z)-3-Hexenyl tiglate|(Z)-3-Hexenyl 2-methylcrotonate|cis-3-Hexenyl-2-methyl-trans-2-butenoate|9S19N7N2QK|EINECS 267-554-5",,(Z)-3-Hexen-1-yl Tiglate (FEMA 3931),{'MySkinRecipes': '67883-79-8'},https://www.myskinrecipes.com/shop/th/ungrouped/33708-z-3-hexen-1-yl-tiglate-fema-3931.html
WIP_VERIFIED,Propyl Isovalerate,,11176,Propyl isovalerate,557-00-6,"PROPYL ISOVALERATE|Propyl 3-methylbutanoate|557-00-6|Butanoic acid, 3-methyl-, propyl ester|Propyl isopentanoate|Isovaleric acid, propyl ester|Propyl 3-methylbutyrate|Propyl isovalerianate|FEMA No. 2960|n-Propyl iso-valerate",,Propyl Isovalerate (FEMA 2960),{'MySkinRecipes': '557-00-6'},https://www.myskinrecipes.com/shop/th/fruit-ผลไม้/32374-propyl-isovaleratefema-2960.html
WIP_VERIFIED,Butyl Caproate,,12294,Butyl hexanoate,626-82-4,"Butyl hexanoate|626-82-4|Hexanoic acid, butyl ester|N-BUTYL HEXANOATE|FEMA No. 2201|NSC-4022|DTXSID8060824|CHEBI:89561|RefChem:1080385|DTXCID0043422",,Butyl Caproate (FEMA 2201),{'MySkinRecipes': '626-82-4'},https://www.myskinrecipes.com/shop/th/fruit-ผลไม้/32377-butyl-caproatefema-2201.html
WIP_VERIFIED,Methyl Acetate,,6584,Methyl Acetate,79-20-9,"METHYL ACETATE|79-20-9|Devoton|Tereton|Methyl ethanoate|Acetic acid, methyl ester|Acetic acid methyl ester|Methylacetat|Methylacetaat|Acetate de methyle",,Methyl Acetate (FEMA 2676),{'MySkinRecipes': '79-20-9'},https://www.myskinrecipes.com/shop/th/ungrouped/33712-methyl-acetate-fema-2676.html
WIP_VERIFIED,Ethyl Acrylate,,8821,Ethyl Acrylate,140-88-5|9003-32-1|87605-70-7,"ETHYL ACRYLATE|140-88-5|Acrylic acid ethyl ester|Ethyl propenoate|2-Propenoic acid, ethyl ester|Ethyl 2-propenoate|Ethylacrylaat|Ethylakrylat|Etil acrilato|Acrylic acid, ethyl ester",,Ethyl Acrylate (FEMA 2418),{'MySkinRecipes': '140-88-5'},https://www.myskinrecipes.com/shop/th/fruit-ผลไม้/3562-ethyl-acrylate-fema-2418.html
WIP_VERIFIED,Benzyl octanoate,,82511,Benzyl octanoate,10276-85-4,"Benzyl octanoate|Benzyl caprylate|Octanoic acid, phenylmethyl ester|Octanoic acid, benzyl ester|Benzyl n-octanoate|EINECS 233-620-7|AI3-30977|DTXSID30145493|NSC 23754|RefChem:118893",,Benzyl octanoate,{'MySkinRecipes': '10276-85-4'},https://www.myskinrecipes.com/shop/th/ungrouped/33715-benzyl-octanoate.html
WIP_VERIFIED,Ethyl Hex-3-Enoate,,5362622,Ethyl 3-hexenoate,26553-46-8|2396-83-0,"Ethyl hex-3-enoate|ETHYL 3-HEXENOATE|2396-83-0|ethyl (E)-hex-3-enoate|26553-46-8|Ethyl trans-3-hexenoate|3-Hexenoic acid, ethyl ester|Ethyl hydrosorbate|3-Hexenoic acid, ethyl ester, (3E)-|Ethyl (E)-3-hexenoate",,Ethyl Hex-3-Enoate (FEMA 3342),{'MySkinRecipes': '2396-83-0'},https://www.myskinrecipes.com/shop/th/fruit-ผลไม้/33635-ethyl-hex-3-enoate-fema-3342.html
WIP_VERIFIED,Methyl hexadecanoate,,8181,Methyl Palmitate,112-39-0,"METHYL PALMITATE|Methyl hexadecanoate|112-39-0|Palmitic acid methyl ester|Hexadecanoic acid, methyl ester|Palmitic acid, methyl ester|Methyl n-hexadecanoate|Metholene 2216|Uniphat A60|n-Hexadecanoic acid methyl ester",,Methyl hexadecanoate,{'MySkinRecipes': '112-39-0'},https://www.myskinrecipes.com/shop/th/ungrouped/33716-methyl-hexadecanoate-.html
WIP_DISCREPANCY,Sandal pentanol,,103212,,65113-99-7,,,Sandal pentanol,{'MySkinRecipes': '65113-99-7'},https://www.myskinrecipes.com/shop/th/ungrouped/33721-sandal-pentanol-.html
WIP_VERIFIED,3-Methyl-5-Phenylpentan-1-ol,,108312,Phenylisohexanol,55066-48-3,"3-methyl-5-phenylpentan-1-ol|55066-48-3|3-Methyl-5-phenyl-1-pentanol|phenoxanol|3-Methyl-5-phenylpentanol|Phenylisohexanol|Mefrosol|DTXSID4044822|phenylhexanol|Benzenepentanol, .gamma.-methyl-",,3-Methyl-5-Phenylpentan-1-ol,{'MySkinRecipes': '55066-48-3'},https://www.myskinrecipes.com/shop/th/ungrouped/33722-3-methyl-5-phenylpentan-1-ol.html
WIP_VERIFIED,25-Dimethyl-32hfuranone,,85730,"2,5-Dimethyl-3(2H)-furanone",14400-67-0,"2,5-Dimethyl-3(2H)-furanone|14400-67-0|2,5-Dimethylfuran-3(2H)-one|3(2H)-Furanone, 2,5-dimethyl-|2,5-Dimethyl-2,3-dihydrofuran-3-one|mango furanone|FEMA 4101|73O869QGB2|EINECS 238-365-5|2,5-Dimethyl-3(2H)-furanone (natural)",,25-Dimethyl-32hfuranone (FEMA 4101),{'MySkinRecipes': '14400-67-0'},https://www.myskinrecipes.com/shop/th/fruit-ผลไม้/32516-25-dimethyl-32hfuranone-fema-4101.html
WIP_VERIFIED,Heptyl Alcohol,,8129,Heptanol,111-70-6|53535-33-4,1-HEPTANOL|Heptan-1-ol|Heptyl alcohol|Heptanol|n-Heptanol|Enanthic alcohol|Hydroxy heptane|Hydroxyheptane|Hexyl carbinol|C7 alcohol,,Heptyl Alcohol (FEMA 2548),{'MySkinRecipes': '111-70-6'},https://www.myskinrecipes.com/shop/th/ungrouped/33724-heptyl-alcohol-fema-2548.html
WIP_VERIFIED,Heptan-1-ol,,8129,Heptanol,111-70-6|53535-33-4,1-HEPTANOL|Heptan-1-ol|Heptyl alcohol|Heptanol|n-Heptanol|Enanthic alcohol|Hydroxy heptane|Hydroxyheptane|Hexyl carbinol|C7 alcohol,,Heptan-1-ol (FEMA 2548),{'MySkinRecipes': '111-70-6'},https://www.myskinrecipes.com/shop/th/ungrouped/33727-heptan-1-ol-fema-2548.html
WIP_VERIFIED,,,5365589,(Z)-hex-4-en-1-ol,928-92-7|6126-50-7|928-91-6,"(Z)-Hex-4-en-1-ol|RefChem:99096|cis-4-Hexen-1-ol|928-91-6|4-Hexen-1-ol, (Z)-|4-Hexen-1-ol, (4Z)-|(Z)-4-hexen-1-ol|MFCD00148974|cis-hex-4-en-1-ol|780WMA6J84",,(Z)-Hex-4-En-1-ol (FEMA 3430),{'MySkinRecipes': '928-91-6'},https://www.myskinrecipes.com/shop/th/ungrouped/33728-z-hex-4-en-1-ol-fema-3430.html
WIP_VERIFIED,,,5364519,"3-Octen-1-ol, (3Z)-",20125-84-2,"cis-3-Octen-1-ol|20125-84-2|(Z)-3-octen-1-ol|3-Octen-1-ol, (3Z)-|3-Octenol, cis-|(3Z)-3-Octen-1-ol|FEMA No. 3467|3-Octen-1-ol, cis-|UNII-34A1X2Y8M9|34A1X2Y8M9",,(Z)-3-Octen-1-ol (FEMA 3467),{'MySkinRecipes': '20125-84-2'},https://www.myskinrecipes.com/shop/th/ungrouped/33729-z-3-octen-1-ol-fema-3467.html
WIP_VERIFIED,4-Prop-1-En-2-yl-1-Cyclohexenylmethanol,,10819,Perillyl Alcohol,536-59-4|18457-55-1,"PERILLYL ALCOHOL|536-59-4|Perillol|Isocarveol|p-Mentha-1,8-dien-7-ol|Hydrocumin alcohol|1-Cyclohexene-1-methanol, 4-(1-methylethenyl)-|Iso-carveol|Dihydrocuminic alcohol|Dihydrocuminyl alcohol",,4-Prop-1-En-2-yl-1-Cyclohexenylmethanol (FEMA 2664),{'MySkinRecipes': '536-59-4'},https://www.myskinrecipes.com/shop/th/ungrouped/33731-4-prop-1-en-2-yl-1-cyclohexenylmethanol-fema-2664.html
WIP_VERIFIED,2-4-Methylcyclohexylpropan-2-ol,,10353,p-MENTHAN-8-OL,7322-63-6|29789-01-3|498-81-7|58985-02-7|5114-00-1,"Dihydroterpineol|498-81-7|2-(4-methylcyclohexyl)propan-2-ol|p-MENTHAN-8-OL|Dihydro-alpha-terpineol|Terpineol, dihydro-|1-Methyl-4-isopropylcyclohexane-8-ol|DTXSID4041812|EINECS 207-871-8|Cyclohexanemethanol, alpha,alpha,4-trimethyl-",,2-4-Methylcyclohexylpropan-2-ol,{'MySkinRecipes': '498-81-7'},https://www.myskinrecipes.com/shop/th/ungrouped/33732-2-4-methylcyclohexylpropan-2-ol-.html
WIP_VERIFIED,"2,6-Dimethyl-10-Methylene-2,6,11-Dodecatrienal",,5281535,beta-SINENSAL,60066-88-8|8028-48-6|3779-62-2,"beta-Sinensal|60066-88-8|2,6-Dimethyl-10-methylene-2,6,11-dodecatrienal|(2E,6E)-2,6-dimethyl-10-methylidenedodeca-2,6,11-trienal|FEMA No. 3141|TJW2V5DYI3|2,6,11-Dodecatrienal, 2,6-dimethyl-10-methylene-|DTXSID0069383|RefChem:567977|DTXCID9042752",,"2,6-Dimethyl-10-Methylene-2,6,11-Dodecatrienal (FEMA 3141)",{'MySkinRecipes': '60066-88-8'},https://www.myskinrecipes.com/shop/th/ungrouped/33734-26-dimethyl-10-methylene-2611-dodecatrienal-fema-3141.html
WIP_VERIFIED,"4-Methyl-2-Phenyl-1,3-Dioxolane",,595928,Benzaldehyde propylene glycol acetal,2568-25-4,"4-Methyl-2-phenyl-1,3-dioxolane|2568-25-4|Benzaldehyde propylene glycol acetal|1,3-Dioxolane, 4-methyl-2-phenyl-|FEMA No. 2130|4-Methyl-2-phenyl-m-dioxolane|ELQ3FTL5B1|EINECS 219-906-4|2-phenyl-4-methyl-1,3-dioxolane|DTXSID60862989",,"4-Methyl-2-Phenyl-1,3-Dioxolane (FEMA 2130)",{'MySkinRecipes': '2568-25-4'},https://www.myskinrecipes.com/shop/th/ungrouped/33736-4-methyl-2-phenyl-13-dioxolane-fema-2130.html
WIP_VERIFIED,,,5283349,"2,4-Decadienal",25152-84-5|30551-18-9|2363-88-4,"2,4-DECADIENAL|2363-88-4|DTXSID4047626|RefChem:908722|DTXCID2027626|219-114-9|(2E,4E)-deca-2,4-dienal|25152-84-5|trans,trans-2,4-Decadienal|(E,E)-2,4-Decadienal",,"(E,E)-2,4-Decadienal (FEMA 3135)",{'MySkinRecipes': '25152-84-5'},https://www.myskinrecipes.com/shop/th/ungrouped/33755-ee-24-decadienal-fema-3135.html
WIP_VERIFIED,3-Phenylbutanal,,85979,3-Phenylbutanal,16251-77-7,"3-Phenylbutyraldehyde|3-Phenylbutanal|16251-77-7|Benzenepropanal, beta-methyl-|DTXSID4047098|1B5MVX2XGA|J82.489E|DTXCID2027098|RefChem:504931|240-362-9",,3-Phenylbutanal,{'MySkinRecipes': '16251-77-7'},https://www.myskinrecipes.com/shop/th/ungrouped/33759-3-phenylbutanal-.html
WIP_VERIFIED,,,5362814,"4-Heptenal, (4Z)-",6728-31-0,"cis-4-Heptenal|(Z)-Hept-4-enal|cis-4-Hepten-1-al|(Z)-4-heptenal|6728-31-0|4-Heptenal, (Z)-|(Z)-4-Hepten-1-al|(4Z)-HEPT-4-ENAL|4-Heptenal, cis-|Propylidenebutyraldehyde",,(Z)-Hept-4-Enal (FEMA 3289),{'MySkinRecipes': '6728-31-0'},https://www.myskinrecipes.com/shop/th/ungrouped/33760-z-hept-4-enal-fema-3289.html
WIP_VERIFIED,Ocean Carboxaldehyde,,5283361,2-Dodecenal,82107-89-9|20407-84-5|4826-62-4,"2-DODECENAL|4826-62-4|DTXSID0052122|RefChem:1062977|DTXCID001838749|225-402-5|trans-2-Dodecenal|20407-84-5|2-Dodecenal, (2E)-|(E)-dodec-2-enal",,Ocean Carboxaldehyde,{'MySkinRecipes': '20407-84-5'},https://www.myskinrecipes.com/shop/th/ungrouped/33762-ocean-carboxaldehyde.html
WIP_VERIFIED,"2e4e Deca-2,4-Dienal",,5283349,"2,4-Decadienal",25152-84-5|30551-18-9|2363-88-4,"2,4-DECADIENAL|2363-88-4|DTXSID4047626|RefChem:908722|DTXCID2027626|219-114-9|(2E,4E)-deca-2,4-dienal|25152-84-5|trans,trans-2,4-Decadienal|(E,E)-2,4-Decadienal",,"2e4e Deca-2,4-Dienal (FEMA 3135)",{'MySkinRecipes': '25152-84-5'},https://www.myskinrecipes.com/shop/th/ungrouped/33763-2e4e-deca-24-dienal-fema-3135.html
WIP_VERIFIED,,,5463840,Benzaldehyde glyceryl acetal,1319-88-6,"1319-88-6|Benzaldehyde glyceryl acetal|Benzal glyceral acetal|Benzaldehyde glycerol cyclic acetal|DTD5NUE52Q|FEMA No. 2129|EINECS 215-294-8|Benzaldehyde glyceryl acetal (natural)|Benzaldehyde, cyclic acetal with glycerol|Benzaldehyde 1,2,3-propanetriol cyclic acetal",,(Z)-4-Phenylbut-3-ene-123-Triol (FEMA 2129),{'MySkinRecipes': '1319-88-6'},https://www.myskinrecipes.com/shop/th/ungrouped/33764-z-4-phenylbut-3-ene-123-triol-fema-2129.html
WIP_VERIFIED,"2-Ethoxy-4-4-Methyl-1,3-Dioxolan-2-Ylphenol",,109457,Ethyl vanillin propylene glycol acetal,68527-76-4,"68527-76-4|2-Ethoxy-4-(4-methyl-1,3-dioxolan-2-yl)phenol|Ethyl vanillin propylene glycol acetal|Ethylvanillin propylene glycol acetal|Ethyl vanillin propyleneglycol acetal|Phenol, 2-ethoxy-4-(4-methyl-1,3-dioxolan-2-yl)-|PP1L5D6A0Y|EINECS 271-281-7|FEMA NO. 3838|DTXSID70867662",,"2-Ethoxy-4-4-Methyl-1,3-Dioxolan-2-Ylphenol (FEMA 3838)",{'MySkinRecipes': '68527-76-4'},https://www.myskinrecipes.com/shop/th/ungrouped/33765-2-ethoxy-4-4-methyl-13-dioxolan-2-ylphenol-fema-3838.html
WIP_VERIFIED,2-Methyldecanal,,29381,2-Methyldecanal,19009-56-4,"2-Methyldecanal|19009-56-4|(4) 2-Methyldecanal|Decanal, 2-methyl-|Methyloctylacetaldehyde|DTXSID5021623|RefChem:401776|DTXCID101623|242-745-6|2-Methyl decanal",,2-Methyldecanal,{'MySkinRecipes': '19009-56-4'},https://www.myskinrecipes.com/shop/th/ungrouped/33766-2-methyldecanal.html
WIP_VERIFIED,2-4-Methylphenylacetaldehyde,,61006,Lilac acetaldehyde,104-09-6,"104-09-6|(4-Methylphenyl)acetaldehyde|2-(4-methylphenyl)acetaldehyde|p-Tolylacetaldehyde|P-METHYLPHENYLACETALDEHYDE|BENZENEACETALDEHYDE, 4-METHYL-|Lilac acetaldehyde|4-Methylbenzeneacetaldehyde|Acetaldehyde, p-tolyl-|FEMA No. 3071",,2-4-Methylphenylacetaldehyde (FEMA 3071),{'MySkinRecipes': '104-09-6'},https://www.myskinrecipes.com/shop/th/ungrouped/33769-2-4-methylphenylacetaldehyde-fema-3071.html
WIP_VERIFIED,"2e6z Nona-2,6-Dienal",,643731,"trans-2,cis-6-Nonadienal",557-48-2,"trans-2,cis-6-Nonadienal|(2E,6Z)-nona-2,6-dienal|Violet leaf aldehyde|Cucumber aldehyde|trans,cis-2,6-Nonadienal|(2E,6Z)-2,6-Nonadienal|(2E,6Z)-Nonadienal|2-trans-6-cis-Nonadienal|2E,6Z-nonadienal|CHEBI:7610",,"2e6z Nona-2,6-Dienal (FEMA 3377)",{'MySkinRecipes': '557-48-2'},https://www.myskinrecipes.com/shop/th/ungrouped/33770-2e6z-nona-26-dienal-fema-3377.html
WIP_VERIFIED,Methylphenylpentanal,,108313,Phenylmethylpentanal,55066-49-4,"3-methyl-5-phenylpentanal|55066-49-4|3-Methyl-5-phenyl-1-pentanal|phenylmethylpentanal|MEFRANAL|Benzenepentanal, .beta.-methyl-|Benzenepentanal, beta-methyl-|MEFANAL|00RZ3F0O1X|3-Methyl-5-phenylpentan-1-al",,Methylphenylpentanal,{'MySkinRecipes': '55066-49-4'},https://www.myskinrecipes.com/shop/th/ungrouped/33772-3-methyl-5-phenylpentanal.html
WIP_VERIFIED,,,5283345,(2E)-Decenal,3913-81-3|25447-70-5|3913-71-1,(2E)-decenal|RefChem:471255|trans-2-Decenal|(E)-Dec-2-enal|3913-81-3|2-DECENAL|decenal|(E)-2-Decenal|(2E)-2-Decenal|3-Heptylacrolein,,(E)-Dec-2-Enal (FEMA 2366),{'MySkinRecipes': '3913-81-3'},https://www.myskinrecipes.com/shop/th/ungrouped/33774-e-dec-2-enal-fema-2366.html
WIP_VERIFIED,"6-Methoxy-2,6-Dimethylheptanal",,112491,"(+-)-6-Methoxy-2,6-dimethylheptanal",62439-41-2,"6-methoxy-2,6-dimethylheptanal|6-Methoxy-2,6-dimethylheptan-1-al|Methoxy dimethyl heptanal|Heptanal, 6-methoxy-2,6-dimethyl-|K4F39MF7SF|EINECS 263-545-5|UNII-K4F39MF7SF|DTXSID3052303|FEMA NO. 4745|RefChem:196337",,"6-Methoxy-2,6-Dimethylheptanal (FEMA 4745)",{'MySkinRecipes': '62439-41-2'},https://www.myskinrecipes.com/shop/th/ungrouped/33775-6-methoxy-26-dimethylheptanal-fema-4745.html
WIP_VERIFIED,,,6435869,cis-5-Octenal,41547-22-2,"cis-5-Octenal|RefChem:537494|(Z)-oct-5-enal|5-Octenal, (5Z)-|41547-22-2|5-Octenal, cis-|FEMA No. 3749|HPR19HV60P|(Z)-5-octen-1-al|(5z)-5-octenal",,(Z)-Oct-5-Enal (FEMA 3749),{'MySkinRecipes': '41547-22-2'},https://www.myskinrecipes.com/shop/th/ungrouped/33776-z-oct-5-enal-fema-3749.html
WIP_VERIFIED,,,5283327,"5-Octenal, (5E)-",41547-29-9|41547-22-2,"trans-5-Octenal|(z)-5-octenal|5-Octenal, (E)-|5-Octenal, (5E)-|41547-29-9|57X58IF79Z|FEMA NO. 4898|RefChem:537493|639-101-5|5-octenal",,(E)-Oct-5-Enal (FEMA 4898),{'MySkinRecipes': '41547-29-9'},https://www.myskinrecipes.com/shop/th/ungrouped/33777-e-oct-5-enal-fema-4898.html
WIP_VERIFIED,,,5362720,cis-6-Nonenal,2277-19-2,"cis-6-Nonenal|2277-19-2|(Z)-Non-6-enal|(6Z)-non-6-enal|6-Nonenal, (6Z)-|6-NONENAL, (Z)-|FEMA No. 3580|D8027Y6086|DTXSID4051879|CHEBI:142591",,(Z)-Non-6-Enal (FEMA 3580),{'MySkinRecipes': '2277-19-2'},https://www.myskinrecipes.com/shop/th/ungrouped/33778-z-non-6-enal-fema-3580.html
WIP_VERIFIED,,,5362620,"4-Decenal, (4Z)-",21662-09-9|30390-50-2,"cis-4-Decenal|(Z)-4-Decenal|21662-09-9|(Z)-dec-4-enal|(4Z)-4-Decenal|4-Decenal, (4Z)-|(Z)-4-Decen-1-al|DTXSID5041514|5R675PGU7K|4-DECENAL, CIS-",,(Z)-Dec-4-Enal (FEMA 3264),{'MySkinRecipes': '21662-09-9'},https://www.myskinrecipes.com/shop/th/ungrouped/33779-z-dec-4-enal-fema-3264.html
WIP_VERIFIED,5-Methyl-2-Propan-2-Ylhex-2-Enal,,37066,2-Isopropyl-5-methyl-2-hexenal,35158-25-9,"35158-25-9|5-methyl-2-propan-2-ylhex-2-enal|5-Methyl-2-isopropyl-2-hexenal|2-Hexenal, 5-methyl-2-(1-methylethyl)-|2-Isopropyl-5-methylhex-2-enal|FEMA No. 3406|2-Hexenal, 2-isopropyl-5-methyl-|2-Isopropyl-5-methyl-2-hexen-1-al|7F8Q5STQ11|RefChem:87286",,5-Methyl-2-Propan-2-Ylhex-2-Enal (FEMA 3406),{'MySkinRecipes': '35158-25-9'},https://www.myskinrecipes.com/shop/th/ungrouped/33780-5-methyl-2-propan-2-ylhex-2-enal-fema-3406.html
WIP_VERIFIED,Dec-9-Enal,,162392,9-Decenal,39770-05-3,9-Decenal|39770-05-3|UNII-8E4C80798Y|EINECS 254-624-5|8E4C80798Y|9-DECENAL [FHFI]|DTXSID7052072|FEMA NO. 3912|RefChem:107834|DTXCID8030639,,Dec-9-Enal (FEMA 3912),{'MySkinRecipes': '39770-05-3'},https://www.myskinrecipes.com/shop/th/ungrouped/33782-dec-9-enal-fema-3912.html
WIP_VERIFIED,Acetone glycerol,,7528,Solketal,100-79-8,"Solketal|100-79-8|2,2-Dimethyl-1,3-dioxolane-4-methanol|Glycerolacetone|Glycerol dimethylketal|Dioxolan|Isopropylidene glycerol|Glycerol acetonide|2,3-Isopropylideneglycerol|1,3-Dioxolane-4-methanol, 2,2-dimethyl-",,Acetone glycerol,{'MySkinRecipes': '100-79-8'},https://www.myskinrecipes.com/shop/th/ungrouped/33783-acetone-glycerol-.html
WIP_DISCREPANCY,3-4-Methoxyphenyl-2-Methylpropanal,,64813,2-Methyl-3-(p-methoxyphenyl)propanal,5462-06-6,"3-(4-methoxyphenyl)-2-methylpropanal|2-Methyl-3-(p-methoxyphenyl)propanal|2-(p-Anisyl)propanal|2-Anisylpropional|L7QWJ4USPC|p-Methoxyhydratropaldehyde|2-Methyl-3-(4-methoxyphenyl)propionaldehyde|Benzenepropanal, 4-methoxy-.alpha.-methyl-|EINECS 226-749-5|4-Methoxy-alpha-methylbenzenepropanal",,3-4-Methoxyphenyl-2-Methylpropanal,{'MySkinRecipes': '5462-06-6'},https://www.myskinrecipes.com/shop/th/ungrouped/33784-3-4-methoxyphenyl-2-methylpropanal.html
WIP_VERIFIED,4-Methyl-2,,5370364,"(E)-4-methyl-2-(pent-1-enyl)-1,3-dioxolane",94089-21-1,"(E)-4-Methyl-2-(pent-1-enyl)-1,3-dioxolane|DTXSID201019349|4-Methyl-2-(1E)-1-penten-1-yl-1,3-dioxolane|trans-2-Hexenal propylene glycol acetal|RefChem:406347|DTXCID00910756|94089-21-1|(E)-4-Methyl-2-(pent-1-en-1-yl)-1,3-dioxolane|trans-2-Hexenal propyleneglycol acetal|4-methyl-2-[(E)-pent-1-enyl]-1,3-dioxolane",,"4-Methyl-2-(E)-Pent-1-Enyl-1,3-Dioxolane (FEMA 4272)",{'MySkinRecipes': '94089-21-1'},https://www.myskinrecipes.com/shop/th/ungrouped/33785-4-methyl-2-e-pent-1-enyl-13-dioxolane-fema-4272.html
WIP_VERIFIED,6-Methyl Heptanal,,104307,6-Methylheptanal,52738-99-5|63885-09-6,"6-Methylheptanal|63885-09-6|6-Methyl heptanal|Isocaprylic aldehyde|Heptanal, 6-methyl-|FEMA No. 4498|F9U11Z3D65|DTXSID9068798|RefChem:1074086|DTXCID4041282",,6-Methyl Heptanal (FEMA 4498),{'MySkinRecipes': '63885-09-6'},https://www.myskinrecipes.com/shop/th/ungrouped/33786-6-methyl-heptanal-fema-4498.html
WIP_VERIFIED,6-Methylhept-5-En-2-one,,9862,6-Methyl-5-hepten-2-one,110-93-0|409-02-9,"6-METHYL-5-HEPTEN-2-ONE|6-Methylhept-5-en-2-one|110-93-0|Sulcatone|METHYL HEPTENONE|5-HEPTEN-2-ONE, 6-METHYL-|2-Oxo-6-methylhept-5-ene|FEMA No. 2707|DTXSID5021629|NSC-15294",,6-Methylhept-5-En-2-one,{'MySkinRecipes': '409-02-9'},https://www.myskinrecipes.com/shop/th/ungrouped/33789-6-methylhept-5-en-2-one.html
WIP_VERIFIED,"1,1,3-Trimethyl-3-Phenyl Indan",,19793,"2,3-Dihydro-1,1,3-trimethyl-3-phenyl-1H-indene",3910-35-8,"1-Phenyl-1,3,3-trimethylindan|1,1,3-Trimethyl-3-phenylindan|1,1,3-Trimethyl-3-phenylindane|Indan, 1,1,3-trimethyl-3-phenyl-|1,3,3-Trimethyl-1-phenylindan|1,3,3-Trimethyl-1-phenylindane|1-PHENYL-1,3,3-TRIMETHYLINDANE|1H-Indene, 2,3-dihydro-1,1,3-trimethyl-3-phenyl-|2,3-Dihydro-1,1,3-trimethyl-3-phenyl-1H-indene|NSC 11311",,"1,1,3-Trimethyl-3-Phenyl Indan",{'MySkinRecipes': '3910-35-8'},https://www.myskinrecipes.com/shop/th/ungrouped/33790-113-trimethyl-3-phenyl-indan.html
WIP_VERIFIED,1-4-Methoxyphenylethanone,,5366077,"(E)-1-(2,6,6-trimethylcyclohex-2-en-1-yl)but-2-en-1-one",24720-09-0|43052-87-5|23726-94-5,"24720-09-0|1-(2,6,6-trimethylcyclohex-2-en-1-yl)but-2-en-1-one|(E)-1-(2,6,6-trimethylcyclohex-2-en-1-yl)but-2-en-1-one|(+/-)-alpha-DAMASCONE|1-(2,6,6-TRIMETHYL-CYCLOHEX-2-ENYL)-BUT-2-EN-1-ONE|57549-92-5|MFCD00673214|(2E)-1-(2,6,6-Trimethyl-2-cyclohexen-1-yl)-2-buten-1-one|(2E)-1-(2,6,6-trimethylcyclohex-2-en-1-yl)but-2-en-1-one|2-Buten-1-one, 1-(2,6,6-trimethyl-2-cyclohexen-1-yl)-, (E)-",,1-4-Methoxyphenylethanone (FEMA 2005),{'MySkinRecipes': '24720-09-0'},https://www.myskinrecipes.com/shop/th/ungrouped/33792-1-4-methoxyphenylethanone-fema-2005.html
WIP_VERIFIED,1-55-Dimethyl-1-Cyclohexenylpent-4-En-1-one,,92606,"1-(5,5-Dimethylcyclohexen-1-yl)pent-4-en-1-one",56973-85-4,"1-(5,5-dimethylcyclohexen-1-yl)pent-4-en-1-one|RefChem:426068|1-(5,5-Dimethyl-1-cyclohexen-1-yl)-4-penten-1-one|56973-85-4|1-(5,5-DIMETHYLCYCLOHEX-1-EN-1-YL)PENT-4-EN-1-ONE|MFCD03092965|1-(5,5-Dimethyl-1-cyclohexen-1-yl)pent-4-en-1-one|4-Penten-1-one, 1-(5,5-dimethyl-1-cyclohexen-1-yl)-|EINECS 260-486-7|Galbascone",,1-55-Dimethyl-1-Cyclohexenylpent-4-En-1-one,{'MySkinRecipes': '56973-85-4'},https://www.myskinrecipes.com/shop/th/ungrouped/33794-1-55-dimethyl-1-cyclohexenylpent-4-en-1-one-.html
WIP_VERIFIED,Methyl Heptyl Ketone,,13187,2-Nonanone,821-55-6,"2-NONANONE|Nonan-2-one|821-55-6|Heptyl methyl ketone|Methyl heptyl ketone|beta-Nonanone|Ketone, heptyl methyl|METHYL N-HEPTYL KETONE|FEMA No. 2785|NSC 14760",,Methyl Heptyl Ketone (FEMA 2785),{'MySkinRecipes': '821-55-6'},https://www.myskinrecipes.com/shop/th/ungrouped/33795-methyl-heptyl-ketone-fema-2785.html
WIP_VERIFIED,,,5374527,beta-DAMASCONE,23726-92-3|35044-68-9|23726-91-2,"beta-Damascone|23726-91-2|Damasione|4-(2,6,6-Trimethylcyclohex-1-enyl)but-2-en-4-one|DTXSID7051890|(2E)-1-(2,6,6-trimethylcyclohex-1-en-1-yl)but-2-en-1-one|J131X1Y3RE|DTXCID50210415|DORINONE|RefChem:1079676",,(E)-1-266-Trimethyl-1-Cyclohexenylbut-2-En-1-one (FEMA 3243),{'MySkinRecipes': '23726-91-2'},https://www.myskinrecipes.com/shop/th/ungrouped/33801-e-1-266-trimethyl-1-cyclohexenylbut-2-en-1-one-fema-3243.html
WIP_DISCREPANCY,Laevo Menthone-12-Glycerol Ketal,,9964606,"Menthone 1,2-glycerol ketal, (-)-",577746-42-0|63187-91-7|1160173-26-1,"Frescolat, type MGA|L-Menthone glycerol ketal|FEMA no. 3807|(-)-Menthone 1,2-glycerol ketal|UNII-7V7GIB547Y|Menthone 1,2-glycerol ketal, (-)-|7V7GIB547Y|577746-42-0|1,4-Dioxaspiro(4.5)decane-2-methanol, 9-methyl-6-(1-methylethyl)-, (6S,9R)-|L-Menthone-1,2-glycerol ketal",,Laevo Menthone-12-Glycerol Ketal (FEMA 3807),{'MySkinRecipes': '563187-91-7'},https://www.myskinrecipes.com/shop/th/ungrouped/33802-laevo-menthone-12-glycerol-ketal-fema-3807.html
WIP_VERIFIED,Pentan-2-one,,7895,2-Pentanone,107-87-9,2-Pentanone|107-87-9|PENTAN-2-ONE|METHYL PROPYL KETONE|Ethyl acetone|Ethylacetone|Methyl n-propyl ketone|Propyl methyl ketone|Metylopropyloketon|Methylpropyl ketone,,Pentan-2-one (FEMA 2842),{'MySkinRecipes': '107-87-9'},https://www.myskinrecipes.com/shop/th/ungrouped/33803-pentan-2-one-fema-2842.html
WIP_VERIFIED,,,5365891,2-Octen-4-one,22286-99-3|4643-27-0,"2-Octen-4-one|Propenyl butyl ketone|Butyl propenyl ketone|trans-2-Octen-4-one|FEMA No. 3603|(E)-2-Octen-4-one|2-Octen-4-one (natural)|2-Octen-4-one, (E)-|2-Octen-4-one, (2E)-|UNII-C9NB51LMXT",,(E)-Oct-2-En-4-one (FEMA 3603),{'MySkinRecipes': '4643-27-0'},https://www.myskinrecipes.com/shop/th/ungrouped/33805-e-oct-2-en-4-one-fema-3603.html
WIP_DISCREPANCY,Tetradecanoic Acid,,11005,Myristic Acid,544-63-8,,,Tetradecanoic Acid (FEMA 2764),{'MySkinRecipes': '544-63-8'},https://www.myskinrecipes.com/shop/th/ungrouped/33806-tetradecanoic-acid-fema-2764.html
DATA_GAP,Hexadecanoic Acid,,,,,,,Hexadecanoic Acid (FEMA 2832),{'MySkinRecipes': '544-63-8'},https://www.myskinrecipes.com/shop/th/ungrouped/33807-hexadecanoic-acid-fema-2832.html
DATA_GAP,Dec-9-Enoic Acid,,,,,,,Dec-9-Enoic Acid (FEMA 3660),{'MySkinRecipes': '14436-32-9'},https://www.myskinrecipes.com/shop/th/ungrouped/33808-dec-9-enoic-acid-fema-3660.html
DATA_GAP,25-Dimethylpyrazine,,,,,,,25-Dimethylpyrazine (FEMA 3272),{'MySkinRecipes': '123-32-0'},https://www.myskinrecipes.com/shop/th/ungrouped/33829-25-dimethylpyrazine-fema-3272.html
DATA_GAP,"8-Methyl-1,5-benzodioxepin-3-one",,,,,,,"8-Methyl-1,5-benzodioxepin-3-one",{'MySkinRecipes': '28940-11-6'},https://www.myskinrecipes.com/shop/th/ungrouped/33831-8-methyl-15-benzodioxepin-3-one.html
DATA_GAP,Indane butanal,,,,,,,Indane butanal,{'MySkinRecipes': '30168-23-1'},https://www.myskinrecipes.com/shop/th/ungrouped/33832-4-octahydro-47-methano-5h-inden-5-ylidenebutanal.html
WIP_VERIFIED,Leafy oxime,,3019015,"N-(2,4,4,7-Tetramethylnona-6,8-dien-3-ylidene)hydroxylamine",81783-01-9,"81783-01-9|N-(2,4,4,7-TETRAMETHYLNONA-6,8-DIEN-3-YLIDENE)HYDROXYLAMINE|6,8-Nonadien-3-one,2,4,4,7-tetramethyl-, oxime|cassis oxime 10%|SCHEMBL755521|MEJYWDUBOCZFFS-UHFFFAOYSA-N|NS00022811",,Leafy oxime,{'MySkinRecipes': '81783-01-9'},https://www.myskinrecipes.com/shop/th/ungrouped/33833-ne-n-6e-2447-tetramethylnona-68-dien-3-ylidene-hydroxylamine.html
NATURAL_MIXTURE,Cinnamon Bark Oil,,,,,,,Cinnamon Bark Oil (Ceylon) / น้ำมันหอมระเหย เปลือกอบเชย,{'SimpleScentsDIY': ''},https://www.simplescentsdiy.com/product/36443-36360/cinnamon-bark-oil
NATURAL_MIXTURE,Frankincense Essential Oil,,,,,,,Frankincense Essential Oil / น้ำมันหอมระเหย กำยาน,{'SimpleScentsDIY': ''},https://www.simplescentsdiy.com/product/35630-35273/frankincenseoil
NATURAL_MIXTURE,Clove Leaves Essential Oil,,,,,,,Clove Leaves Essential Oil / น้ำมันหอมระเหย ใบกานพลู,{'SimpleScentsDIY': ''},https://www.simplescentsdiy.com/product/35629-35272/cloveleaves
NATURAL_MIXTURE,Orange Essential Oil,,,,,,,Orange Essential Oil / น้ำมันหอมระเหย เปลือกส้ม / Orange Oil,{'SimpleScentsDIY': ''},https://www.simplescentsdiy.com/product/34448-33898/orange
NATURAL_MIXTURE,Eucalyptus Essential Oil,,,,,,,Eucalyptus Essential Oil / น้ำมันหอมระเหย ยูคาลิปตัส,{'SimpleScentsDIY': ''},https://www.simplescentsdiy.com/product/34447-33897/eucalyptus
NATURAL_MIXTURE,Lemon Eucalyptus Oil,,,,,,,Lemon Eucalyptus Oil / น้ำมันหอมระเหย เลม่อน ยูคาลิปตัส,{'SimpleScentsDIY': ''},https://www.simplescentsdiy.com/product/34446-33896/lemon-eucalyptus
NATURAL_MIXTURE,Camphor Essential Oil,,,,,,,Camphor Essential Oil / น้ำมันหอมระเหย การบูร / Camphor Oil,{'SimpleScentsDIY': ''},https://www.simplescentsdiy.com/product/34441-33891/camphor
NATURAL_MIXTURE,Methyl Salicylate Essential Oil,,,,,,,Methyl Salicylate Essential Oil / น้ำมันหอมระเหย ระกำ,{'SimpleScentsDIY': ''},https://www.simplescentsdiy.com/product/34440-33890/methyl-salicylate
NATURAL_MIXTURE,Lavander Essential Oil,,,,,,,Lavander Essential Oil / น้ำมันหอมระเหย ลาเวนเดอร์,{'SimpleScentsDIY': ''},https://www.simplescentsdiy.com/product/34437-33887/lavander
NATURAL_MIXTURE,Menthol Liquid Essential Oil,,,,,,,Menthol Liquid Essential Oil / น้ำมันหอมระเหย เมนทอล,{'SimpleScentsDIY': ''},https://www.simplescentsdiy.com/product/34433-33883/menthol-liquid-
NATURAL_MIXTURE,Grapefruit Essential Oil,,,,,,,Grapefruit Essential Oil / น้ำมันหอมระเหย เกรปฟรุต,{'SimpleScentsDIY': ''},https://www.simplescentsdiy.com/product/34432-33882/grapefruit-
NATURAL_MIXTURE,Lime Essential Oil,,,,,,,Lime Essential Oil / น้ำมันหอมระเหย มะนาว,{'SimpleScentsDIY': ''},https://www.simplescentsdiy.com/product/34422-33872/lime
NATURAL_MIXTURE,Neroli Egypt Oil,,,,,,,Neroli Egypt Oil / น้ำมันหอมระเหย ดอกส้ม (เนโรลี่) /,{'SimpleScentsDIY': ''},https://www.simplescentsdiy.com/product/34421-33871/neroli-egypt-oil
NATURAL_MIXTURE,Siam Benzoin Resinoid,,,,,,,Siam Benzoin Resinoid,{'SimpleScentsDIY': '84012-39-5'},https://www.simplescentsdiy.com/product/34168-33501/siam-benzoin-resinoid
NATURAL_MIXTURE,Pink Pepper Oil CO2 Extract,,,,,,,Pink Pepper Oil CO2 Extract / น้ำมันหอมระเหย พริกไทยชมพู,{'SimpleScentsDIY': ''},https://www.simplescentsdiy.com/product/34159-33491/pink-pepper-oil-
NATURAL_MIXTURE,Cedarwood Virginia Oil,,,,,,,Cedarwood Virginia Oil / น้ำมันหอมระเหย ซีดาร์วูด เวอร์จิเนีย,{'SimpleScentsDIY': ''},https://www.simplescentsdiy.com/product/33664-32970/cedarwood-virginia
NATURAL_MIXTURE,Vetiver Haiti Oil,,,,,,,Vetiver Haiti Oil / น้ำมันหอมระเหย หญ้าแฝก,{'SimpleScentsDIY': '84238-29-9'},https://www.simplescentsdiy.com/product/33662-32968/vetiver-haiti
WIP_VERIFIED,Amber Xtreme,,92030006,"2H-Indeno[4,5-b]furan, decahydro-2,2,6,6,7,8,8-heptamethyl-",476332-65-7,"476332-65-7|89ZYZ7YI66|Decahydro-2,2,6,6,7,8,8-heptamethyl-2H-indeno(4,5-b)furan|DTXSID9051379|2H-Indeno(4,5-b)furan, decahydro-2,2,6,6,7,8,8-heptamethyl-|2H-Indeno[4,5-b]furan, decahydro-2,2,6,6,7,8,8-heptamethyl-|RefChem:484282|DTXCID4029981|2,2,6,6,7,8,8-Heptamethyldecahydro-2H-indeno[4,5-b]furan|UNII-89ZYZ7YI66",,Amber Xtreme,{'SimpleScentsDIY': '476332-65-7'},https://www.simplescentsdiy.com/product/36438-36355/amberxtreme
WIP_VERIFIED,Tabanone,,107631,"2-Cyclohexen-1-one, 4-(2-butenylidene)-3,5,5-trimethyl-",13215-88-8,"2-Cyclohexen-1-one, 4-(2-butenylidene)-3,5,5-trimethyl-|4-but-2-enylidene-3,5,5-trimethylcyclohex-2-en-1-one|RefChem:470863|13215-88-8|Tabanone|4-(But-2-en-1-ylidene)-3,5,5-trimethylcyclohex-2-enone|(Z,Z/Z,E)-tobacco cyclohexenone|Megastigmatrienone (mixed isomers)|2-Cyclohexen-1-one, 4-(2-buten-1-ylidene)-3,5,5-trimethyl-|SCHEMBL756992",,Tabanone,{'SimpleScentsDIY': '13215-88-8'},https://www.simplescentsdiy.com/product/36007-35716/tobanone
WIP_VERIFIED,Phenoxanol,,108312,Phenylisohexanol,55066-48-3,"3-methyl-5-phenylpentan-1-ol|55066-48-3|3-Methyl-5-phenyl-1-pentanol|phenoxanol|3-Methyl-5-phenylpentanol|Phenylisohexanol|Mefrosol|DTXSID4044822|phenylhexanol|Benzenepentanol, .gamma.-methyl-",,Phenoxanol,{'SimpleScentsDIY': '55066-48-3'},https://www.simplescentsdiy.com/product/35897-35606/phenoxanol
PROPRIETARY_MIXTURE,Miel Blanc,,,,,,,Miel Blanc Base / Specialty Base for Blend,{'SimpleScentsDIY': ''},https://www.simplescentsdiy.com/product/36442-36359/mielblanc
PROPRIETARY_MIXTURE,Chocovan 2 gl,,,,,,,Chocovan 2 gl / Specialty Base for Blend,{'SimpleScentsDIY': ''},https://www.simplescentsdiy.com/product/34932-34403/chocovan
PROPRIETARY_MIXTURE,Prunella 975617,,,,,,,Prunella 975617 / Specialty Base for Blend,{'SimpleScentsDIY': ''},https://www.simplescentsdiy.com/product/34772-34243/prunella-975617
PROPRIETARY_MIXTURE,Fruit Sec 184078,,,,,,,Fruit Sec 184078 / Specialty Base for Blend,{'SimpleScentsDIY': ''},https://www.simplescentsdiy.com/product/34771-34242/fruit-sec
PROPRIETARY_MIXTURE,Dorinia SA 939680,,,,,,,Dorinia SA 939680 / Specialty Base for Blend,{'SimpleScentsDIY': ''},https://www.simplescentsdiy.com/product/34770-34241/dorinia-sa-939680
PROPRIETARY_MIXTURE,Cassis  345B,,,,,,,Cassis Base 345B / Specialty Base for Blend,{'SimpleScentsDIY': ''},https://www.simplescentsdiy.com/product/34761-34232/casisbase345b
PROPRIETARY_MIXTURE,Oud 3,,,,,,,Oud 3 Base / Specialty Base for Blend,{'SimpleScentsDIY': ''},https://www.simplescentsdiy.com/product/34759-34230/oud3base
PROPRIETARY_MIXTURE,Oud Cambodia,,,,,,,Oud Cambodia / Specialty Base for Blend,{'SimpleScentsDIY': ''},https://www.simplescentsdiy.com/product/34758-34229/oudcambodia
PROPRIETARY_MIXTURE,Animal,,,,,,,Animal Base / Specialty Base for Blend,{'SimpleScentsDIY': ''},https://www.simplescentsdiy.com/product/34756-34227/animalbase
PROPRIETARY_MIXTURE,Amber 2,,,,,,,Amber 2 Base 10% DPG / Specialty Base for Blend,{'SimpleScentsDIY': ''},https://www.simplescentsdiy.com/product/34755-34226/amber2base-
PROPRIETARY_MIXTURE,Galbex 183,,,,,,,Galbex 183 / Specialty Base for Blend,{'SimpleScentsDIY': ''},https://www.simplescentsdiy.com/product/33423-32698/galbex183
PROPRIETARY_MIXTURE,Room Spray,,,,,,,Room Spray Base / เบสน้ำหอมฉีดห้อง ฉีดหมอน,{'SimpleScentsDIY': ''},https://www.simplescentsdiy.com/product/36462/roomspray
PROPRIETARY_MIXTURE,.,,,,,,,ไซริงค์พลาสติก. ( ไม่รวมเข็ม ) /กระบอกฉีดยา / Syringe,{'SimpleScentsDIY': ''},https://www.simplescentsdiy.com/product/33828/syringe
PROPRIETARY_MIXTURE,DEB 99,,,,,,,DEB 99 แอลกอฮอล์ 99% / Ethyl Alcohol 99%,{'SimpleScentsDIY': ''},https://www.simplescentsdiy.com/product/29863/deb-99-แอลกอฮอล์-99-100-ml-ethyl-alcohol-99-เอทิล-แอลกอฮอล์-99-
PROPRIETARY_MIXTURE,Glycerin,,,,,,,กลีเซอรีน​ Glycerin สารช่วยเพิ่มความชุ่มชื้น,{'SimpleScentsDIY': ''},https://www.simplescentsdiy.com/product/23305/กลีเซอรีน-glycerin-สารช่วยเพิ่มความชุ่มชื้น
PROPRIETARY_MIXTURE,Dowanol DPM   Solvent,,,,,,,Dowanol DPM  เป็นตัวทำละลาย Solvent Base,{'SimpleScentsDIY': ''},https://www.simplescentsdiy.com/product/23304/dowanol-dpm-เป็นตัวทำละลาย-solvent-base
PROPRIETARY_MIXTURE,Deb Mix.  1,,,,,,,"Deb Mix.แอลกอฮอล์​สำเร็จรูป​ ใช้ผสมกับหัวน้ำหอม 1,",{'SimpleScentsDIY': ''},https://www.simplescentsdiy.com/product/23303/deb-mixแอลกอฮอล์สำเร็จรูป-ใช้ผสมกับหัวน้ำหอม-1000-ml
PROPRIETARY_MIXTURE,Neroline Bromelia,,,,,,,Neroline Bromelia (Powder) from SimpleScentsDIY,{},
PROPRIETARY_MIXTURE,Patchone,,,,,,,Patchone (Powder) from SimpleScentsDIY,{},
PROPRIETARY_MIXTURE,Rosafix,,,,,,,Rosafix (Powder) from SimpleScentsDIY,{},
PROPRIETARY_MIXTURE,Suederal LT,,,,,,,Suederal LT from SimpleScentsDIY,{},
PROPRIETARY_MIXTURE,Vanillin 10 % in DPG,,,,,,,Vanillin 10 % in DPG from SimpleScentsDIY,{},
