Product_ID,Supplier,Material_Name,Clean_Search_Name,CAS_Number,Remediation_Status,Canonical_Name,Verified_CAS,PubChem_Link,Price_USD/g,Is_Dilution,Active_Material,Solvent,Active_%,Notes
4EW07503,PerfumersWorld,2 3-Dimethyl Pyrazine from PerfumersWorld,2 3-dimethyl pyrazine,5910-89-4,VERIFIED_MATCH,"2,3-Dimethylpyrazine",5910-89-4,https://pubchem.ncbi.nlm.nih.gov/compound/22201,2.6900,FALSE,,,,
5EW07840,PerfumersWorld,2 3-Dimethyl Pyrazine 1% in DPG from PerfumersWorld,2 3-dimethyl pyrazine,"5910-89-4|0.01
25265-71-8|0.99",VERIFIED_MATCH,"2,3-Dimethylpyrazine",5910-89-4,https://pubchem.ncbi.nlm.nih.gov/compound/22201,0.1200,TRUE,2 3-Dimethyl Pyrazine from PerfumersWorld,Dipropylene Glycol (DPG) from PerfumersWorld,1.00,
5EW20137,PerfumersWorld,2 3-Dimethyl Pyrazine 10% in DPG from PerfumersWorld,2 3-dimethyl pyrazine,"5910-89-4|0.1
25265-71-8|0.9",VERIFIED_MATCH,"2,3-Dimethylpyrazine",5910-89-4,https://pubchem.ncbi.nlm.nih.gov/compound/22201,0.2900,TRUE,2 3-Dimethyl Pyrazine from PerfumersWorld,Dipropylene Glycol (DPG) from PerfumersWorld,10.00,
4EW14326,PerfumersWorld,2 Acetyl Thaizole from PerfumersWorld,2 acetyl thaizole,24295-03-2,VERIFIED_MATCH,2-Acetylthiazole,24295-03-2,https://pubchem.ncbi.nlm.nih.gov/compound/520108,2.5000,FALSE,,,,
1EN13109,PerfumersWorld,2-Acetyl Pyrazine from PerfumersWorld,2-acetyl pyrazine,22047-25-2,VERIFIED_MATCH,Acetylpyrazine,22047-25-2,https://pubchem.ncbi.nlm.nih.gov/compound/30914,0.7100,FALSE,,,,
5EN13769,PerfumersWorld,2-Acetyl Pyrazine 1% in DPG from PerfumersWorld,2-acetyl pyrazine,"22047-25-2|0.01
25265-71-8|0.99",VERIFIED_MATCH,Acetylpyrazine,22047-25-2,https://pubchem.ncbi.nlm.nih.gov/compound/30914,0.1000,TRUE,2-Acetyl Pyrazine from PerfumersWorld,Dipropylene Glycol (DPG) from PerfumersWorld,1.00,
4ES11805,PerfumersWorld,2-iso Propyl 4 Methyl Thiazole from PerfumersWorld,2-iso propyl 4 methyl thiazole,15679-13-7,VERIFIED_MATCH,2-Isopropyl-4-methylthiazole,15679-13-7,https://pubchem.ncbi.nlm.nih.gov/compound/61808,1.6000,FALSE,,,,
5ES13952,PerfumersWorld,2-iso Propyl 4 Methyl Thiazole 1% in DPG from PerfumersWorld,2-iso propyl 4 methyl thiazole,"15679-13-7|0.01
25265-71-8|0.99",VERIFIED_MATCH,2-Isopropyl-4-methylthiazole,15679-13-7,https://pubchem.ncbi.nlm.nih.gov/compound/61808,0.1000,TRUE,2-iso Propyl 4 Methyl Thiazole from PerfumersWorld,Dipropylene Glycol (DPG) from PerfumersWorld,1.00,
4FC07622,PerfumersWorld,2-Methyl-2-Pentenoic Acid from PerfumersWorld,2-methyl-2-pentenoic acid,3142-72-1,VERIFIED_MATCH,Butyl 2-methylpentanoate,3142-72-1,https://pubchem.ncbi.nlm.nih.gov/compound/95539,0.3200,FALSE,,,,
5FC07623,PerfumersWorld,2-Methyl-2-Pentenoic Acid 10% in DPG from PerfumersWorld,2-methyl-2-pentenoic acid,"6297-41-2|0.1
25265-71-8|0.9",FIXED_FROM_AUDIT,,3142-72-1,https://pubchem.ncbi.nlm.nih.gov/compound/18458,0.0500,TRUE,2-Methyl-2-Pentenoic Acid from PerfumersWorld,Dipropylene Glycol (DPG) from PerfumersWorld,10.00,
4FD00001,PerfumersWorld,2-Methylbutyl 2-Methylbutyrate from PerfumersWorld,2-methylbutyl 2-methylbutyrate,2445-78-5,VERIFIED_MATCH,2-Methylbutyl 2-methylbutyrate,2445-78-5,https://pubchem.ncbi.nlm.nih.gov/compound/17129,0.3300,FALSE,,,,
4FY22527,PerfumersWorld,2-Octen-4-one from PerfumersWorld,2-octen-4-one,4643-27-0,VERIFIED_MATCH,2-Octen-4-one,4643-27-0,https://pubchem.ncbi.nlm.nih.gov/compound/5365891,4.1000,FALSE,,,,
1VD00002,PerfumersWorld,6-Methyl Coumarin from PerfumersWorld,6-methyl coumarin,92-48-8,VERIFIED_MATCH,6-Methylcoumarin,92-48-8,https://pubchem.ncbi.nlm.nih.gov/compound/7092,0.5800,FALSE,,,,
5VD07562,PerfumersWorld,6-Methyl Coumarin 10% in DPG from PerfumersWorld,6-methyl coumarin,"92-48-8|0.1
25265-71-8|0.9",VERIFIED_MATCH,6-Methylcoumarin,92-48-8,https://pubchem.ncbi.nlm.nih.gov/compound/7092,0.1800,TRUE,6-Methyl Coumarin from PerfumersWorld,Dipropylene Glycol (DPG) from PerfumersWorld,10.00,
6AN18003,PerfumersWorld,A-ALDEHYDE F-TEC from PerfumersWorld,a-aldehyde,Mixture (Perfume Base),VERIFIED,,,,0.1800,FALSE,,,,
6AN07832,PerfumersWorld,A-Aldehyde Fleuressence from PerfumersWorld,a-aldehyde,Mixture (Perfume Base),VERIFIED,,,,0.2000,FALSE,,,,
6NL18079,PerfumersWorld,ACACIA F-TEC from PerfumersWorld,acacia,Mixture (Perfume Base),VERIFIED,,,,0.2000,FALSE,,,,
6NL08389,PerfumersWorld,Acacia Fleuressence from PerfumersWorld,acacia,Mixture (Perfume Base),VERIFIED,,,,0.1900,FALSE,,,,
4FG02943,PerfumersWorld,Acetic Acid from PerfumersWorld,acetic acid,64-19-7,VERIFIED_MATCH,Acetic Acid,64-19-7,https://pubchem.ncbi.nlm.nih.gov/compound/176,0.0700,FALSE,,,,
4DV02664,PerfumersWorld,Acetoin from PerfumersWorld,acetoin,513-86-0,VERIFIED_MATCH,Acetoin,513-86-0,https://pubchem.ncbi.nlm.nih.gov/compound/179,0.9200,FALSE,,,,
5DV09244,PerfumersWorld,Acetoin 10% in DPG from PerfumersWorld,acetoin,"513-86-0|0.1
25265-71-8|0.9",VERIFIED_MATCH,Acetoin,513-86-0,https://pubchem.ncbi.nlm.nih.gov/compound/179,0.1300,TRUE,Acetoin from PerfumersWorld,Dipropylene Glycol (DPG) from PerfumersWorld,10.00,
1NP00009,PerfumersWorld,Acetophenone from PerfumersWorld,acetophenone,98-86-2,VERIFIED_MATCH,Acetophenone,98-86-2,https://pubchem.ncbi.nlm.nih.gov/compound/7410,0.2300,FALSE,,,,
1SP00011,PerfumersWorld,Acetyl Isoeugenol from PerfumersWorld,acetyl isoeugenol,93-29-8,VERIFIED_MATCH,Isoeugenyl acetate,93-29-8,https://pubchem.ncbi.nlm.nih.gov/compound/876160,0.6000,FALSE,,,,
5SP07823,PerfumersWorld,Acetyl Isoeugenol 10% in DPG from PerfumersWorld,acetyl isoeugenol,"93-29-8|0.1
25265-71-8|0.9",VERIFIED_MATCH,Isoeugenyl acetate,93-29-8,https://pubchem.ncbi.nlm.nih.gov/compound/876160,0.1200,TRUE,Acetyl Isoeugenol from PerfumersWorld,Dipropylene Glycol (DPG) from PerfumersWorld,10.00,
4GA00012,PerfumersWorld,Adoxal from PerfumersWorld,adoxal,141-13-9,VERIFIED_MATCH,"2,6,10-Trimethyl-9-undecenal",141-13-9,https://pubchem.ncbi.nlm.nih.gov/compound/98403,1.4200,FALSE,,,,
5GA08479,PerfumersWorld,Adoxal 10% in DPG from PerfumersWorld,adoxal,"141-13-9|0.1
25265-71-8|0.9",VERIFIED_MATCH,"2,6,10-Trimethyl-9-undecenal",141-13-9,https://pubchem.ncbi.nlm.nih.gov/compound/98403,0.1700,TRUE,Adoxal from PerfumersWorld,Dipropylene Glycol (DPG) from PerfumersWorld,10.00,
6WU18875,PerfumersWorld,AGARWOOD F-TEC from PerfumersWorld,agarwood,Mixture (Perfume Base),VERIFIED,,,,1.3000,FALSE,,,,
6WU08483,PerfumersWorld,Agarwood Fleuressence from PerfumersWorld,agarwood,Mixture (Perfume Base),VERIFIED,,,,1.6000,FALSE,,,,
7WU09890,PerfumersWorld,Agarwood Oil Siam from PerfumersWorld,agarwood oil siam,94350-09-1,NATURAL_MIXTURE,,94350-09-1,,25.0000,FALSE,,,,
5WU15067,PerfumersWorld,Agarwood Oil Siam 10% in DPG from PerfumersWorld,agarwood oil siam,"94350-09-1|0.1
25265-71-8|0.9",NATURAL_MIXTURE,,94350-09-1,,2.8000,TRUE,Agarwood Oil Siam from PerfumersWorld,Dipropylene Glycol (DPG) from PerfumersWorld,10.00,
8WU13317,PerfumersWorld,Agarwood Siam 10% in Nagarmotha Oil from PerfumersWorld,agarwood siam,94350-09-1|0.1,NATURAL_MIXTURE,,94350-09-1,,3.9400,TRUE,Agarwood Siam from PerfumersWorld,Nagarmotha Oil from PerfumersWorld,10.00,
6CG13368,PerfumersWorld,Agrumen Aldehyde PW from PerfumersWorld,agrumen aldehyde pw,Mixture (Perfume Base),VERIFIED,,,,0.2000,FALSE,,,,
3AE13387,PerfumersWorld,Alcohol C-7 Heptanol from PerfumersWorld,alcohol c-7 heptanol,111-70-6,FIXED_FROM_AUDIT,,111-70-6,https://pubchem.ncbi.nlm.nih.gov/compound/8129,0.3400,FALSE,,,,
3AD13388,PerfumersWorld,Alcohol C-8 Octanol from PerfumersWorld,alcohol c-8 octanol,111-87-5,FIXED_FROM_AUDIT,,111-87-5,https://pubchem.ncbi.nlm.nih.gov/compound/957,0.2000,FALSE,,,,
3AD00017,PerfumersWorld,Alcohol C-9 from PerfumersWorld,alcohol c-9,143-08-8,FIXED_FROM_AUDIT,,143-08-8,https://pubchem.ncbi.nlm.nih.gov/compound/8914,0.7000,FALSE,,,,
4AC00018,PerfumersWorld,Aldehyde C-10 Decanal from PerfumersWorld,aldehyde c-10 decanal,112-31-2,VERIFIED_MATCH,Allyl amyl glycolate,112-31-2,https://pubchem.ncbi.nlm.nih.gov/compound/106729,0.1700,FALSE,,,,
5AC07527,PerfumersWorld,Aldehyde C-10 Decanal 10% in DPG from PerfumersWorld,aldehyde c-10 decanal,"67634-00-8|0.1
25265-71-8|0.9",VERIFIED_MATCH,Allyl amyl glycolate,67634-00-8,https://pubchem.ncbi.nlm.nih.gov/compound/106729,0.0800,TRUE,Aldehyde C-10 Decanal from PerfumersWorld,Dipropylene Glycol (DPG) from PerfumersWorld,10.00,
5AC08459,PerfumersWorld,Aldehyde C-10 Decanal 50% in DPG from PerfumersWorld,aldehyde c-10 decanal,"67634-00-8|0.5
25265-71-8|0.5",VERIFIED_MATCH,Allyl amyl glycolate,67634-00-8,https://pubchem.ncbi.nlm.nih.gov/compound/106729,0.1200,TRUE,Aldehyde C-10 Decanal from PerfumersWorld,Dipropylene Glycol (DPG) from PerfumersWorld,50.00,
4AR00020,PerfumersWorld,Aldehyde C-11 Undecanal from PerfumersWorld,aldehyde c-11 undecanal,112-44-7,VERIFIED_MATCH,Undecanal,112-44-7,https://pubchem.ncbi.nlm.nih.gov/compound/8186,0.4100,FALSE,,,,
5AR08831,PerfumersWorld,Aldehyde C-11 Undecanal 10% in DPG from PerfumersWorld,aldehyde c-11 undecanal,"112-44-7|0.1
25265-71-8|0.9",VERIFIED_MATCH,Undecanal,112-44-7,https://pubchem.ncbi.nlm.nih.gov/compound/8186,0.1100,TRUE,Aldehyde C-11 Undecanal from PerfumersWorld,Dipropylene Glycol (DPG) from PerfumersWorld,10.00,
4AR01236,PerfumersWorld,Aldehyde C-11 Undecylenic from PerfumersWorld,aldehyde c-11 undecylenic,112-45-8,VERIFIED_MATCH,10-Undecenal,112-45-8,https://pubchem.ncbi.nlm.nih.gov/compound/8187,0.3000,FALSE,,,,
5AR08462,PerfumersWorld,Aldehyde C-11 Undecylenic 10% in DPG from PerfumersWorld,aldehyde c-11 undecylenic,"112-45-8|0.1
25265-71-8|0.9",VERIFIED_MATCH,10-Undecenal,112-45-8,https://pubchem.ncbi.nlm.nih.gov/compound/8187,0.0700,TRUE,Aldehyde C-11 Undecylenic from PerfumersWorld,Dipropylene Glycol (DPG) from PerfumersWorld,10.00,
4AA00021,PerfumersWorld,Aldehyde C-12 Lauric Dodecanal from PerfumersWorld,aldehyde c-12 lauric dodecanal,112-54-9,VERIFIED_MATCH,Allyl amyl glycolate,112-54-9,https://pubchem.ncbi.nlm.nih.gov/compound/106729,0.2500,FALSE,,,,
5AA07834,PerfumersWorld,Aldehyde C-12 Lauric Dodecanal 10% in DPG from PerfumersWorld,aldehyde c-12 lauric dodecanal,"67634-00-8|0.1
25265-71-8|0.9",VERIFIED_MATCH,Allyl amyl glycolate,67634-00-8,https://pubchem.ncbi.nlm.nih.gov/compound/106729,0.0600,TRUE,Aldehyde C-12 Lauric Dodecanal from PerfumersWorld,Dipropylene Glycol (DPG) from PerfumersWorld,10.00,
4AG00022,PerfumersWorld,Aldehyde C-12 MNA from PerfumersWorld,aldehyde c-12 mna,110-41-8,VERIFIED,2-Methylundecanal,110-41-8,https://pubchem.ncbi.nlm.nih.gov/compound/61031,0.2800,FALSE,,,,
5AG07528,PerfumersWorld,Aldehyde C-12 MNA 10% in DPG from PerfumersWorld,aldehyde c-12 mna,"67634-00-8|0.1
25265-71-8|0.9",FORMATTING_FIX,2-Methylundecanal,67634-00-8,https://pubchem.ncbi.nlm.nih.gov/compound/61031,0.0600,TRUE,Aldehyde C-12 MNA from PerfumersWorld,Dipropylene Glycol (DPG) from PerfumersWorld,10.00,
4DD00454,PerfumersWorld,Aldehyde C-14 Gamma Undecalactone from PerfumersWorld,aldehyde c-14 gamma undecalactone,104-67-6,VERIFIED_MATCH,Gamma-undecalactone,104-67-6,https://pubchem.ncbi.nlm.nih.gov/compound/7714,0.1700,FALSE,,,,
5DD07538,PerfumersWorld,Aldehyde C-14 Gamma Undecalactone 10% in DPG from PerfumersWorld,aldehyde c-14 gamma undecalactone,"104-67-6|0.1
25265-71-8|0.9",VERIFIED_MATCH,Gamma-undecalactone,104-67-6,https://pubchem.ncbi.nlm.nih.gov/compound/7714,0.1500,TRUE,Aldehyde C-14 Gamma Undecalactone from PerfumersWorld,Dipropylene Glycol (DPG) from PerfumersWorld,10.00,
4FC00176,PerfumersWorld,Aldehyde C-16 Ethyl Methyl Phenyl Glycidate from PerfumersWorld,aldehyde c-16 ethyl methyl phenyl glycidate,77-83-8,VERIFIED_MATCH,Ethyl 3-methyl-3-phenylglycidate,77-83-8,https://pubchem.ncbi.nlm.nih.gov/compound/6501,0.1400,FALSE,,,,
5FC07539,PerfumersWorld,Aldehyde C-16 Ethyl Methyl Phenyl Glycidate 10% in DPG from PerfumersWorld,aldehyde c-16 ethyl methyl phenyl glycidate,"77-83-8|0.1
25265-71-8|0.9",VERIFIED_MATCH,Ethyl 3-methyl-3-phenylglycidate,77-83-8,https://pubchem.ncbi.nlm.nih.gov/compound/6501,0.0600,TRUE,Aldehyde C-16 Ethyl Methyl Phenyl Glycidate from PerfumersWorld,Dipropylene Glycol (DPG) from PerfumersWorld,10.00,
4DD00324,PerfumersWorld,Aldehyde C-18 Gamma Nonalactone from PerfumersWorld,aldehyde c-18 gamma nonalactone,104-61-0,VERIFIED_MATCH,Gamma-Nonalactone,104-61-0,https://pubchem.ncbi.nlm.nih.gov/compound/7710,0.2100,FALSE,,,,
5DD12925,PerfumersWorld,Aldehyde C-18 Gamma Nonalactone 10% in DPG from PerfumersWorld,aldehyde c-18 gamma nonalactone,"104-61-0|0.1
25265-71-8|0.9",VERIFIED_MATCH,Gamma-Nonalactone,104-61-0,https://pubchem.ncbi.nlm.nih.gov/compound/7710,0.0700,TRUE,Aldehyde C-18 Gamma Nonalactone from PerfumersWorld,Dipropylene Glycol (DPG) from PerfumersWorld,10.00,
4AG00025,PerfumersWorld,Aldehyde C-7 Heptanal from PerfumersWorld,aldehyde c-7 heptanal,111-71-7,VERIFIED_MATCH,Heptanal,111-71-7,https://pubchem.ncbi.nlm.nih.gov/compound/8130,0.6200,FALSE,,,,
4AC00026,PerfumersWorld,Aldehyde C-8 Octanal from PerfumersWorld,aldehyde c-8 octanal,124-13-0,VERIFIED_MATCH,Octanal,124-13-0,https://pubchem.ncbi.nlm.nih.gov/compound/454,0.2000,FALSE,,,,
5AC08158,PerfumersWorld,Aldehyde C-8 Octanal 10% in DPG from PerfumersWorld,aldehyde c-8 octanal,"124-13-0|0.1
25265-71-8|0.9",VERIFIED_MATCH,Octanal,124-13-0,https://pubchem.ncbi.nlm.nih.gov/compound/454,0.0700,TRUE,Aldehyde C-8 Octanal from PerfumersWorld,Dipropylene Glycol (DPG) from PerfumersWorld,10.00,
4AC00027,PerfumersWorld,Aldehyde C-9 Nonanal from PerfumersWorld,aldehyde c-9 nonanal,124-19-6,VERIFIED_MATCH,Nonanal,124-19-6,https://pubchem.ncbi.nlm.nih.gov/compound/31289,0.2400,FALSE,,,,
5AC10167,PerfumersWorld,Aldehyde C-9 Nonanal 10% in DPG from PerfumersWorld,aldehyde c-9 nonanal,"124-19-6|0.1
25265-71-8|0.9",VERIFIED_MATCH,Nonanal,124-19-6,https://pubchem.ncbi.nlm.nih.gov/compound/31289,0.0700,TRUE,Aldehyde C-9 Nonanal from PerfumersWorld,Dipropylene Glycol (DPG) from PerfumersWorld,10.00,
6GN23713,PerfumersWorld,Algenone from PerfumersWorld,algenone,Mixture (Perfume Base),VERIFIED,,,,0.4000,FALSE,,,,
4GN23714,PerfumersWorld,Algix Pure from PerfumersWorld,algix pure,72987-59-8,VERIFIED_MATCH,"Ethanol, 2-(4-methylphenoxy)-1-(2-phenylethoxy)-",72987-59-8,https://pubchem.ncbi.nlm.nih.gov/compound/166400,2.2500,FALSE,,,,
4FG00029,PerfumersWorld,Allyl Amyl Glycolate from PerfumersWorld,allyl amyl glycolate,67634-00-8,VERIFIED_MATCH,Allyl amyl glycolate,67634-00-8,https://pubchem.ncbi.nlm.nih.gov/compound/106729,0.2000,FALSE,,,,
5FG07543,PerfumersWorld,Allyl Amyl Glycolate 10% in DPG from PerfumersWorld,allyl amyl glycolate,"67634-00-8|0.1
25265-71-8|0.9",VERIFIED_MATCH,Allyl amyl glycolate,67634-00-8,https://pubchem.ncbi.nlm.nih.gov/compound/106729,0.0500,TRUE,Allyl Amyl Glycolate from PerfumersWorld,Dipropylene Glycol (DPG) from PerfumersWorld,10.00,
4FC02995,PerfumersWorld,Allyl Caproate from PerfumersWorld,allyl caproate,123-68-2,VERIFIED_MATCH,Allyl caproate,123-68-2,https://pubchem.ncbi.nlm.nih.gov/compound/31266,0.1400,FALSE,,,,
4FC00030,PerfumersWorld,Allyl Cyclohexyl Propionate from PerfumersWorld,allyl cyclohexyl propionate,2705-87-5,FIXED_FROM_AUDIT,Allyl cyclohexyl propionate,2705-87-5,https://pubchem.ncbi.nlm.nih.gov/compound/21862952,0.1700,FALSE,,,,
5FC12465,PerfumersWorld,Allyl Cyclohexyl Propionate 10% in DPG from PerfumersWorld,allyl cyclohexyl propionate,"2705-87-5|0.1
25265-71-8|0.9",FIXED_FROM_AUDIT,Allyl cyclohexyl propionate,2705-87-5,https://pubchem.ncbi.nlm.nih.gov/compound/21862952,0.0600,TRUE,Allyl Cyclohexyl Propionate from PerfumersWorld,Dipropylene Glycol (DPG) from PerfumersWorld,10.00,
4IN10857,PerfumersWorld,Allyl Ionone Cetone V from PerfumersWorld,allyl ionone cetone v,79-78-7,VERIFIED_MATCH,Allyl-alpha-ionone,79-78-7,https://pubchem.ncbi.nlm.nih.gov/compound/5365976,1.3000,FALSE,,,,
9IF02656,PerfumersWorld,Alpha Damascone from PerfumersWorld,alpha damascone,43052-87-5,DATA_GAP_MANUAL_CHECK,"(E)-1-(2,6,6-trimethylcyclohex-2-en-1-yl)but-2-en-1-one",43052-87-5,https://pubchem.ncbi.nlm.nih.gov/compound/5366077,1.9000,FALSE,,,,
5IF07569,PerfumersWorld,Alpha Damascone 10% in DPG from PerfumersWorld,alpha damascone,"43052-87-5|0.1
25265-71-8|0.9",VERIFIED_MATCH,alpha-Damascone,43052-87-5,https://pubchem.ncbi.nlm.nih.gov/compound/520506,0.2100,TRUE,Alpha Damascone from PerfumersWorld,Dipropylene Glycol (DPG) from PerfumersWorld,10.00,
3IF00237,PerfumersWorld,Alpha Ionone from PerfumersWorld,alpha ionone,127-41-3,FIXED_FROM_AUDIT,,127-41-3,https://pubchem.ncbi.nlm.nih.gov/compound/5282108,0.2600,FALSE,,,,
8II00243,PerfumersWorld,Alpha Irone from PerfumersWorld,alpha irone,79-69-6,VERIFIED_MATCH,alpha-Irone,79-69-6,https://pubchem.ncbi.nlm.nih.gov/compound/5371002,5.1000,FALSE,,,,
5II11436,PerfumersWorld,Alpha Irone 10% in DPG from PerfumersWorld,alpha irone,"79-69-6|0.1
25265-71-8|0.9",VERIFIED_MATCH,alpha-Irone,79-69-6,https://pubchem.ncbi.nlm.nih.gov/compound/5371002,0.5200,TRUE,Alpha Irone from PerfumersWorld,Dipropylene Glycol (DPG) from PerfumersWorld,10.00,
5II09179,PerfumersWorld,Alpha Irone 10% in Myristic Acid(solid) from PerfumersWorld,alpha irone,79-69-6|0.1,VERIFIED_MATCH,alpha-Irone,79-69-6,https://pubchem.ncbi.nlm.nih.gov/compound/5371002,0.5700,TRUE,Alpha Irone from PerfumersWorld,Myristic Acid(solid) from PerfumersWorld,10.00,
3IW00300,PerfumersWorld,Alpha Isomethyl Ionone from PerfumersWorld,alpha isomethyl ionone,127-51-5,FIXED_FROM_AUDIT,,127-51-5,https://pubchem.ncbi.nlm.nih.gov/compound/5372174,0.2300,FALSE,,,,
3KC14406,PerfumersWorld,Alpha Pinene from PerfumersWorld,alpha pinene,80-56-8,FIXED_FROM_AUDIT,,80-56-8,https://pubchem.ncbi.nlm.nih.gov/compound/6654,0.0800,FALSE,,,,
3KL00430,PerfumersWorld,Alpha Terpineol from PerfumersWorld,alpha terpineol,98-55-5,FIXED_FROM_AUDIT,,98-55-5,https://pubchem.ncbi.nlm.nih.gov/compound/17100,0.1500,FALSE,,,,
4WW17035,PerfumersWorld,Amber Core from PerfumersWorld,amber core,139504-68-0,VERIFIED_MATCH,2-tert-Butylcyclohexyloxybutanol,139504-68-0,https://pubchem.ncbi.nlm.nih.gov/compound/164422,0.5000,FALSE,,,,
3WQ11673,PerfumersWorld,Amber Decane from PerfumersWorld,amber decane,58567-11-6,VERIFIED,"2,6,6,7,8,8-Hexamethyldecahydro-2H-indeno[4,5-b]furan",58567-11-6,https://pubchem.ncbi.nlm.nih.gov/compound/57357974,0.4500,FALSE,,,,
6WV18080,PerfumersWorld,AMBER F-TEC from PerfumersWorld,amber,Mixture (Perfume Base),VERIFIED,,,,0.1500,FALSE,,,,
6WV12277,PerfumersWorld,Amber Fleuressence from PerfumersWorld,amber,Mixture (Perfume Base),VERIFIED,,,,0.1200,FALSE,,,,
6VU09627,PerfumersWorld,Amber Solid from PerfumersWorld,amber solid,Mixture (Perfume Base),VERIFIED,,,,0.2800,FALSE,,,,
6UY18081,PerfumersWorld,AMBERGRIS F-TEC from PerfumersWorld,ambergris,Mixture (Perfume Base),VERIFIED,,,,0.2000,FALSE,,,,
6UY09424,PerfumersWorld,Ambergris Fleuressence from PerfumersWorld,ambergris,Mixture (Perfume Base),VERIFIED,,,,0.2200,FALSE,,,,
4WW16862,PerfumersWorld,Amberketal IPM from PerfumersWorld,amberketal ipm,57345-19-4,VERIFIED_MATCH,"5H-3,5a-Epoxynaphth[2,1-c]oxepin, dodecahydro-3,8,8,11a-tetramethyl-",57345-19-4,https://pubchem.ncbi.nlm.nih.gov/compound/93639,1.8200,FALSE,,,,
4WU16860,PerfumersWorld,Ambermax 50% Dowanol TPM from PerfumersWorld,ambermax,929625-08-1,VERIFIED_MATCH,"1,3,4,5,6,7-Hexahydro-beta,1,1,5,5-pentamethyl-2H-2,4a-methanonaphthalene-8-ethanol",929625-08-1,https://pubchem.ncbi.nlm.nih.gov/compound/68852524,0.9900,FALSE,,,,
6UQ20900,PerfumersWorld,AMBERNOIR F-TEC from PerfumersWorld,ambernoir,Mixture (Perfume Base),VERIFIED,,,,0.3500,FALSE,,,,
6UQ20857,PerfumersWorld,AmberNoir Fleuressence from PerfumersWorld,ambernoir,Mixture (Perfume Base),VERIFIED,,,,0.3500,FALSE,,,,
6UQ09624,PerfumersWorld,Amberome Base PW from PerfumersWorld,amberome  pw,Mixture (Perfume Base),VERIFIED,,,,1.8000,FALSE,,,,
6UV16208,PerfumersWorld,Ambreine Classic PW from PerfumersWorld,ambreine classic pw,Mixture (Perfume Base),VERIFIED,,,,0.8000,FALSE,,,,
6VC09625,PerfumersWorld,Ambreine Fleuressence from PerfumersWorld,ambreine,Mixture (Perfume Base),VERIFIED,,,,0.2000,FALSE,,,,
8XU00529,PerfumersWorld,Ambrette Seed Absolute from PerfumersWorld,ambrette seed absolute,84455-19-6,NATURAL_MIXTURE,,84455-19-6,,20.0200,FALSE,,,,
5XU12235,PerfumersWorld,Ambrette Seed Absolute 10% in DPG from PerfumersWorld,ambrette seed absolute,"84455-19-6|0.1
25265-71-8|0.9",NATURAL_MIXTURE,,84455-19-6,,2.5200,TRUE,Ambrette Seed Absolute from PerfumersWorld,Dipropylene Glycol (DPG) from PerfumersWorld,10.00,
6XU18931,PerfumersWorld,AMBRETTE SEED F-TEC from PerfumersWorld,ambrette seed,Mixture (Perfume Base),VERIFIED,,,,0.4000,FALSE,,,,
4XU00034,PerfumersWorld,Ambrettolide from PerfumersWorld,ambrettolide,28645-51-4,VERIFIED_MATCH,"Oxacycloheptadec-8-en-2-one, (8Z)-",28645-51-4,https://pubchem.ncbi.nlm.nih.gov/compound/5365703,2.5000,FALSE,,,,
5XU07617,PerfumersWorld,Ambrettolide 10% in DPG from PerfumersWorld,ambrettolide,"28645-51-4|0.1
25265-71-8|0.9",VERIFIED_MATCH,"Oxacycloheptadec-8-en-2-one, (8Z)-",28645-51-4,https://pubchem.ncbi.nlm.nih.gov/compound/5365703,0.2700,TRUE,Ambrettolide from PerfumersWorld,Dipropylene Glycol (DPG) from PerfumersWorld,10.00,
5XU10231,PerfumersWorld,Ambrettolide 50% in DPG from PerfumersWorld,ambrettolide,"123-69-3|0.5
25265-71-8|0.5",VERIFIED_MATCH,"Oxacycloheptadec-8-en-2-one, (8Z)-",123-69-3,https://pubchem.ncbi.nlm.nih.gov/compound/5365703,1.4000,TRUE,Ambrettolide from PerfumersWorld,Dipropylene Glycol (DPG) from PerfumersWorld,50.00,
1WU21632,PerfumersWorld,Ambrocenide from PerfumersWorld,ambrocenide,211299-54-6,VERIFIED_MATCH,"4H-4a,9-Methanoazuleno[5,6-d]-1,3-dioxole, octahydro-2,2,5,8,8,9a-hexamethyl-, (4aR,5R,7aS,9R)-",211299-54-6,https://pubchem.ncbi.nlm.nih.gov/compound/66731260,4.9300,FALSE,,,,
5WU22697,PerfumersWorld,Ambrocenide 10% in DPG from PerfumersWorld,ambrocenide,"211299-54-6|0.1
25265-71-8|0.9",VERIFIED_MATCH,"4H-4a,9-Methanoazuleno[5,6-d]-1,3-dioxole, octahydro-2,2,5,8,8,9a-hexamethyl-, (4aR,5R,7aS,9R)-",211299-54-6,https://pubchem.ncbi.nlm.nih.gov/compound/66731260,0.5600,TRUE,Ambrocenide from PerfumersWorld,Dipropylene Glycol (DPG) from PerfumersWorld,10.00,
5WU22696,PerfumersWorld,Ambrocenide 10% in TEC from PerfumersWorld,ambrocenide,"211299-54-6|0.1
77-93-0|0.9",VERIFIED_MATCH,"4H-4a,9-Methanoazuleno[5,6-d]-1,3-dioxole, octahydro-2,2,5,8,8,9a-hexamethyl-, (4aR,5R,7aS,9R)-",211299-54-6,https://pubchem.ncbi.nlm.nih.gov/compound/66731260,0.5800,TRUE,Ambrocenide from PerfumersWorld,Triethyl Citrate (TEC) from PerfumersWorld,10.00,
1UW16861,PerfumersWorld,Ambrofix from PerfumersWorld,ambrofix,6790-58-5,VERIFIED_MATCH,(-)-Ambroxide,6790-58-5,https://pubchem.ncbi.nlm.nih.gov/compound/10857465,1.8700,FALSE,,,,
1UW00035,PerfumersWorld,Ambrox Super from PerfumersWorld,ambrox super,6790-58-5,VERIFIED_MATCH,(-)-Ambroxide,6790-58-5,https://pubchem.ncbi.nlm.nih.gov/compound/10857465,1.5000,FALSE,,,,
5UW20027,PerfumersWorld,Ambrox Super 10% in DPG from PerfumersWorld,ambrox super,"6790-58-5|0.1
25265-71-8|0.9",VERIFIED_MATCH,(-)-Ambroxide,6790-58-5,https://pubchem.ncbi.nlm.nih.gov/compound/10857465,0.2000,TRUE,Ambrox Super from PerfumersWorld,Dipropylene Glycol (DPG) from PerfumersWorld,10.00,
1UW00036,PerfumersWorld,Ambroxan from PerfumersWorld,ambroxan,6790-58-5,VERIFIED_MATCH,(-)-Ambroxide,6790-58-5,https://pubchem.ncbi.nlm.nih.gov/compound/10857465,2.5200,FALSE,,,,
5UW07540,PerfumersWorld,Ambroxan 10% in DPG from PerfumersWorld,ambroxan,"6790-58-5|0.1
25265-71-8|0.9",VERIFIED_MATCH,(-)-Ambroxide,6790-58-5,https://pubchem.ncbi.nlm.nih.gov/compound/10857465,0.3700,TRUE,Ambroxan from PerfumersWorld,Dipropylene Glycol (DPG) from PerfumersWorld,10.00,
3JJ00005,PerfumersWorld,Amyl Cinnamic Aldehyde (ACA) from PerfumersWorld,amyl cinnamic aldehyde,122-40-7,FIXED_FROM_AUDIT,,122-40-7,https://pubchem.ncbi.nlm.nih.gov/compound/31209,0.2000,FALSE,,,,
3OH00037,PerfumersWorld,Amyl Salicylate from PerfumersWorld,amyl salicylate,2050-08-0,VERIFIED_MATCH,Amyl Salicylate,2050-08-0,https://pubchem.ncbi.nlm.nih.gov/compound/16299,0.1400,FALSE,,,,
4FD06346,PerfumersWorld,Amyl Valerate from PerfumersWorld,amyl valerate,2173-56-0,VERIFIED_MATCH,Pentyl valerate,2173-56-0,https://pubchem.ncbi.nlm.nih.gov/compound/62433,0.9500,FALSE,,,,
7WX00917,PerfumersWorld,Amyris Essential Oil from PerfumersWorld,amyris essential oil,8015-65-4,NATURAL_MIXTURE,,8015-65-4,,0.8200,FALSE,,,,
4SB00038,PerfumersWorld,Anethole from PerfumersWorld,anethole,4180-23-8,VERIFIED_MATCH,Anethole,4180-23-8,https://pubchem.ncbi.nlm.nih.gov/compound/637563,0.2000,FALSE,,,,
6DU18084,PerfumersWorld,ANIMALISSIMO F-TEC from PerfumersWorld,animalissimo,Mixture (Perfume Base),VERIFIED,,,,0.1600,FALSE,,,,
6DU12415,PerfumersWorld,Animalissio Blender Fleuressence from PerfumersWorld,animalissio blender,Mixture (Perfume Base),VERIFIED,,,,0.1500,FALSE,,,,
3NV00040,PerfumersWorld,Anisaldehyde from PerfumersWorld,anisaldehyde,123-11-5,VERIFIED_MATCH,4-Methoxybenzaldehyde,123-11-5,https://pubchem.ncbi.nlm.nih.gov/compound/31244,0.2600,FALSE,,,,
7SB00041,PerfumersWorld,Anise Essential Oil China from PerfumersWorld,anise essential oil china,8007-70-3,NATURAL_MIXTURE,,8007-70-3,,0.2400,FALSE,,,,
3LN00043,PerfumersWorld,Anisyl Acetate from PerfumersWorld,anisyl acetate,104-21-2,FIXED_FROM_AUDIT,,104-21-2,https://pubchem.ncbi.nlm.nih.gov/compound/7695,0.2800,FALSE,,,,
3NL00044,PerfumersWorld,Anisyl Alcohol from PerfumersWorld,anisyl alcohol,105-13-5,VERIFIED_MATCH,4-Methoxybenzyl alcohol,105-13-5,https://pubchem.ncbi.nlm.nih.gov/compound/7738,0.2000,FALSE,,,,
7WY10413,PerfumersWorld,Anthopogen Essential Oil from PerfumersWorld,anthopogen essential oil,116-26-7,NATURAL_MIXTURE,,116-26-7,,1.8000,FALSE,,,,
4WF06853,PerfumersWorld,Aphermate from PerfumersWorld,aphermate,25225-08-5,VERIFIED,,25225-08-5,,0.8000,FALSE,,,,
6FG18856,PerfumersWorld,APPLE F-TEC from PerfumersWorld,apple,Mixture (Perfume Base),VERIFIED,,,,0.1600,FALSE,,,,
6FG07793,PerfumersWorld,Apple Fleuressence from PerfumersWorld,apple,Mixture (Perfume Base),VERIFIED,,,,0.2200,FALSE,,,,
6FG08058,PerfumersWorld,Apple Green from PerfumersWorld,apple green,Mixture (Perfume Base),VERIFIED,,,,0.1500,FALSE,,,,
6FG08026,PerfumersWorld,Apple Red from PerfumersWorld,apple red,Mixture (Perfume Base),VERIFIED,,,,0.2000,FALSE,,,,
3FD06779,PerfumersWorld,Apritone from PerfumersWorld,apritone,68133-79-9,FIXED_FROM_AUDIT,,68133-79-9,https://pubchem.ncbi.nlm.nih.gov/compound/6437428,0.7800,FALSE,,,,
6WQ18085,PerfumersWorld,ARABIAN OUD F-TEC from PerfumersWorld,arabian oud,Mixture (Perfume Base),VERIFIED,,,,0.4000,FALSE,,,,
6WQ08484,PerfumersWorld,Arabian Oud Fleuressence from PerfumersWorld,arabian oud,Mixture (Perfume Base),VERIFIED,,,,0.2800,FALSE,,,,
7HH00896,PerfumersWorld,Armoise Essential Oil from PerfumersWorld,armoise essential oil,84775-45-1,NATURAL_MIXTURE,,84775-45-1,,0.9900,FALSE,,,,
6HH18090,PerfumersWorld,ARMOISE F-TEC from PerfumersWorld,armoise,Mixture (Perfume Base),VERIFIED,,,,0.3700,FALSE,,,,
6HH09096,PerfumersWorld,Armoise Fleuressence from PerfumersWorld,armoise,Mixture (Perfume Base),VERIFIED,,,,0.3500,FALSE,,,,
7WW00915,PerfumersWorld,Atlas Cedarwood Essential Oil from PerfumersWorld,atlas cedarwood essential oil,92201-55-3,NATURAL_MIXTURE,,92201-55-3,,0.3100,FALSE,,,,
5NC12180,PerfumersWorld,Aurantiol (Methyl Anthranilate Schiffs Base) 50% in DPG from PerfumersWorld,aurantiol,"89-43-0|0.5
25265-71-8|0.5",VERIFIED_MATCH,Aurantiol,89-43-0,https://pubchem.ncbi.nlm.nih.gov/compound/98118,0.2200,TRUE,Aurantiol (Methyl Anthranilate Schiffs Base) from PerfumersWorld,Dipropylene Glycol (DPG) from PerfumersWorld,50.00,
2NC00409,PerfumersWorld,Aurantiol - Methyl Anthranilate Schiffs Base from PerfumersWorld,aurantiol - methyl anthranilate schiffs,89-43-0,VERIFIED_MATCH,Aurantiol,89-43-0,https://pubchem.ncbi.nlm.nih.gov/compound/98118,0.3700,FALSE,,,,
4WB16858,PerfumersWorld,Azarbre from PerfumersWorld,azarbre,68845-36-3,VERIFIED_MATCH,Diethyldimethylcyclohex-2-en-1-one,68845-36-3,https://pubchem.ncbi.nlm.nih.gov/compound/111384,0.4000,FALSE,,,,
6BB18004,PerfumersWorld,B-ICEBERG F-TEC from PerfumersWorld,b-iceberg,Mixture (Perfume Base),VERIFIED,,,,0.1200,FALSE,,,,
6BB07833,PerfumersWorld,B-iceBerg Fleuressence from PerfumersWorld,b-iceberg,Mixture (Perfume Base),VERIFIED,,,,0.2000,FALSE,,,,
4WR00045,PerfumersWorld,Bacdanol from PerfumersWorld,bacdanol,28219-61-6,VERIFIED_MATCH,"2-Ethyl-4-(2,2,3-trimethylcyclopent-3-en-1-yl)but-2-en-1-ol, (E)-",28219-61-6,https://pubchem.ncbi.nlm.nih.gov/compound/6438196,0.2900,FALSE,,,,
6FD18188,PerfumersWorld,BANANA F-TEC from PerfumersWorld,banana,Mixture (Perfume Base),VERIFIED,,,,0.1500,FALSE,,,,
6FD09062,PerfumersWorld,Banana Fleuressence from PerfumersWorld,banana,Mixture (Perfume Base),VERIFIED,,,,0.2600,FALSE,,,,
6PS18638,PerfumersWorld,BASIL F-TEC from PerfumersWorld,basil,Mixture (Perfume Base),VERIFIED,,,,0.3800,FALSE,,,,
6PS12413,PerfumersWorld,Basil Fleuressence from PerfumersWorld,basil,Mixture (Perfume Base),VERIFIED,,,,0.1800,FALSE,,,,
7PL24627,PerfumersWorld,Basil Linalool Oil Egypt from PerfumersWorld,basil linalool oil egypt,8015-73-4,NATURAL_MIXTURE,,8015-73-4,,0.3000,FALSE,,,,
7SP00048,PerfumersWorld,Bay West Indies Essential Oil from PerfumersWorld,bay west indies essential oil,85085-61-6,NATURAL_MIXTURE,,85085-61-6,,1.3000,FALSE,,,,
5SP07871,PerfumersWorld,Bay West Indies Essential Oil 10% in DPG from PerfumersWorld,bay west indies essential oil,"85085-61-6|0.1
25265-71-8|0.9",NATURAL_MIXTURE,,85085-61-6,,0.1500,TRUE,Bay West Indies Essential Oil from PerfumersWorld,Dipropylene Glycol (DPG) from PerfumersWorld,10.00,
2QV23712,PerfumersWorld,Benjoin Laos Matured from PerfumersWorld,benjoin laos matured,9000-72-0,DATA_GAP_MANUAL_CHECK,,9000-72-0,,0.6000,FALSE,,,,
4FN00049,PerfumersWorld,Benzaldehyde from PerfumersWorld,benzaldehyde,100-52-7,VERIFIED_MATCH,Benzaldehyde,100-52-7,https://pubchem.ncbi.nlm.nih.gov/compound/240,0.1800,FALSE,,,,
5FN07794,PerfumersWorld,Benzaldehyde 10% in DPG from PerfumersWorld,benzaldehyde,"100-52-7|0.1
25265-71-8|0.9",VERIFIED_MATCH,Benzaldehyde,100-52-7,https://pubchem.ncbi.nlm.nih.gov/compound/240,0.0700,TRUE,Benzaldehyde from PerfumersWorld,Dipropylene Glycol (DPG) from PerfumersWorld,10.00,
6QV18435,PerfumersWorld,BENZOIN F-TEC from PerfumersWorld,benzoin,Mixture (Perfume Base),FIXED_FROM_AUDIT,Benzoin,8050-35-9,https://pubchem.ncbi.nlm.nih.gov/compound/8400,0.3000,FALSE,,,,
6QV09111,PerfumersWorld,Benzoin Fleuressence from PerfumersWorld,benzoin,Mixture (Perfume Base),FIXED_FROM_AUDIT,Benzoin,8050-35-9,https://pubchem.ncbi.nlm.nih.gov/compound/8400,0.3500,FALSE,,,,
2QV00050,PerfumersWorld,Benzoin Siam Resinoid from PerfumersWorld,benzoin siam resinoid,9000-72-0,NATURAL_MIXTURE,,9000-72-0,,0.7000,FALSE,,,,
5QV07505,PerfumersWorld,Benzoin Siam Resinoid 50% in BB from PerfumersWorld,benzoin siam resinoid,"9000-05-9|0.5
120-51-4|0.5",NATURAL_MIXTURE,,9000-05-9,,0.4000,TRUE,Benzoin Siam Resinoid from PerfumersWorld,Benzyl Benzoate (BB) from PerfumersWorld,50.00,
5QV13027,PerfumersWorld,Benzoin Siam Resinoid 50% in DPG from PerfumersWorld,benzoin siam resinoid,"9000-72-0|0.5
25265-71-8|0.5",NATURAL_MIXTURE,,9000-72-0,,0.4000,TRUE,Benzoin Siam Resinoid from PerfumersWorld,Dipropylene Glycol (DPG) from PerfumersWorld,50.00,
2QV08253,PerfumersWorld,Benzoin Sumatra Resinoid from PerfumersWorld,benzoin sumatra resinoid,9000-05-9,NATURAL_MIXTURE,,9000-05-9,,0.4000,FALSE,,,,
1RP00051,PerfumersWorld,Benzophenone from PerfumersWorld,benzophenone,119-61-9,VERIFIED_MATCH,Benzophenone,119-61-9,https://pubchem.ncbi.nlm.nih.gov/compound/3102,0.1500,FALSE,,,,
5RP09245,PerfumersWorld,Benzophenone 10% in DPG from PerfumersWorld,benzophenone,"119-61-9|0.1
25265-71-8|0.9",VERIFIED_MATCH,Benzophenone,119-61-9,https://pubchem.ncbi.nlm.nih.gov/compound/3102,0.0800,TRUE,Benzophenone from PerfumersWorld,Dipropylene Glycol (DPG) from PerfumersWorld,10.00,
3JF00052,PerfumersWorld,Benzyl Acetate from PerfumersWorld,benzyl acetate,140-11-4,FIXED_FROM_AUDIT,Benzyl acetate,140-11-4,https://pubchem.ncbi.nlm.nih.gov/compound/8785,0.2000,FALSE,,,,
4JD00055,PerfumersWorld,Benzyl Butyrate from PerfumersWorld,benzyl butyrate,103-37-7,VERIFIED_MATCH,Benzyl butyrate,103-37-7,https://pubchem.ncbi.nlm.nih.gov/compound/7650,0.2000,FALSE,,,,
2SQ00056,PerfumersWorld,Benzyl Cinnamate from PerfumersWorld,benzyl cinnamate,103-41-3,FIXED_FROM_AUDIT,,103-41-3,https://pubchem.ncbi.nlm.nih.gov/compound/5273469,0.3000,FALSE,,,,
5SQ12479,PerfumersWorld,Benzyl Cinnamate 10% in DPG from PerfumersWorld,benzyl cinnamate,"103-41-3|0.1
25265-71-8|0.9",DATA_GAP_MANUAL_CHECK,Benzyl Cinnamate,103-41-3,https://pubchem.ncbi.nlm.nih.gov/compound/5273469,0.1000,TRUE,Benzyl Cinnamate from PerfumersWorld,Dipropylene Glycol (DPG) from PerfumersWorld,10.00,
4JW00057,PerfumersWorld,Benzyl Formate from PerfumersWorld,benzyl formate,104-57-4,VERIFIED_MATCH,Benzyl formate,104-57-4,https://pubchem.ncbi.nlm.nih.gov/compound/7708,0.8400,FALSE,,,,
1SP00058,PerfumersWorld,Benzyl Isoeugenol from PerfumersWorld,benzyl isoeugenol,120-11-6,VERIFIED_MATCH,Benzyl isoeugenol,120-11-6,https://pubchem.ncbi.nlm.nih.gov/compound/61046,0.7000,FALSE,,,,
5SP12480,PerfumersWorld,Benzyl Isoeugenol 10% in DPG from PerfumersWorld,benzyl isoeugenol,"120-11-6|0.1
25265-71-8|0.9",VERIFIED_MATCH,Benzyl isoeugenol,120-11-6,https://pubchem.ncbi.nlm.nih.gov/compound/61046,0.1000,TRUE,Benzyl Isoeugenol from PerfumersWorld,Dipropylene Glycol (DPG) from PerfumersWorld,10.00,
3JF00059,PerfumersWorld,Benzyl Propionate from PerfumersWorld,benzyl propionate,122-63-4,VERIFIED_MATCH,Benzyl propionate,122-63-4,https://pubchem.ncbi.nlm.nih.gov/compound/31219,0.0900,FALSE,,,,
3ON00060,PerfumersWorld,Benzyl Salicylate from PerfumersWorld,benzyl salicylate,118-58-1,VERIFIED_MATCH,Benzyl Salicylate,118-58-1,https://pubchem.ncbi.nlm.nih.gov/compound/8363,0.0900,FALSE,,,,
7CL00061,PerfumersWorld,Bergamot Essential Oil from PerfumersWorld,bergamot essential oil,8007-75-8,NATURAL_MIXTURE,,8007-75-8,,0.3500,FALSE,,,,
6CL18898,PerfumersWorld,BERGAMOT F-TEC from PerfumersWorld,bergamot,Mixture (Perfume Base),VERIFIED,,,,0.1800,FALSE,,,,
7CL24020,PerfumersWorld,Bergamot FCF oil Sicilian from PerfumersWorld,bergamot fcf oil sicilian,68648-33-9,NATURAL_MIXTURE,,68648-33-9,,0.2200,FALSE,,,,
6CL09058,PerfumersWorld,Bergamot Fleuressence from PerfumersWorld,bergamot,Mixture (Perfume Base),VERIFIED,,,,0.2000,FALSE,,,,
3FG19149,PerfumersWorld,Berry Hexanoate (BerryFlor) from PerfumersWorld,berry hexanoate,104986-28-9,VERIFIED_MATCH,Ethyl 6-acetoxyhexanoate,104986-28-9,https://pubchem.ncbi.nlm.nih.gov/compound/113640,1.1000,FALSE,,,,
3WS00089,PerfumersWorld,Beta Caryophyllene from PerfumersWorld,beta caryophyllene,87-44-5,VERIFIED_MATCH,(-)-Caryophyllene,87-44-5,https://pubchem.ncbi.nlm.nih.gov/compound/5281515,0.1400,FALSE,,,,
9IR00141,PerfumersWorld,Beta Damascone from PerfumersWorld,beta damascone,23696-85-7,VERIFIED_MATCH,beta-DAMASCONE,23696-85-7,https://pubchem.ncbi.nlm.nih.gov/compound/5374527,3.1800,FALSE,,,,
5IR07532,PerfumersWorld,Beta Damascone 10% in DPG from PerfumersWorld,beta damascone,"23696-85-7|0.1
25265-71-8|0.9",VERIFIED_MATCH,beta-Damascenone,23696-85-7,https://pubchem.ncbi.nlm.nih.gov/compound/5366074,0.3500,TRUE,Beta Damascone from PerfumersWorld,Dipropylene Glycol (DPG) from PerfumersWorld,10.00,
4BC11314,PerfumersWorld,Beta Homocyclocitral from PerfumersWorld,beta homocyclocitral,472-66-2,VERIFIED_MATCH,beta-HOMOCYCLOCITRAL,472-66-2,https://pubchem.ncbi.nlm.nih.gov/compound/61124,7.6000,FALSE,,,,
3IF00238,PerfumersWorld,Beta Ionone from PerfumersWorld,beta ionone,79-77-6,VERIFIED_MATCH,I2-Ionone,79-77-6,https://pubchem.ncbi.nlm.nih.gov/compound/638014,0.2900,FALSE,,,,
3KC00386,PerfumersWorld,Beta Pinene from PerfumersWorld,beta pinene,127-91-3,FIXED_FROM_AUDIT,,127-91-3,https://pubchem.ncbi.nlm.nih.gov/compound/14896,0.0600,FALSE,,,,
5TP07825,PerfumersWorld,Birch Tar Essential Oil 1% in DPG from PerfumersWorld,birch tar essential oil,"8001-88-5|0.01
25265-71-8|0.99",NATURAL_MIXTURE,,8001-88-5,,0.1500,TRUE,Birch Tar Essential Oil from PerfumersWorld,Dipropylene Glycol (DPG) from PerfumersWorld,1.00,
7TP00822,PerfumersWorld,Birch Tar Oil Rectified from PerfumersWorld,birch tar oil rectified,8001-88-5,NATURAL_MIXTURE,,8001-88-5,,2.3000,FALSE,,,,
5TP11094,PerfumersWorld,Birch Tar Oil Rectified 10% in DPG from PerfumersWorld,birch tar oil rectified,"8001-88-5|0.1
25265-71-8|0.9",NATURAL_MIXTURE,,8001-88-5,,0.2500,TRUE,Birch Tar Oil Rectified from PerfumersWorld,Dipropylene Glycol (DPG) from PerfumersWorld,10.00,
7CA00849,PerfumersWorld,Bitter Orange Essential Oil from PerfumersWorld,bitter orange essential oil,68916-04-1,NATURAL_MIXTURE,,68916-04-1,,0.5000,FALSE,,,,
6WU07708,PerfumersWorld,Black Agarwood Artificial from PerfumersWorld,black agarwood artificial,Mixture (Perfume Base),VERIFIED,,,,1.7000,FALSE,,,,
7SQ00359,PerfumersWorld,Black Pepper Essential Oil from PerfumersWorld,black pepper essential oil,84929-41-9,NATURAL_MIXTURE,,84929-41-9,,1.0000,FALSE,,,,
6SH18444,PerfumersWorld,BLACK PEPPER F-TEC from PerfumersWorld,black pepper,Mixture (Perfume Base),VERIFIED,,,,0.3000,FALSE,,,,
6SH09677,PerfumersWorld,Black Pepper Fleuressence from PerfumersWorld,black pepper,Mixture (Perfume Base),VERIFIED,,,,0.5000,FALSE,,,,
6HE09224,PerfumersWorld,Black Tea Base from PerfumersWorld,black tea,Mixture (Perfume Base),VERIFIED,,,,0.2900,FALSE,,,,
8FB00063,PerfumersWorld,Blackcurrant Absolute from PerfumersWorld,blackcurrant absolute,97676-19-2,NATURAL_MIXTURE,,97676-19-2,,8.1000,FALSE,,,,
5FB20096,PerfumersWorld,Blackcurrant Absolute 10% in DPG from PerfumersWorld,blackcurrant absolute,"97676-19-2|0.1
25265-71-8|0.9",NATURAL_MIXTURE,,97676-19-2,,0.6400,TRUE,Blackcurrant Absolute from PerfumersWorld,Dipropylene Glycol (DPG) from PerfumersWorld,10.00,
6FB18179,PerfumersWorld,BLACKCURRANT F-TEC from PerfumersWorld,blackcurrant,Mixture (Perfume Base),VERIFIED,,,,0.3200,FALSE,,,,
6FB09427,PerfumersWorld,Blackcurrant Fleuressence from PerfumersWorld,blackcurrant,Mixture (Perfume Base),VERIFIED,,,,0.3000,FALSE,,,,
7CA24032,PerfumersWorld,Blood Orange oil Sicilian from PerfumersWorld,blood orange oil sicilian,8028-48-6,NATURAL_MIXTURE,,8028-48-6,,0.1800,FALSE,,,,
7HF00102,PerfumersWorld,Blue Chamomile Essential Oil from PerfumersWorld,blue chamomile essential oil,8002-66-2,NATURAL_MIXTURE,,8002-66-2,,2.1200,FALSE,,,,
5HF07844,PerfumersWorld,Blue Chamomile Essential Oil 10% in DPG from PerfumersWorld,blue chamomile essential oil,"8002-66-2|0.1
25265-71-8|0.9",NATURAL_MIXTURE,,8002-66-2,,0.2400,TRUE,Blue Chamomile Essential Oil from PerfumersWorld,Dipropylene Glycol (DPG) from PerfumersWorld,10.00,
6LW18324,PerfumersWorld,BOIS DE ROSE F-TEC from PerfumersWorld,bois de rose,Mixture (Perfume Base),VERIFIED,,,,0.1600,FALSE,,,,
6LW12346,PerfumersWorld,Bois de Rose Fleuressence from PerfumersWorld,bois de rose,Mixture (Perfume Base),VERIFIED,,,,0.2700,FALSE,,,,
1BW00064,PerfumersWorld,Borneol from PerfumersWorld,borneol,507-70-0,VERIFIED_MATCH,Borneol,507-70-0,https://pubchem.ncbi.nlm.nih.gov/compound/64685,0.1400,FALSE,,,,
5BW12462,PerfumersWorld,Borneol 50% in DPG from PerfumersWorld,borneol,"507-70-0|0.5
25265-71-8|0.5",VERIFIED_MATCH,Borneol,507-70-0,https://pubchem.ncbi.nlm.nih.gov/compound/64685,0.0700,TRUE,Borneol from PerfumersWorld,Dipropylene Glycol (DPG) from PerfumersWorld,50.00,
4MA00067,PerfumersWorld,Bourgeonal from PerfumersWorld,bourgeonal,18127-01-0,VERIFIED,Bourgeonal,18127-01-0,https://pubchem.ncbi.nlm.nih.gov/compound/64832,0.5200,FALSE,,,,
5MA12469,PerfumersWorld,Bourgeonal 10% in DPG from PerfumersWorld,bourgeonal,"18127-01-0|0.1
25265-71-8|0.9",FORMATTING_FIX,Bourgeonal,18127-01-0,https://pubchem.ncbi.nlm.nih.gov/compound/64832,0.0900,TRUE,Bourgeonal from PerfumersWorld,Dipropylene Glycol (DPG) from PerfumersWorld,10.00,
6NL18792,PerfumersWorld,BROOM F-TEC from PerfumersWorld,broom,Mixture (Perfume Base),FIXED_FROM_AUDIT,Bromine,7726-95-6,https://pubchem.ncbi.nlm.nih.gov/compound/24408,0.1700,FALSE,,,,
6NL08427,PerfumersWorld,Broom Fleuressence from PerfumersWorld,broom,Mixture (Perfume Base),FIXED_FROM_AUDIT,Bromine,7726-95-6,https://pubchem.ncbi.nlm.nih.gov/compound/24408,0.1800,FALSE,,,,
1FB00071,PerfumersWorld,Buccoxime from PerfumersWorld,buccoxime,75147-23-8,FIXED_FROM_AUDIT,"Bicyclo[3.2.1]octan-8-one, 1,5-dimethyl-, oxime",75147-23-8,https://pubchem.ncbi.nlm.nih.gov/compound/166450,2.8000,FALSE,,,,
5FB07818,PerfumersWorld,Buccoxime 10% in DPG from PerfumersWorld,buccoxime,"75147-23-8|0.1
25265-71-8|0.9",FIXED_FROM_AUDIT,"Bicyclo[3.2.1]octan-8-one, 1,5-dimethyl-, oxime",75147-23-8,https://pubchem.ncbi.nlm.nih.gov/compound/166450,0.3200,TRUE,Buccoxime from PerfumersWorld,Dipropylene Glycol (DPG) from PerfumersWorld,10.00,
3FD05860,PerfumersWorld,Butyl Butyrate from PerfumersWorld,butyl butyrate,109-21-7,VERIFIED_MATCH,Butyl butyrate,109-21-7,https://pubchem.ncbi.nlm.nih.gov/compound/7983,0.1100,FALSE,,,,
4FD05871,PerfumersWorld,Butyl Isovalerate from PerfumersWorld,butyl isovalerate,109-19-3,VERIFIED_MATCH,Butyl isovalerate,109-19-3,https://pubchem.ncbi.nlm.nih.gov/compound/7981,0.2400,FALSE,,,,
3OH00073,PerfumersWorld,Butyl Salicylate from PerfumersWorld,butyl salicylate,Not Found,VERIFIED_MATCH,Butyl salicylate,,https://pubchem.ncbi.nlm.nih.gov/compound/16330,0.1000,FALSE,,,,
6CL18060,PerfumersWorld,C-CITRUS F-TEC from PerfumersWorld,c-citrus,Mixture (Perfume Base),VERIFIED,,,,0.2000,FALSE,,,,
6CL07830,PerfumersWorld,C-Citrus Fleuressence from PerfumersWorld,c-citrus,Mixture (Perfume Base),VERIFIED,,,,0.2200,FALSE,,,,
7LW00863,PerfumersWorld,Cabreuva Essential Oil from PerfumersWorld,cabreuva essential oil,68188-03-4,NATURAL_MIXTURE,,68188-03-4,,0.7500,FALSE,,,,
7TW00076,PerfumersWorld,Cade Oil Rectified from PerfumersWorld,cade oil rectified,8013-10-3,NATURAL_MIXTURE,,8013-10-3,,0.7500,FALSE,,,,
5TW10962,PerfumersWorld,Cade Oil Rectified 10% in DPG from PerfumersWorld,cade oil rectified,"8013-10-3|0.1
25265-71-8|0.9",NATURAL_MIXTURE,,8013-10-3,,0.2000,TRUE,Cade Oil Rectified from PerfumersWorld,Dipropylene Glycol (DPG) from PerfumersWorld,10.00,
5TW07824,PerfumersWorld,Cade Oil Rectified Oil 1% in DPG from PerfumersWorld,cade oil rectified oil,"8013-10-3|0.01
25265-71-8|0.99",NATURAL_MIXTURE,,8013-10-3,,0.1100,TRUE,Cade Oil Rectified Oil from PerfumersWorld,Dipropylene Glycol (DPG) from PerfumersWorld,1.00,
7BH00912,PerfumersWorld,Cajuput Essential Oil from PerfumersWorld,cajuput essential oil,8008-98-8,NATURAL_MIXTURE,,8008-98-8,,0.3600,FALSE,,,,
1YG00077,PerfumersWorld,Calone from PerfumersWorld,calone,28940-11-6,VERIFIED_MATCH,Methyl benzodioxepinone,28940-11-6,https://pubchem.ncbi.nlm.nih.gov/compound/120101,4.4600,FALSE,,,,
5YG11098,PerfumersWorld,Calone 1% in DPG from PerfumersWorld,calone,"28940-11-6|0.01
25265-71-8|0.99",VERIFIED_MATCH,Methyl benzodioxepinone,28940-11-6,https://pubchem.ncbi.nlm.nih.gov/compound/120101,0.0600,TRUE,Calone from PerfumersWorld,Dipropylene Glycol (DPG) from PerfumersWorld,1.00,
5YG07546,PerfumersWorld,Calone 10% in DPG from PerfumersWorld,calone,"28940-11-6|0.1
25265-71-8|0.9",VERIFIED_MATCH,Methyl benzodioxepinone,28940-11-6,https://pubchem.ncbi.nlm.nih.gov/compound/120101,0.4700,TRUE,Calone from PerfumersWorld,Dipropylene Glycol (DPG) from PerfumersWorld,10.00,
3BH00078,PerfumersWorld,Camphene from PerfumersWorld,camphene,5794-03-6,VERIFIED,Camphene,5794-03-6,https://pubchem.ncbi.nlm.nih.gov/compound/6616,0.1700,FALSE,,,,
6BH18118,PerfumersWorld,CAMPHOR F-TEC from PerfumersWorld,camphor,Mixture (Perfume Base),VERIFIED,,,,0.1500,FALSE,,,,
1BH00080,PerfumersWorld,Camphor Powder from PerfumersWorld,camphor powder,464-49-3,VERIFIED_MATCH,Camphor,464-49-3,https://pubchem.ncbi.nlm.nih.gov/compound/2537,0.1000,FALSE,,,,
5BH09580,PerfumersWorld,Camphor Powder 50% in DPG from PerfumersWorld,camphor powder,"464-49-3|0.5
25265-71-8|0.5",VERIFIED_MATCH,Camphor,464-49-3,https://pubchem.ncbi.nlm.nih.gov/compound/2537,0.0900,TRUE,Camphor Powder from PerfumersWorld,Dipropylene Glycol (DPG) from PerfumersWorld,50.00,
7BH00079,PerfumersWorld,Camphor White Essential Oil from PerfumersWorld,camphor white essential oil,8008-51-3,NATURAL_MIXTURE,,8008-51-3,,0.2700,FALSE,,,,
6BH09017,PerfumersWorld,Camphoraceous Fleuressence from PerfumersWorld,camphoraceous,Mixture (Perfume Base),VERIFIED,,,,0.1900,FALSE,,,,
7NJ00081,PerfumersWorld,Cananga Essential Oil from PerfumersWorld,cananga essential oil,68606-83-7,NATURAL_MIXTURE,,68606-83-7,,0.3000,FALSE,,,,
5VE14325,PerfumersWorld,Caramel Furanone 0.003% from PerfumersWorld,caramel furanone 0.,28664-35-9,VERIFIED_MATCH,Sotolone,28664-35-9,https://pubchem.ncbi.nlm.nih.gov/compound/62835,0.1200,FALSE,,,,
5VE14324,PerfumersWorld,Caramel Furanone 0.03% from PerfumersWorld,caramel furanone 0.,28664-35-9,VERIFIED_MATCH,Sotolone,28664-35-9,https://pubchem.ncbi.nlm.nih.gov/compound/62835,0.1700,FALSE,,,,
7SE00083,PerfumersWorld,Caraway Seed Essential Oil from PerfumersWorld,caraway seed essential oil,8000-42-8,NATURAL_MIXTURE,,8000-42-8,,0.8200,FALSE,,,,
5SE07843,PerfumersWorld,Caraway Seed Essential Oil 10% in DPG from PerfumersWorld,caraway seed essential oil,"8000-42-8|0.1
25265-71-8|0.9",NATURAL_MIXTURE,,8000-42-8,,0.1200,TRUE,Caraway Seed Essential Oil from PerfumersWorld,Dipropylene Glycol (DPG) from PerfumersWorld,10.00,
7SC00084,PerfumersWorld,Cardamom Essential Oil from PerfumersWorld,cardamom essential oil,8000-66-6,NATURAL_MIXTURE,,8000-66-6,,3.5600,FALSE,,,,
5SC07859,PerfumersWorld,Cardamom Essential Oil 10% in DPG from PerfumersWorld,cardamom essential oil,"8000-66-6|0.1
25265-71-8|0.9",NATURAL_MIXTURE,,8000-66-6,,0.4200,TRUE,Cardamom Essential Oil from PerfumersWorld,Dipropylene Glycol (DPG) from PerfumersWorld,10.00,
6SC09679,PerfumersWorld,Cardamom Fleuressence from PerfumersWorld,cardamom,Mixture (Perfume Base),VERIFIED,,,,0.8600,FALSE,,,,
6SC18557,PerfumersWorld,CARDAMON F-TEC from PerfumersWorld,cardamon,Mixture (Perfume Base),VERIFIED,,,,0.6000,FALSE,,,,
8FY24655,PerfumersWorld,Caribbean Rum Extract from PerfumersWorld,caribbean rum extract,91770-72-8,NATURAL_MIXTURE,,91770-72-8,,8.8000,FALSE,,,,
6SP18441,PerfumersWorld,CARNATION F-TEC from PerfumersWorld,carnation,Mixture (Perfume Base),VERIFIED,,,,0.2200,FALSE,,,,
6SP09163,PerfumersWorld,Carnation Fleuressence from PerfumersWorld,carnation,Mixture (Perfume Base),VERIFIED,,,,0.2200,FALSE,,,,
7IS00086,PerfumersWorld,Carrot Seed Essential Oil from PerfumersWorld,carrot seed essential oil,8015-88-1,NATURAL_MIXTURE,,8015-88-1,,4.0000,FALSE,,,,
5IS07846,PerfumersWorld,Carrot Seed Essential Oil 10% in DPG from PerfumersWorld,carrot seed essential oil,"8015-88-1|0.1
25265-71-8|0.9",NATURAL_MIXTURE,,8015-88-1,,0.5000,TRUE,Carrot Seed Essential Oil from PerfumersWorld,Dipropylene Glycol (DPG) from PerfumersWorld,10.00,
3WI03465,PerfumersWorld,Caryophyllene Acetate from PerfumersWorld,caryophyllene acetate,32214-91-8,VERIFIED_MATCH,Acetyl Caryophyllene,32214-91-8,https://pubchem.ncbi.nlm.nih.gov/compound/105755,0.1000,FALSE,,,,
4XB00090,PerfumersWorld,Cashmeran from PerfumersWorld,cashmeran,33704-61-9,VERIFIED_MATCH,(+-)-Cashmeran,33704-61-9,https://pubchem.ncbi.nlm.nih.gov/compound/92292,0.5200,FALSE,,,,
5XB07615,PerfumersWorld,Cashmeran 10% in DPG from PerfumersWorld,cashmeran,"33704-61-9|0.1
25265-71-8|0.9",VERIFIED_MATCH,(+-)-Cashmeran,33704-61-9,https://pubchem.ncbi.nlm.nih.gov/compound/92292,0.1000,TRUE,Cashmeran from PerfumersWorld,Dipropylene Glycol (DPG) from PerfumersWorld,10.00,
6XB18881,PerfumersWorld,CASHMERE MUSK F-TEC from PerfumersWorld,cashmere musk,Mixture (Perfume Base),VERIFIED,,,,0.2500,FALSE,,,,
6XB09681,PerfumersWorld,Cashmere Musk Fleuressence from PerfumersWorld,cashmere musk,Mixture (Perfume Base),VERIFIED,,,,0.2300,FALSE,,,,
7SV00091,PerfumersWorld,Cassia Essential Oil from PerfumersWorld,cassia essential oil,8007-80-5,NATURAL_MIXTURE,,8007-80-5,,0.3500,FALSE,,,,
5SV12481,PerfumersWorld,Cassia Essential Oil 10% in DPG from PerfumersWorld,cassia essential oil,"8007-80-5|0.1
25265-71-8|0.9",NATURAL_MIXTURE,,8007-80-5,,0.0700,TRUE,Cassia Essential Oil from PerfumersWorld,Dipropylene Glycol (DPG) from PerfumersWorld,10.00,
6NI18791,PerfumersWorld,CASSIE F-TEC from PerfumersWorld,cassie,Mixture (Perfume Base),VERIFIED,,,,0.3000,FALSE,,,,
6NI09419,PerfumersWorld,Cassie Fleuressence from PerfumersWorld,cassie,Mixture (Perfume Base),VERIFIED,,,,0.2500,FALSE,,,,
6UP18499,PerfumersWorld,CASTOREUM F-TEC from PerfumersWorld,castoreum,Mixture (Perfume Base),VERIFIED,,,,0.2400,FALSE,,,,
6UP11559,PerfumersWorld,Castoreum Fleuressence from PerfumersWorld,castoreum,Mixture (Perfume Base),VERIFIED,,,,0.3700,FALSE,,,,
6UP07515,PerfumersWorld,Castoreum Synthetic from PerfumersWorld,castoreum synthetic,Mixture (Perfume Base),VERIFIED,,,,2.0200,FALSE,,,,
7WP00844,PerfumersWorld,Cedarwood Chinese Essential Oil from PerfumersWorld,cedarwood chinese essential oil,85085-29-6,NATURAL_MIXTURE,,85085-29-6,,0.1300,FALSE,,,,
6WW18687,PerfumersWorld,CEDARWOOD F-TEC from PerfumersWorld,cedarwood,Mixture (Perfume Base),VERIFIED,,,,0.2800,FALSE,,,,
6WW09124,PerfumersWorld,Cedarwood Fleuressence from PerfumersWorld,cedarwood,Mixture (Perfume Base),VERIFIED,,,,0.3000,FALSE,,,,
7WW00095,PerfumersWorld,Cedarwood Virginian Essential Oil from PerfumersWorld,cedarwood virginian essential oil,8000-27-9,NATURAL_MIXTURE,,8000-27-9,,0.3000,FALSE,,,,
3WW00097,PerfumersWorld,Cedramber from PerfumersWorld,cedramber,19870-74-7,VERIFIED_MATCH,Cedramber,19870-74-7,https://pubchem.ncbi.nlm.nih.gov/compound/11085796,0.2400,FALSE,,,,
7CC24028,PerfumersWorld,Cedrat FCF oil Sicilian from PerfumersWorld,cedrat fcf oil sicilian,Not Found,NATURAL_MIXTURE,,,,0.3500,FALSE,,,,
1WW00096,PerfumersWorld,Cedrenyl Acetate from PerfumersWorld,cedrenyl acetate,1405-92-1,FIXED_FROM_AUDIT,Cedrenyl acetate,1405-92-1,https://pubchem.ncbi.nlm.nih.gov/compound/102120,0.2800,FALSE,,,,
1WW01281,PerfumersWorld,Cedrol from PerfumersWorld,cedrol,77-53-2,VERIFIED_MATCH,Cedrol,77-53-2,https://pubchem.ncbi.nlm.nih.gov/compound/65575,0.2400,FALSE,,,,
5WW09974,PerfumersWorld,Cedrol 10% in DPG from PerfumersWorld,cedrol,"77-53-2|0.1
25265-71-8|0.9",VERIFIED_MATCH,Cedrol,77-53-2,https://pubchem.ncbi.nlm.nih.gov/compound/65575,0.0600,TRUE,Cedrol from PerfumersWorld,Dipropylene Glycol (DPG) from PerfumersWorld,10.00,
3WI00098,PerfumersWorld,Cedroxyde from PerfumersWorld,cedroxyde,71735-79-0,FIXED_FROM_AUDIT,"13-Oxabicyclo(10.1.0)trideca-4,8-diene, 1,5,9-trimethyl-",13786-79-3,https://pubchem.ncbi.nlm.nih.gov/compound/6436727,0.6900,FALSE,,,,
2WW00099,PerfumersWorld,Cedryl Acetate from PerfumersWorld,cedryl acetate,77-54-3,VERIFIED_MATCH,Cedryl Acetate,77-54-3,https://pubchem.ncbi.nlm.nih.gov/compound/13918856,0.2100,FALSE,,,,
7SH00100,PerfumersWorld,Celery Seed Essential Oil from PerfumersWorld,celery seed essential oil,8015-90-5,NATURAL_MIXTURE,,8015-90-5,,0.9400,FALSE,,,,
5SH07845,PerfumersWorld,Celery Seed Essential Oil 10% in DPG from PerfumersWorld,celery seed essential oil,"8015-90-5|0.1
25265-71-8|0.9",NATURAL_MIXTURE,,8015-90-5,,0.1300,TRUE,Celery Seed Essential Oil from PerfumersWorld,Dipropylene Glycol (DPG) from PerfumersWorld,10.00,
1XY00101,PerfumersWorld,Celestolide from PerfumersWorld,celestolide,13171-00-1,VERIFIED_MATCH,Celestolide,13171-00-1,https://pubchem.ncbi.nlm.nih.gov/compound/61585,0.3100,FALSE,,,,
5XY10869,PerfumersWorld,Celestolide 10% in DPG from PerfumersWorld,celestolide,"13171-00-1|0.1
25265-71-8|0.9",VERIFIED_MATCH,Celestolide,13171-00-1,https://pubchem.ncbi.nlm.nih.gov/compound/61585,0.1200,TRUE,Celestolide from PerfumersWorld,Dipropylene Glycol (DPG) from PerfumersWorld,10.00,
6NJ18626,PerfumersWorld,CHAMPACA F-TEC from PerfumersWorld,champaca,Mixture (Perfume Base),VERIFIED,,,,0.2500,FALSE,,,,
6NJ09072,PerfumersWorld,Champaca Fleuressence from PerfumersWorld,champaca,Mixture (Perfume Base),VERIFIED,,,,0.3900,FALSE,,,,
7NJ07740,PerfumersWorld,Champaca Flower Essential Oil from PerfumersWorld,champaca flower essential oil,94333-99-0,NATURAL_MIXTURE,,94333-99-0,,2.5400,FALSE,,,,
5NN07927,PerfumersWorld,Champaca Flower Essential Oil 10% in DPG from PerfumersWorld,champaca flower essential oil,"94333-99-0|0.1
25265-71-8|0.9",NATURAL_MIXTURE,,94333-99-0,,0.2700,TRUE,Champaca Flower Essential Oil from PerfumersWorld,Dipropylene Glycol (DPG) from PerfumersWorld,10.00,
7LN08199,PerfumersWorld,Champaca Leaf Essential Oil from PerfumersWorld,champaca leaf essential oil,78-70-6,NATURAL_MIXTURE,,78-70-6,,0.5500,FALSE,,,,
4YE09171,PerfumersWorld,Champignol from PerfumersWorld,champignol,3687-48-7,VERIFIED_MATCH,(R)-oct-1-en-3-ol,3687-48-7,https://pubchem.ncbi.nlm.nih.gov/compound/6992244,10.4500,FALSE,,,,
5YE12329,PerfumersWorld,Champignol 10% in DPG from PerfumersWorld,champignol,"3687-48-7|0.1
25265-71-8|0.9",VERIFIED_MATCH,(R)-oct-1-en-3-ol,3687-48-7,https://pubchem.ncbi.nlm.nih.gov/compound/6992244,1.1000,TRUE,Champignol from PerfumersWorld,Dipropylene Glycol (DPG) from PerfumersWorld,10.00,
6FN18183,PerfumersWorld,CHERRY F-TEC from PerfumersWorld,cherry,Mixture (Perfume Base),VERIFIED,,,,0.1500,FALSE,,,,
6FN09071,PerfumersWorld,Cherry Fleuressence from PerfumersWorld,cherry,Mixture (Perfume Base),VERIFIED,,,,0.2000,FALSE,,,,
6VE18548,PerfumersWorld,CHOCOLATE F-TEC from PerfumersWorld,chocolate,Mixture (Perfume Base),VERIFIED,,,,0.2500,FALSE,,,,
6VE12421,PerfumersWorld,Chocolate Fleuressence from PerfumersWorld,chocolate,Mixture (Perfume Base),VERIFIED,,,,0.5800,FALSE,,,,
6CL11946,PerfumersWorld,Chrome Citrus Fleuressence from PerfumersWorld,chrome citrus,Mixture (Perfume Base),VERIFIED,,,,0.1200,FALSE,,,,
6CL18125,PerfumersWorld,CHROME F-TEC from PerfumersWorld,chrome,Mixture (Perfume Base),VERIFIED,,,,0.1200,FALSE,,,,
6UX18493,PerfumersWorld,CHYPRE F-TEC from PerfumersWorld,chypre,Mixture (Perfume Base),VERIFIED,,,,0.1700,FALSE,,,,
6UX10406,PerfumersWorld,Chypre Fleuressence from PerfumersWorld,chypre,Mixture (Perfume Base),VERIFIED,,,,0.2800,FALSE,,,,
7SV00107,PerfumersWorld,Cinnamon Bark Essential Oil from PerfumersWorld,cinnamon bark essential oil,84649-98-9,NATURAL_MIXTURE,,84649-98-9,,2.2000,FALSE,,,,
5SV11510,PerfumersWorld,Cinnamon Bark Essential Oil 10% in DPG from PerfumersWorld,cinnamon bark essential oil,"84649-98-9|0.1
25265-71-8|0.9",NATURAL_MIXTURE,,84649-98-9,,0.2400,TRUE,Cinnamon Bark Essential Oil from PerfumersWorld,Dipropylene Glycol (DPG) from PerfumersWorld,10.00,
6SV18443,PerfumersWorld,CINNAMON F-TEC from PerfumersWorld,cinnamon,Mixture (Perfume Base),VERIFIED,,,,0.1200,FALSE,,,,
6SV08501,PerfumersWorld,Cinnamon Fleuressence from PerfumersWorld,cinnamon,Mixture (Perfume Base),VERIFIED,,,,0.2000,FALSE,,,,
7SV00108,PerfumersWorld,Cinnamon Leaf Essential Oil from PerfumersWorld,cinnamon leaf essential oil,8015-91-6,NATURAL_MIXTURE,,8015-91-6,,0.4000,FALSE,,,,
3SQ00109,PerfumersWorld,Cinnamyl Acetate from PerfumersWorld,cinnamyl acetate,103-54-8,VERIFIED_MATCH,Cinnamyl Acetate,103-54-8,https://pubchem.ncbi.nlm.nih.gov/compound/5282110,0.1800,FALSE,,,,
2SV00105,PerfumersWorld,Cinnamyl Alcohol from PerfumersWorld,cinnamyl alcohol,104-54-1,FIXED_FROM_AUDIT,,104-54-1,https://pubchem.ncbi.nlm.nih.gov/compound/5315892,0.2000,FALSE,,,,
5SV07857,PerfumersWorld,Cinnamyl Alcohol 50% in DPG from PerfumersWorld,cinnamyl alcohol,"104-54-1|0.5
25265-71-8|0.5",DATA_GAP_MANUAL_CHECK,Cinnamyl Alcohol,104-54-1,https://pubchem.ncbi.nlm.nih.gov/compound/5315892,0.1200,TRUE,Cinnamyl Alcohol from PerfumersWorld,Dipropylene Glycol (DPG) from PerfumersWorld,50.00,
4SV00106,PerfumersWorld,Cinnamyl Aldehyde from PerfumersWorld,cinnamyl aldehyde,104-55-2,VERIFIED_MATCH,Cinnamaldehyde,104-55-2,https://pubchem.ncbi.nlm.nih.gov/compound/637511,0.1300,FALSE,,,,
5SV10991,PerfumersWorld,Cinnamyl aldehyde 10% in DPG from PerfumersWorld,cinnamyl aldehyde,"104-55-2|0.1
25265-71-8|0.9",VERIFIED_MATCH,Cinnamaldehyde,104-55-2,https://pubchem.ncbi.nlm.nih.gov/compound/637511,0.0500,TRUE,Cinnamyl aldehyde from PerfumersWorld,Dipropylene Glycol (DPG) from PerfumersWorld,10.00,
4SW23710,PerfumersWorld,Cinnamyl Nitrile from PerfumersWorld,cinnamyl nitrile,4360-47-8,VERIFIED_MATCH,Cinnamonitrile,4360-47-8,https://pubchem.ncbi.nlm.nih.gov/compound/1550846,0.4000,FALSE,,,,
4GL00225,PerfumersWorld,cis-3 Hexenol from PerfumersWorld,cis-3 hexenol,928-96-1,VERIFIED_MATCH,3-Hexenol,928-96-1,https://pubchem.ncbi.nlm.nih.gov/compound/5281167,0.4800,FALSE,,,,
5GG07890,PerfumersWorld,cis-3 Hexenol 10% in DPG from PerfumersWorld,cis-3 hexenol,"928-96-1|0.1
25265-71-8|0.9",VERIFIED_MATCH,3-Hexenol,928-96-1,https://pubchem.ncbi.nlm.nih.gov/compound/5281167,0.1100,TRUE,cis-3 Hexenol from PerfumersWorld,Dipropylene Glycol (DPG) from PerfumersWorld,10.00,
4GF00226,PerfumersWorld,cis-3 Hexenyl Acetate from PerfumersWorld,cis-3 hexenyl acetate,3681-71-8,VERIFIED_MATCH,cis-3-HEXENYL ACETATE,3681-71-8,https://pubchem.ncbi.nlm.nih.gov/compound/5363388,0.8000,FALSE,,,,
5GF07561,PerfumersWorld,cis-3 Hexenyl Acetate 10% in DPG from PerfumersWorld,cis-3 hexenyl acetate,"3681-71-8|0.1
25265-71-8|0.9",VERIFIED_MATCH,cis-3-HEXENYL ACETATE,3681-71-8,https://pubchem.ncbi.nlm.nih.gov/compound/5363388,0.1200,TRUE,cis-3 Hexenyl Acetate from PerfumersWorld,Dipropylene Glycol (DPG) from PerfumersWorld,10.00,
3GN00227,PerfumersWorld,cis-3 Hexenyl Benzoate from PerfumersWorld,cis-3 hexenyl benzoate,25152-85-6,FIXED_FROM_AUDIT,,25152-85-6,https://pubchem.ncbi.nlm.nih.gov/compound/5367706,0.8200,FALSE,,,,
4GD00228,PerfumersWorld,cis-3 Hexenyl Butyrate from PerfumersWorld,cis-3 hexenyl butyrate,16491-36-4,VERIFIED_MATCH,cis-3-Hexenyl butanoate,16491-36-4,https://pubchem.ncbi.nlm.nih.gov/compound/5352438,0.9000,FALSE,,,,
5GD08173,PerfumersWorld,cis-3 Hexenyl Butyrate 10% in DPG from PerfumersWorld,cis-3 hexenyl butyrate,"16491-36-4|0.1
25265-71-8|0.9",VERIFIED_MATCH,cis-3-Hexenyl butanoate,16491-36-4,https://pubchem.ncbi.nlm.nih.gov/compound/5352438,0.0700,TRUE,cis-3 Hexenyl Butyrate from PerfumersWorld,Dipropylene Glycol (DPG) from PerfumersWorld,10.00,
4GG01946,PerfumersWorld,cis-3 Hexenyl Hexanoate from PerfumersWorld,cis-3 hexenyl hexanoate,31501-11-8,VERIFIED_MATCH,"3-Hexenyl hexanoate, (3Z)-",31501-11-8,https://pubchem.ncbi.nlm.nih.gov/compound/5352543,0.6000,FALSE,,,,
3GO00229,PerfumersWorld,cis-3 Hexenyl Salicylate from PerfumersWorld,cis-3 hexenyl salicylate,65405-77-8,FIXED_FROM_AUDIT,,65405-77-8,https://pubchem.ncbi.nlm.nih.gov/compound/6021887,0.5200,FALSE,,,,
5GO12259,PerfumersWorld,cis-3 Hexenyl Salicylate 10% in DPG from PerfumersWorld,cis-3 hexenyl salicylate,"65405-77-8|0.1
25265-71-8|0.9",FIXED_FROM_AUDIT,,65405-77-8,https://pubchem.ncbi.nlm.nih.gov/compound/6021887,0.1000,TRUE,cis-3 Hexenyl Salicylate from PerfumersWorld,Dipropylene Glycol (DPG) from PerfumersWorld,10.00,
4JN00257,PerfumersWorld,cis-Jasmone from PerfumersWorld,cis-jasmone,488-10-8,VERIFIED_MATCH,Jasmone,488-10-8,https://pubchem.ncbi.nlm.nih.gov/compound/1549018,2.1400,FALSE,,,,
5JN07525,PerfumersWorld,cis-Jasmone 10% in DPG from PerfumersWorld,cis-jasmone,"488-10-8|0.1
25265-71-8|0.9",VERIFIED_MATCH,Jasmone,488-10-8,https://pubchem.ncbi.nlm.nih.gov/compound/1549018,0.3200,TRUE,cis-Jasmone from PerfumersWorld,Dipropylene Glycol (DPG) from PerfumersWorld,10.00,
8UQ00540,PerfumersWorld,Cistus Absolute F0779 from PerfumersWorld,cistus absolute f0779,89997-74-0,NATURAL_MIXTURE,,89997-74-0,,0.9000,FALSE,,,,
8UQ08229,PerfumersWorld,Cistus Absolute SIS F0785 from PerfumersWorld,cistus absolute sis f0785,Not Found,NATURAL_MIXTURE,,,,1.5000,FALSE,,,,
7UQ08239,PerfumersWorld,Cistus Essential Oil from PerfumersWorld,cistus essential oil,89997-74-0,NATURAL_MIXTURE,,89997-74-0,,4.8000,FALSE,,,,
5UQ14582,PerfumersWorld,Cistus Essential Oil 10% in DPG from PerfumersWorld,cistus essential oil,"89997-74-0|0.1
25265-71-8|0.9",NATURAL_MIXTURE,,89997-74-0,,0.5000,TRUE,Cistus Essential Oil from PerfumersWorld,Dipropylene Glycol (DPG) from PerfumersWorld,10.00,
4CC00111,PerfumersWorld,Citral from PerfumersWorld,citral,5392-40-5,VERIFIED_MATCH,Citral,5392-40-5,https://pubchem.ncbi.nlm.nih.gov/compound/638011,0.1600,FALSE,,,,
5CC07796,PerfumersWorld,Citral 10% in DPG from PerfumersWorld,citral,"5392-40-5|0.1
25265-71-8|0.9",VERIFIED_MATCH,Citral,5392-40-5,https://pubchem.ncbi.nlm.nih.gov/compound/638011,0.0700,TRUE,Citral from PerfumersWorld,Dipropylene Glycol (DPG) from PerfumersWorld,10.00,
5CC07820,PerfumersWorld,Citralva 10% in DPG from PerfumersWorld,citralva,"5146-66-7|0.1
25265-71-8|0.9",VERIFIED_MATCH,Geranyl nitrile,5146-66-7,https://pubchem.ncbi.nlm.nih.gov/compound/21768,0.0700,TRUE,Citralva from PerfumersWorld,Dipropylene Glycol (DPG) from PerfumersWorld,10.00,
3CC00112,PerfumersWorld,Citrathal from PerfumersWorld,citrathal,7492-66-2,VERIFIED_MATCH,Citral diethyl acetal,7492-66-2,https://pubchem.ncbi.nlm.nih.gov/compound/5365794,0.4800,FALSE,,,,
1ZX03525,PerfumersWorld,Citric Acid from PerfumersWorld,citric acid,77-92-9,VERIFIED_MATCH,Citric Acid,77-92-9,https://pubchem.ncbi.nlm.nih.gov/compound/311,0.0800,FALSE,,,,
7CR00114,PerfumersWorld,Citronella Essential Oil from PerfumersWorld,citronella essential oil,8000-29-1,NATURAL_MIXTURE,,8000-29-1,,0.1400,FALSE,,,,
4CR00115,PerfumersWorld,CitronellAL from PerfumersWorld,citronellal,106-23-0,VERIFIED_MATCH,Citronellal,106-23-0,https://pubchem.ncbi.nlm.nih.gov/compound/7794,0.1200,FALSE,,,,
5CR07548,PerfumersWorld,CitronellAL 10% in DPG from PerfumersWorld,citronellal,"106-23-0|0.1
25265-71-8|0.9",VERIFIED_MATCH,Citronellal,106-23-0,https://pubchem.ncbi.nlm.nih.gov/compound/7794,0.0700,TRUE,CitronellAL from PerfumersWorld,Dipropylene Glycol (DPG) from PerfumersWorld,10.00,
3RM00116,PerfumersWorld,CitronellOL from PerfumersWorld,citronellol,106-22-9,VERIFIED_MATCH,Citronellol,106-22-9,https://pubchem.ncbi.nlm.nih.gov/compound/8842,0.2200,FALSE,,,,
3RL00118,PerfumersWorld,Citronellyl Acetate from PerfumersWorld,citronellyl acetate,150-84-5,VERIFIED_MATCH,Citronellyl Acetate,150-84-5,https://pubchem.ncbi.nlm.nih.gov/compound/9017,0.1800,FALSE,,,,
4RC03548,PerfumersWorld,Citronellyl Formate from PerfumersWorld,citronellyl formate,105-85-1,VERIFIED_MATCH,Citronellyl formate,105-85-1,https://pubchem.ncbi.nlm.nih.gov/compound/7778,0.1800,FALSE,,,,
4CR06787,PerfumersWorld,Citronellyl Nitrile from PerfumersWorld,citronellyl nitrile,51566-62-2,VERIFIED_MATCH,Citronellyl nitrile,51566-62-2,https://pubchem.ncbi.nlm.nih.gov/compound/3033030,0.2200,FALSE,,,,
6AC18110,PerfumersWorld,CITRUS ALDEHYDE F-TEC from PerfumersWorld,citrus aldehyde,Mixture (Perfume Base),VERIFIED,,,,0.1200,FALSE,,,,
6AC09112,PerfumersWorld,CITRUS ALDEHYDE FLEURESSENCE from PerfumersWorld,citrus aldehyde,Mixture (Perfume Base),VERIFIED,,,,0.2000,FALSE,,,,
7CK01152,PerfumersWorld,Citrus Hystrix Lime Essential Oil from PerfumersWorld,citrus hystrix lime essential oil,91771-50-5,NATURAL_MIXTURE,,91771-50-5,,0.2300,FALSE,,,,
7CK01077,PerfumersWorld,Citrus Hystrix Lime Leaf Essential Oil from PerfumersWorld,citrus hystrix lime leaf essential oil,91771-50-5,NATURAL_MIXTURE,,91771-50-5,,0.5600,FALSE,,,,
3UU07513,PerfumersWorld,Civet Art from PerfumersWorld,civet art,Mixture,VERIFIED,,,,4.0000,FALSE,,,,
5UU07533,PerfumersWorld,Civet Art 10% in DPG from PerfumersWorld,civet art,Mixture,VERIFIED,,,,0.4500,TRUE,Civet Art from PerfumersWorld,Dipropylene Glycol (DPG) from PerfumersWorld,10.00,
6UU18497,PerfumersWorld,CIVET F-TEC from PerfumersWorld,civet,Mixture (Perfume Base),VERIFIED,,,,0.5500,FALSE,,,,
6UU09106,PerfumersWorld,Civet Fleuressence from PerfumersWorld,civet,Mixture (Perfume Base),VERIFIED,,,,0.6000,FALSE,,,,
7HH00121,PerfumersWorld,Clary Sage Essential Oil from PerfumersWorld,clary sage essential oil,8016-63-5,NATURAL_MIXTURE,,8016-63-5,,1.4400,FALSE,,,,
6SC18558,PerfumersWorld,CLASSIC SPICE F-TEC from PerfumersWorld,classic spice,Mixture (Perfume Base),VERIFIED,,,,0.1900,FALSE,,,,
6SC12411,PerfumersWorld,Classic Spice Fleuressence from PerfumersWorld,classic spice,Mixture (Perfume Base),VERIFIED,,,,0.2200,FALSE,,,,
6GM12399,PerfumersWorld,Clear Green Blender Fleuressence from PerfumersWorld,clear green blender,Mixture (Perfume Base),VERIFIED,,,,0.2200,FALSE,,,,
6GM18236,PerfumersWorld,CLEAR GREEN F-TEC from PerfumersWorld,clear green,Mixture (Perfume Base),VERIFIED,,,,0.1900,FALSE,,,,
3WB13402,PerfumersWorld,Clearwood from PerfumersWorld,clearwood,84238-39-1,DATA_GAP_MANUAL_CHECK,,84238-39-1,,0.3400,FALSE,,,,
7SP00122,PerfumersWorld,Clove Bud Essential Oil from PerfumersWorld,clove bud essential oil,8000-34-8,NATURAL_MIXTURE,,8000-34-8,,0.5400,FALSE,,,,
6SP18442,PerfumersWorld,CLOVE F-TEC from PerfumersWorld,clove,Mixture (Perfume Base),VERIFIED,,,,0.1400,FALSE,,,,
6SP09088,PerfumersWorld,Clove Fleuressence from PerfumersWorld,clove,Mixture (Perfume Base),VERIFIED,,,,0.2000,FALSE,,,,
7SP00123,PerfumersWorld,Clove Leaf Essential Oil from PerfumersWorld,clove leaf essential oil,8000-34-8,NATURAL_MIXTURE,,8000-34-8,,0.1900,FALSE,,,,
8VT00635,PerfumersWorld,Cocoa Absolute from PerfumersWorld,cocoa absolute,8002-31-1,NATURAL_MIXTURE,,8002-31-1,,3.5200,FALSE,,,,
5VT07920,PerfumersWorld,Cocoa Absolute 10% in DPG from PerfumersWorld,cocoa absolute,"84649-99-0|0.1
25265-71-8|0.9",NATURAL_MIXTURE,,84649-99-0,,0.3800,TRUE,Cocoa Absolute from PerfumersWorld,Dipropylene Glycol (DPG) from PerfumersWorld,10.00,
5VT08034,PerfumersWorld,Cocoa Absolute 10% in IPM from PerfumersWorld,cocoa absolute,"8002-31-1|0.1
110-27-0|0.9",NATURAL_MIXTURE,,8002-31-1,,0.3900,TRUE,Cocoa Absolute from PerfumersWorld,Isopropyl Myristate (IPM) from PerfumersWorld,10.00,
8VT23451,PerfumersWorld,Cocoa absolute grasse from PerfumersWorld,cocoa absolute,8002-31-1,NATURAL_MIXTURE,,8002-31-1,,4.9000,FALSE,,,,
5VT23692,PerfumersWorld,Cocoa absolute grasse 10% in DPG from PerfumersWorld,cocoa absolute,"8002-31-1|0.1
25265-71-8|0.9",NATURAL_MIXTURE,,8002-31-1,,0.5300,TRUE,Cocoa absolute grasse from PerfumersWorld,Dipropylene Glycol (DPG) from PerfumersWorld,10.00,
6DV18549,PerfumersWorld,COCOA BUTTER F-TEC from PerfumersWorld,cocoa butter,Mixture (Perfume Base),VERIFIED,,,,0.1200,FALSE,,,,
6DV09055,PerfumersWorld,Cocoa Butter Fleuressence from PerfumersWorld,cocoa butter,Mixture (Perfume Base),VERIFIED,,,,0.1400,FALSE,,,,
1VT23924,PerfumersWorld,Cocoa CO2 Extract from PerfumersWorld,cocoa co2 extract,84649-99-0,NATURAL_MIXTURE,,84649-99-0,,1.7000,FALSE,,,,
6DV18143,PerfumersWorld,COCONUT F-TEC from PerfumersWorld,coconut,Mixture (Perfume Base),VERIFIED,,,,0.1800,FALSE,,,,
6DV12422,PerfumersWorld,Coconut Fleuressence from PerfumersWorld,coconut,Mixture (Perfume Base),VERIFIED,,,,0.1800,FALSE,,,,
8TE23450,PerfumersWorld,Coffee absolute grasse from PerfumersWorld,coffee absolute,8001-67-0,NATURAL_MIXTURE,,8001-67-0,,6.2000,FALSE,,,,
5TE23680,PerfumersWorld,Coffee absolute grasse 10% in DPG from PerfumersWorld,coffee absolute,"8001-67-0|0.1
25265-71-8|0.9",NATURAL_MIXTURE,,8001-67-0,,0.6500,TRUE,Coffee absolute grasse from PerfumersWorld,Dipropylene Glycol (DPG) from PerfumersWorld,10.00,
8ET23923,PerfumersWorld,Coffee CO2 Extract Organic from PerfumersWorld,coffee co2 extract organic,84650-00-0,VERIFIED_MATCH,"Furan;1-methylpyridin-1-ium-3-carboxylate;pyridine-3-carboxylic acid;1,3,7-trimethyl-4,5-dihydropurine-2,6-dione",84650-00-0,https://pubchem.ncbi.nlm.nih.gov/compound/6850756,2.0000,FALSE,,,,
6ET18954,PerfumersWorld,COFFEE F-TEC from PerfumersWorld,coffee,Mixture (Perfume Base),VERIFIED,,,,0.3000,FALSE,,,,
6ET20539,PerfumersWorld,Coffee Fleuressence from PerfumersWorld,coffee,Mixture (Perfume Base),VERIFIED,,,,0.3000,FALSE,,,,
7ET08078,PerfumersWorld,Coffee Oil Roasted from PerfumersWorld,coffee oil roasted,84650-00-0,NATURAL_MIXTURE,,84650-00-0,,2.2000,FALSE,,,,
5ET12484,PerfumersWorld,Coffee Oil Roasted 10% in DPG from PerfumersWorld,coffee oil roasted,"84650-00-0|0.1
25265-71-8|0.9",NATURAL_MIXTURE,,84650-00-0,,0.2100,TRUE,Coffee Oil Roasted from PerfumersWorld,Dipropylene Glycol (DPG) from PerfumersWorld,10.00,
6FY18955,PerfumersWorld,COGNAC F-TEC from PerfumersWorld,cognac,Mixture (Perfume Base),VERIFIED,,,,0.2000,FALSE,,,,
6FY08507,PerfumersWorld,Cognac Wine Fleuressence from PerfumersWorld,cognac wine,Mixture (Perfume Base),VERIFIED,,,,0.2000,FALSE,,,,
6CL18897,PerfumersWorld,COLOGNE F-TEC from PerfumersWorld,cologne,Mixture (Perfume Base),VERIFIED,,,,0.2200,FALSE,,,,
6CL10405,PerfumersWorld,Cologne Fleuressence from PerfumersWorld,cologne,Mixture (Perfume Base),VERIFIED,,,,0.2400,FALSE,,,,
3KK00124,PerfumersWorld,Coniferan from PerfumersWorld,coniferan,67874-72-0,FIXED_FROM_AUDIT,Conifer acetate,67874-72-0,https://pubchem.ncbi.nlm.nih.gov/compound/62240,0.4500,FALSE,,,,
7SL00125,PerfumersWorld,Coriander Essential Oil from PerfumersWorld,coriander essential oil,8008-52-4,NATURAL_MIXTURE,,8008-52-4,,0.9000,FALSE,,,,
5SL08473,PerfumersWorld,Coriander Essential Oil 10% in DPG from PerfumersWorld,coriander essential oil,"8008-52-4|0.1
25265-71-8|0.9",NATURAL_MIXTURE,,8008-52-4,,0.2400,TRUE,Coriander Essential Oil from PerfumersWorld,Dipropylene Glycol (DPG) from PerfumersWorld,10.00,
7BB00832,PerfumersWorld,Cornmint Essential Oil China from PerfumersWorld,cornmint essential oil china,68917-18-0,NATURAL_MIXTURE,,68917-18-0,,0.2700,FALSE,,,,
4XU10872,PerfumersWorld,Cosmone from PerfumersWorld,cosmone,259854-70-1,VERIFIED,"5-Cyclotetradecen-1-one, 3-methyl-, (5E)-",259854-70-1,https://pubchem.ncbi.nlm.nih.gov/compound/66823518,4.3000,FALSE,,,,
5UW08963,PerfumersWorld,Costus Olifac 1% in DPG from PerfumersWorld,costus olifac,Mixture,VERIFIED,,,,0.1200,TRUE,Costus Olifac from PerfumersWorld,Dipropylene Glycol (DPG) from PerfumersWorld,1.00,
5UW11312,PerfumersWorld,Costus Olifac 10% in DPG from PerfumersWorld,costus olifac,Mixture,VERIFIED,,,,0.7400,TRUE,Costus Olifac from PerfumersWorld,Dipropylene Glycol (DPG) from PerfumersWorld,10.00,
4UW09665,PerfumersWorld,Costus Olifac Iff from PerfumersWorld,costus olifac,Mixture,VERIFIED,,,,7.2000,FALSE,,,,
1VD00129,PerfumersWorld,Coumarin from PerfumersWorld,coumarin,91-64-5,VERIFIED,Coumarin,91-64-5,https://pubchem.ncbi.nlm.nih.gov/compound/323,0.1100,FALSE,,,,
5VD07557,PerfumersWorld,Coumarin 10% in DPG from PerfumersWorld,coumarin,"8008-93-3|0.1
25265-71-8|0.9",FORMATTING_FIX,Coumarin,8008-93-3,https://pubchem.ncbi.nlm.nih.gov/compound/323,0.0500,TRUE,Coumarin from PerfumersWorld,Dipropylene Glycol (DPG) from PerfumersWorld,10.00,
6GB18224,PerfumersWorld,CUCUMBER F-TEC from PerfumersWorld,cucumber,Mixture (Perfume Base),VERIFIED,,,,0.2000,FALSE,,,,
6GF07657,PerfumersWorld,Cucumber Fleuressence from PerfumersWorld,cucumber,Mixture (Perfume Base),VERIFIED,,,,0.2000,FALSE,,,,
7SU00130,PerfumersWorld,Cumin Seed Essential Oil from PerfumersWorld,cumin seed essential oil,8014-13-9,NATURAL_MIXTURE,,8014-13-9,,1.1000,FALSE,,,,
5SU07604,PerfumersWorld,Cumin Seed Essential Oil 1% in DPG from PerfumersWorld,cumin seed essential oil,"8014-13-9|0.01
25265-71-8|0.99",NATURAL_MIXTURE,,8014-13-9,,0.0500,TRUE,Cumin Seed Essential Oil from PerfumersWorld,Dipropylene Glycol (DPG) from PerfumersWorld,1.00,
5SU19106,PerfumersWorld,Cumin Seed Essential Oil 1% in TEC from PerfumersWorld,cumin seed essential oil,"8014-13-9|0.01
77-93-0|0.99",NATURAL_MIXTURE,,8014-13-9,,0.0800,TRUE,Cumin Seed Essential Oil from PerfumersWorld,Triethyl Citrate (TEC) from PerfumersWorld,1.00,
5SU18711,PerfumersWorld,Cumin Seed Essential Oil 10% in TEC from PerfumersWorld,cumin seed essential oil,"8014-13-9|0.1
77-93-0|0.9",NATURAL_MIXTURE,,8014-13-9,,0.1500,TRUE,Cumin Seed Essential Oil from PerfumersWorld,Triethyl Citrate (TEC) from PerfumersWorld,10.00,
3MG00134,PerfumersWorld,Cyclamen Aldehyde from PerfumersWorld,cyclamen aldehyde,103-95-7,VERIFIED_MATCH,,103-95-7,https://pubchem.ncbi.nlm.nih.gov/compound/517827,0.3400,FALSE,,,,
6ML18413,PerfumersWorld,CYCLAMEN F-TEC from PerfumersWorld,cyclamen,Mixture (Perfume Base),VERIFIED,,,,0.1800,FALSE,,,,
6MG09430,PerfumersWorld,Cyclamen Fleuressence from PerfumersWorld,cyclamen,Mixture (Perfume Base),VERIFIED,,,,0.1900,FALSE,,,,
4PQ00352,PerfumersWorld,Cymene Para from PerfumersWorld,cymene para,99-87-6,VERIFIED_MATCH,P-Cymene,99-87-6,https://pubchem.ncbi.nlm.nih.gov/compound/7463,0.1400,FALSE,,,,
8KB00542,PerfumersWorld,Cypress Absolute from PerfumersWorld,cypress absolute,8013-86-3,VERIFIED_MATCH,Cypress oil,8013-86-3,https://pubchem.ncbi.nlm.nih.gov/compound/168010188,1.8700,FALSE,,,,
5KB13801,PerfumersWorld,Cypress Absolute 10% in DPG from PerfumersWorld,cypress absolute,Not Found,VERIFIED_MATCH,Cypress oil,,https://pubchem.ncbi.nlm.nih.gov/compound/168010188,0.0800,TRUE,Cypress Absolute from PerfumersWorld,Dipropylene Glycol (DPG) from PerfumersWorld,10.00,
7KB00833,PerfumersWorld,Cypress Essential Oil from PerfumersWorld,cypress essential oil,8013-86-3,NATURAL_MIXTURE,,8013-86-3,,0.9800,FALSE,,,,
6DF18006,PerfumersWorld,D-DAIRY F-TEC from PerfumersWorld,d-dairy,Mixture (Perfume Base),VERIFIED,,,,0.1200,FALSE,,,,
6DD08537,PerfumersWorld,D-Dairy Fleuressence from PerfumersWorld,d-dairy,Mixture (Perfume Base),VERIFIED,,,,0.2000,FALSE,,,,
3CQ00276,PerfumersWorld,D-Limonene from PerfumersWorld,d-limonene,5989-27-5,FIXED_FROM_AUDIT,,5989-27-5,https://pubchem.ncbi.nlm.nih.gov/compound/440917,0.0800,FALSE,,,,
9IF07120,PerfumersWorld,Damascenone from PerfumersWorld,damascenone,23696-85-7,VERIFIED_MATCH,Damascenone,23696-85-7,https://pubchem.ncbi.nlm.nih.gov/compound/62775,2.7200,FALSE,,,,
3IL00139,PerfumersWorld,Damascol from PerfumersWorld,damascol,4927-36-0,VERIFIED_MATCH,,4927-36-0,https://pubchem.ncbi.nlm.nih.gov/compound/5365916,0.6600,FALSE,,,,
7HH00895,PerfumersWorld,Davana Essential Oil from PerfumersWorld,davana essential oil,91844-86-9,NATURAL_MIXTURE,,91844-86-9,,5.1000,FALSE,,,,
5HH12466,PerfumersWorld,Davana Essential Oil 10% in DPG from PerfumersWorld,davana essential oil,"8016-03-3|0.1
25265-71-8|0.9",NATURAL_MIXTURE,,8016-03-3,,0.5200,TRUE,Davana Essential Oil from PerfumersWorld,Dipropylene Glycol (DPG) from PerfumersWorld,10.00,
3AC00014,PerfumersWorld,Decanol (Alcohol C-10) from PerfumersWorld,decanol,112-30-1,FIXED_FROM_AUDIT,,112-30-1,https://pubchem.ncbi.nlm.nih.gov/compound/8174,0.1200,FALSE,,,,
4CF19148,PerfumersWorld,Decatone from PerfumersWorld,decatone,34131-98-1,VERIFIED_MATCH,"2(1H)-Naphthalenone, octahydro-6-(1-methylethyl)-",34131-98-1,https://pubchem.ncbi.nlm.nih.gov/compound/118134,2.8200,FALSE,,,,
4DD03683,PerfumersWorld,Delta Decalactone from PerfumersWorld,delta decalactone,2825-91-4,VERIFIED_MATCH,"delta-Decalactone, (+)-",2825-91-4,https://pubchem.ncbi.nlm.nih.gov/compound/1714996,0.7300,FALSE,,,,
5DD12463,PerfumersWorld,Delta Decalactone 10% in DPG from PerfumersWorld,delta decalactone,"2825-91-4|0.1
25265-71-8|0.9",DATA_GAP_MANUAL_CHECK,delta-Decalactone,2825-91-4,https://pubchem.ncbi.nlm.nih.gov/compound/12810,0.1200,TRUE,Delta Decalactone from PerfumersWorld,Dipropylene Glycol (DPG) from PerfumersWorld,10.00,
6FL18169,PerfumersWorld,DEWBERRY F-TEC from PerfumersWorld,dewberry,Mixture (Perfume Base),VERIFIED,,,,0.1200,FALSE,,,,
6FL09127,PerfumersWorld,Dewberry Fleuressence from PerfumersWorld,dewberry,Mixture (Perfume Base),VERIFIED,,,,0.2100,FALSE,,,,
9DV00144,PerfumersWorld,Diacetyl from PerfumersWorld,diacetyl,431-03-8,VERIFIED_MATCH,Butanedione,431-03-8,https://pubchem.ncbi.nlm.nih.gov/compound/650,0.2100,FALSE,,,,
5DV07644,PerfumersWorld,Diacetyl 1% in DPG from PerfumersWorld,diacetyl,"431-03-8|0.01
25265-71-8|0.99",VERIFIED_MATCH,Butanedione,431-03-8,https://pubchem.ncbi.nlm.nih.gov/compound/650,0.0800,TRUE,Diacetyl from PerfumersWorld,Dipropylene Glycol (DPG) from PerfumersWorld,1.00,
3FG00145,PerfumersWorld,Diethyl Malonate from PerfumersWorld,diethyl malonate,105-53-3,FIXED_FROM_AUDIT,,105-53-3,https://pubchem.ncbi.nlm.nih.gov/compound/7761,0.0900,FALSE,,,,
3IL00153,PerfumersWorld,Dihydro Beta Ionone from PerfumersWorld,dihydro beta ionone,17283-81-7,FIXED_FROM_AUDIT,,17283-81-7,https://pubchem.ncbi.nlm.nih.gov/compound/519382,0.6000,FALSE,,,,
4HF00147,PerfumersWorld,Dihydro Carvyl Acetate from PerfumersWorld,dihydro carvyl acetate,20777-49-5,VERIFIED_MATCH,Dihydrocarvyl acetate,20777-49-5,https://pubchem.ncbi.nlm.nih.gov/compound/30248,2.5000,FALSE,,,,
2VD00148,PerfumersWorld,Dihydro Coumarin from PerfumersWorld,dihydro coumarin,119-84-6,FIXED_FROM_AUDIT,,119-84-6,https://pubchem.ncbi.nlm.nih.gov/compound/660,0.1600,FALSE,,,,
4JN00149,PerfumersWorld,Dihydro Jasmone from PerfumersWorld,dihydro jasmone,1128-08-1,VERIFIED_MATCH,Dihydrojasmone,1128-08-1,https://pubchem.ncbi.nlm.nih.gov/compound/62378,0.9000,FALSE,,,,
5JN10948,PerfumersWorld,Dihydro Jasmone 10% in DPG from PerfumersWorld,dihydro jasmone,"1128-08-1|0.1
25265-71-8|0.9",VERIFIED_MATCH,Dihydrojasmone,1128-08-1,https://pubchem.ncbi.nlm.nih.gov/compound/62378,0.1200,TRUE,Dihydro Jasmone from PerfumersWorld,Dipropylene Glycol (DPG) from PerfumersWorld,10.00,
3LC03808,PerfumersWorld,Dihydro Linalool from PerfumersWorld,dihydro linalool,18479-51-1,VERIFIED,,18479-51-1,,0.5000,FALSE,,,,
3CK00150,PerfumersWorld,Dihydro Myrcenol from PerfumersWorld,dihydro myrcenol,18479-58-8,FIXED_FROM_AUDIT,,18479-58-8,https://pubchem.ncbi.nlm.nih.gov/compound/29096,0.1200,FALSE,,,,
3KL00152,PerfumersWorld,Dihydro Terpinyl Acetate from PerfumersWorld,dihydro terpinyl acetate,80-25-1,FIXED_FROM_AUDIT,,80-25-1,https://pubchem.ncbi.nlm.nih.gov/compound/6631,0.3000,FALSE,,,,
7HH07671,PerfumersWorld,Dill Essential Oil from PerfumersWorld,dill essential oil,8006-75-5,NATURAL_MIXTURE,,8006-75-5,,0.6700,FALSE,,,,
3NC00155,PerfumersWorld,Dimethyl Anthranilate from PerfumersWorld,dimethyl anthranilate,85-91-6,VERIFIED_MATCH,Methyl N-methylanthranilate,85-91-6,https://pubchem.ncbi.nlm.nih.gov/compound/6826,0.3300,FALSE,,,,
3LL00156,PerfumersWorld,Dimethyl Benzyl Carbinol from PerfumersWorld,dimethyl benzyl carbinol,100-86-7,VERIFIED_MATCH,2-Methyl-1-phenyl-2-propanol,100-86-7,https://pubchem.ncbi.nlm.nih.gov/compound/7531,0.2700,FALSE,,,,
3LF00157,PerfumersWorld,Dimethyl Benzyl Carbinyl Acetate from PerfumersWorld,dimethyl benzyl carbinyl acetate,151-05-3,FIXED_FROM_AUDIT,,151-05-3,https://pubchem.ncbi.nlm.nih.gov/compound/9024,0.1700,FALSE,,,,
4LD02865,PerfumersWorld,Dimethyl Benzyl Carbinyl Butyrate from PerfumersWorld,dimethyl benzyl carbinyl butyrate,10094-34-5,VERIFIED_MATCH,"1,1-Dimethyl-2-phenylethyl butyrate",10094-34-5,https://pubchem.ncbi.nlm.nih.gov/compound/24915,0.1400,FALSE,,,,
5EG09234,PerfumersWorld,Dimethyl Sulfide 1% in DPG from PerfumersWorld,dimethyl sulfide,"75-18-3|0.01
25265-71-8|0.99",VERIFIED_MATCH,Dimethyl Sulfide,75-18-3,https://pubchem.ncbi.nlm.nih.gov/compound/1068,0.1000,TRUE,Dimethyl Sulfide from PerfumersWorld,Dipropylene Glycol (DPG) from PerfumersWorld,1.00,
3CK07504,PerfumersWorld,Dimetol from PerfumersWorld,dimetol,13254-34-7,VERIFIED_MATCH,"2,6-Dimethyl-2-heptanol",13254-34-7,https://pubchem.ncbi.nlm.nih.gov/compound/83268,0.3600,FALSE,,,,
2RB00163,PerfumersWorld,Diphenyl Oxide from PerfumersWorld,diphenyl oxide,101-84-8,VERIFIED_MATCH,Diphenyl Ether,101-84-8,https://pubchem.ncbi.nlm.nih.gov/compound/7583,0.0800,FALSE,,,,
5RB09235,PerfumersWorld,Diphenyl Oxide 10% in DPG from PerfumersWorld,diphenyl oxide,"101-84-8|0.1
25265-71-8|0.9",VERIFIED_MATCH,Diphenyl Ether,101-84-8,https://pubchem.ncbi.nlm.nih.gov/compound/7583,0.0600,TRUE,Diphenyl Oxide from PerfumersWorld,Dipropylene Glycol (DPG) from PerfumersWorld,10.00,
5RB07855,PerfumersWorld,Diphenyl Oxide 50% in DPG from PerfumersWorld,diphenyl oxide,"101-84-8|0.5
25265-71-8|0.5",VERIFIED_MATCH,Diphenyl Ether,101-84-8,https://pubchem.ncbi.nlm.nih.gov/compound/7583,0.0700,TRUE,Diphenyl Oxide from PerfumersWorld,Dipropylene Glycol (DPG) from PerfumersWorld,50.00,
3AC03955,PerfumersWorld,Dodecyl Nitrile from PerfumersWorld,dodecyl nitrile,2437-25-4,FIXED_FROM_AUDIT,,2437-25-4,https://pubchem.ncbi.nlm.nih.gov/compound/17092,0.4600,FALSE,,,,
5AC07788,PerfumersWorld,Dodecyl Nitrile 10% in DPG from PerfumersWorld,dodecyl nitrile,"2437-25-4|0.1
25265-71-8|0.9",FIXED_FROM_AUDIT,,2437-25-4,https://pubchem.ncbi.nlm.nih.gov/compound/17092,0.0900,TRUE,Dodecyl Nitrile from PerfumersWorld,Dipropylene Glycol (DPG) from PerfumersWorld,10.00,
4MA00167,PerfumersWorld,Dupical from PerfumersWorld,dupical,30168-23-1,VERIFIED_MATCH,"Butanal, 4-(octahydro-4,7-methano-5H-inden-5-ylidene)-",30168-23-1,https://pubchem.ncbi.nlm.nih.gov/compound/6438291,1.8200,FALSE,,,,
5MA08874,PerfumersWorld,Dupical 10% in DPG from PerfumersWorld,dupical,"30168-23-1|0.1
25265-71-8|0.9",VERIFIED_MATCH,"Butanal, 4-(octahydro-4,7-methano-5H-inden-5-ylidene)-",30168-23-1,https://pubchem.ncbi.nlm.nih.gov/compound/6438291,0.2600,TRUE,Dupical from PerfumersWorld,Dipropylene Glycol (DPG) from PerfumersWorld,10.00,
4FG07161,PerfumersWorld,Dynascone from PerfumersWorld,dynascone,56973-85-4,VERIFIED_MATCH,"1-(5,5-Dimethylcyclohexen-1-yl)pent-4-en-1-one",56973-85-4,https://pubchem.ncbi.nlm.nih.gov/compound/92606,2.4000,FALSE,,,,
5FG22457,PerfumersWorld,Dynascone 10% in DPG from PerfumersWorld,dynascone,"56973-85-4|0.1
25265-71-8|0.9",VERIFIED_MATCH,"1-(5,5-Dimethylcyclohexen-1-yl)pent-4-en-1-one",56973-85-4,https://pubchem.ncbi.nlm.nih.gov/compound/92606,0.2700,TRUE,Dynascone from PerfumersWorld,Dipropylene Glycol (DPG) from PerfumersWorld,10.00,
6EG18010,PerfumersWorld,E-EDIBLE F-TEC from PerfumersWorld,e-edible,Mixture (Perfume Base),VERIFIED,,,,0.1200,FALSE,,,,
6EG08432,PerfumersWorld,E-Edible Fleuressence from PerfumersWorld,e-edible,Mixture (Perfume Base),VERIFIED,,,,0.2000,FALSE,,,,
4WX07563,PerfumersWorld,Ebanol from PerfumersWorld,ebanol,67801-20-1,VERIFIED_MATCH,Ebanol,67801-20-1,https://pubchem.ncbi.nlm.nih.gov/compound/6437266,0.7600,FALSE,,,,
7QC00902,PerfumersWorld,Elemi Essential Oil from PerfumersWorld,elemi essential oil,8023-89-0,NATURAL_MIXTURE,,8023-89-0,,0.5000,FALSE,,,,
2CQ00168,PerfumersWorld,Elemi Gum from PerfumersWorld,elemi gum,8023-89-0,DATA_GAP_MANUAL_CHECK,,8023-89-0,,0.2700,FALSE,,,,
7PH00170,PerfumersWorld,Estragon Oil from PerfumersWorld,estragon oil,8016-88-4,NATURAL_MIXTURE,,8016-88-4,,1.3000,FALSE,,,,
4FD04118,PerfumersWorld,Ethyl 2-Methylbutyrate from PerfumersWorld,ethyl 2-methylbutyrate,7452-79-1,VERIFIED_MATCH,Ethyl 2-methylbutyrate,7452-79-1,https://pubchem.ncbi.nlm.nih.gov/compound/24020,0.3600,FALSE,,,,
5FD12135,PerfumersWorld,Ethyl 2-Methylbutyrate 10% in DPG from PerfumersWorld,ethyl 2-methylbutyrate,"7452-79-1|0.1
25265-71-8|0.9",VERIFIED_MATCH,Ethyl 2-methylbutyrate,7452-79-1,https://pubchem.ncbi.nlm.nih.gov/compound/24020,0.0700,TRUE,Ethyl 2-Methylbutyrate from PerfumersWorld,Dipropylene Glycol (DPG) from PerfumersWorld,10.00,
9FC01313,PerfumersWorld,Ethyl Acetate from PerfumersWorld,ethyl acetate,141-78-6,VERIFIED_MATCH,Ethyl Acetate,141-78-6,https://pubchem.ncbi.nlm.nih.gov/compound/8857,0.0500,FALSE,,,,
5FC12427,PerfumersWorld,Ethyl Acetate 10% in DPG from PerfumersWorld,ethyl acetate,"141-78-6|0.1
25265-71-8|0.9",VERIFIED_MATCH,Ethyl Acetate,141-78-6,https://pubchem.ncbi.nlm.nih.gov/compound/8857,0.0300,TRUE,Ethyl Acetate from PerfumersWorld,Dipropylene Glycol (DPG) from PerfumersWorld,10.00,
3FG00172,PerfumersWorld,Ethyl Acetoacetate from PerfumersWorld,ethyl acetoacetate,141-97-9,VERIFIED_MATCH,Ethyl Acetoacetate,141-97-9,https://pubchem.ncbi.nlm.nih.gov/compound/8868,0.0800,FALSE,,,,
4FY00173,PerfumersWorld,Ethyl Amyl Ketone from PerfumersWorld,ethyl amyl ketone,106-68-3,VERIFIED_MATCH,3-Octanone,106-68-3,https://pubchem.ncbi.nlm.nih.gov/compound/246728,1.1000,FALSE,,,,
3NF03984,PerfumersWorld,Ethyl Anthranilate from PerfumersWorld,ethyl anthranilate,87-25-2,VERIFIED_MATCH,Ethyl 2-aminobenzoate,87-25-2,https://pubchem.ncbi.nlm.nih.gov/compound/6877,0.3700,FALSE,,,,
3NJ01315,PerfumersWorld,Ethyl Benzoate from PerfumersWorld,ethyl benzoate,93-89-0,VERIFIED_MATCH,Ethyl benzoate,93-89-0,https://pubchem.ncbi.nlm.nih.gov/compound/7165,0.1300,FALSE,,,,
5NJ12470,PerfumersWorld,Ethyl Benzoate 10% in DPG from PerfumersWorld,ethyl benzoate,"93-89-0|0.1
25265-71-8|0.9",VERIFIED_MATCH,Ethyl benzoate,93-89-0,https://pubchem.ncbi.nlm.nih.gov/compound/7165,0.0500,TRUE,Ethyl Benzoate from PerfumersWorld,Dipropylene Glycol (DPG) from PerfumersWorld,10.00,
3FD00174,PerfumersWorld,Ethyl Butyrate from PerfumersWorld,ethyl butyrate,105-54-4,VERIFIED_MATCH,Ethyl butyrate,105-54-4,https://pubchem.ncbi.nlm.nih.gov/compound/7762,0.0800,FALSE,,,,
4FY02024,PerfumersWorld,Ethyl Heptylate from PerfumersWorld,ethyl heptylate,106-30-9,VERIFIED_MATCH,Ethyl Heptanoate,106-30-9,https://pubchem.ncbi.nlm.nih.gov/compound/7797,0.1100,FALSE,,,,
4FD02026,PerfumersWorld,Ethyl Isovalerate from PerfumersWorld,ethyl isovalerate,108-64-5,VERIFIED_MATCH,Ethyl isovalerate,108-64-5,https://pubchem.ncbi.nlm.nih.gov/compound/7945,0.0900,FALSE,,,,
3FD04102,PerfumersWorld,Ethyl Lactate from PerfumersWorld,ethyl lactate,97-64-3,VERIFIED_MATCH,Ethyl Lactate,97-64-3,https://pubchem.ncbi.nlm.nih.gov/compound/7344,0.0900,FALSE,,,,
3FH04104,PerfumersWorld,Ethyl Levulinate from PerfumersWorld,ethyl levulinate,539-88-8,FIXED_FROM_AUDIT,,539-88-8,https://pubchem.ncbi.nlm.nih.gov/compound/10883,0.2200,FALSE,,,,
4LL11499,PerfumersWorld,Ethyl Linalool from PerfumersWorld,ethyl linalool,10339-55-6,VERIFIED_MATCH,Ethyl linalool,10339-55-6,https://pubchem.ncbi.nlm.nih.gov/compound/6433547,0.1900,FALSE,,,,
3LC19147,PerfumersWorld,Ethyl Linalyl Acetate from PerfumersWorld,ethyl linalyl acetate,61931-80-4,VERIFIED_MATCH,"3,7-Dimethylnona-1,6-dien-3-yl acetate",61931-80-4,https://pubchem.ncbi.nlm.nih.gov/compound/43851,0.2800,FALSE,,,,
1VF00175,PerfumersWorld,Ethyl Maltol from PerfumersWorld,ethyl maltol,4940-11-8,VERIFIED_MATCH,Ethyl Maltol,4940-11-8,https://pubchem.ncbi.nlm.nih.gov/compound/21059,0.4800,FALSE,,,,
5VF07861,PerfumersWorld,Ethyl Maltol 1% in DPG from PerfumersWorld,ethyl maltol,"4940-11-8|0.01
25265-71-8|0.99",VERIFIED_MATCH,Ethyl Maltol,4940-11-8,https://pubchem.ncbi.nlm.nih.gov/compound/21059,0.0400,TRUE,Ethyl Maltol from PerfumersWorld,Dipropylene Glycol (DPG) from PerfumersWorld,1.00,
5VF07531,PerfumersWorld,Ethyl Maltol 5% in DPG from PerfumersWorld,ethyl maltol,"4940-11-8|0.05
25265-71-8|0.95",VERIFIED_MATCH,Ethyl Maltol,4940-11-8,https://pubchem.ncbi.nlm.nih.gov/compound/21059,0.0900,TRUE,Ethyl Maltol from PerfumersWorld,Dipropylene Glycol (DPG) from PerfumersWorld,5.00,
3PF02759,PerfumersWorld,Ethyl Phenyl Acetate from PerfumersWorld,ethyl phenyl acetate,101-97-3,VERIFIED_MATCH,Ethyl phenylacetate,101-97-3,https://pubchem.ncbi.nlm.nih.gov/compound/7590,0.2000,FALSE,,,,
5PF07867,PerfumersWorld,Ethyl Phenyl Acetate 10% in DPG from PerfumersWorld,ethyl phenyl acetate,"101-97-3|0.1
25265-71-8|0.9",VERIFIED_MATCH,Ethyl phenylacetate,101-97-3,https://pubchem.ncbi.nlm.nih.gov/compound/7590,0.0700,TRUE,Ethyl Phenyl Acetate from PerfumersWorld,Dipropylene Glycol (DPG) from PerfumersWorld,10.00,
4ES06848,PerfumersWorld,Ethyl Safranate from PerfumersWorld,ethyl safranate,35044-57-6,VERIFIED,"1,3-Cyclohexadiene-1-carboxylic acid, 2,6,6-trimethyl-, ethyl ester",35044-57-6,https://pubchem.ncbi.nlm.nih.gov/compound/118201,1.5700,FALSE,,,,
5ES13018,PerfumersWorld,Ethyl Safranate 10% in DPG from PerfumersWorld,ethyl safranate,"35044-57-6|0.1
25265-71-8|0.9",FORMATTING_FIX,"1,3-Cyclohexadiene-1-carboxylic acid, 2,6,6-trimethyl-, ethyl ester",35044-57-6,https://pubchem.ncbi.nlm.nih.gov/compound/118201,0.2000,TRUE,Ethyl Safranate from PerfumersWorld,Dipropylene Glycol (DPG) from PerfumersWorld,10.00,
3OP01253,PerfumersWorld,Ethyl Salicylate from PerfumersWorld,ethyl salicylate,118-61-6,VERIFIED_MATCH,Ethyl Salicylate,118-61-6,https://pubchem.ncbi.nlm.nih.gov/compound/8365,0.4500,FALSE,,,,
5OP12472,PerfumersWorld,Ethyl Salicylate 10% in DPG from PerfumersWorld,ethyl salicylate,"118-61-6|0.1
25265-71-8|0.9",VERIFIED_MATCH,Ethyl Salicylate,118-61-6,https://pubchem.ncbi.nlm.nih.gov/compound/8365,0.0600,TRUE,Ethyl Salicylate from PerfumersWorld,Dipropylene Glycol (DPG) from PerfumersWorld,10.00,
1VV00179,PerfumersWorld,Ethyl Vanillin from PerfumersWorld,ethyl vanillin,121-32-4,VERIFIED_MATCH,Ethylvanillin,121-32-4,https://pubchem.ncbi.nlm.nih.gov/compound/8467,0.3000,FALSE,,,,
5VV07559,PerfumersWorld,Ethyl Vanillin 10% in DPG from PerfumersWorld,ethyl vanillin,"121-32-4|0.1
25265-71-8|0.9",VERIFIED_MATCH,Ethylvanillin,121-32-4,https://pubchem.ncbi.nlm.nih.gov/compound/8467,0.0700,TRUE,Ethyl Vanillin from PerfumersWorld,Dipropylene Glycol (DPG) from PerfumersWorld,10.00,
3XU00180,PerfumersWorld,Ethylene Brassylate from PerfumersWorld,ethylene brassylate,105-95-3,VERIFIED_MATCH,Ethylene brassylate,105-95-3,https://pubchem.ncbi.nlm.nih.gov/compound/61014,0.2900,FALSE,,,,
3BH00181,PerfumersWorld,Eucalyptol from PerfumersWorld,eucalyptol,470-82-6,VERIFIED_MATCH,"1,8-Cineole",470-82-6,https://pubchem.ncbi.nlm.nih.gov/compound/2758,0.2100,FALSE,,,,
7CC00914,PerfumersWorld,Eucalyptus Citriodora Essential Oil from PerfumersWorld,eucalyptus citriodora essential oil,8000-48-4,NATURAL_MIXTURE,,8000-48-4,,0.2500,FALSE,,,,
6CA07765,PerfumersWorld,Eucalyptus Citriodora Natural Blend from PerfumersWorld,eucalyptus citriodora natural blend,Mixture (Perfume Base),VERIFIED,,,,0.2500,FALSE,,,,
7BH00182,PerfumersWorld,Eucalyptus Globulus Essential Oil from PerfumersWorld,eucalyptus globulus essential oil,8000-48-4,NATURAL_MIXTURE,,8000-48-4,,0.1700,FALSE,,,,
3SP00184,PerfumersWorld,Eugenol from PerfumersWorld,eugenol,97-53-0,VERIFIED_MATCH,Eugenol,97-53-0,https://pubchem.ncbi.nlm.nih.gov/compound/3314,0.2000,FALSE,,,,
1YP00185,PerfumersWorld,Evernyl from PerfumersWorld,evernyl,4707-47-5,VERIFIED_MATCH,Atraric Acid,4707-47-5,https://pubchem.ncbi.nlm.nih.gov/compound/78435,0.5200,FALSE,,,,
5YY07815,PerfumersWorld,Evernyl 10% in DPG from PerfumersWorld,evernyl,"4707-47-5|0.1
25265-71-8|0.9",VERIFIED_MATCH,Atraric Acid,4707-47-5,https://pubchem.ncbi.nlm.nih.gov/compound/78435,0.0900,TRUE,Evernyl from PerfumersWorld,Dipropylene Glycol (DPG) from PerfumersWorld,10.00,
2XX00186,PerfumersWorld,Exaltolide Pentadecanolide from PerfumersWorld,exaltolide pentadecanolide,106-02-5,FIXED_FROM_AUDIT,,106-02-5,https://pubchem.ncbi.nlm.nih.gov/compound/235414,1.1000,FALSE,,,,
5XX07862,PerfumersWorld,Exaltolide Pentadecanolide 10% in DPG from PerfumersWorld,exaltolide pentadecanolide,"106-02-5|0.1
25265-71-8|0.9",FIXED_FROM_AUDIT,,106-02-5,https://pubchem.ncbi.nlm.nih.gov/compound/235414,0.1500,TRUE,Exaltolide Pentadecanolide from PerfumersWorld,Dipropylene Glycol (DPG) from PerfumersWorld,10.00,
5XX08283,PerfumersWorld,Exaltolide Pentadecanolide 50% in DPG from PerfumersWorld,exaltolide pentadecanolide,"106-02-5|0.5
25265-71-8|0.5",FIXED_FROM_AUDIT,,106-02-5,https://pubchem.ncbi.nlm.nih.gov/compound/235414,0.8400,TRUE,Exaltolide Pentadecanolide from PerfumersWorld,Dipropylene Glycol (DPG) from PerfumersWorld,50.00,
6FD10042,PerfumersWorld,F-Fruit Fleuressence from PerfumersWorld,f-fruit,Mixture (Perfume Base),VERIFIED,,,,0.2000,FALSE,,,,
6FD18011,PerfumersWorld,F-FRUITY F-TEC from PerfumersWorld,f-fruity,Mixture (Perfume Base),VERIFIED,,,,0.1200,FALSE,,,,
3LW00187,PerfumersWorld,Farnesol from PerfumersWorld,farnesol,4602-84-0,FIXED_FROM_AUDIT,,4602-84-0,https://pubchem.ncbi.nlm.nih.gov/compound/445070,1.3500,FALSE,,,,
7SB00189,PerfumersWorld,Fennel Sweet Essential Oil from PerfumersWorld,fennel sweet essential oil,8006-84-6,NATURAL_MIXTURE,,8006-84-6,,0.7900,FALSE,,,,
7KG07758,PerfumersWorld,Fir Essential Oil from PerfumersWorld,fir essential oil,8021-28-1,NATURAL_MIXTURE,,8021-28-1,,0.7000,FALSE,,,,
3XU22434,PerfumersWorld,Fixamber from PerfumersWorld,fixamber,144020-22-4,DATA_GAP_MANUAL_CHECK,,144020-22-4,,0.5000,FALSE,,,,
4UY07514,PerfumersWorld,Fixative 505 from PerfumersWorld,fixative 505,Mixture,VERIFIED,,,,2.3000,FALSE,,,,
5UY10543,PerfumersWorld,Fixative 505 1% in DPG from PerfumersWorld,fixative 505,Mixture,VERIFIED,,,,0.1000,TRUE,Fixative 505 from PerfumersWorld,Dipropylene Glycol (DPG) from PerfumersWorld,1.00,
5UY07860,PerfumersWorld,Fixative 505 10% in DPG from PerfumersWorld,fixative 505,Mixture,VERIFIED,,,,0.2600,TRUE,Fixative 505 from PerfumersWorld,Dipropylene Glycol (DPG) from PerfumersWorld,10.00,
3MX07491,PerfumersWorld,Fixetal from PerfumersWorld,fixetal,Mixture,VERIFIED,,,,0.1600,FALSE,,,,
6ML12398,PerfumersWorld,Fleurissimo Blender Fleuressence from PerfumersWorld,fleurissimo blender,Mixture (Perfume Base),VERIFIED,,,,0.1800,FALSE,,,,
6ML18412,PerfumersWorld,FLEURISSIMO F-TEC from PerfumersWorld,fleurissimo,Mixture (Perfume Base),VERIFIED,,,,0.1700,FALSE,,,,
4YM00191,PerfumersWorld,Floralozone from PerfumersWorld,floralozone,67634-15-5,FIXED_FROM_AUDIT,"Ethyl 2,2-dimethylhydrocinnamal",67634-15-5,https://pubchem.ncbi.nlm.nih.gov/compound/105513,0.2200,FALSE,,,,
3ML00192,PerfumersWorld,Florol from PerfumersWorld,florol,63500-71-0,VERIFIED_MATCH,Tetrahydro-4-methyl-2-(2-methylpropyl)-2H-pyran-4-ol,63500-71-0,https://pubchem.ncbi.nlm.nih.gov/compound/3017432,0.1000,FALSE,,,,
6JV18248,PerfumersWorld,FLOWER BOUQUET F-TEC from PerfumersWorld,flower bouquet,Mixture (Perfume Base),VERIFIED,,,,0.1600,FALSE,,,,
6JV10408,PerfumersWorld,Flower Bouquet Fleuressence from PerfumersWorld,flower bouquet,Mixture (Perfume Base),VERIFIED,,,,0.2000,FALSE,,,,
6YG18317,PerfumersWorld,FOUGERE VERT F-TEC from PerfumersWorld,fougere vert,Mixture (Perfume Base),VERIFIED,,,,0.2200,FALSE,,,,
6YG10384,PerfumersWorld,Fougere Vert Fleuressence from PerfumersWorld,fougere vert,Mixture (Perfume Base),VERIFIED,,,,0.2100,FALSE,,,,
6EJ18929,PerfumersWorld,FRAGRANT RICE F-TEC from PerfumersWorld,fragrant rice,Mixture (Perfume Base),VERIFIED,,,,0.1200,FALSE,,,,
6EJ20524,PerfumersWorld,Fragrant Rice Fleuressence from PerfumersWorld,fragrant rice,Mixture (Perfume Base),VERIFIED,,,,0.2000,FALSE,,,,
8ON00534,PerfumersWorld,Frangipani Absolute from PerfumersWorld,frangipani absolute,94350-02-4,NATURAL_MIXTURE,,94350-02-4,,13.0200,FALSE,,,,
5ON09236,PerfumersWorld,Frangipani Absolute 10% in DPG from PerfumersWorld,frangipani absolute,"223748-06-9|0.1
25265-71-8|0.9",NATURAL_MIXTURE,,223748-06-9,,2.0200,TRUE,Frangipani Absolute from PerfumersWorld,Dipropylene Glycol (DPG) from PerfumersWorld,10.00,
6ON18794,PerfumersWorld,FRANGIPANI F-TEC from PerfumersWorld,frangipani,Mixture (Perfume Base),VERIFIED,,,,0.1700,FALSE,,,,
6ON09090,PerfumersWorld,Frangipani Fleuressence from PerfumersWorld,frangipani,Mixture (Perfume Base),VERIFIED,,,,0.1900,FALSE,,,,
6QK19340,PerfumersWorld,FRANKINCENSE F-TEC from PerfumersWorld,frankincense,Mixture (Perfume Base),VERIFIED,,,,0.4900,FALSE,,,,
6QC09083,PerfumersWorld,Frankincense Fleuressence from PerfumersWorld,frankincense,Mixture (Perfume Base),VERIFIED,,,,0.4600,FALSE,,,,
6LF18321,PerfumersWorld,FREESIA F-TEC from PerfumersWorld,freesia,Mixture (Perfume Base),VERIFIED,,,,0.1500,FALSE,,,,
6LF09041,PerfumersWorld,Freesia Fleuressence from PerfumersWorld,freesia,Mixture (Perfume Base),VERIFIED,,,,0.1400,FALSE,,,,
6LC07501,PerfumersWorld,Freesia HDL from PerfumersWorld,freesia hdl,Mixture (Perfume Base),VERIFIED,,,,0.1400,FALSE,,,,
6FB07709,PerfumersWorld,Fresh Blackcurrant Leaf from PerfumersWorld,fresh blackcurrant leaf,Mixture (Perfume Base),VERIFIED,,,,0.6200,FALSE,,,,
6LF18323,PerfumersWorld,FRESH BLENDER F-TEC from PerfumersWorld,fresh blender,Mixture (Perfume Base),VERIFIED,,,,0.1200,FALSE,,,,
6LF09429,PerfumersWorld,Fresh Blender Fleuressence from PerfumersWorld,fresh blender,Mixture (Perfume Base),VERIFIED,,,,0.3200,FALSE,,,,
3FG00196,PerfumersWorld,Fructone B from PerfumersWorld,fructone b,6290-17-1,FIXED_FROM_AUDIT,,6290-17-1,https://pubchem.ncbi.nlm.nih.gov/compound/95392,0.1400,FALSE,,,,
6IF18246,PerfumersWorld,FRUITY IONONE F-TEC from PerfumersWorld,fruity ionone,Mixture (Perfume Base),VERIFIED,,,,0.1800,FALSE,,,,
6JF09428,PerfumersWorld,Fruity Jasmine Fleuressence from PerfumersWorld,fruity jasmine,Mixture (Perfume Base),VERIFIED,,,,0.2000,FALSE,,,,
5VE09272,PerfumersWorld,Furaneol 10% in PG from PerfumersWorld,furaneol,3658-77-3|0.1,VERIFIED_MATCH,Furaneol,3658-77-3,https://pubchem.ncbi.nlm.nih.gov/compound/19309,0.2000,TRUE,Furaneol from PerfumersWorld,Propylene Glycol (PG) from PerfumersWorld,10.00,
6GG18012,PerfumersWorld,G-GREEN F-TEC from PerfumersWorld,g-green,Mixture (Perfume Base),VERIFIED,,,,0.1800,FALSE,,,,
6GG07716,PerfumersWorld,G-Green Fleuressence from PerfumersWorld,g-green,Mixture (Perfume Base),VERIFIED,,,,0.2000,FALSE,,,,
7SH00198,PerfumersWorld,Galanga Root Essential Oil from PerfumersWorld,galanga root essential oil,8024-40-6,NATURAL_MIXTURE,,8024-40-6,,2.5000,FALSE,,,,
4XA13770,PerfumersWorld,Galaxolide 100 (Undiluted) from PerfumersWorld,galaxolide 100,1222-05-5,VERIFIED_MATCH,Galaxolide,1222-05-5,https://pubchem.ncbi.nlm.nih.gov/compound/91497,0.1500,FALSE,,,,
3XA00199,PerfumersWorld,Galaxolide 50 DEP from PerfumersWorld,galaxolide 50 dep,1222-05-5,VERIFIED_MATCH,Galaxolide,1222-05-5,https://pubchem.ncbi.nlm.nih.gov/compound/91497,0.1000,FALSE,,,,
3XA10721,PerfumersWorld,Galaxolide 50 DPG from PerfumersWorld,galaxolide 50 dpg,1222-05-5,VERIFIED_MATCH,Galaxolide,1222-05-5,https://pubchem.ncbi.nlm.nih.gov/compound/91497,0.1000,FALSE,,,,
7GQ00200,PerfumersWorld,Galbanum Essential Oil from PerfumersWorld,galbanum essential oil,8023-91-4,NATURAL_MIXTURE,,8023-91-4,,2.6500,FALSE,,,,
7GQ10557,PerfumersWorld,Galbanum Essential Oil 10% in DPG from PerfumersWorld,galbanum essential oil,"8023-91-4|0.1
25265-71-8|0.9",NATURAL_MIXTURE,,8023-91-4,,0.3000,TRUE,Galbanum Essential Oil from PerfumersWorld,Dipropylene Glycol (DPG) from PerfumersWorld,10.00,
6GQ18226,PerfumersWorld,GALBANUM F-TEC from PerfumersWorld,galbanum,Mixture (Perfume Base),VERIFIED,,,,0.5000,FALSE,,,,
6GQ09095,PerfumersWorld,Galbanum Fleuressence from PerfumersWorld,galbanum,Mixture (Perfume Base),VERIFIED,,,,0.4500,FALSE,,,,
2GQ01781,PerfumersWorld,Galbanum Resinoid from PerfumersWorld,galbanum resinoid,9000-24-2,VERIFIED_MATCH,Ferula galbaniflua resin,9000-24-2,https://pubchem.ncbi.nlm.nih.gov/compound/131750174,1.5200,FALSE,,,,
5GQ08833,PerfumersWorld,Galbanum Resinoid 10% in DPG from PerfumersWorld,galbanum resinoid,"9000-24-2|0.1
25265-71-8|0.9",VERIFIED_MATCH,Ferula galbaniflua resin,9000-24-2,https://pubchem.ncbi.nlm.nih.gov/compound/131750174,0.2000,TRUE,Galbanum Resinoid from PerfumersWorld,Dipropylene Glycol (DPG) from PerfumersWorld,10.00,
5GQ18775,PerfumersWorld,Galbanum Resinoid 10% in TEC from PerfumersWorld,galbanum resinoid,"9000-24-2|0.1
77-93-0|0.9",VERIFIED_MATCH,Ferula galbaniflua resin,9000-24-2,https://pubchem.ncbi.nlm.nih.gov/compound/131750174,0.2300,TRUE,Galbanum Resinoid from PerfumersWorld,Triethyl Citrate (TEC) from PerfumersWorld,10.00,
5GQ13590,PerfumersWorld,Galbanum Resinoid 50% in DEP from PerfumersWorld,galbanum resinoid,"9000-24-2|0.5
84-66-2|0.5",VERIFIED_MATCH,Ferula galbaniflua resin,9000-24-2,https://pubchem.ncbi.nlm.nih.gov/compound/131750174,1.2500,TRUE,Galbanum Resinoid from PerfumersWorld,Diethyl Phthalate (DEP) from PerfumersWorld,50.00,
5GQ07827,PerfumersWorld,Galbanum Resinoid 50% in DPG from PerfumersWorld,galbanum resinoid,"9000-24-2|0.5
25265-71-8|0.5",VERIFIED_MATCH,Ferula galbaniflua resin,9000-24-2,https://pubchem.ncbi.nlm.nih.gov/compound/131750174,1.2500,TRUE,Galbanum Resinoid from PerfumersWorld,Dipropylene Glycol (DPG) from PerfumersWorld,50.00,
3GF19243,PerfumersWorld,Galbex183 from PerfumersWorld,galbex183,106-24-1,FIXED_FROM_AUDIT,,106-24-1,https://pubchem.ncbi.nlm.nih.gov/compound/637566,1.0000,FALSE,,,,
4DD01639,PerfumersWorld,Gamma Decalactone from PerfumersWorld,gamma decalactone,706-14-9,VERIFIED_MATCH,Gamma-Decalactone,706-14-9,https://pubchem.ncbi.nlm.nih.gov/compound/12813,0.1200,FALSE,,,,
5DD07874,PerfumersWorld,Gamma Decalactone 10% in DPG from PerfumersWorld,gamma decalactone,"706-14-9|0.1
25265-71-8|0.9",VERIFIED_MATCH,Gamma-Decalactone,706-14-9,https://pubchem.ncbi.nlm.nih.gov/compound/12813,0.1100,TRUE,Gamma Decalactone from PerfumersWorld,Dipropylene Glycol (DPG) from PerfumersWorld,10.00,
4DF00164,PerfumersWorld,Gamma Dodecalactone from PerfumersWorld,gamma dodecalactone,2305-05-7,VERIFIED_MATCH,Gamma-Dodecalactone,2305-05-7,https://pubchem.ncbi.nlm.nih.gov/compound/16821,0.8500,FALSE,,,,
4DD00331,PerfumersWorld,Gamma Octalactone from PerfumersWorld,gamma octalactone,104-50-7,VERIFIED_MATCH,gamma-Octalactone,104-50-7,https://pubchem.ncbi.nlm.nih.gov/compound/7704,0.4700,FALSE,,,,
5DV08651,PerfumersWorld,Gamma Octalactone 10% in DPG from PerfumersWorld,gamma octalactone,"104-50-7|0.1
25265-71-8|0.9",VERIFIED_MATCH,gamma-Octalactone,104-50-7,https://pubchem.ncbi.nlm.nih.gov/compound/7704,0.0800,TRUE,Gamma Octalactone from PerfumersWorld,Dipropylene Glycol (DPG) from PerfumersWorld,10.00,
6ND18759,PerfumersWorld,GARDENIA F-TEC from PerfumersWorld,gardenia,Mixture (Perfume Base),VERIFIED,,,,0.1800,FALSE,,,,
6ND09094,PerfumersWorld,Gardenia Fleuressence from PerfumersWorld,gardenia,Mixture (Perfume Base),VERIFIED,,,,0.2000,FALSE,,,,
5YW13682,PerfumersWorld,Geosmin 1% in DPG from PerfumersWorld,geosmin,"23333-91-7|0.01
25265-71-8|0.99",VERIFIED_MATCH,"Octahydro-4,8a-dimethyl-4a(2H)-naphthol",23333-91-7,https://pubchem.ncbi.nlm.nih.gov/compound/1213,1.3900,TRUE,Geosmin from PerfumersWorld,Dipropylene Glycol (DPG) from PerfumersWorld,1.00,
5YW18061,PerfumersWorld,Geosmin 1% in TEC from PerfumersWorld,geosmin,"23333-91-7|0.01
77-93-0|0.99",VERIFIED_MATCH,"Octahydro-4,8a-dimethyl-4a(2H)-naphthol",23333-91-7,https://pubchem.ncbi.nlm.nih.gov/compound/1213,1.4200,TRUE,Geosmin from PerfumersWorld,Triethyl Citrate (TEC) from PerfumersWorld,1.00,
3RL00204,PerfumersWorld,Geraniol from PerfumersWorld,geraniol,106-24-1,VERIFIED_MATCH,Geraniol,106-24-1,https://pubchem.ncbi.nlm.nih.gov/compound/637566,0.1200,FALSE,,,,
7RB00930,PerfumersWorld,Geranium Bourbon Essential Oil from PerfumersWorld,geranium bourbon essential oil,8000-46-2,NATURAL_MIXTURE,,8000-46-2,,1.3800,FALSE,,,,
7RB00205,PerfumersWorld,Geranium Essential Oil from PerfumersWorld,geranium essential oil,8000-46-2,NATURAL_MIXTURE,,8000-46-2,,0.6200,FALSE,,,,
6RB18440,PerfumersWorld,GERANIUM F-TEC from PerfumersWorld,geranium,Mixture (Perfume Base),FIXED_FROM_AUDIT,Rhodinol,6812-78-8,https://pubchem.ncbi.nlm.nih.gov/compound/81263,0.3000,FALSE,,,,
6RB07924,PerfumersWorld,Geranium Fleuressence from PerfumersWorld,geranium,Mixture (Perfume Base),FIXED_FROM_AUDIT,Rhodinol,6812-78-8,https://pubchem.ncbi.nlm.nih.gov/compound/81263,0.2800,FALSE,,,,
7RB00837,PerfumersWorld,Geranium Oil Egypt from PerfumersWorld,geranium oil egypt,8000-46-2,NATURAL_MIXTURE,,8000-46-2,,0.5000,FALSE,,,,
3RL00206,PerfumersWorld,Geranyl Acetate from PerfumersWorld,geranyl acetate,105-87-3,VERIFIED_MATCH,Geranyl Acetate,105-87-3,https://pubchem.ncbi.nlm.nih.gov/compound/1549026,0.2000,FALSE,,,,
4RD00207,PerfumersWorld,Geranyl Butyrate from PerfumersWorld,geranyl butyrate,106-29-6,VERIFIED_MATCH,Geranyl butyrate,106-29-6,https://pubchem.ncbi.nlm.nih.gov/compound/5355856,0.8100,FALSE,,,,
4RW00208,PerfumersWorld,Geranyl Formate from PerfumersWorld,geranyl formate,105-86-2,VERIFIED_MATCH,Geranyl formate,105-86-2,https://pubchem.ncbi.nlm.nih.gov/compound/5282109,0.3000,FALSE,,,,
3RP04262,PerfumersWorld,Geranyl Phenylacetate from PerfumersWorld,geranyl phenylacetate,102-22-7,VERIFIED_MATCH,Geranyl phenylacetate,102-22-7,https://pubchem.ncbi.nlm.nih.gov/compound/5366044,1.9000,FALSE,,,,
7SC00209,PerfumersWorld,Ginger Essential Oil from PerfumersWorld,ginger essential oil,84696-15-1,NATURAL_MIXTURE,,84696-15-1,,0.6000,FALSE,,,,
6SC18559,PerfumersWorld,GINGER F-TEC from PerfumersWorld,ginger,Mixture (Perfume Base),VERIFIED,,,,0.1800,FALSE,,,,
6SC12414,PerfumersWorld,Ginger Fleuressence from PerfumersWorld,ginger,Mixture (Perfume Base),VERIFIED,,,,0.3000,FALSE,,,,
4RF06840,PerfumersWorld,Givescone from PerfumersWorld,givescone,57934-97-1,VERIFIED_MATCH,"Ethyl 2-ethyl-6,6-dimethylcyclohex-2-ene-1-carboxylate",57934-97-1,https://pubchem.ncbi.nlm.nih.gov/compound/93847,1.5700,FALSE,,,,
3MW11714,PerfumersWorld,Glycolierral from PerfumersWorld,glycolierral,68901-32-6,VERIFIED_MATCH,"1,3-Dioxolane, 2-[6-methyl-8-(1-methylethyl)bicyclo[2.2.2]oct-5-en-2-yl]-",68901-32-6,https://pubchem.ncbi.nlm.nih.gov/compound/111418,0.5900,FALSE,,,,
6VF18896,PerfumersWorld,GOURMANDE F-TEC from PerfumersWorld,gourmande,Mixture (Perfume Base),VERIFIED,,,,0.1600,FALSE,,,,
6VF12416,PerfumersWorld,Gourmande Fleuressence from PerfumersWorld,gourmande,Mixture (Perfume Base),VERIFIED,,,,0.2200,FALSE,,,,
6FN18883,PerfumersWorld,GRAPE F-TEC from PerfumersWorld,grape,Mixture (Perfume Base),VERIFIED,,,,0.1800,FALSE,,,,
6FN09097,PerfumersWorld,Grape Fleuressence from PerfumersWorld,grape,Mixture (Perfume Base),VERIFIED,,,,0.1400,FALSE,,,,
6CA18126,PerfumersWorld,GRAPEFRUIT F-TEC from PerfumersWorld,grapefruit,Mixture (Perfume Base),VERIFIED,,,,0.2000,FALSE,,,,
7CA24030,PerfumersWorld,Grapefruit FCF oil Sicilian from PerfumersWorld,grapefruit fcf oil sicilian,68917-32-8,NATURAL_MIXTURE,,68917-32-8,,0.1800,FALSE,,,,
6CN12394,PerfumersWorld,Grapefruit Fleuressence from PerfumersWorld,grapefruit,Mixture (Perfume Base),VERIFIED,,,,0.2500,FALSE,,,,
7CN00210,PerfumersWorld,Grapefruit Pink Essential Oil from PerfumersWorld,grapefruit pink essential oil,8016-20-4,NATURAL_MIXTURE,,8016-20-4,,0.3900,FALSE,,,,
7CA00868,PerfumersWorld,Grapefruit White Essential Oil from PerfumersWorld,grapefruit white essential oil,8016-20-4,NATURAL_MIXTURE,,8016-20-4,,0.6800,FALSE,,,,
7CA24033,PerfumersWorld,Grapefruit White oil Sicilian from PerfumersWorld,grapefruit white oil sicilian,8016-20-4,NATURAL_MIXTURE,,8016-20-4,,0.2000,FALSE,,,,
6AG18116,PerfumersWorld,GREEN ALDEHYDE F-TEC from PerfumersWorld,green aldehyde,Mixture (Perfume Base),VERIFIED,,,,0.1600,FALSE,,,,
6AG09015,PerfumersWorld,Green Aldehyde Fleuressence from PerfumersWorld,green aldehyde,Mixture (Perfume Base),VERIFIED,,,,0.2400,FALSE,,,,
8KG23405,PerfumersWorld,Green pine absolute from PerfumersWorld,green pine absolute,8000-26-8,NATURAL_MIXTURE,,8000-26-8,,2.2000,FALSE,,,,
5KG23683,PerfumersWorld,Green Pine Absolute 10% in DPG from PerfumersWorld,green pine absolute,"8000-26-8|0.1
25265-71-8|0.9",NATURAL_MIXTURE,,8000-26-8,,0.2500,TRUE,Green Pine Absolute from PerfumersWorld,Dipropylene Glycol (DPG) from PerfumersWorld,10.00,
6KG18320,PerfumersWorld,GREEN PINE F-TEC from PerfumersWorld,green pine,Mixture (Perfume Base),VERIFIED,,,,0.2000,FALSE,,,,
6KG08506,PerfumersWorld,Green Pine Fleuressence from PerfumersWorld,green pine,Mixture (Perfume Base),VERIFIED,,,,0.2000,FALSE,,,,
6EG18166,PerfumersWorld,GREEN TEA F-TEC from PerfumersWorld,green tea,Mixture (Perfume Base),VERIFIED,,,,0.2500,FALSE,,,,
6EG12402,PerfumersWorld,Green Tea Fleuressence from PerfumersWorld,green tea,Mixture (Perfume Base),VERIFIED,,,,0.2500,FALSE,,,,
9PT00213,PerfumersWorld,Guaiacol from PerfumersWorld,guaiacol,90-05-1,VERIFIED_MATCH,Guaiacol,90-05-1,https://pubchem.ncbi.nlm.nih.gov/compound/460,0.1900,FALSE,,,,
5PT18969,PerfumersWorld,Guaiacol 1% in TEC from PerfumersWorld,guaiacol,"90-05-1|0.01
77-93-0|0.99",VERIFIED_MATCH,Guaiacol,90-05-1,https://pubchem.ncbi.nlm.nih.gov/compound/460,0.0500,TRUE,Guaiacol from PerfumersWorld,Triethyl Citrate (TEC) from PerfumersWorld,1.00,
5PT07645,PerfumersWorld,Guaiacol 10% in DPG from PerfumersWorld,guaiacol,"90-05-1|0.1
25265-71-8|0.9",VERIFIED_MATCH,Guaiacol,90-05-1,https://pubchem.ncbi.nlm.nih.gov/compound/460,0.1000,TRUE,Guaiacol from PerfumersWorld,Dipropylene Glycol (DPG) from PerfumersWorld,10.00,
3RW04286,PerfumersWorld,Guaiyl Acetate from PerfumersWorld,guaiyl acetate,134-28-1,VERIFIED_MATCH,Guaiyl acetate,134-28-1,https://pubchem.ncbi.nlm.nih.gov/compound/240122,0.9500,FALSE,,,,
7WS13096,PerfumersWorld,Guava Leaf Essential Oil from PerfumersWorld,guava leaf essential oil,91770-12-6,NATURAL_MIXTURE,,91770-12-6,,1.4500,FALSE,,,,
6HL18013,PerfumersWorld,H-HERB F-TEC from PerfumersWorld,h-herb,Mixture (Perfume Base),VERIFIED,,,,0.2600,FALSE,,,,
6HL11969,PerfumersWorld,H-Herb Fleuressence from PerfumersWorld,h-herb,Mixture (Perfume Base),VERIFIED,,,,0.2900,FALSE,,,,
3XA09821,PerfumersWorld,Habanolide from PerfumersWorld,habanolide,111879-80-2,VERIFIED,"Oxacyclohexadecen-2-one, (12E)-",111879-80-2,https://pubchem.ncbi.nlm.nih.gov/compound/9856149,0.4500,FALSE,,,,
8NY00523,PerfumersWorld,Hay Absolute from PerfumersWorld,hay absolute,8031-00-3,NATURAL_MIXTURE,,8031-00-3,,4.4000,FALSE,,,,
5NY12745,PerfumersWorld,Hay Absolute 10% in DPG from PerfumersWorld,hay absolute,"8031-00-3|0.1
25265-71-8|0.9",NATURAL_MIXTURE,,8031-00-3,,0.4100,TRUE,Hay Absolute from PerfumersWorld,Dipropylene Glycol (DPG) from PerfumersWorld,10.00,
3JJ00218,PerfumersWorld,Hedione from PerfumersWorld,hedione,24851-98-7,VERIFIED_MATCH,Hedione,24851-98-7,https://pubchem.ncbi.nlm.nih.gov/compound/102861,0.1500,FALSE,,,,
4JJ10013,PerfumersWorld,Hedione High Cis from PerfumersWorld,hedione high cis,24851-98-7,VERIFIED_MATCH,Hedione,24851-98-7,https://pubchem.ncbi.nlm.nih.gov/compound/102861,1.0000,FALSE,,,,
5JJ21775,PerfumersWorld,Hedione High Cis 10% in TEC from PerfumersWorld,hedione high cis,"24851-98-7|0.1
77-93-0|0.9",FORMATTING_FIX,,24851-98-7,,0.1300,TRUE,Hedione High Cis from PerfumersWorld,Triethyl Citrate (TEC) from PerfumersWorld,10.00,
3GM00219,PerfumersWorld,Helional from PerfumersWorld,helional,1205-17-0,VERIFIED_MATCH,"3-(3,4-Methylenedioxyphenyl)-2-methylpropanal",1205-17-0,https://pubchem.ncbi.nlm.nih.gov/compound/64805,0.2900,FALSE,,,,
6VN21924,PerfumersWorld,HELIOTROPAL from PerfumersWorld,heliotropal,Mixture (Perfume Base),VERIFIED,,,,0.3900,FALSE,,,,
6VN21659,PerfumersWorld,Heliotrope Base - Heliotropin Replacement from PerfumersWorld,heliotrope  - heliotropin replacement,Mixture (Perfume Base),VERIFIED,,,,0.5000,FALSE,,,,
6VN18501,PerfumersWorld,HELIOTROPE F-TEC from PerfumersWorld,heliotrope,Mixture (Perfume Base),VERIFIED,,,,0.2500,FALSE,,,,
6VN09081,PerfumersWorld,Heliotrope Fleuressence from PerfumersWorld,heliotrope,Mixture (Perfume Base),VERIFIED,Piperonal,,https://pubchem.ncbi.nlm.nih.gov/compound/8438,0.2000,FALSE,,,,
3XD17215,PerfumersWorld,Helvetolide from PerfumersWorld,helvetolide,141773-73-1,VERIFIED_MATCH,"1-Propanol, 2-(1-(3,3-dimethylcyclohexyl)ethoxy)-2-methyl-, 1-propanoate",141773-73-1,https://pubchem.ncbi.nlm.nih.gov/compound/16063567,1.9000,FALSE,,,,
2QZ00223,PerfumersWorld,Hercolyn D from PerfumersWorld,hercolyn d,8050-15-5,DATA_GAP_MANUAL_CHECK,,8050-15-5,,0.1000,FALSE,,,,
4DH02050,PerfumersWorld,Hexanlactone-gamma from PerfumersWorld,hexanlactone-gamma,695-06-7,VERIFIED_MATCH,gamma-Hexalactone,695-06-7,https://pubchem.ncbi.nlm.nih.gov/compound/12756,0.7200,FALSE,,,,
4FG13385,PerfumersWorld,Hexanoic Acid from PerfumersWorld,hexanoic acid,142-62-1,VERIFIED_MATCH,Hexanoic Acid,142-62-1,https://pubchem.ncbi.nlm.nih.gov/compound/8892,0.1000,FALSE,,,,
4FG04398,PerfumersWorld,Hexanol from PerfumersWorld,hexanol,111-27-3,VERIFIED_MATCH,1-Hexanol,111-27-3,https://pubchem.ncbi.nlm.nih.gov/compound/8103,0.2000,FALSE,,,,
4FG01284,PerfumersWorld,Hexyl Acetate from PerfumersWorld,hexyl acetate,142-92-7,VERIFIED_MATCH,Hexyl acetate,142-92-7,https://pubchem.ncbi.nlm.nih.gov/compound/8908,0.1200,FALSE,,,,
3JJ00217,PerfumersWorld,Hexyl Cinnamic Aldehyde (HCA) from PerfumersWorld,hexyl cinnamic aldehyde,101-86-0,FIXED_FROM_AUDIT,,101-86-0,https://pubchem.ncbi.nlm.nih.gov/compound/1550884,0.1000,FALSE,,,,
3OG00230,PerfumersWorld,Hexyl Salicylate from PerfumersWorld,hexyl salicylate,6259-76-3,VERIFIED_MATCH,Hexyl Salicylate,6259-76-3,https://pubchem.ncbi.nlm.nih.gov/compound/22629,0.0900,FALSE,,,,
4WX24656,PerfumersWorld,Hindinol from PerfumersWorld,hindinol,28219-60-5,VERIFIED,,28219-60-5,,0.3900,FALSE,,,,
7LB07762,PerfumersWorld,Ho Essential Oil from PerfumersWorld,ho essential oil,8022-91-1,NATURAL_MIXTURE,,8022-91-1,,0.2900,FALSE,,,,
7HS08359,PerfumersWorld,Holy Basil Essential Oil from PerfumersWorld,holy basil essential oil,91845-35-1,NATURAL_MIXTURE,,91845-35-1,,0.8400,FALSE,,,,
6PF18597,PerfumersWorld,HONEY F-TEC from PerfumersWorld,honey,Mixture (Perfume Base),VERIFIED,,,,0.1500,FALSE,,,,
6PF08147,PerfumersWorld,Honey Fleuressence from PerfumersWorld,honey,Mixture (Perfume Base),VERIFIED,,,,0.2000,FALSE,,,,
4GN00231,PerfumersWorld,Hyacinth Body from PerfumersWorld,hyacinth body,Mixture,VERIFIED_MATCH,"Benzene, (2-(1-ethoxyethoxy)ethyl)-",,https://pubchem.ncbi.nlm.nih.gov/compound/102849,0.6000,FALSE,,,,
5GN08474,PerfumersWorld,Hyacinth Body 10% in DPG from PerfumersWorld,hyacinth body,"2556-10-7|0.1
25265-71-8|0.9",VERIFIED_MATCH,"Benzene, (2-(1-ethoxyethoxy)ethyl)-",2556-10-7,https://pubchem.ncbi.nlm.nih.gov/compound/102849,0.1100,TRUE,Hyacinth Body from PerfumersWorld,Dipropylene Glycol (DPG) from PerfumersWorld,10.00,
6GN18227,PerfumersWorld,HYACINTH F-TEC from PerfumersWorld,hyacinth,Mixture (Perfume Base),FIXED_FROM_AUDIT,"Silicic acid, zirconium(4+) salt",1344-21-4,https://pubchem.ncbi.nlm.nih.gov/compound/61775,0.2500,FALSE,,,,
6GN09131,PerfumersWorld,Hyacinth Fleuressence from PerfumersWorld,hyacinth,Mixture (Perfume Base),FIXED_FROM_AUDIT,"Silicic acid, zirconium(4+) salt",1344-21-4,https://pubchem.ncbi.nlm.nih.gov/compound/61775,0.2200,FALSE,,,,
4GM00232,PerfumersWorld,Hydratropic Aldehyde from PerfumersWorld,hydratropic aldehyde,93-53-8,VERIFIED_MATCH,2-Phenylpropanal,93-53-8,https://pubchem.ncbi.nlm.nih.gov/compound/7146,0.3000,FALSE,,,,
3MC00233,PerfumersWorld,Hydroxycitronellal from PerfumersWorld,hydroxycitronellal,107-75-5,VERIFIED_MATCH,Hydroxycitronellal,107-75-5,https://pubchem.ncbi.nlm.nih.gov/compound/7888,0.2300,FALSE,,,,
7HS00870,PerfumersWorld,Hyssop Essential Oil from PerfumersWorld,hyssop essential oil,8006-83-5,NATURAL_MIXTURE,,8006-83-5,,1.7700,FALSE,,,,
6IA18014,PerfumersWorld,I-IRIS F-TEC from PerfumersWorld,i-iris,Mixture (Perfume Base),VERIFIED,,,,0.1800,FALSE,,,,
6IA09182,PerfumersWorld,I-Iris Fleuressence from PerfumersWorld,i-iris,Mixture (Perfume Base),VERIFIED,,,,0.2000,FALSE,,,,
8NY23449,PerfumersWorld,Immortelle Absolute from PerfumersWorld,immortelle absolute,8023-95-8,NATURAL_MIXTURE,,8023-95-8,,4.8000,FALSE,,,,
5NY23688,PerfumersWorld,Immortelle Absolute 10% in DPG from PerfumersWorld,immortelle absolute,"8023-95-8|0.1
25265-71-8|0.9",NATURAL_MIXTURE,,8023-95-8,,0.5200,TRUE,Immortelle Absolute from PerfumersWorld,Dipropylene Glycol (DPG) from PerfumersWorld,10.00,
3WX10767,PerfumersWorld,Indisan from PerfumersWorld,indisan,80748-58-9,VERIFIED_MATCH,"Cyclohexanol, (2,2,3-trimethylnorbornanyl)-(mixed isomers)",80748-58-9,https://pubchem.ncbi.nlm.nih.gov/compound/17824126,0.1200,FALSE,,,,
6UN22430,PerfumersWorld,Indocolore from PerfumersWorld,indocolore,Mixture (Perfume Base),VERIFIED,1-Phenylethenyl acetate,,https://pubchem.ncbi.nlm.nih.gov/compound/75153,1.6000,FALSE,,,,
6UN22737,PerfumersWorld,Indofleur ND from PerfumersWorld,indofleur nd,Mixture (Perfume Base),VERIFIED,,,,0.2000,FALSE,,,,
9UN00235,PerfumersWorld,Indole from PerfumersWorld,indole,120-72-9,VERIFIED_MATCH,Indole,120-72-9,https://pubchem.ncbi.nlm.nih.gov/compound/798,0.3600,FALSE,,,,
5UN07558,PerfumersWorld,Indole 10% in DPG from PerfumersWorld,indole,"120-72-9|0.1
25265-71-8|0.9",VERIFIED_MATCH,Indole,120-72-9,https://pubchem.ncbi.nlm.nih.gov/compound/798,0.1000,TRUE,Indole from PerfumersWorld,Dipropylene Glycol (DPG) from PerfumersWorld,10.00,
4NU04558,PerfumersWorld,Indolene from PerfumersWorld,indolene,68527-79-7,VERIFIED_MATCH,"7-Octen-2-ol, 8-(1H-indol-1-yl)-2,6-dimethyl-",68527-79-7,https://pubchem.ncbi.nlm.nih.gov/compound/3033452,0.5200,FALSE,,,,
5NU07552,PerfumersWorld,Indolene 10% in DPG from PerfumersWorld,indolene,"68527-79-7|0.1
25265-71-8|0.9",VERIFIED_MATCH,"7-Octen-2-ol, 8-(1H-indol-1-yl)-2,6-dimethyl-",68527-79-7,https://pubchem.ncbi.nlm.nih.gov/compound/3033452,0.0800,TRUE,Indolene from PerfumersWorld,Dipropylene Glycol (DPG) from PerfumersWorld,10.00,
6NU23529,PerfumersWorld,Indolene ND Replacer from PerfumersWorld,indolene nd,Mixture (Perfume Base),VERIFIED,,,,0.1300,FALSE,,,,
6IF08388,PerfumersWorld,Ionone Fruity Fleuressence from PerfumersWorld,ionone fruity,Mixture (Perfume Base),VERIFIED,,,,0.2100,FALSE,,,,
3IA06874,PerfumersWorld,Irotyl from PerfumersWorld,irotyl,2983-37-1,FIXED_FROM_AUDIT,,2983-37-1,https://pubchem.ncbi.nlm.nih.gov/compound/102916,0.6000,FALSE,,,,
3WY00244,PerfumersWorld,Iso E Super from PerfumersWorld,iso e super,54464-57-2,FIXED_FROM_AUDIT,"1-(2,3,8,8-Tetramethyl-1,2,3,4,5,6,7,8-octahydronaphthalen-2-YL)ethanone, trans-(A+-)-",144651-56-9,https://pubchem.ncbi.nlm.nih.gov/compound/1808124,0.1200,FALSE,,,,
9FD00245,PerfumersWorld,Isoamyl Acetate from PerfumersWorld,isoamyl acetate,123-92-2,VERIFIED_MATCH,Isoamyl Acetate,123-92-2,https://pubchem.ncbi.nlm.nih.gov/compound/31276,0.1000,FALSE,,,,
3FD00246,PerfumersWorld,Isoamyl Butyrate from PerfumersWorld,isoamyl butyrate,106-27-4,VERIFIED_MATCH,Isoamyl butyrate,106-27-4,https://pubchem.ncbi.nlm.nih.gov/compound/7795,0.0900,FALSE,,,,
3KH00065,PerfumersWorld,Isobornyl Acetate from PerfumersWorld,isobornyl acetate,125-12-2,FIXED_FROM_AUDIT,,125-12-2,https://pubchem.ncbi.nlm.nih.gov/compound/637531,0.1200,FALSE,,,,
4VV16856,PerfumersWorld,Isobutavan from PerfumersWorld,isobutavan,20665-85-4,VERIFIED_MATCH,Vanillin isobutyrate,20665-85-4,https://pubchem.ncbi.nlm.nih.gov/compound/539829,0.4600,FALSE,,,,
9UP00247,PerfumersWorld,Isobutyl Quinoline from PerfumersWorld,isobutyl quinoline,65442-31-1,VERIFIED_MATCH,(Isobutyl)quinoline,65442-31-1,https://pubchem.ncbi.nlm.nih.gov/compound/74005,1.8000,FALSE,,,,
5UP07523,PerfumersWorld,Isobutyl Quinoline 10% in DPG from PerfumersWorld,isobutyl quinoline,"65442-31-1|0.1
25265-71-8|0.9",FIXED_FROM_AUDIT,(Isobutyl)quinoline,1333-58-0,https://pubchem.ncbi.nlm.nih.gov/compound/74005,0.2000,TRUE,Isobutyl Quinoline from PerfumersWorld,Dipropylene Glycol (DPG) from PerfumersWorld,10.00,
4DF13384,PerfumersWorld,Isobutyric Acid from PerfumersWorld,isobutyric acid,79-31-2,VERIFIED_MATCH,Isobutyric Acid,79-31-2,https://pubchem.ncbi.nlm.nih.gov/compound/6590,0.4400,FALSE,,,,
5DF14120,PerfumersWorld,Isobutyric Acid 10% in DPG from PerfumersWorld,isobutyric acid,"79-31-2|0.1
25265-71-8|0.9",VERIFIED_MATCH,Isobutyric Acid,79-31-2,https://pubchem.ncbi.nlm.nih.gov/compound/6590,0.2200,TRUE,Isobutyric Acid from PerfumersWorld,Dipropylene Glycol (DPG) from PerfumersWorld,10.00,
4CA03618,PerfumersWorld,Isocyclocitral from PerfumersWorld,isocyclocitral,1335-66-6,VERIFIED_MATCH,Isocyclocitral,1335-66-6,https://pubchem.ncbi.nlm.nih.gov/compound/16204527,0.7700,FALSE,,,,
3SP00250,PerfumersWorld,Isoeugenol from PerfumersWorld,isoeugenol,97-54-1,VERIFIED_MATCH,Isoeugenol,97-54-1,https://pubchem.ncbi.nlm.nih.gov/compound/853433,0.3000,FALSE,,,,
3WY14446,PerfumersWorld,Isolongifolanone from PerfumersWorld,isolongifolanone,14727-47-0,VERIFIED,Isolongifolanone,14727-47-0,https://pubchem.ncbi.nlm.nih.gov/compound/21116680,0.4200,FALSE,,,,
3LH00252,PerfumersWorld,Isononyl Acetate from PerfumersWorld,isononyl acetate,58430-94-7,VERIFIED_MATCH,"3,5,5-Trimethylhexyl acetate",58430-94-7,https://pubchem.ncbi.nlm.nih.gov/compound/42745,0.1200,FALSE,,,,
3GS16129,PerfumersWorld,Ivybase from PerfumersWorld,ivybase,Mixture,VERIFIED,,,,0.5200,FALSE,,,,
6JN18016,PerfumersWorld,J-JASMIN F-TEC from PerfumersWorld,j-jasmin,Mixture (Perfume Base),VERIFIED,,,,0.1600,FALSE,,,,
6JN08956,PerfumersWorld,J-Jasmine Fleuressence from PerfumersWorld,j-jasmine,Mixture (Perfume Base),VERIFIED,,,,0.2000,FALSE,,,,
6JN19189,PerfumersWorld,JASMIN ABS F-TEC from PerfumersWorld,jasmin abs,Mixture (Perfume Base),VERIFIED,,,,0.1500,FALSE,,,,
6JL18251,PerfumersWorld,JASMIN FRUIT F-TEC from PerfumersWorld,jasmin fruit,Mixture (Perfume Base),VERIFIED,,,,0.1200,FALSE,,,,
3JF07351,PerfumersWorld,Jasmin Lactone from PerfumersWorld,jasmin lactone,34686-71-0,FIXED_FROM_AUDIT,,34686-71-0,https://pubchem.ncbi.nlm.nih.gov/compound/118178,5.8000,FALSE,,,,
8JN00254,PerfumersWorld,Jasmine Absolute from PerfumersWorld,jasmine absolute,8022-96-6,NATURAL_MIXTURE,,8022-96-6,,18.5000,FALSE,,,,
5JN08464,PerfumersWorld,Jasmine Absolute 10% in DPG from PerfumersWorld,jasmine absolute,"8022-96-6|0.1
25265-71-8|0.9",NATURAL_MIXTURE,,8022-96-6,,1.9000,TRUE,Jasmine Absolute from PerfumersWorld,Dipropylene Glycol (DPG) from PerfumersWorld,10.00,
5JN09617,PerfumersWorld,Jasmine Absolute 10% in Palm Oil Fractionated from PerfumersWorld,jasmine absolute,8022-96-6|0.1,NATURAL_MIXTURE,,8022-96-6,,1.9500,TRUE,Jasmine Absolute from PerfumersWorld,Palm Oil Fractionated from PerfumersWorld,10.00,
6JN07720,PerfumersWorld,Jasmine Absolute Fleuressence from PerfumersWorld,jasmine absolute,Mixture (Perfume Base),NATURAL_MIXTURE,,,,0.2600,FALSE,,,,
6JJ18250,PerfumersWorld,JASMINE PETAL F-TEC from PerfumersWorld,jasmine petal,Mixture (Perfume Base),VERIFIED,,,,0.1200,FALSE,,,,
6JJ09085,PerfumersWorld,Jasmine Petal Fleuressence from PerfumersWorld,jasmine petal,Mixture (Perfume Base),VERIFIED,,,,0.2000,FALSE,,,,
8JN00256,PerfumersWorld,Jasmine Sambac Absolute from PerfumersWorld,jasmine sambac absolute,91770-14-8,NATURAL_MIXTURE,,91770-14-8,,11.0000,FALSE,,,,
5JN08327,PerfumersWorld,Jasmine Sambac Absolute 10% in DPG from PerfumersWorld,jasmine sambac absolute,"91770-14-8|0.1
25265-71-8|0.9",NATURAL_MIXTURE,,91770-14-8,,1.2000,TRUE,Jasmine Sambac Absolute from PerfumersWorld,Dipropylene Glycol (DPG) from PerfumersWorld,10.00,
6JN07707,PerfumersWorld,Jasmine Sambac Blossoms from PerfumersWorld,jasmine sambac blossoms,Mixture (Perfume Base),VERIFIED,,,,0.4500,FALSE,,,,
4WX10027,PerfumersWorld,Javanol from PerfumersWorld,javanol,198404-98-7,DATA_GAP_MANUAL_CHECK,,198404-98-7,,2.1600,FALSE,,,,
3JN00258,PerfumersWorld,Jessemal Jasmonyl from PerfumersWorld,jessemal jasmonyl,18871-14-2,FIXED_FROM_AUDIT,,18871-14-2,https://pubchem.ncbi.nlm.nih.gov/compound/86799,0.2000,FALSE,,,,
7SL24626,PerfumersWorld,Jungle Pepper Oil from PerfumersWorld,jungle pepper oil,102242-62-6,NATURAL_MIXTURE,,102242-62-6,,4.1000,FALSE,,,,
7KH00262,PerfumersWorld,Juniper Berry Essential Oil from PerfumersWorld,juniper berry essential oil,8012-91-7,NATURAL_MIXTURE,,8012-91-7,,2.8000,FALSE,,,,
5KH07869,PerfumersWorld,Juniper Berry Essential Oil 10% in DPG from PerfumersWorld,juniper berry essential oil,"8012-91-7|0.1
25265-71-8|0.9",NATURAL_MIXTURE,,8012-91-7,,0.3500,TRUE,Juniper Berry Essential Oil from PerfumersWorld,Dipropylene Glycol (DPG) from PerfumersWorld,10.00,
6KL18017,PerfumersWorld,K-KONIFER F-TEC from PerfumersWorld,k-konifer,Mixture (Perfume Base),VERIFIED,,,,0.1400,FALSE,,,,
6KL11970,PerfumersWorld,K-Konifer Fleuressence from PerfumersWorld,k-konifer,Mixture (Perfume Base),VERIFIED,,,,0.2000,FALSE,,,,
4WU16857,PerfumersWorld,Karanal from PerfumersWorld,karanal,117933-89-8,VERIFIED_MATCH,"1,3-Dioxane, 2-(2,4-dimethyl-3-cyclohexen-1-yl)-5-methyl-5-(1-methylpropyl)-",117933-89-8,https://pubchem.ncbi.nlm.nih.gov/compound/16070752,0.8700,FALSE,,,,
4WY07089,PerfumersWorld,Kephalis from PerfumersWorld,kephalis,36306-87-3,VERIFIED_MATCH,"4-(1-Ethoxyvinyl)-3,3,5,5-tetramethylcyclohexanone",36306-87-3,https://pubchem.ncbi.nlm.nih.gov/compound/118292,0.5700,FALSE,,,,
7CK24631,PerfumersWorld,Key Lime Oil Egypt from PerfumersWorld,key lime oil egypt,8008-26-2,NATURAL_MIXTURE,,8008-26-2,,0.2500,FALSE,,,,
4WI10591,PerfumersWorld,Koavone from PerfumersWorld,koavone,81786-73-4,VERIFIED_MATCH,"Pentamethylheptenone, (3Z)-",81786-73-4,https://pubchem.ncbi.nlm.nih.gov/compound/20836197,0.1800,FALSE,,,,
4BB00088,PerfumersWorld,L-Carvone from PerfumersWorld,l-carvone,99-49-0,VERIFIED_MATCH,"Carvone, (+-)-",99-49-0,https://pubchem.ncbi.nlm.nih.gov/compound/7439,0.2200,FALSE,,,,
6LL00487,PerfumersWorld,L-Linalool Fleuressence from PerfumersWorld,l-linalool,Mixture (Perfume Base),FIXED_FROM_AUDIT,(-)-Linalool,126-91-0,https://pubchem.ncbi.nlm.nih.gov/compound/443158,0.2000,FALSE,,,,
8UQ08219,PerfumersWorld,Labdanum Absolute from PerfumersWorld,labdanum absolute,8016-26-0,NATURAL_MIXTURE,,8016-26-0,,1.2000,FALSE,,,,
5UQ07791,PerfumersWorld,Labdanum Absolute 10% in DPG from PerfumersWorld,labdanum absolute,"8016-26-0|0.1
25265-71-8|0.9",NATURAL_MIXTURE,,8016-26-0,,0.1800,TRUE,Labdanum Absolute from PerfumersWorld,Dipropylene Glycol (DPG) from PerfumersWorld,10.00,
6UH18500,PerfumersWorld,LABDANUM F-TEC from PerfumersWorld,labdanum,Mixture (Perfume Base),VERIFIED,,,,0.3200,FALSE,,,,
6UH09680,PerfumersWorld,Labdanum Fleuressence from PerfumersWorld,labdanum,Mixture (Perfume Base),VERIFIED,,,,0.3200,FALSE,,,,
2UQ00264,PerfumersWorld,Labdanum Resinoid from PerfumersWorld,labdanum resinoid,8016-26-0,NATURAL_MIXTURE,,8016-26-0,,0.6800,FALSE,,,,
5UQ12486,PerfumersWorld,Labdanum Resinoid 10% in DEP from PerfumersWorld,labdanum resinoid,"8016-26-0|0.1
84-66-2|0.9",NATURAL_MIXTURE,,8016-26-0,,0.1200,TRUE,Labdanum Resinoid from PerfumersWorld,Diethyl Phthalate (DEP) from PerfumersWorld,10.00,
5UQ07566,PerfumersWorld,Labdanum Resinoid 10% in DPG from PerfumersWorld,labdanum resinoid,"8016-26-0|0.1
25265-71-8|0.9",NATURAL_MIXTURE,,8016-26-0,,0.1200,TRUE,Labdanum Resinoid from PerfumersWorld,Dipropylene Glycol (DPG) from PerfumersWorld,10.00,
6DD18141,PerfumersWorld,LACTONE F-TEC from PerfumersWorld,lactone,Mixture (Perfume Base),VERIFIED,,,,0.1200,FALSE,,,,
6DD08390,PerfumersWorld,Lactone Fleuressence from PerfumersWorld,lactone,Mixture (Perfume Base),VERIFIED,,,,0.1400,FALSE,,,,
1AA06214,PerfumersWorld,Lauric Acid from PerfumersWorld,lauric acid,143-07-7,VERIFIED_MATCH,Lauric Acid,143-07-7,https://pubchem.ncbi.nlm.nih.gov/compound/3893,0.0900,FALSE,,,,
5AA12488,PerfumersWorld,Lauric Acid 10% in DPG from PerfumersWorld,lauric acid,"143-07-7|0.1
25265-71-8|0.9",VERIFIED_MATCH,Lauric Acid,143-07-7,https://pubchem.ncbi.nlm.nih.gov/compound/3893,0.0600,TRUE,Lauric Acid from PerfumersWorld,Dipropylene Glycol (DPG) from PerfumersWorld,10.00,
8HY00554,PerfumersWorld,Lavandin Absolute from PerfumersWorld,lavandin absolute,8022-15-9,NATURAL_MIXTURE,,8022-15-9,,1.6000,FALSE,,,,
7HB00265,PerfumersWorld,Lavandin Essential Oil from PerfumersWorld,lavandin essential oil,8022-15-9,NATURAL_MIXTURE,,8022-15-9,,0.2400,FALSE,,,,
7HB07675,PerfumersWorld,Lavandin Grosso Essential Oil from PerfumersWorld,lavandin grosso essential oil,8022-15-9,NATURAL_MIXTURE,,8022-15-9,,0.4600,FALSE,,,,
7HB08129,PerfumersWorld,Lavandin Super from PerfumersWorld,lavandin super,8022-18-2,DATA_GAP_MANUAL_CHECK,,8022-18-2,,0.2000,FALSE,,,,
4HW03807,PerfumersWorld,Lavender Aldehyde from PerfumersWorld,lavender aldehyde,35158-25-9,VERIFIED_MATCH,2-Isopropyl-5-methyl-2-hexenal,35158-25-9,https://pubchem.ncbi.nlm.nih.gov/compound/37066,0.8000,FALSE,,,,
5HW23697,PerfumersWorld,Lavender Aldehyde 10% in DPG from PerfumersWorld,lavender aldehyde,"35158-25-9|0.1
25265-71-8|0.9",VERIFIED_MATCH,2-Isopropyl-5-methyl-2-hexenal,35158-25-9,https://pubchem.ncbi.nlm.nih.gov/compound/37066,0.1500,TRUE,Lavender Aldehyde from PerfumersWorld,Dipropylene Glycol (DPG) from PerfumersWorld,10.00,
7HL00267,PerfumersWorld,Lavender Essential Oil from PerfumersWorld,lavender essential oil,8000-28-0,NATURAL_MIXTURE,,8000-28-0,,0.3700,FALSE,,,,
6HL18238,PerfumersWorld,LAVENDER F-TEC from PerfumersWorld,lavender,Mixture (Perfume Base),VERIFIED,,,,0.3000,FALSE,,,,
6HL09061,PerfumersWorld,Lavender Fleuressence from PerfumersWorld,lavender,Mixture (Perfume Base),VERIFIED,,,,0.3000,FALSE,,,,
8HY09000,PerfumersWorld,Lavender Green Absolute from PerfumersWorld,lavender green absolute,8000-28-0,NATURAL_MIXTURE,,8000-28-0,,1.8600,FALSE,,,,
7HB00269,PerfumersWorld,Lavender Spike Essential Oil from PerfumersWorld,lavender spike essential oil,8016-78-2,NATURAL_MIXTURE,,8016-78-2,,0.4500,FALSE,,,,
4GI15439,PerfumersWorld,Leafovert from PerfumersWorld,leafovert,67633-96-9,VERIFIED_MATCH,"Hex-3-en-1-yl methyl carbonate, (3Z)-",67633-96-9,https://pubchem.ncbi.nlm.nih.gov/compound/5365699,0.7400,FALSE,,,,
6UT18496,PerfumersWorld,LEATHER F-TEC from PerfumersWorld,leather,Mixture (Perfume Base),VERIFIED,,,,0.4500,FALSE,,,,
6UT12424,PerfumersWorld,Leather Fleuressence from PerfumersWorld,leather,Mixture (Perfume Base),VERIFIED,,,,0.3700,FALSE,,,,
7CC00271,PerfumersWorld,Lemon Essential Oil from PerfumersWorld,lemon essential oil,84929-31-7,NATURAL_MIXTURE,,84929-31-7,,0.2700,FALSE,,,,
6CC18122,PerfumersWorld,LEMON F-TEC from PerfumersWorld,lemon,Mixture (Perfume Base),VERIFIED,,,,0.1600,FALSE,,,,
7CC24029,PerfumersWorld,Lemon FCF oil Sicilian from PerfumersWorld,lemon fcf oil sicilian,8008-56-8,NATURAL_MIXTURE,,8008-56-8,,0.1800,FALSE,,,,
6CC09059,PerfumersWorld,Lemon Fleuressence from PerfumersWorld,lemon,Mixture (Perfume Base),VERIFIED,,,,0.2400,FALSE,,,,
7CC24027,PerfumersWorld,Lemon Terpeneless oil Sicilian from PerfumersWorld,lemon terpeneless oil sicilian,68648-39-5,NATURAL_MIXTURE,,68648-39-5,,0.4400,FALSE,,,,
7CC24031,PerfumersWorld,Lemon Verdello oil Sicilian from PerfumersWorld,lemon verdello oil sicilian,8008-56-8,NATURAL_MIXTURE,,8008-56-8,,0.1800,FALSE,,,,
7CC00272,PerfumersWorld,Lemongrass Essential Oil from PerfumersWorld,lemongrass essential oil,84238-19-7,NATURAL_MIXTURE,,84238-19-7,,0.2100,FALSE,,,,
3CC06770,PerfumersWorld,Lemonile from PerfumersWorld,lemonile,61792-11-8,FIXED_FROM_AUDIT,,61792-11-8,https://pubchem.ncbi.nlm.nih.gov/compound/112446,0.2000,FALSE,,,,
7SY07764,PerfumersWorld,Lesser Galangal Essential Oil from PerfumersWorld,lesser galangal essential oil,8023-91-4,NATURAL_MIXTURE,,8023-91-4,,0.8500,FALSE,,,,
4GI24147,PerfumersWorld,Liffarome from PerfumersWorld,liffarome,67633-96-9,VERIFIED_MATCH,"Hex-3-en-1-yl methyl carbonate, (3Z)-",67633-96-9,https://pubchem.ncbi.nlm.nih.gov/compound/5365699,0.9500,FALSE,,,,
6FG18210,PerfumersWorld,LIGHT AND AIRY F-TEC from PerfumersWorld,light and airy,Mixture (Perfume Base),VERIFIED,,,,0.1200,FALSE,,,,
6FG11947,PerfumersWorld,Light and Airy Fleuressence from PerfumersWorld,light and airy,Mixture (Perfume Base),VERIFIED,,,,0.0800,FALSE,,,,
6LJ18322,PerfumersWorld,LIGHT BLENDER F-TEC from PerfumersWorld,light blender,Mixture (Perfume Base),VERIFIED,,,,0.1500,FALSE,,,,
6LJ09076,PerfumersWorld,Light Blender Fleuressence from PerfumersWorld,light blender,Mixture (Perfume Base),VERIFIED,,,,0.3000,FALSE,,,,
6LL18018,PerfumersWorld,LIGHT CRISP FLORAL F-TEC from PerfumersWorld,light crisp floral,Mixture (Perfume Base),VERIFIED,,,,0.1200,FALSE,,,,
6LL00278,PerfumersWorld,Light Crisp Floral Fleuressence from PerfumersWorld,light crisp floral,Mixture (Perfume Base),VERIFIED,,,,0.1200,FALSE,,,,
6GK18228,PerfumersWorld,LILAC F-TEC from PerfumersWorld,lilac,Mixture (Perfume Base),VERIFIED,,,,0.1800,FALSE,,,,
6GK09255,PerfumersWorld,Lilac Fleuressence from PerfumersWorld,lilac,Mixture (Perfume Base),VERIFIED,,,,0.1800,FALSE,,,,
3MA00273,PerfumersWorld,Lilial from PerfumersWorld,lilial,80-54-6,VERIFIED_MATCH,Lilial,80-54-6,https://pubchem.ncbi.nlm.nih.gov/compound/228987,0.1900,FALSE,,,,
6MA20144,PerfumersWorld,Lilial Substitute IFRA from PerfumersWorld,lilial substitute ifra,Mixture (Perfume Base),VERIFIED,,,,0.2100,FALSE,,,,
6NN18625,PerfumersWorld,LILY F-TEC from PerfumersWorld,lily,Mixture (Perfume Base),VERIFIED,,,,0.1500,FALSE,,,,
6NN09110,PerfumersWorld,Lily Fleuressence from PerfumersWorld,lily,Mixture (Perfume Base),VERIFIED,,,,0.1900,FALSE,,,,
6MA22621,PerfumersWorld,Lilylal ND from PerfumersWorld,lilylal nd,Mixture (Perfume Base),VERIFIED,,,,0.2000,FALSE,,,,
6MG18474,PerfumersWorld,Lilyreal IFRA from PerfumersWorld,lilyreal ifra,Mixture (Perfume Base),VERIFIED,,,,0.2300,FALSE,,,,
6MG22777,PerfumersWorld,Lilyreal ND from PerfumersWorld,lilyreal nd,Mixture (Perfume Base),VERIFIED,,,,0.2300,FALSE,,,,
7CK00274,PerfumersWorld,Lime Distilled Essential Oil from PerfumersWorld,lime distilled essential oil,8008-26-2,NATURAL_MIXTURE,,8008-26-2,,0.3300,FALSE,,,,
4CK00275,PerfumersWorld,Lime Oxide from PerfumersWorld,lime oxide,7392-19-0,FIXED_FROM_AUDIT,,7392-19-0,https://pubchem.ncbi.nlm.nih.gov/compound/522514,0.5000,FALSE,,,,
5CK21690,PerfumersWorld,Lime Oxide 10% in TEC from PerfumersWorld,lime oxide,"7392-19-0|0.1
77-93-0|0.9",FIXED_FROM_AUDIT,,7392-19-0,https://pubchem.ncbi.nlm.nih.gov/compound/522514,0.0800,TRUE,Lime Oxide from PerfumersWorld,Triethyl Citrate (TEC) from PerfumersWorld,10.00,
6CK18135,PerfumersWorld,LIME ZEST F-TEC from PerfumersWorld,lime zest,Mixture (Perfume Base),VERIFIED,,,,0.1500,FALSE,,,,
6CK12391,PerfumersWorld,Lime Zest Tops Fleuressence from PerfumersWorld,lime zest tops,Mixture (Perfume Base),VERIFIED,,,,0.1800,FALSE,,,,
4LL00277,PerfumersWorld,Linalool Oxide from PerfumersWorld,linalool oxide,5989-33-3,VERIFIED_MATCH,"Linalool oxide, cis-",5989-33-3,https://pubchem.ncbi.nlm.nih.gov/compound/6428573,0.6000,FALSE,,,,
3LL00278,PerfumersWorld,Linalool Synthetic from PerfumersWorld,linalool synthetic,78-70-6,FIXED_FROM_AUDIT,,78-70-6,https://pubchem.ncbi.nlm.nih.gov/compound/6549,0.1200,FALSE,,,,
3LF00279,PerfumersWorld,Linalyl Acetate from PerfumersWorld,linalyl acetate,115-95-7,FIXED_FROM_AUDIT,,115-95-7,https://pubchem.ncbi.nlm.nih.gov/compound/8294,0.1000,FALSE,,,,
3LC12899,PerfumersWorld,Linalyl Propionate from PerfumersWorld,linalyl propionate,144-39-8,VERIFIED_MATCH,Linalyl propionate,144-39-8,https://pubchem.ncbi.nlm.nih.gov/compound/61098,0.3200,FALSE,,,,
7CC00280,PerfumersWorld,Litsea Cubeba Essential Oil from PerfumersWorld,litsea cubeba essential oil,68855-99-2,NATURAL_MIXTURE,,68855-99-2,,0.1900,FALSE,,,,
8NN07699,PerfumersWorld,Lotus Absolute from PerfumersWorld,lotus absolute,84696-27-5,NATURAL_MIXTURE,,84696-27-5,,19.0000,FALSE,,,,
5NN13571,PerfumersWorld,Lotus Absolute 1% in DPG from PerfumersWorld,lotus absolute,"84696-27-5|0.01
25265-71-8|0.99",NATURAL_MIXTURE,,84696-27-5,,0.5100,TRUE,Lotus Absolute from PerfumersWorld,Dipropylene Glycol (DPG) from PerfumersWorld,1.00,
5NN12069,PerfumersWorld,Lotus Absolute 10% in DPG from PerfumersWorld,lotus absolute,"84696-27-5|0.1
25265-71-8|0.9",NATURAL_MIXTURE,,84696-27-5,,1.9500,TRUE,Lotus Absolute from PerfumersWorld,Dipropylene Glycol (DPG) from PerfumersWorld,10.00,
8SW08238,PerfumersWorld,Lovage Roots Oil from PerfumersWorld,lovage roots oil,8016-31-7,NATURAL_MIXTURE,,8016-31-7,,8.8000,FALSE,,,,
3MG00282,PerfumersWorld,Lyral from PerfumersWorld,lyral,31906-04-4,VERIFIED_MATCH,Liral,31906-04-4,https://pubchem.ncbi.nlm.nih.gov/compound/91604,0.2300,FALSE,,,,
6MM18498,PerfumersWorld,M-MUGUET F-TEC from PerfumersWorld,m-muguet,Mixture (Perfume Base),VERIFIED,,,,0.1800,FALSE,,,,
6MM08681,PerfumersWorld,M-Muguet Fleuressence from PerfumersWorld,m-muguet,Mixture (Perfume Base),VERIFIED,,,,0.2000,FALSE,,,,
4GL22835,PerfumersWorld,Maceal from PerfumersWorld,maceal,67845-30-1,VERIFIED_MATCH,"Bicyclo[2.2.2]oct-5-ene-2-carboxaldehyde, 6-methyl-8-(1-methylethyl)-",67845-30-1,https://pubchem.ncbi.nlm.nih.gov/compound/106866,0.9900,FALSE,,,,
5GL23703,PerfumersWorld,Maceal 10% in DPG from PerfumersWorld,maceal,"67845-30-1|0.1
25265-71-8|0.9",VERIFIED_MATCH,"Bicyclo[2.2.2]oct-5-ene-2-carboxaldehyde, 6-methyl-8-(1-methylethyl)-",67845-30-1,https://pubchem.ncbi.nlm.nih.gov/compound/106866,0.1500,TRUE,Maceal from PerfumersWorld,Dipropylene Glycol (DPG) from PerfumersWorld,10.00,
6XD18354,PerfumersWorld,MACROCYCLIC F-TEC from PerfumersWorld,macrocyclic,Mixture (Perfume Base),VERIFIED,,,,0.1500,FALSE,,,,
6XD09426,PerfumersWorld,Macrocyclic Fleuressence from PerfumersWorld,macrocyclic,Mixture (Perfume Base),VERIFIED,,,,0.1900,FALSE,,,,
2XX14556,PerfumersWorld,Macrolide from PerfumersWorld,macrolide,106-02-5,FIXED_FROM_AUDIT,,106-02-5,https://pubchem.ncbi.nlm.nih.gov/compound/235414,1.1200,FALSE,,,,
3MN13569,PerfumersWorld,Magnolan from PerfumersWorld,magnolan,27606-09-3,VERIFIED_MATCH,"Indeno[1,2-d]-1,3-dioxin, 4,4a,5,9b-tetrahydro-2,4-dimethyl-",27606-09-3,https://pubchem.ncbi.nlm.nih.gov/compound/119674,0.6000,FALSE,,,,
6CL18121,PerfumersWorld,MALE FLORAL F-TEC from PerfumersWorld,male floral,Mixture (Perfume Base),VERIFIED,,,,0.1500,FALSE,,,,
6CL10386,PerfumersWorld,Male Floral Fleuressence from PerfumersWorld,male floral,Mixture (Perfume Base),VERIFIED,,,,0.2000,FALSE,,,,
6WC18598,PerfumersWorld,MALE WOODSY F-TEC from PerfumersWorld,male woodsy,Mixture (Perfume Base),VERIFIED,,,,0.1500,FALSE,,,,
6WC12407,PerfumersWorld,Male Woodsy Fleuressence from PerfumersWorld,male woodsy,Mixture (Perfume Base),VERIFIED,,,,0.2700,FALSE,,,,
1VE00283,PerfumersWorld,Maltol from PerfumersWorld,maltol,118-71-8,VERIFIED_MATCH,Maltol,118-71-8,https://pubchem.ncbi.nlm.nih.gov/compound/8369,0.3200,FALSE,,,,
5VE08421,PerfumersWorld,Maltol 1% in DPG from PerfumersWorld,maltol,"118-71-8|0.01
25265-71-8|0.99",VERIFIED_MATCH,Maltol,118-71-8,https://pubchem.ncbi.nlm.nih.gov/compound/8369,0.0600,TRUE,Maltol from PerfumersWorld,Dipropylene Glycol (DPG) from PerfumersWorld,1.00,
5VE10963,PerfumersWorld,Maltol 5% in DPG from PerfumersWorld,maltol,"118-71-8|0.05
25265-71-8|0.95",VERIFIED_MATCH,Maltol,118-71-8,https://pubchem.ncbi.nlm.nih.gov/compound/8369,0.1000,TRUE,Maltol from PerfumersWorld,Dipropylene Glycol (DPG) from PerfumersWorld,5.00,
7CA00285,PerfumersWorld,Mandarin Essential Oil from PerfumersWorld,mandarin essential oil,8008-31-9,NATURAL_MIXTURE,,8008-31-9,,0.5000,FALSE,,,,
6CA18124,PerfumersWorld,MANDARIN F-TEC from PerfumersWorld,mandarin,Mixture (Perfume Base),VERIFIED,,,,0.1600,FALSE,,,,
6CA09060,PerfumersWorld,Mandarin Fleuressence from PerfumersWorld,mandarin,Mixture (Perfume Base),VERIFIED,,,,0.1500,FALSE,,,,
6FV18841,PerfumersWorld,MANGO F-TEC from PerfumersWorld,mango,Mixture (Perfume Base),VERIFIED,,,,0.1200,FALSE,,,,
6FV10907,PerfumersWorld,Mango Fleuressence from PerfumersWorld,mango,Mixture (Perfume Base),VERIFIED,,,,0.1700,FALSE,,,,
7HP07679,PerfumersWorld,Manuka Essential Oil from PerfumersWorld,manuka essential oil,223749-44-8,NATURAL_MIXTURE,,223749-44-8,,3.3000,FALSE,,,,
4FG15438,PerfumersWorld,Manzanate from PerfumersWorld,manzanate,39255-32-8,VERIFIED_MATCH,Ethyl 2-methylpentanoate,39255-32-8,https://pubchem.ncbi.nlm.nih.gov/compound/62902,0.2800,FALSE,,,,
1VE00286,PerfumersWorld,Maple Lactone from PerfumersWorld,maple lactone,80-71-7,VERIFIED_MATCH,2-Hydroxy-3-methyl-2-cyclopenten-1-one,80-71-7,https://pubchem.ncbi.nlm.nih.gov/compound/6660,0.7100,FALSE,,,,
5VE09632,PerfumersWorld,Maple Lactone 10% in DPG from PerfumersWorld,maple lactone,"80-71-7|0.1
25265-71-8|0.9",VERIFIED_MATCH,2-Hydroxy-3-methyl-2-cyclopenten-1-one,80-71-7,https://pubchem.ncbi.nlm.nih.gov/compound/6660,0.1000,TRUE,Maple Lactone from PerfumersWorld,Dipropylene Glycol (DPG) from PerfumersWorld,10.00,
8HE00557,PerfumersWorld,Mate Absolute from PerfumersWorld,mate absolute,68916-96-1,NATURAL_MIXTURE,,68916-96-1,,8.5000,FALSE,,,,
5HE13845,PerfumersWorld,Mate Absolute 10% in DPG from PerfumersWorld,mate absolute,"68916-96-1|0.1
25265-71-8|0.9",NATURAL_MIXTURE,,68916-96-1,,0.8000,TRUE,Mate Absolute from PerfumersWorld,Dipropylene Glycol (DPG) from PerfumersWorld,10.00,
3MG11691,PerfumersWorld,Mayol from PerfumersWorld,mayol,5502-75-0,VERIFIED_MATCH,p-Menthan-7-ol,5502-75-0,https://pubchem.ncbi.nlm.nih.gov/compound/83763,0.3500,FALSE,,,,
6GF18175,PerfumersWorld,MELON F-TEC from PerfumersWorld,melon,Mixture (Perfume Base),VERIFIED,,,,0.1200,FALSE,,,,
6FG08392,PerfumersWorld,Melon Fleuressence from PerfumersWorld,melon,Mixture (Perfume Base),VERIFIED,,,,0.2000,FALSE,,,,
4FG00289,PerfumersWorld,Melonal from PerfumersWorld,melonal,106-72-9,VERIFIED_MATCH,"(+-)-2,6-Dimethyl-5-heptenal",106-72-9,https://pubchem.ncbi.nlm.nih.gov/compound/61016,1.0000,FALSE,,,,
5FG08480,PerfumersWorld,Melonal 10% in DPG from PerfumersWorld,melonal,"106-72-9|0.1
25265-71-8|0.9",VERIFIED_MATCH,"(+-)-2,6-Dimethyl-5-heptenal",106-72-9,https://pubchem.ncbi.nlm.nih.gov/compound/61016,0.1400,TRUE,Melonal from PerfumersWorld,Dipropylene Glycol (DPG) from PerfumersWorld,10.00,
1BB00290,PerfumersWorld,Menthol Crystals from PerfumersWorld,menthol crystals,2216-51-5,VERIFIED_MATCH,(-)-Menthol,2216-51-5,https://pubchem.ncbi.nlm.nih.gov/compound/16666,0.1600,FALSE,,,,
5BB08460,PerfumersWorld,Menthol Crystals 50% in DPG from PerfumersWorld,menthol crystals,"2216-51-5|0.5
25265-71-8|0.5",VERIFIED_MATCH,(-)-Menthol,2216-51-5,https://pubchem.ncbi.nlm.nih.gov/compound/16666,0.1100,TRUE,Menthol Crystals from PerfumersWorld,Dipropylene Glycol (DPG) from PerfumersWorld,50.00,
4BB00291,PerfumersWorld,Menthone from PerfumersWorld,menthone,89-80-5,VERIFIED_MATCH,Menthone,89-80-5,https://pubchem.ncbi.nlm.nih.gov/compound/26447,0.4000,FALSE,,,,
5BB08203,PerfumersWorld,Menthone 10% in DPG from PerfumersWorld,menthone,"10458-14-7|0.1
25265-71-8|0.9",VERIFIED_MATCH,Menthone,10458-14-7,https://pubchem.ncbi.nlm.nih.gov/compound/26447,0.0900,TRUE,Menthone from PerfumersWorld,Dipropylene Glycol (DPG) from PerfumersWorld,10.00,
3LB00292,PerfumersWorld,Menthyl Acetate from PerfumersWorld,menthyl acetate,16409-45-3,VERIFIED_MATCH,Menthyl acetate,16409-45-3,https://pubchem.ncbi.nlm.nih.gov/compound/27867,0.3900,FALSE,,,,
4LF00294,PerfumersWorld,Methyl Amyl Ketone from PerfumersWorld,methyl amyl ketone,110-43-0,VERIFIED_MATCH,2-Heptanone,110-43-0,https://pubchem.ncbi.nlm.nih.gov/compound/8051,0.3000,FALSE,,,,
4NC00295,PerfumersWorld,Methyl Anthranilate from PerfumersWorld,methyl anthranilate,134-20-3,VERIFIED_MATCH,Methyl Anthranilate,134-20-3,https://pubchem.ncbi.nlm.nih.gov/compound/8635,0.1200,FALSE,,,,
5NC12471,PerfumersWorld,Methyl Anthranilate 10% in DPG from PerfumersWorld,methyl anthranilate,"134-20-3|0.1
25265-71-8|0.9",VERIFIED_MATCH,Methyl Anthranilate,134-20-3,https://pubchem.ncbi.nlm.nih.gov/compound/8635,0.0400,TRUE,Methyl Anthranilate from PerfumersWorld,Dipropylene Glycol (DPG) from PerfumersWorld,10.00,
4NJ00296,PerfumersWorld,Methyl Benzoate from PerfumersWorld,methyl benzoate,93-58-3,VERIFIED_MATCH,Methyl Benzoate,93-58-3,https://pubchem.ncbi.nlm.nih.gov/compound/7150,0.0700,FALSE,,,,
5NJ07849,PerfumersWorld,Methyl Benzoate 10% in DPG from PerfumersWorld,methyl benzoate,"93-58-3|0.1
25265-71-8|0.9",VERIFIED_MATCH,Methyl Benzoate,93-58-3,https://pubchem.ncbi.nlm.nih.gov/compound/7150,0.0400,TRUE,Methyl Benzoate from PerfumersWorld,Dipropylene Glycol (DPG) from PerfumersWorld,10.00,
4PS02272,PerfumersWorld,Methyl Chavicol from PerfumersWorld,methyl chavicol,140-67-0,VERIFIED_MATCH,Estragole,140-67-0,https://pubchem.ncbi.nlm.nih.gov/compound/8815,0.6200,FALSE,,,,
5PS07822,PerfumersWorld,Methyl Chavicol 10% in DPG from PerfumersWorld,methyl chavicol,"140-67-0|0.1
25265-71-8|0.9",VERIFIED_MATCH,Estragole,140-67-0,https://pubchem.ncbi.nlm.nih.gov/compound/8815,0.1200,TRUE,Methyl Chavicol from PerfumersWorld,Dipropylene Glycol (DPG) from PerfumersWorld,10.00,
2SC00297,PerfumersWorld,Methyl Cinnamate from PerfumersWorld,methyl cinnamate,103-26-4,VERIFIED_MATCH,Methyl Cinnamate,103-26-4,https://pubchem.ncbi.nlm.nih.gov/compound/637520,0.2400,FALSE,,,,
5SC12482,PerfumersWorld,Methyl Cinnamate 10% in DPG from PerfumersWorld,methyl cinnamate,"103-26-4|0.1
25265-71-8|0.9",VERIFIED_MATCH,Methyl Cinnamate,103-26-4,https://pubchem.ncbi.nlm.nih.gov/compound/637520,0.0500,TRUE,Methyl Cinnamate from PerfumersWorld,Dipropylene Glycol (DPG) from PerfumersWorld,10.00,
5SC07858,PerfumersWorld,Methyl cinnamate 50% in DPG from PerfumersWorld,methyl cinnamate,"103-26-4|0.5
25265-71-8|0.5",VERIFIED_MATCH,Methyl Cinnamate,103-26-4,https://pubchem.ncbi.nlm.nih.gov/compound/637520,0.1400,TRUE,Methyl cinnamate from PerfumersWorld,Dipropylene Glycol (DPG) from PerfumersWorld,50.00,
4SP16859,PerfumersWorld,Methyl Diantilis from PerfumersWorld,methyl diantilis,5595-79-9,VERIFIED_MATCH,"Phenol, 2-ethoxy-4-(methoxymethyl)-",5595-79-9,https://pubchem.ncbi.nlm.nih.gov/compound/6453284,0.9900,FALSE,,,,
9SW00298,PerfumersWorld,Methyl Eugenol from PerfumersWorld,methyl eugenol,93-15-2,VERIFIED_MATCH,Methyleugenol,93-15-2,https://pubchem.ncbi.nlm.nih.gov/compound/7127,0.3500,FALSE,,,,
3LF00299,PerfumersWorld,Methyl Hexyl Ketone from PerfumersWorld,methyl hexyl ketone,111-13-7,FIXED_FROM_AUDIT,,111-13-7,https://pubchem.ncbi.nlm.nih.gov/compound/8093,0.1200,FALSE,,,,
9SP02300,PerfumersWorld,Methyl Isoeugenol from PerfumersWorld,methyl isoeugenol,93-16-3,VERIFIED_MATCH,Methyl isoeugenol,93-16-3,https://pubchem.ncbi.nlm.nih.gov/compound/7128,0.4100,FALSE,,,,
4JN15333,PerfumersWorld,Methyl Jasmonate from PerfumersWorld,methyl jasmonate,39924-52-2,VERIFIED_MATCH,(-)-Methyl jasmonate,39924-52-2,https://pubchem.ncbi.nlm.nih.gov/compound/5281929,12.8000,FALSE,,,,
5VD10871,PerfumersWorld,METHYL LAITONE 10% DPG from PerfumersWorld,methyl laitone,94201-19-1,VERIFIED_MATCH,"1-Oxaspiro(4.5)decan-2-one, 8-methyl-",94201-19-1,https://pubchem.ncbi.nlm.nih.gov/compound/175596,0.5000,FALSE,,,,
4LY00304,PerfumersWorld,Methyl Nonyl Ketone from PerfumersWorld,methyl nonyl ketone,112-12-9,VERIFIED_MATCH,2-Undecanone,112-12-9,https://pubchem.ncbi.nlm.nih.gov/compound/8163,0.3200,FALSE,,,,
4GI00305,PerfumersWorld,Methyl Octine Carbonate from PerfumersWorld,methyl octine carbonate,111-80-8,VERIFIED_MATCH,Methyl 2-nonynoate,111-80-8,https://pubchem.ncbi.nlm.nih.gov/compound/8137,1.2300,FALSE,,,,
5GI07522,PerfumersWorld,Methyl Octine Carbonate 10% in DPG from PerfumersWorld,methyl octine carbonate,"111-80-8|0.1
25265-71-8|0.9",VERIFIED_MATCH,Methyl 2-nonynoate,111-80-8,https://pubchem.ncbi.nlm.nih.gov/compound/8137,0.1500,TRUE,Methyl Octine Carbonate from PerfumersWorld,Dipropylene Glycol (DPG) from PerfumersWorld,10.00,
4FC11677,PerfumersWorld,Methyl Pample Mousse from PerfumersWorld,methyl pample mousse,67674-46-8,VERIFIED_MATCH,"6,6-Dimethoxy-2,5,5-trimethylhex-2-ene",67674-46-8,https://pubchem.ncbi.nlm.nih.gov/compound/106766,1.0600,FALSE,,,,
5FC19406,PerfumersWorld,Methyl Pamplemousse 10% in TEC from PerfumersWorld,methyl pamplemousse,"67674-46-8|0.1
77-93-0|0.9",VERIFIED_MATCH,"6,6-Dimethoxy-2,5,5-trimethylhex-2-ene",67674-46-8,https://pubchem.ncbi.nlm.nih.gov/compound/106766,0.2000,TRUE,Methyl Pamplemousse from PerfumersWorld,Triethyl Citrate (TEC) from PerfumersWorld,10.00,
3OP00306,PerfumersWorld,Methyl Salicylate from PerfumersWorld,methyl salicylate,119-36-8,VERIFIED_MATCH,Methyl Salicylate,119-36-8,https://pubchem.ncbi.nlm.nih.gov/compound/4133,0.0800,FALSE,,,,
5OP07554,PerfumersWorld,Methyl Salicylate 10% in DPG from PerfumersWorld,methyl salicylate,"119-36-8|0.1
25265-71-8|0.9",VERIFIED_MATCH,Methyl Salicylate,119-36-8,https://pubchem.ncbi.nlm.nih.gov/compound/4133,0.0400,TRUE,Methyl Salicylate from PerfumersWorld,Dipropylene Glycol (DPG) from PerfumersWorld,10.00,
6DD18140,PerfumersWorld,MILK F-TEC from PerfumersWorld,milk,Mixture (Perfume Base),VERIFIED,,,,0.1200,FALSE,,,,
6DD09086,PerfumersWorld,Milk Fleuressence from PerfumersWorld,milk,Mixture (Perfume Base),VERIFIED,,,,0.1900,FALSE,,,,
8NG00307,PerfumersWorld,Mimosa Absolute from PerfumersWorld,mimosa absolute,8031-03-6,NATURAL_MIXTURE,,8031-03-6,,7.1200,FALSE,,,,
5NG07850,PerfumersWorld,Mimosa Absolute 10% in DPG from PerfumersWorld,mimosa absolute,"100-51-6|0.1
25265-71-8|0.9",NATURAL_MIXTURE,,100-51-6,,0.7500,TRUE,Mimosa Absolute from PerfumersWorld,Dipropylene Glycol (DPG) from PerfumersWorld,10.00,
6NN18760,PerfumersWorld,MIMOSA F-TEC from PerfumersWorld,mimosa,Mixture (Perfume Base),VERIFIED,,,,0.2200,FALSE,,,,
6NN09420,PerfumersWorld,Mimosa Fleuressence from PerfumersWorld,mimosa,Mixture (Perfume Base),VERIFIED,,,,0.2000,FALSE,,,,
4XU05022,PerfumersWorld,Muscone from PerfumersWorld,muscone,541-91-3,VERIFIED_MATCH,Muskone,541-91-3,https://pubchem.ncbi.nlm.nih.gov/compound/10947,4.5000,FALSE,,,,
6YE18885,PerfumersWorld,MUSHROOM F-TEC from PerfumersWorld,mushroom,Mixture (Perfume Base),VERIFIED,,,,0.5000,FALSE,,,,
6YE09107,PerfumersWorld,Mushroom Fleuressence from PerfumersWorld,mushroom,Mixture (Perfume Base),VERIFIED,,,,0.2200,FALSE,,,,
2XA09558,PerfumersWorld,Musk Concentrate from PerfumersWorld,musk concentrate,1222-05-5,FIXED_FROM_AUDIT,,1222-05-5,https://pubchem.ncbi.nlm.nih.gov/compound/91497,0.1900,FALSE,,,,
1XU00308,PerfumersWorld,Musk Ketone from PerfumersWorld,musk ketone,81-14-1,VERIFIED_MATCH,Musk ketone,81-14-1,https://pubchem.ncbi.nlm.nih.gov/compound/6669,0.2000,FALSE,,,,
5XU07864,PerfumersWorld,Musk Ketone 10% in DEP from PerfumersWorld,musk ketone,"81-14-1|0.1
84-66-2|0.9",VERIFIED_MATCH,Musk ketone,81-14-1,https://pubchem.ncbi.nlm.nih.gov/compound/6669,0.0600,TRUE,Musk Ketone from PerfumersWorld,Diethyl Phthalate (DEP) from PerfumersWorld,10.00,
5XU09977,PerfumersWorld,Musk Ketone 10% in DPG from PerfumersWorld,musk ketone,"81-14-1|0.1
25265-71-8|0.9",VERIFIED_MATCH,Musk ketone,81-14-1,https://pubchem.ncbi.nlm.nih.gov/compound/6669,0.0600,TRUE,Musk Ketone from PerfumersWorld,Dipropylene Glycol (DPG) from PerfumersWorld,10.00,
6XY17557,PerfumersWorld,Musk X Super from PerfumersWorld,musk x super,Mixture (Perfume Base),VERIFIED,,,,0.3000,FALSE,,,,
6XU17558,PerfumersWorld,Musk Xylol REP from PerfumersWorld,musk xylol rep,Mixture (Perfume Base),VERIFIED,,,,0.3100,FALSE,,,,
4MA00312,PerfumersWorld,Myrac Aldehyde from PerfumersWorld,myrac aldehyde,37677-14-8,VERIFIED_MATCH,"3-Cyclohexene-1-carboxaldehyde, 4-(4-methyl-3-penten-1-yl)-",37677-14-8,https://pubchem.ncbi.nlm.nih.gov/compound/93199,0.1800,FALSE,,,,
5MA08478,PerfumersWorld,Myrac Aldehyde 10% in DPG from PerfumersWorld,myrac aldehyde,"37677-14-8|0.1
25265-71-8|0.9",VERIFIED_MATCH,"3-Cyclohexene-1-carboxaldehyde, 4-(4-methyl-3-penten-1-yl)-",37677-14-8,https://pubchem.ncbi.nlm.nih.gov/compound/93199,0.0600,TRUE,Myrac Aldehyde from PerfumersWorld,Dipropylene Glycol (DPG) from PerfumersWorld,10.00,
3CQ00313,PerfumersWorld,Myrcene from PerfumersWorld,myrcene,123-35-3,VERIFIED_MATCH,Myrcene,123-35-3,https://pubchem.ncbi.nlm.nih.gov/compound/31253,0.4500,FALSE,,,,
1AA05031,PerfumersWorld,Myristic Acid from PerfumersWorld,myristic acid,544-63-8,VERIFIED_MATCH,Myristic Acid,544-63-8,https://pubchem.ncbi.nlm.nih.gov/compound/11005,0.1800,FALSE,,,,
7QC00314,PerfumersWorld,Myrrh Essential Oil from PerfumersWorld,myrrh essential oil,8016-37-3,NATURAL_MIXTURE,,8016-37-3,,3.1000,FALSE,,,,
6NJ18033,PerfumersWorld,N-NARCOTIC F-TEC from PerfumersWorld,n-narcotic,Mixture (Perfume Base),VERIFIED,,,,0.1500,FALSE,,,,
6NJ07696,PerfumersWorld,N-Narcotic Fleuressence from PerfumersWorld,n-narcotic,Mixture (Perfume Base),VERIFIED,,,,0.2100,FALSE,,,,
7WU09815,PerfumersWorld,Nagarmotha Oil from PerfumersWorld,nagarmotha oil,68916-60-9,NATURAL_MIXTURE,,68916-60-9,,1.6000,FALSE,,,,
6NP18957,PerfumersWorld,NARCISSUS F-TEC from PerfumersWorld,narcissus,Mixture (Perfume Base),VERIFIED,,,,0.1800,FALSE,,,,
6NP08694,PerfumersWorld,Narcissus Fleuressence from PerfumersWorld,narcissus,Mixture (Perfume Base),VERIFIED,,,,0.3600,FALSE,,,,
6GL18214,PerfumersWorld,NATURELLE F-TEC from PerfumersWorld,naturelle,Mixture (Perfume Base),VERIFIED,,,,0.1800,FALSE,,,,
6GL10383,PerfumersWorld,Naturelle Fleuressence from PerfumersWorld,naturelle,Mixture (Perfume Base),VERIFIED,,,,0.4800,FALSE,,,,
6GW18223,PerfumersWorld,NATURELLE HOMME F-TEC from PerfumersWorld,naturelle homme,Mixture (Perfume Base),VERIFIED,,,,0.2700,FALSE,,,,
6GG10387,PerfumersWorld,Naturelle Homme Fleuressence from PerfumersWorld,naturelle homme,Mixture (Perfume Base),VERIFIED,,,,0.5000,FALSE,,,,
4GI02379,PerfumersWorld,Neofolione from PerfumersWorld,neofolione,111-79-5,VERIFIED_MATCH,Methyl 2-nonenoate,111-79-5,https://pubchem.ncbi.nlm.nih.gov/compound/5368076,0.7500,FALSE,,,,
8CS23654,PerfumersWorld,Nepal Pepper Co2 Extract from PerfumersWorld,nepal pepper co2 extract,97404-53-0,NATURAL_MIXTURE,,97404-53-0,,4.4000,FALSE,,,,
3CR00317,PerfumersWorld,Nerol from PerfumersWorld,nerol,106-25-2,VERIFIED_MATCH,Nerol,106-25-2,https://pubchem.ncbi.nlm.nih.gov/compound/643820,0.2000,FALSE,,,,
7CN00318,PerfumersWorld,Neroli Essential Oil from PerfumersWorld,neroli essential oil,8016-38-4,NATURAL_MIXTURE,,8016-38-4,,20.8000,FALSE,,,,
5CN07545,PerfumersWorld,Neroli Essential Oil 10% in DPG from PerfumersWorld,neroli essential oil,"8016-38-4|0.1
25265-71-8|0.9",NATURAL_MIXTURE,,8016-38-4,,2.3000,TRUE,Neroli Essential Oil from PerfumersWorld,Dipropylene Glycol (DPG) from PerfumersWorld,10.00,
6CN18131,PerfumersWorld,NEROLI F-TEC from PerfumersWorld,neroli,Mixture (Perfume Base),VERIFIED,,,,0.1500,FALSE,,,,
6CN09093,PerfumersWorld,Neroli Fleuressence from PerfumersWorld,neroli,Mixture (Perfume Base),VERIFIED,,,,0.3100,FALSE,,,,
3LM00319,PerfumersWorld,Nerolidol from PerfumersWorld,nerolidol,7212-44-4,VERIFIED_MATCH,Nerolidol,7212-44-4,https://pubchem.ncbi.nlm.nih.gov/compound/5284507,0.1700,FALSE,,,,
1CN00320,PerfumersWorld,Nerolin Bromelia from PerfumersWorld,nerolin bromelia,93-18-5,VERIFIED_MATCH,2-Ethoxynaphthalene,93-18-5,https://pubchem.ncbi.nlm.nih.gov/compound/7129,0.1500,FALSE,,,,
5CN09239,PerfumersWorld,Nerolin Bromelia 10% in DPG from PerfumersWorld,nerolin bromelia,"93-18-5|0.1
25265-71-8|0.9",VERIFIED_MATCH,2-Ethoxynaphthalene,93-18-5,https://pubchem.ncbi.nlm.nih.gov/compound/7129,0.0700,TRUE,Nerolin Bromelia from PerfumersWorld,Dipropylene Glycol (DPG) from PerfumersWorld,10.00,
1CN00321,PerfumersWorld,Nerolin Yara yara from PerfumersWorld,nerolin yara yara,93-04-9,VERIFIED_MATCH,2-Methoxynaphthalene,93-04-9,https://pubchem.ncbi.nlm.nih.gov/compound/7119,0.1100,FALSE,,,,
5CN09971,PerfumersWorld,Nerolin Yara Yara 10% in DPG from PerfumersWorld,nerolin yara yara,"93-04-9|0.1
25265-71-8|0.9",VERIFIED_MATCH,2-Methoxynaphthalene,93-04-9,https://pubchem.ncbi.nlm.nih.gov/compound/7119,0.0400,TRUE,Nerolin Yara Yara from PerfumersWorld,Dipropylene Glycol (DPG) from PerfumersWorld,10.00,
3RF05061,PerfumersWorld,Neryl Acetate from PerfumersWorld,neryl acetate,141-12-8,VERIFIED_MATCH,Neryl acetate,141-12-8,https://pubchem.ncbi.nlm.nih.gov/compound/1549025,0.2000,FALSE,,,,
6VD18542,PerfumersWorld,NEW MOWN HAY F-TEC from PerfumersWorld,new mown hay,Mixture (Perfume Base),VERIFIED,,,,0.1500,FALSE,,,,
6VD09091,PerfumersWorld,New Mown Hay Fleuressence from PerfumersWorld,new mown hay,Mixture (Perfume Base),VERIFIED,,,,0.2000,FALSE,,,,
7BH07692,PerfumersWorld,Niaouli essential oil from PerfumersWorld,niaouli essential oil,8022-72-8,NATURAL_MIXTURE,,8022-72-8,,0.4700,FALSE,,,,
6XU18880,PerfumersWorld,NITRO MUSK F-TEC from PerfumersWorld,nitro musk,Mixture (Perfume Base),VERIFIED,,,,0.1200,FALSE,,,,
6XU09117,PerfumersWorld,Nitro Musk Fleuressence from PerfumersWorld,nitro musk,Mixture (Perfume Base),VERIFIED,,,,0.1400,FALSE,,,,
3LA00326,PerfumersWorld,Nopyl Acetate from PerfumersWorld,nopyl acetate,128-51-8,VERIFIED_MATCH,Nopyl acetate,128-51-8,https://pubchem.ncbi.nlm.nih.gov/compound/929336,0.1400,FALSE,,,,
4WU22432,PerfumersWorld,Norlimbanol Dextro from PerfumersWorld,norlimbanol dextro,70788-30-6,VERIFIED_MATCH,"Cyclohexanepropanol, 2,2,6-trimethyl-alpha-propyl-",70788-30-6,https://pubchem.ncbi.nlm.nih.gov/compound/116699,1.0000,FALSE,,,,
5WU23677,PerfumersWorld,Norlimbanol Dextro 10% in DPG from PerfumersWorld,norlimbanol dextro,"70788-30-6|0.1
25265-71-8|0.9",VERIFIED_MATCH,"Cyclohexanepropanol, 2,2,6-trimethyl-alpha-propyl-",70788-30-6,https://pubchem.ncbi.nlm.nih.gov/compound/116699,0.1500,TRUE,Norlimbanol Dextro from PerfumersWorld,Dipropylene Glycol (DPG) from PerfumersWorld,10.00,
6EW18930,PerfumersWorld,NUT F-TEC from PerfumersWorld,nut,Mixture (Perfume Base),VERIFIED,,,,0.2400,FALSE,,,,
6EW09105,PerfumersWorld,Nut Fleuressence from PerfumersWorld,nut,Mixture (Perfume Base),VERIFIED,,,,0.2200,FALSE,,,,
7SC00327,PerfumersWorld,Nutmeg Essential Oil from PerfumersWorld,nutmeg essential oil,8008-45-5,NATURAL_MIXTURE,,8008-45-5,,1.0200,FALSE,,,,
6SL18489,PerfumersWorld,NUTMEG F-TEC from PerfumersWorld,nutmeg,Mixture (Perfume Base),VERIFIED,,,,0.3500,FALSE,,,,
6SL09678,PerfumersWorld,Nutmeg Fleuressence from PerfumersWorld,nutmeg,Mixture (Perfume Base),VERIFIED,,,,0.4700,FALSE,,,,
3MA22553,PerfumersWorld,Nympheal from PerfumersWorld,nympheal,1637294-12-2,FIXED_FROM_AUDIT,,1637294-12-2,https://pubchem.ncbi.nlm.nih.gov/compound/17877030,0.6100,FALSE,,,,
6OV18034,PerfumersWorld,O-ORCHID F-TEC from PerfumersWorld,o-orchid,Mixture (Perfume Base),VERIFIED,,,,0.1700,FALSE,,,,
6OV09421,PerfumersWorld,O-Orchid Fleuressence from PerfumersWorld,o-orchid,Mixture (Perfume Base),VERIFIED,,,,0.2000,FALSE,,,,
5YH07549,PerfumersWorld,Oakmoss Absolute  (IFRA Low Atranol) 10% in DPG from PerfumersWorld,oakmoss absolute,"9000-50-4|0.1
25265-71-8|0.9",NATURAL_MIXTURE,,9000-50-4,,0.3800,TRUE,Oakmoss Absolute  (IFRA Low Atranol) from PerfumersWorld,Dipropylene Glycol (DPG) from PerfumersWorld,10.00,
8YH00328,PerfumersWorld,Oakmoss Absolute (IFRA Low Atranol) from PerfumersWorld,oakmoss absolute,9000-50-4,NATURAL_MIXTURE,,9000-50-4,,3.3000,FALSE,,,,
6YH18894,PerfumersWorld,OAKMOSS F-TEC from PerfumersWorld,oakmoss,Mixture (Perfume Base),VERIFIED,,,,0.7600,FALSE,,,,
6YH09092,PerfumersWorld,Oakmoss Fleuressence from PerfumersWorld,oakmoss,Mixture (Perfume Base),VERIFIED,,,,0.7000,FALSE,,,,
5YQ09979,PerfumersWorld,Oakmoss Resinoid (IFRA Low Atranol) 10% in DPG from PerfumersWorld,oakmoss resinoid,"9000-50-4|0.1
25265-71-8|0.9",NATURAL_MIXTURE,,9000-50-4,,0.1200,TRUE,Oakmoss Resinoid (IFRA Low Atranol) from PerfumersWorld,Dipropylene Glycol (DPG) from PerfumersWorld,10.00,
2YQ00329,PerfumersWorld,Oakmoss Resinoid - IFRA Low Atranol from PerfumersWorld,oakmoss resinoid - ifra low atranol,9000-50-4,NATURAL_MIXTURE,,9000-50-4,,0.6000,FALSE,,,,
3QC00330,PerfumersWorld,Ocimene from PerfumersWorld,ocimene,13877-91-3,FIXED_FROM_AUDIT,Ocimene,29714-87-2,https://pubchem.ncbi.nlm.nih.gov/compound/6434062,0.7100,FALSE,,,,
7QK00333,PerfumersWorld,Olibanum Essential Oil from PerfumersWorld,olibanum essential oil,8016-36-2,NATURAL_MIXTURE,,8016-36-2,,3.5000,FALSE,,,,
5QK10958,PerfumersWorld,Olibanum Essential Oil 10% in DPG from PerfumersWorld,olibanum essential oil,"8016-36-2|0.1
25265-71-8|0.9",NATURAL_MIXTURE,,8016-36-2,,0.2900,TRUE,Olibanum Essential Oil from PerfumersWorld,Dipropylene Glycol (DPG) from PerfumersWorld,10.00,
2QK21856,PerfumersWorld,Olibanum Resinoid (Viscous) from PerfumersWorld,olibanum resinoid,8016-36-2,VERIFIED,"6-Amino-4-(hydroxymethyl)cyclohex-4-ene-1,2,3-triol",8016-36-2,https://pubchem.ncbi.nlm.nih.gov/compound/4197136,0.6500,FALSE,,,,
5QK12179,PerfumersWorld,Olibanum Resinoid 10% in DPG from PerfumersWorld,olibanum resinoid,"8016-36-2|0.1
25265-71-8|0.9",FORMATTING_FIX,"6-Amino-4-(hydroxymethyl)cyclohex-4-ene-1,2,3-triol",8016-36-2,https://pubchem.ncbi.nlm.nih.gov/compound/4197136,0.1200,TRUE,Olibanum Resinoid from PerfumersWorld,Dipropylene Glycol (DPG) from PerfumersWorld,10.00,
5QK12474,PerfumersWorld,Olibanum Resinoid 50% in DEP from PerfumersWorld,olibanum resinoid,"8016-36-2|0.5
84-66-2|0.5",FORMATTING_FIX,"6-Amino-4-(hydroxymethyl)cyclohex-4-ene-1,2,3-triol",8016-36-2,https://pubchem.ncbi.nlm.nih.gov/compound/4197136,0.4900,TRUE,Olibanum Resinoid from PerfumersWorld,Diethyl Phthalate (DEP) from PerfumersWorld,50.00,
5QK07853,PerfumersWorld,Olibanum Resinoid 50% in DPG from PerfumersWorld,olibanum resinoid,"8016-36-2|0.5
25265-71-8|0.5",FORMATTING_FIX,"6-Amino-4-(hydroxymethyl)cyclohex-4-ene-1,2,3-triol",8016-36-2,https://pubchem.ncbi.nlm.nih.gov/compound/4197136,0.4900,TRUE,Olibanum Resinoid from PerfumersWorld,Dipropylene Glycol (DPG) from PerfumersWorld,50.00,
2QK00334,PerfumersWorld,Olibanum Resinoid Absolute - Solid from PerfumersWorld,olibanum resinoid absolute - solid,8016-36-2,NATURAL_MIXTURE,,8016-36-2,,0.8600,FALSE,,,,
7QC00561,PerfumersWorld,Opoponax Absolute from PerfumersWorld,opoponax absolute,9000-78-6,NATURAL_MIXTURE,,9000-78-6,,2.9500,FALSE,,,,
7QC00336,PerfumersWorld,Opoponax Essential Oil from PerfumersWorld,opoponax essential oil,8021-36-1,NATURAL_MIXTURE,,8021-36-1,,4.4000,FALSE,,,,
5QC10959,PerfumersWorld,Opoponax Essential Oil 10% in DPG from PerfumersWorld,opoponax essential oil,"8021-36-1|0.1
25265-71-8|0.9",NATURAL_MIXTURE,,8021-36-1,,0.3800,TRUE,Opoponax Essential Oil from PerfumersWorld,Dipropylene Glycol (DPG) from PerfumersWorld,10.00,
2QC00337,PerfumersWorld,Opoponax Resinoid from PerfumersWorld,opoponax resinoid,9000-78-6,NATURAL_MIXTURE,,9000-78-6,,0.7200,FALSE,,,,
5QC12475,PerfumersWorld,Opoponax Resinoid 50% in BB from PerfumersWorld,opoponax resinoid,"9000-78-6|0.5
120-51-4|0.5",NATURAL_MIXTURE,,9000-78-6,,0.4000,TRUE,Opoponax Resinoid from PerfumersWorld,Benzyl Benzoate (BB) from PerfumersWorld,50.00,
5QC12239,PerfumersWorld,Opoponax Resinoid 50% in DPG from PerfumersWorld,opoponax resinoid,"9000-78-6|0.5
25265-71-8|0.5",NATURAL_MIXTURE,,9000-78-6,,0.3800,TRUE,Opoponax Resinoid from PerfumersWorld,Dipropylene Glycol (DPG) from PerfumersWorld,50.00,
6CA18123,PerfumersWorld,ORANGE F-TEC from PerfumersWorld,orange,Mixture (Perfume Base),VERIFIED,,,,0.1200,FALSE,,,,
6CA09018,PerfumersWorld,Orange Fleuressence from PerfumersWorld,orange,Mixture (Perfume Base),VERIFIED,,,,0.0900,FALSE,,,,
8NC00338,PerfumersWorld,Orange Flower Absolute from PerfumersWorld,orange flower absolute,8016-38-4,NATURAL_MIXTURE,,8016-38-4,,29.9000,FALSE,,,,
5NC07544,PerfumersWorld,Orange Flower Absolute 10% in DPG from PerfumersWorld,orange flower absolute,"8030-28-2|0.1
25265-71-8|0.9",NATURAL_MIXTURE,,8030-28-2,,3.1200,TRUE,Orange Flower Absolute from PerfumersWorld,Dipropylene Glycol (DPG) from PerfumersWorld,10.00,
6NC18793,PerfumersWorld,ORANGE FLOWER F-TEC from PerfumersWorld,orange flower,Mixture (Perfume Base),VERIFIED,,,,0.2600,FALSE,,,,
6NC11558,PerfumersWorld,Orange Flower Fleuressence from PerfumersWorld,orange flower,Mixture (Perfume Base),VERIFIED,,,,0.2200,FALSE,,,,
1NC00340,PerfumersWorld,Oranger Crystals from PerfumersWorld,oranger crystals,93-08-3,VERIFIED_MATCH,2-Acetylnaphthalene,93-08-3,https://pubchem.ncbi.nlm.nih.gov/compound/7122,0.2900,FALSE,,,,
5NC07839,PerfumersWorld,Oranger Crystals 10% in DPG from PerfumersWorld,oranger crystals,"93-08-3|0.1
25265-71-8|0.9",VERIFIED_MATCH,2-Acetylnaphthalene,93-08-3,https://pubchem.ncbi.nlm.nih.gov/compound/7122,0.0700,TRUE,Oranger Crystals from PerfumersWorld,Dipropylene Glycol (DPG) from PerfumersWorld,10.00,
6OQ18798,PerfumersWorld,ORCHIDIA BLENDER F-TEC from PerfumersWorld,orchidia blender,Mixture (Perfume Base),VERIFIED,,,,0.1500,FALSE,,,,
6OQ12406,PerfumersWorld,Orchidia Blender Fleuressence from PerfumersWorld,orchidia blender,Mixture (Perfume Base),VERIFIED,,,,0.1700,FALSE,,,,
7PS00342,PerfumersWorld,Oregano Essential Oil from PerfumersWorld,oregano essential oil,84012-24-8,NATURAL_MIXTURE,,84012-24-8,,1.5900,FALSE,,,,
5PS10974,PerfumersWorld,Oregano Essential Oil 10% in DPG from PerfumersWorld,oregano essential oil,"8007-11-2|0.1
25265-71-8|0.9",NATURAL_MIXTURE,,8007-11-2,,0.1900,TRUE,Oregano Essential Oil from PerfumersWorld,Dipropylene Glycol (DPG) from PerfumersWorld,10.00,
7HL10443,PerfumersWorld,Organic Lavender Essential Oil from PerfumersWorld,organic lavender essential oil,90063-37-9,NATURAL_MIXTURE,,90063-37-9,,0.6700,FALSE,,,,
6QV18436,PerfumersWorld,ORIENTAL F-TEC from PerfumersWorld,oriental,Mixture (Perfume Base),VERIFIED,,,,0.2600,FALSE,,,,
6QV10404,PerfumersWorld,Oriental Fleuressence from PerfumersWorld,oriental,Mixture (Perfume Base),VERIFIED,,,,0.2800,FALSE,,,,
3IA00343,PerfumersWorld,Orivone from PerfumersWorld,orivone,16587-71-6,FIXED_FROM_AUDIT,,16587-71-6,https://pubchem.ncbi.nlm.nih.gov/compound/27941,0.5200,FALSE,,,,
8IA00344,PerfumersWorld,Orris Concrete Orris Butter from PerfumersWorld,orris concrete orris butter,8002-73-1,DATA_GAP_MANUAL_CHECK,,8002-73-1,,21.5000,FALSE,,,,
5IA07847,PerfumersWorld,Orris Concrete Orris Butter 10% in DPG from PerfumersWorld,orris concrete orris butter,"8002-73-1|0.1
25265-71-8|0.9",DATA_GAP_MANUAL_CHECK,,8002-73-1,,2.2000,TRUE,Orris Concrete Orris Butter from PerfumersWorld,Dipropylene Glycol (DPG) from PerfumersWorld,10.00,
6IA18245,PerfumersWorld,ORRIS F-TEC from PerfumersWorld,orris,Mixture (Perfume Base),VERIFIED,,,,0.2500,FALSE,,,,
6IA09073,PerfumersWorld,Orris Fleuressence from PerfumersWorld,orris,Mixture (Perfume Base),VERIFIED,,,,0.2900,FALSE,,,,
8IQ24653,PerfumersWorld,Orris Liquid from PerfumersWorld,orris liquid,Not Found,VERIFIED,,,,18.0000,FALSE,,,,
8ND00346,PerfumersWorld,Osmanthus Absolute from PerfumersWorld,osmanthus absolute,68917-05-5,NATURAL_MIXTURE,,68917-05-5,,18.1400,FALSE,,,,
5ND10990,PerfumersWorld,Osmanthus Absolute 10% in DPG from PerfumersWorld,osmanthus absolute,"68917-05-5|0.1
25265-71-8|0.9",NATURAL_MIXTURE,,68917-05-5,,1.8500,TRUE,Osmanthus Absolute from PerfumersWorld,Dipropylene Glycol (DPG) from PerfumersWorld,10.00,
3WX00347,PerfumersWorld,Osyrol from PerfumersWorld,osyrol,41890-92-0,FIXED_FROM_AUDIT,,41890-92-0,https://pubchem.ncbi.nlm.nih.gov/compound/162053,0.4900,FALSE,,,,
6WU07495,PerfumersWorld,Oud Base from PerfumersWorld,oud,Mixture (Perfume Base),VERIFIED,,,,2.0400,FALSE,,,,
6YG18599,PerfumersWorld,OZONE F-TEC from PerfumersWorld,ozone,Mixture (Perfume Base),FIXED_FROM_AUDIT,Ozone,10028-15-6,https://pubchem.ncbi.nlm.nih.gov/compound/24823,0.1500,FALSE,,,,
6YG07910,PerfumersWorld,Ozone Fleuressence from PerfumersWorld,ozone,Mixture (Perfume Base),FIXED_FROM_AUDIT,Ozone,10028-15-6,https://pubchem.ncbi.nlm.nih.gov/compound/24823,0.1700,FALSE,,,,
6PP18044,PerfumersWorld,P-PHENOL F-TEC from PerfumersWorld,p-phenol,Mixture (Perfume Base),VERIFIED,,,,0.1200,FALSE,,,,
6PP09422,PerfumersWorld,P-Phenol Fleuressence from PerfumersWorld,p-phenol,Mixture (Perfume Base),VERIFIED,,,,0.2000,FALSE,,,,
6FQ21068,PerfumersWorld,Palm Dates Base from PerfumersWorld,palm dates,Mixture (Perfume Base),VERIFIED,,,,0.4000,FALSE,,,,
7RL00353,PerfumersWorld,Palmarosa Essential Oil from PerfumersWorld,palmarosa essential oil,8014-19-5,NATURAL_MIXTURE,,8014-19-5,,0.4400,FALSE,,,,
6CN23709,PerfumersWorld,Pamzest from PerfumersWorld,pamzest,Mixture (Perfume Base),VERIFIED,,,,0.5000,FALSE,,,,
9PP00348,PerfumersWorld,para-Cresol from PerfumersWorld,para-cresol,106-44-5,VERIFIED_MATCH,P-Cresol,106-44-5,https://pubchem.ncbi.nlm.nih.gov/compound/2879,0.3900,FALSE,,,,
5PP11272,PerfumersWorld,para-Cresol 10% in DPG from PerfumersWorld,para-cresol,"106-44-5|0.1
25265-71-8|0.9",VERIFIED_MATCH,P-Cresol,106-44-5,https://pubchem.ncbi.nlm.nih.gov/compound/2879,0.1000,TRUE,para-Cresol from PerfumersWorld,Dipropylene Glycol (DPG) from PerfumersWorld,10.00,
9PP01951,PerfumersWorld,para-Cresyl Acetate from PerfumersWorld,para-cresyl acetate,140-39-6,VERIFIED_MATCH,4-Methylphenyl acetate,140-39-6,https://pubchem.ncbi.nlm.nih.gov/compound/8797,0.7500,FALSE,,,,
5PN11524,PerfumersWorld,para-Cresyl Acetate 10% in DPG from PerfumersWorld,para-cresyl acetate,"140-39-6|0.1
25265-71-8|0.9",VERIFIED_MATCH,4-Methylphenyl acetate,140-39-6,https://pubchem.ncbi.nlm.nih.gov/compound/8797,0.1500,TRUE,para-Cresyl Acetate from PerfumersWorld,Dipropylene Glycol (DPG) from PerfumersWorld,10.00,
4PP00350,PerfumersWorld,para-Cresyl Methyl Ether from PerfumersWorld,para-cresyl methyl ether,104-93-8,VERIFIED_MATCH,4-Methylanisole,104-93-8,https://pubchem.ncbi.nlm.nih.gov/compound/7731,0.1800,FALSE,,,,
5PN08178,PerfumersWorld,para-Cresyl Methyl Ether 10% in DPG from PerfumersWorld,para-cresyl methyl ether,"104-93-8|0.1
25265-71-8|0.9",VERIFIED_MATCH,4-Methylanisole,104-93-8,https://pubchem.ncbi.nlm.nih.gov/compound/7731,0.1000,TRUE,para-Cresyl Methyl Ether from PerfumersWorld,Dipropylene Glycol (DPG) from PerfumersWorld,10.00,
1PF01952,PerfumersWorld,para-Cresyl Phenyl Acetate from PerfumersWorld,para-cresyl phenyl acetate,101-94-0,VERIFIED_MATCH,p-CRESYL PHENYLACETATE,101-94-0,https://pubchem.ncbi.nlm.nih.gov/compound/60997,0.8900,FALSE,,,,
5PN07817,PerfumersWorld,para-Cresyl Phenyl Acetate 10% in DPG from PerfumersWorld,para-cresyl phenyl acetate,"101-94-0|0.1
25265-71-8|0.9",VERIFIED_MATCH,p-CRESYL PHENYLACETATE,101-94-0,https://pubchem.ncbi.nlm.nih.gov/compound/60997,0.1700,TRUE,para-Cresyl Phenyl Acetate from PerfumersWorld,Dipropylene Glycol (DPG) from PerfumersWorld,10.00,
3NP02253,PerfumersWorld,para-Methyl Acetophenone from PerfumersWorld,para-methyl acetophenone,122-00-9,VERIFIED_MATCH,p-METHYLACETOPHENONE,122-00-9,https://pubchem.ncbi.nlm.nih.gov/compound/8500,0.1500,FALSE,,,,
4GF14127,PerfumersWorld,Paradisamide from PerfumersWorld,paradisamide,406488-30-0,VERIFIED_MATCH,"Butanamide, 2-ethyl-N-methyl-N-(3-methylphenyl)-",406488-30-0,https://pubchem.ncbi.nlm.nih.gov/compound/57495095,0.5500,FALSE,,,,
4IG05175,PerfumersWorld,Parmavert from PerfumersWorld,parmavert,13257-44-8,VERIFIED_MATCH,"1,1-Dimethoxynon-2-yne",13257-44-8,https://pubchem.ncbi.nlm.nih.gov/compound/25812,1.6500,FALSE,,,,
5IG11455,PerfumersWorld,Parmavert 10% in DPG from PerfumersWorld,parmavert,"13257-44-8|0.1
25265-71-8|0.9",VERIFIED_MATCH,"1,1-Dimethoxynon-2-yne",13257-44-8,https://pubchem.ncbi.nlm.nih.gov/compound/25812,0.1900,TRUE,Parmavert from PerfumersWorld,Dipropylene Glycol (DPG) from PerfumersWorld,10.00,
7SW00970,PerfumersWorld,Parsley Seed Essential Oil from PerfumersWorld,parsley seed essential oil,8000-68-8,NATURAL_MIXTURE,,8000-68-8,,1.9200,FALSE,,,,
5SH08967,PerfumersWorld,Parsley Seed Oil 10% in DPG from PerfumersWorld,parsley seed oil,"8000-68-8|0.1
25265-71-8|0.9",NATURAL_MIXTURE,,8000-68-8,,0.2200,TRUE,Parsley Seed Oil from PerfumersWorld,Dipropylene Glycol (DPG) from PerfumersWorld,10.00,
7WB00357,PerfumersWorld,Patchouli Essential Oil from PerfumersWorld,patchouli essential oil,84238-39-1,NATURAL_MIXTURE,,84238-39-1,,0.9600,FALSE,,,,
6WB18685,PerfumersWorld,PATCHOULI F-TEC from PerfumersWorld,patchouli,Mixture (Perfume Base),VERIFIED,,,,0.4500,FALSE,,,,
6WB09123,PerfumersWorld,Patchouli Fleuressence from PerfumersWorld,patchouli,Mixture (Perfume Base),VERIFIED,,,,0.5000,FALSE,,,,
7WB13670,PerfumersWorld,Patchouli Light Essential Oil from PerfumersWorld,patchouli light essential oil,8014-09-3,NATURAL_MIXTURE,,8014-09-3,,0.3500,FALSE,,,,
6FD18170,PerfumersWorld,PEACH F-TEC from PerfumersWorld,peach,Mixture (Perfume Base),VERIFIED,,,,0.1500,FALSE,,,,
6FD08610,PerfumersWorld,Peach Fleuressence from PerfumersWorld,peach,Mixture (Perfume Base),VERIFIED,,,,0.2000,FALSE,,,,
3RB12753,PerfumersWorld,Peonile from PerfumersWorld,peonile,10461-98-0,VERIFIED_MATCH,Alpha-cyclohexylidene benzeneacetonitrile,10461-98-0,https://pubchem.ncbi.nlm.nih.gov/compound/66327,0.2000,FALSE,,,,
7BB00360,PerfumersWorld,Peppermint Essential Oil from PerfumersWorld,peppermint essential oil,8006-90-4,NATURAL_MIXTURE,,8006-90-4,,0.2000,FALSE,,,,
6BB18120,PerfumersWorld,PEPPERMINT F-TEC from PerfumersWorld,peppermint,Mixture (Perfume Base),VERIFIED,,,,0.1200,FALSE,,,,
6BB09016,PerfumersWorld,Peppermint Fleuressence from PerfumersWorld,peppermint,Mixture (Perfume Base),VERIFIED,,,,0.1600,FALSE,,,,
2QV00363,PerfumersWorld,Peru Balsam Resinoid from PerfumersWorld,peru balsam resinoid,8007-00-9,NATURAL_MIXTURE,,8007-00-9,,0.7800,FALSE,,,,
5QV12476,PerfumersWorld,Peru Balsam Resinoid 50% in BB from PerfumersWorld,peru balsam resinoid,"8007-00-9|0.5
120-51-4|0.5",NATURAL_MIXTURE,,8007-00-9,,0.4600,TRUE,Peru Balsam Resinoid from PerfumersWorld,Benzyl Benzoate (BB) from PerfumersWorld,50.00,
5QV10578,PerfumersWorld,Peru Balsam Resinoid 50% in DPG from PerfumersWorld,peru balsam resinoid,"8007-00-9|0.5
25265-71-8|0.5",NATURAL_MIXTURE,,8007-00-9,,0.4500,TRUE,Peru Balsam Resinoid from PerfumersWorld,Dipropylene Glycol (DPG) from PerfumersWorld,50.00,
6CN24668,PerfumersWorld,Petigrain Bigarade from PerfumersWorld,petigrain bigarade,Mixture (Perfume Base),VERIFIED,,,,0.4500,FALSE,,,,
7CN00364,PerfumersWorld,Petitgrain Essential Oil Paraguay from PerfumersWorld,petitgrain essential oil paraguay,8014-17-3,NATURAL_MIXTURE,,8014-17-3,,0.6500,FALSE,,,,
3RB00369,PerfumersWorld,Phenoxy Ethyl Isobutyrate from PerfumersWorld,phenoxy ethyl isobutyrate,103-60-6,VERIFIED_MATCH,Phenoxyethyl isobutyrate,103-60-6,https://pubchem.ncbi.nlm.nih.gov/compound/61005,0.1700,FALSE,,,,
5GN10163,PerfumersWorld,Phenyl acetaldehyde 10% in DPG from PerfumersWorld,phenyl acetaldehyde,"122-78-1|0.1
25265-71-8|0.9",VERIFIED_MATCH,Phenylacetaldehyde,122-78-1,https://pubchem.ncbi.nlm.nih.gov/compound/998,0.0900,TRUE,Phenyl acetaldehyde from PerfumersWorld,Dipropylene Glycol (DPG) from PerfumersWorld,10.00,
5GP07498,PerfumersWorld,Phenyl acetaldehyde 50% in PEA from PerfumersWorld,phenyl acetaldehyde,122-78-1|0.5,VERIFIED_MATCH,Phenylacetaldehyde,122-78-1,https://pubchem.ncbi.nlm.nih.gov/compound/998,0.3200,TRUE,Phenyl acetaldehyde from PerfumersWorld,PEA from PerfumersWorld,50.00,
5GP07497,PerfumersWorld,Phenyl Acetaldehyde 85% in PEA from PerfumersWorld,phenyl acetaldehyde,122-78-1|0.85,VERIFIED_MATCH,Phenylacetaldehyde,122-78-1,https://pubchem.ncbi.nlm.nih.gov/compound/998,0.3500,TRUE,Phenyl Acetaldehyde from PerfumersWorld,PEA from PerfumersWorld,85.00,
4GN00382,PerfumersWorld,Phenyl Acetaldehyde Dimethyl Acetal (PADMA) from PerfumersWorld,phenyl acetaldehyde dimethyl acetal,101-48-4,VERIFIED_MATCH,Phenyl acetaldehyde dimethyl acetal,101-48-4,https://pubchem.ncbi.nlm.nih.gov/compound/60995,0.2500,FALSE,,,,
5GN08326,PerfumersWorld,Phenyl Acetaldehyde Dimethyl Acetal (PADMA) 10% in DPG from PerfumersWorld,phenyl acetaldehyde dimethyl acetal,"101-48-4|0.1
25265-71-8|0.9",VERIFIED_MATCH,Phenyl acetaldehyde dimethyl acetal,101-48-4,https://pubchem.ncbi.nlm.nih.gov/compound/60995,0.1300,TRUE,Phenyl Acetaldehyde Dimethyl Acetal (PADMA) from PerfumersWorld,Dipropylene Glycol (DPG) from PerfumersWorld,10.00,
3RP00371,PerfumersWorld,Phenyl Ethyl Acetate from PerfumersWorld,phenyl ethyl acetate,103-45-7,VERIFIED_MATCH,2-Phenylethyl Acetate,103-45-7,https://pubchem.ncbi.nlm.nih.gov/compound/7654,0.2000,FALSE,,,,
3RM00358,PerfumersWorld,Phenyl Ethyl Alcohol (PEA) from PerfumersWorld,phenyl ethyl alcohol,60-12-8,VERIFIED_MATCH,2-Phenylethanol,60-12-8,https://pubchem.ncbi.nlm.nih.gov/compound/6054,0.0700,FALSE,,,,
3MR02826,PerfumersWorld,Phenyl Ethyl Dimethyl Carbinol from PerfumersWorld,phenyl ethyl dimethyl carbinol,103-05-9,VERIFIED_MATCH,2-Methyl-4-phenyl-2-butanol,103-05-9,https://pubchem.ncbi.nlm.nih.gov/compound/7632,0.4100,FALSE,,,,
3LR00160,PerfumersWorld,Phenyl Ethyl Dimethyl Carbinyl Acetate from PerfumersWorld,phenyl ethyl dimethyl carbinyl acetate,103-07-1,FIXED_FROM_AUDIT,,103-07-1,https://pubchem.ncbi.nlm.nih.gov/compound/7633,0.6300,FALSE,,,,
4RW00373,PerfumersWorld,Phenyl Ethyl Formate from PerfumersWorld,phenyl ethyl formate,104-62-1,VERIFIED_MATCH,2-Phenylethyl formate,104-62-1,https://pubchem.ncbi.nlm.nih.gov/compound/7711,0.3400,FALSE,,,,
4RL00374,PerfumersWorld,Phenyl Ethyl Isoamyl Ether from PerfumersWorld,phenyl ethyl isoamyl ether,56011-02-0,VERIFIED_MATCH,Isoamyl phenethyl ether,56011-02-0,https://pubchem.ncbi.nlm.nih.gov/compound/91978,0.1500,FALSE,,,,
5RL08476,PerfumersWorld,Phenyl Ethyl Isoamyl Ether 10% in DPG from PerfumersWorld,phenyl ethyl isoamyl ether,"56011-02-0|0.1
25265-71-8|0.9",VERIFIED_MATCH,Isoamyl phenethyl ether,56011-02-0,https://pubchem.ncbi.nlm.nih.gov/compound/91978,0.0600,TRUE,Phenyl Ethyl Isoamyl Ether from PerfumersWorld,Dipropylene Glycol (DPG) from PerfumersWorld,10.00,
3RB00375,PerfumersWorld,Phenyl Ethyl Isobutyrate from PerfumersWorld,phenyl ethyl isobutyrate,103-48-0,VERIFIED_MATCH,Phenethyl isobutyrate,103-48-0,https://pubchem.ncbi.nlm.nih.gov/compound/7655,0.2200,FALSE,,,,
3RP00377,PerfumersWorld,Phenyl Ethyl Phenyl Acetate from PerfumersWorld,phenyl ethyl phenyl acetate,102-20-5,VERIFIED_MATCH,Phenethyl phenylacetate,102-20-5,https://pubchem.ncbi.nlm.nih.gov/compound/7601,0.3200,FALSE,,,,
5RP07854,PerfumersWorld,Phenyl Ethyl Phenyl Acetate 50% in DPG from PerfumersWorld,phenyl ethyl phenyl acetate,"102-20-5|0.5
25265-71-8|0.5",VERIFIED_MATCH,Phenethyl phenylacetate,102-20-5,https://pubchem.ncbi.nlm.nih.gov/compound/7601,0.2000,TRUE,Phenyl Ethyl Phenyl Acetate from PerfumersWorld,Dipropylene Glycol (DPG) from PerfumersWorld,50.00,
1RO05275,PerfumersWorld,Phenyl Ethyl Salicylate from PerfumersWorld,phenyl ethyl salicylate,87-22-9,FIXED_FROM_AUDIT,Phenyl ethyl salicylate,87-22-9,https://pubchem.ncbi.nlm.nih.gov/compound/15066011,0.3500,FALSE,,,,
5RO12473,PerfumersWorld,Phenyl Ethyl Salicylate 10% in DPG from PerfumersWorld,phenyl ethyl salicylate,"87-22-9|0.1
25265-71-8|0.9",FIXED_FROM_AUDIT,Phenyl ethyl salicylate,87-22-9,https://pubchem.ncbi.nlm.nih.gov/compound/15066011,0.0900,TRUE,Phenyl Ethyl Salicylate from PerfumersWorld,Dipropylene Glycol (DPG) from PerfumersWorld,10.00,
3GN00379,PerfumersWorld,Phenyl Propyl Alcohol from PerfumersWorld,phenyl propyl alcohol,122-97-4,VERIFIED_MATCH,Benzenepropanol,122-97-4,https://pubchem.ncbi.nlm.nih.gov/compound/31234,0.2000,FALSE,,,,
3WI00384,PerfumersWorld,Physeol from PerfumersWorld,physeol,68845-00-1,VERIFIED_MATCH,"Bicyclo[3.3.1]nonane, 2-ethoxy-2,6,6-trimethyl-9-methylene-",68845-00-1,https://pubchem.ncbi.nlm.nih.gov/compound/111376,1.8000,FALSE,,,,
7KQ07511,PerfumersWorld,Pine Essential Oil from PerfumersWorld,pine essential oil,84012-35-1,NATURAL_MIXTURE,,84012-35-1,,0.0900,FALSE,,,,
6KL18318,PerfumersWorld,PINE F-TEC from PerfumersWorld,pine,Mixture (Perfume Base),VERIFIED,,,,0.1500,FALSE,,,,
6KL09075,PerfumersWorld,Pine Fleuressence from PerfumersWorld,pine,Mixture (Perfume Base),VERIFIED,,,,0.1900,FALSE,,,,
7KH08741,PerfumersWorld,Pine Needle Essential Oil from PerfumersWorld,pine needle essential oil,8021-29-2,NATURAL_MIXTURE,,8021-29-2,,0.3500,FALSE,,,,
6KH18319,PerfumersWorld,PINE NEEDLE F-TEC from PerfumersWorld,pine needle,Mixture (Perfume Base),VERIFIED,,,,0.3500,FALSE,,,,
6KH08503,PerfumersWorld,Pine Needle Fleuressence from PerfumersWorld,pine needle,Mixture (Perfume Base),VERIFIED,,,,0.3400,FALSE,,,,
6FC18181,PerfumersWorld,PINEAPPLE F-TEC from PerfumersWorld,pineapple,Mixture (Perfume Base),VERIFIED,,,,0.1000,FALSE,,,,
6FC08433,PerfumersWorld,Pineapple Fleuressence from PerfumersWorld,pineapple,Mixture (Perfume Base),VERIFIED,,,,0.1400,FALSE,,,,
7SC00941,PerfumersWorld,Pink Pepper Essential Oil from PerfumersWorld,pink pepper essential oil,68917-52-2,NATURAL_MIXTURE,,68917-52-2,,4.9200,FALSE,,,,
3VN06814,PerfumersWorld,Piperonyl acetate from PerfumersWorld,piperonyl acetate,326-61-4,VERIFIED_MATCH,Piperonyl acetate,326-61-4,https://pubchem.ncbi.nlm.nih.gov/compound/9473,0.9800,FALSE,,,,
7HS07556,PerfumersWorld,Plai Essential Oil Siam from PerfumersWorld,plai essential oil siam,8016-63-5,NATURAL_MIXTURE,,8016-63-5,,0.5200,FALSE,,,,
3WM16912,PerfumersWorld,Polysantol from PerfumersWorld,polysantol,107898-54-4,VERIFIED_MATCH,"4-Penten-2-ol, 3,3-dimethyl-5-(2,2,3-trimethyl-3-cyclopenten-1-yl)-",107898-54-4,https://pubchem.ncbi.nlm.nih.gov/compound/15984303,1.4000,FALSE,,,,
7CN23708,PerfumersWorld,Pomelo Essential Oil from PerfumersWorld,pomelo essential oil,8016-20-4,NATURAL_MIXTURE,,8016-20-4,,1.0000,FALSE,,,,
6AJ18111,PerfumersWorld,POWDERY F-TEC from PerfumersWorld,powdery,Mixture (Perfume Base),VERIFIED,,,,0.1500,FALSE,,,,
6AJ12410,PerfumersWorld,Powdery Fleuressence from PerfumersWorld,powdery,Mixture (Perfume Base),VERIFIED,,,,0.1900,FALSE,,,,
3MC11054,PerfumersWorld,Precyclemone B from PerfumersWorld,precyclemone b,52474-60-9,FIXED_FROM_AUDIT,,52474-60-9,https://pubchem.ncbi.nlm.nih.gov/compound/103648,0.2500,FALSE,,,,
3FG00387,PerfumersWorld,Prenyl Acetate from PerfumersWorld,prenyl acetate,1191-16-8,VERIFIED_MATCH,Prenyl acetate,1191-16-8,https://pubchem.ncbi.nlm.nih.gov/compound/14489,0.1200,FALSE,,,,
6FD18956,PerfumersWorld,PRUNE F-TEC from PerfumersWorld,prune,Mixture (Perfume Base),VERIFIED,,,,0.1500,FALSE,,,,
6FD07547,PerfumersWorld,Prune Fleuressence from PerfumersWorld,prune,Mixture (Perfume Base),VERIFIED,,,,0.1400,FALSE,,,,
6XZ10738,PerfumersWorld,PWx Factor from PerfumersWorld,pwx factor,Mixture (Perfume Base),VERIFIED,,,,0.6200,FALSE,,,,
6XZ12347,PerfumersWorld,PWx Oil Factor - Natural from PerfumersWorld,pwx oil factor - natural,Mixture (Perfume Base),NATURAL_MIXTURE,,,,0.6200,FALSE,,,,
9UY19188,PerfumersWorld,Pyralone from PerfumersWorld,pyralone,65442-31-1,VERIFIED_MATCH,6-(sec-Butyl)quinoline,65442-31-1,https://pubchem.ncbi.nlm.nih.gov/compound/103401,2.7000,FALSE,,,,
5UY19282,PerfumersWorld,Pyralone 10% in DPG from PerfumersWorld,pyralone,"65442-31-1|0.1
25265-71-8|0.9",VERIFIED_MATCH,6-(sec-Butyl)quinoline,65442-31-1,https://pubchem.ncbi.nlm.nih.gov/compound/103401,0.3000,TRUE,Pyralone from PerfumersWorld,Dipropylene Glycol (DPG) from PerfumersWorld,10.00,
6QV18045,PerfumersWorld,Q-QUEEN F-TEC from PerfumersWorld,q-queen,Mixture (Perfume Base),VERIFIED,,,,0.1600,FALSE,,,,
6QV09582,PerfumersWorld,Q-Queen of the Orient Fleuressence from PerfumersWorld,q-queen of the orient,Mixture (Perfume Base),VERIFIED,,,,0.2200,FALSE,,,,
6RR18074,PerfumersWorld,R-ROSE F-TEC from PerfumersWorld,r-rose,Mixture (Perfume Base),VERIFIED,,,,0.1500,FALSE,,,,
6RR07636,PerfumersWorld,R-Rose Fleuressence from PerfumersWorld,r-rose,Mixture (Perfume Base),VERIFIED,,,,0.2000,FALSE,,,,
6FV18190,PerfumersWorld,RASPBERRY F-TEC from PerfumersWorld,raspberry,Mixture (Perfume Base),VERIFIED,,,,0.1200,FALSE,,,,
6FV08343,PerfumersWorld,Raspberry Fleuressence from PerfumersWorld,raspberry,Mixture (Perfume Base),VERIFIED,,,,0.1400,FALSE,,,,
1FL00392,PerfumersWorld,Raspberry Ketone from PerfumersWorld,raspberry ketone,5471-51-2,VERIFIED_MATCH,4-(4'-Hydroxyphenyl)-2-butanone,5471-51-2,https://pubchem.ncbi.nlm.nih.gov/compound/21648,0.3600,FALSE,,,,
5FL07524,PerfumersWorld,Raspberry Ketone 10% in DPG from PerfumersWorld,raspberry ketone,"5471-51-2|0.1
25265-71-8|0.9",VERIFIED_MATCH,4-(4'-Hydroxyphenyl)-2-butanone,5471-51-2,https://pubchem.ncbi.nlm.nih.gov/compound/21648,0.0900,TRUE,Raspberry Ketone from PerfumersWorld,Dipropylene Glycol (DPG) from PerfumersWorld,10.00,
5ES18560,PerfumersWorld,Red Saffron Infusion from PerfumersWorld,red saffron infusion,8022-19-3,DATA_GAP_MANUAL_CHECK,,8022-19-3,,2.0200,FALSE,,,,
3RB07724,PerfumersWorld,Rhodinol ex Citronella from PerfumersWorld,rhodinol ex citronella,68916-43-8,FIXED_FROM_AUDIT,Rhodinol,6812-78-8,https://pubchem.ncbi.nlm.nih.gov/compound/81263,0.2000,FALSE,,,,
7RB23711,PerfumersWorld,Rhodinol Ex-Natural from PerfumersWorld,rhodinol ex-natural,6812-78-8,VERIFIED_MATCH,Rhodinol,6812-78-8,https://pubchem.ncbi.nlm.nih.gov/compound/81263,1.5000,FALSE,,,,
3FL06757,PerfumersWorld,Rhubofix from PerfumersWorld,rhubofix,41816-03-9,FIXED_FROM_AUDIT,,41816-03-9,https://pubchem.ncbi.nlm.nih.gov/compound/94522,1.9000,FALSE,,,,
7HH00104,PerfumersWorld,Roman Chamomile Essential Oil from PerfumersWorld,roman chamomile essential oil,8015-92-7,NATURAL_MIXTURE,,8015-92-7,,4.7700,FALSE,,,,
5HH09983,PerfumersWorld,Roman Chamomile Essential Oil 10% in DPG from PerfumersWorld,roman chamomile essential oil,"8015-92-7|0.1
25265-71-8|0.9",NATURAL_MIXTURE,,8015-92-7,,0.5200,TRUE,Roman Chamomile Essential Oil from PerfumersWorld,Dipropylene Glycol (DPG) from PerfumersWorld,10.00,
3XU22379,PerfumersWorld,Romandolide from PerfumersWorld,romandolide,236391-76-7,VERIFIED_MATCH,"Acetic acid, 2-(1-oxopropoxy)-, 1-(3,3-dimethylcyclohexyl)ethyl ester",236391-76-7,https://pubchem.ncbi.nlm.nih.gov/compound/21933618,0.3000,FALSE,,,,
6EY09115,PerfumersWorld,Root Fleuressence from PerfumersWorld,root,Mixture (Perfume Base),VERIFIED,,,,0.2000,FALSE,,,,
4RA00394,PerfumersWorld,Rosalva from PerfumersWorld,rosalva,13019-22-2,VERIFIED_MATCH,9-Decen-1-ol,13019-22-2,https://pubchem.ncbi.nlm.nih.gov/compound/25612,0.8900,FALSE,,,,
5RA07537,PerfumersWorld,Rosalva 10% in DPG from PerfumersWorld,rosalva,"13019-22-2|0.1
25265-71-8|0.9",VERIFIED_MATCH,9-Decen-1-ol,13019-22-2,https://pubchem.ncbi.nlm.nih.gov/compound/25612,0.1100,TRUE,Rosalva from PerfumersWorld,Dipropylene Glycol (DPG) from PerfumersWorld,10.00,
4RM06950,PerfumersWorld,Rose Absolute Pentalol (Mefrosol) from PerfumersWorld,rose absolute pentalol,55066-48-3,NATURAL_MIXTURE,,55066-48-3,,0.9700,FALSE,,,,
6AR18117,PerfumersWorld,ROSE ALDEHYDE F-TEC from PerfumersWorld,rose aldehyde,Mixture (Perfume Base),VERIFIED,,,,0.1600,FALSE,,,,
6AR09113,PerfumersWorld,Rose Aldehyde Fleuressence from PerfumersWorld,rose aldehyde,Mixture (Perfume Base),VERIFIED,,,,0.2000,FALSE,,,,
8RM00395,PerfumersWorld,Rose de Mai Absolute from PerfumersWorld,rose de mai absolute,8007-01-0,NATURAL_MIXTURE,,8007-01-0,,13.0000,FALSE,,,,
5RM07856,PerfumersWorld,Rose de Mai Absolute 10% in DPG from PerfumersWorld,rose de mai absolute,"8007-01-0|0.1
25265-71-8|0.9",NATURAL_MIXTURE,,8007-01-0,,1.3500,TRUE,Rose de Mai Absolute from PerfumersWorld,Dipropylene Glycol (DPG) from PerfumersWorld,10.00,
6RM18942,PerfumersWorld,ROSE DE MAI F-TEC from PerfumersWorld,rose de mai,Mixture (Perfume Base),VERIFIED,,,,0.1500,FALSE,,,,
6RM09423,PerfumersWorld,Rose de Mai Fleuressence from PerfumersWorld,rose de mai,Mixture (Perfume Base),VERIFIED,,,,0.3200,FALSE,,,,
8RR00397,PerfumersWorld,Rose Otto Anatolian from PerfumersWorld,rose otto anatolian,8007-01-0,DATA_GAP_MANUAL_CHECK,,8007-01-0,,30.2700,FALSE,,,,
5RB10952,PerfumersWorld,Rose Otto Anatolian 10% in DPG from PerfumersWorld,rose otto anatolian,"8007-01-0|0.1
25265-71-8|0.9",DATA_GAP_MANUAL_CHECK,,8007-01-0,,3.3200,TRUE,Rose Otto Anatolian from PerfumersWorld,Dipropylene Glycol (DPG) from PerfumersWorld,10.00,
7RB00900,PerfumersWorld,Rose Otto Bulgarian from PerfumersWorld,rose otto bulgarian,8007-01-0,DATA_GAP_MANUAL_CHECK,,8007-01-0,,40.0200,FALSE,,,,
5RR12478,PerfumersWorld,Rose Otto Bulgarian 10% in DPG from PerfumersWorld,rose otto bulgarian,"8007-01-0|0.1
25265-71-8|0.9",DATA_GAP_MANUAL_CHECK,,8007-01-0,,4.1200,TRUE,Rose Otto Bulgarian from PerfumersWorld,Dipropylene Glycol (DPG) from PerfumersWorld,10.00,
6RB18944,PerfumersWorld,ROSE OTTO F-TEC from PerfumersWorld,rose otto,Mixture (Perfume Base),VERIFIED,,,,0.2900,FALSE,,,,
6RB00398,PerfumersWorld,Rose Otto Fleuressence from PerfumersWorld,rose otto,Mixture (Perfume Base),VERIFIED,,,,0.4500,FALSE,,,,
4RL00399,PerfumersWorld,Rose Oxide from PerfumersWorld,rose oxide,16409-43-1,VERIFIED_MATCH,Rose oxide,16409-43-1,https://pubchem.ncbi.nlm.nih.gov/compound/27866,0.4300,FALSE,,,,
5RL07536,PerfumersWorld,Rose Oxide 10% in DPG from PerfumersWorld,rose oxide,"16409-43-1|0.1
25265-71-8|0.9",VERIFIED_MATCH,Rose oxide,16409-43-1,https://pubchem.ncbi.nlm.nih.gov/compound/27866,0.1500,TRUE,Rose Oxide from PerfumersWorld,Dipropylene Glycol (DPG) from PerfumersWorld,10.00,
6RM18941,PerfumersWorld,ROSE PETAL F-TEC from PerfumersWorld,rose petal,Mixture (Perfume Base),VERIFIED,,,,0.1200,FALSE,,,,
6RM07757,PerfumersWorld,Rose Petal Fleuressence from PerfumersWorld,rose petal,Mixture (Perfume Base),VERIFIED,,,,0.1400,FALSE,,,,
7HB00400,PerfumersWorld,Rosemary Essential Oil from PerfumersWorld,rosemary essential oil,8000-25-7,NATURAL_MIXTURE,,8000-25-7,,0.3500,FALSE,,,,
6HB18237,PerfumersWorld,ROSEMARY F-TEC from PerfumersWorld,rosemary,Mixture (Perfume Base),VERIFIED,,,,0.2000,FALSE,,,,
6HB09063,PerfumersWorld,Rosemary Fleuressence from PerfumersWorld,rosemary,Mixture (Perfume Base),VERIFIED,,,,0.2600,FALSE,,,,
7LW00401,PerfumersWorld,Rosewood Leaf Essential Oil from PerfumersWorld,rosewood leaf essential oil,8015-77-8,NATURAL_MIXTURE,,8015-77-8,,2.5000,FALSE,,,,
1RP05672,PerfumersWorld,Rosone Rose Crystals from PerfumersWorld,rosone rose crystals,90-17-5,VERIFIED_MATCH,Rosacetol,90-17-5,https://pubchem.ncbi.nlm.nih.gov/compound/7007,0.1200,FALSE,,,,
5RP08966,PerfumersWorld,Rosone Rose Crystals 10% in DEP from PerfumersWorld,rosone rose crystals,"90-17-5|0.1
84-66-2|0.9",VERIFIED_MATCH,Rosacetol,90-17-5,https://pubchem.ncbi.nlm.nih.gov/compound/7007,0.0900,TRUE,Rosone Rose Crystals from PerfumersWorld,Diethyl Phthalate (DEP) from PerfumersWorld,10.00,
5RP07870,PerfumersWorld,Rosone Rose Crystals 10% in DPG from PerfumersWorld,rosone rose crystals,"90-17-5|0.1
25265-71-8|0.9",VERIFIED_MATCH,Rosacetol,90-17-5,https://pubchem.ncbi.nlm.nih.gov/compound/7007,0.0900,TRUE,Rosone Rose Crystals from PerfumersWorld,Dipropylene Glycol (DPG) from PerfumersWorld,10.00,
6SP18049,PerfumersWorld,S-SPICE F-TEC from PerfumersWorld,s-spice,Mixture (Perfume Base),VERIFIED,,,,0.1500,FALSE,,,,
6SP12451,PerfumersWorld,S-Spice Fleuressence from PerfumersWorld,s-spice,Mixture (Perfume Base),VERIFIED,,,,0.2200,FALSE,,,,
4ES00402,PerfumersWorld,Saffranal from PerfumersWorld,saffranal,116-26-7,VERIFIED_MATCH,Safranal,116-26-7,https://pubchem.ncbi.nlm.nih.gov/compound/61041,3.7400,FALSE,,,,
5ES07841,PerfumersWorld,Saffranal 10% in DPG from PerfumersWorld,saffranal,"116-26-7|0.1
25265-71-8|0.9",VERIFIED_MATCH,Safranal,116-26-7,https://pubchem.ncbi.nlm.nih.gov/compound/61041,0.4200,TRUE,Saffranal from PerfumersWorld,Dipropylene Glycol (DPG) from PerfumersWorld,10.00,
6EV18158,PerfumersWorld,SAFFRON F-TEC from PerfumersWorld,saffron,Mixture (Perfume Base),VERIFIED,,,,0.2500,FALSE,,,,
6EV12393,PerfumersWorld,Saffron Fleuressence from PerfumersWorld,saffron,Mixture (Perfume Base),VERIFIED,,,,0.2000,FALSE,,,,
7ES01835,PerfumersWorld,Saffron Oil Light from PerfumersWorld,saffron oil light,8022-19-3,NATURAL_MIXTURE,,8022-19-3,,2.0200,FALSE,,,,
4ES11978,PerfumersWorld,Safraleine from PerfumersWorld,safraleine,54440-17-4,VERIFIED_MATCH,"2,3,3-Trimethylindanone",54440-17-4,https://pubchem.ncbi.nlm.nih.gov/compound/10149036,1.1500,FALSE,,,,
5ES09556,PerfumersWorld,Safranal 1% in DPG from PerfumersWorld,safranal,"116-26-7|0.01
25265-71-8|0.99",VERIFIED_MATCH,Safranal,116-26-7,https://pubchem.ncbi.nlm.nih.gov/compound/61041,0.1200,TRUE,Safranal from PerfumersWorld,Dipropylene Glycol (DPG) from PerfumersWorld,1.00,
7HP00403,PerfumersWorld,Sage Dalmation Essential Oil from PerfumersWorld,sage dalmation essential oil,8022-56-8,NATURAL_MIXTURE,,8022-56-8,,0.8000,FALSE,,,,
4WX00405,PerfumersWorld,Sandalore from PerfumersWorld,sandalore,65113-99-7,VERIFIED_MATCH,Sandalore,65113-99-7,https://pubchem.ncbi.nlm.nih.gov/compound/103212,0.2200,FALSE,,,,
6WX07911,PerfumersWorld,Sandalwood Base from PerfumersWorld,sandalwood,Mixture (Perfume Base),VERIFIED,,,,2.2200,FALSE,,,,
6WX24054,PerfumersWorld,Sandalwood Base X3 from PerfumersWorld,sandalwood  x3,Mixture (Perfume Base),VERIFIED,,,,0.2700,FALSE,,,,
7WX00406,PerfumersWorld,Sandalwood Essential Oil from PerfumersWorld,sandalwood essential oil,84787-70-2,NATURAL_MIXTURE,,84787-70-2,,6.5200,FALSE,,,,
5WX12225,PerfumersWorld,Sandalwood Essential Oil 10% in DPG from PerfumersWorld,sandalwood essential oil,"84787-70-2|0.1
25265-71-8|0.9",NATURAL_MIXTURE,,84787-70-2,,0.7100,TRUE,Sandalwood Essential Oil from PerfumersWorld,Dipropylene Glycol (DPG) from PerfumersWorld,10.00,
6WX09344,PerfumersWorld,Sandalwood Extra 208 from PerfumersWorld,sandalwood extra 208,Mixture (Perfume Base),VERIFIED,,,,0.9400,FALSE,,,,
6WX18686,PerfumersWorld,SANDALWOOD F-TEC from PerfumersWorld,sandalwood,Mixture (Perfume Base),VERIFIED,,,,0.3000,FALSE,,,,
6WX12457,PerfumersWorld,Sandalwood Fleuressence from PerfumersWorld,sandalwood,Mixture (Perfume Base),VERIFIED,,,,0.3900,FALSE,,,,
7WX21054,PerfumersWorld,Sandalwood Oil S.album from PerfumersWorld,sandalwood oil s.album,8006-87-9,NATURAL_MIXTURE,,8006-87-9,,7.3000,FALSE,,,,
7WX21055,PerfumersWorld,Sandalwood Oil S.spicatum from PerfumersWorld,sandalwood oil s.spicatum,8024-35-9,NATURAL_MIXTURE,,8024-35-9,,3.8000,FALSE,,,,
3WX00407,PerfumersWorld,Sandela 50 from PerfumersWorld,sandela 50,Mixture,VERIFIED,,,,0.1800,FALSE,,,,
3WX13005,PerfumersWorld,Sandela 85 from PerfumersWorld,sandela 85,Mixture,VERIFIED,,,,0.2200,FALSE,,,,
3WX07632,PerfumersWorld,Sandenol 208 from PerfumersWorld,sandenol 208,65113-99-7,VERIFIED_MATCH,Sandalore,65113-99-7,https://pubchem.ncbi.nlm.nih.gov/compound/103212,0.3200,FALSE,,,,
3WX07631,PerfumersWorld,Sandenol 803 from PerfumersWorld,sandenol 803,66068-84-6,VERIFIED_MATCH,4-Hydroxy-1-(5-isocamphyl)cyclohexane,66068-84-6,https://pubchem.ncbi.nlm.nih.gov/compound/106673,0.1200,FALSE,,,,
4YM22431,PerfumersWorld,Scentenal from PerfumersWorld,scentenal,86803-90-9,VERIFIED_MATCH,Scentenal,86803-90-9,https://pubchem.ncbi.nlm.nih.gov/compound/163529,0.4500,FALSE,,,,
5YM23701,PerfumersWorld,Scentenal 10% in DPG from PerfumersWorld,scentenal,"86803-90-9|0.1
25265-71-8|0.9",VERIFIED_MATCH,Scentenal,86803-90-9,https://pubchem.ncbi.nlm.nih.gov/compound/163529,0.1200,TRUE,Scentenal from PerfumersWorld,Dipropylene Glycol (DPG) from PerfumersWorld,10.00,
6YG18895,PerfumersWorld,SEAWEED F-TEC from PerfumersWorld,seaweed,Mixture (Perfume Base),VERIFIED,,,,0.2900,FALSE,,,,
6YG09070,PerfumersWorld,Seaweed Fleuressence from PerfumersWorld,seaweed,Mixture (Perfume Base),VERIFIED,,,,0.2500,FALSE,,,,
9UU00413,PerfumersWorld,Skatole from PerfumersWorld,skatole,83-34-1,VERIFIED_MATCH,Skatole,83-34-1,https://pubchem.ncbi.nlm.nih.gov/compound/6736,8.7400,FALSE,,,,
5UN08964,PerfumersWorld,Skatole 1% in DPG from PerfumersWorld,skatole,"83-34-1|0.01
25265-71-8|0.99",VERIFIED_MATCH,Skatole,83-34-1,https://pubchem.ncbi.nlm.nih.gov/compound/6736,0.1900,TRUE,Skatole from PerfumersWorld,Dipropylene Glycol (DPG) from PerfumersWorld,1.00,
7HB00404,PerfumersWorld,Spanish Sage Essential Oil from PerfumersWorld,spanish sage essential oil,8016-65-7,NATURAL_MIXTURE,,8016-65-7,,0.7900,FALSE,,,,
7BB00414,PerfumersWorld,Spearmint Essential Oil from PerfumersWorld,spearmint essential oil,8008-79-5,NATURAL_MIXTURE,,8008-79-5,,0.3500,FALSE,,,,
5BB11414,PerfumersWorld,Spearmint Essential Oil 10% in DPG from PerfumersWorld,spearmint essential oil,"8008-79-5|0.1
25265-71-8|0.9",NATURAL_MIXTURE,,8008-79-5,,0.0700,TRUE,Spearmint Essential Oil from PerfumersWorld,Dipropylene Glycol (DPG) from PerfumersWorld,10.00,
6BG18119,PerfumersWorld,SPEARMINT F-TEC from PerfumersWorld,spearmint,Mixture (Perfume Base),VERIFIED,,,,0.1500,FALSE,,,,
6BB08505,PerfumersWorld,Spearmint Fleuressence from PerfumersWorld,spearmint,Mixture (Perfume Base),VERIFIED,,,,0.2700,FALSE,,,,
7WU13382,PerfumersWorld,Spikenard Essential Oil from PerfumersWorld,spikenard essential oil,8022-22-8,NATURAL_MIXTURE,,8022-22-8,,5.5000,FALSE,,,,
7KH00888,PerfumersWorld,Spruce Essential Oil from PerfumersWorld,spruce essential oil,8008-80-8,NATURAL_MIXTURE,,8008-80-8,,0.8000,FALSE,,,,
4GL00415,PerfumersWorld,Stemone from PerfumersWorld,stemone,22457-23-4,VERIFIED_MATCH,3-Methyl-5-heptanone oxime,22457-23-4,https://pubchem.ncbi.nlm.nih.gov/compound/90787,0.7000,FALSE,,,,
5GL08170,PerfumersWorld,Stemone 10% in DPG from PerfumersWorld,stemone,"22457-23-4|0.1
25265-71-8|0.9",VERIFIED_MATCH,3-Methyl-5-heptanone oxime,22457-23-4,https://pubchem.ncbi.nlm.nih.gov/compound/90787,0.1800,TRUE,Stemone from PerfumersWorld,Dipropylene Glycol (DPG) from PerfumersWorld,10.00,
6FV18953,PerfumersWorld,STRAWBERRY F-TEC from PerfumersWorld,strawberry,Mixture (Perfume Base),VERIFIED,,,,0.1200,FALSE,,,,
6FV09104,PerfumersWorld,Strawberry Fleuressence from PerfumersWorld,strawberry,Mixture (Perfume Base),VERIFIED,,,,0.2200,FALSE,,,,
4GN00417,PerfumersWorld,Styralyl Acetate from PerfumersWorld,styralyl acetate,93-92-5,VERIFIED_MATCH,1-Phenylethyl Acetate,93-92-5,https://pubchem.ncbi.nlm.nih.gov/compound/62341,0.2100,FALSE,,,,
5GN07535,PerfumersWorld,Styralyl Acetate 10% in DPG from PerfumersWorld,styralyl acetate,"93-92-5|0.1
25265-71-8|0.9",VERIFIED_MATCH,1-Phenylethyl Acetate,93-92-5,https://pubchem.ncbi.nlm.nih.gov/compound/62341,0.0700,TRUE,Styralyl Acetate from PerfumersWorld,Dipropylene Glycol (DPG) from PerfumersWorld,10.00,
4GN00418,PerfumersWorld,Styralyl Alcohol from PerfumersWorld,styralyl alcohol,98-85-1,VERIFIED,1-Phenylethanol,98-85-1,https://pubchem.ncbi.nlm.nih.gov/compound/7409,0.2200,FALSE,,,,
4GN00419,PerfumersWorld,Styralyl Propionate from PerfumersWorld,styralyl propionate,120-45-6,VERIFIED_MATCH,1-Phenylethyl propionate,120-45-6,https://pubchem.ncbi.nlm.nih.gov/compound/8432,0.1900,FALSE,,,,
6QS18438,PerfumersWorld,STYRAX F-TEC from PerfumersWorld,styrax,Mixture (Perfume Base),VERIFIED,,,,0.2000,FALSE,,,,
6QS09084,PerfumersWorld,Styrax Fleuressence from PerfumersWorld,styrax,Mixture (Perfume Base),VERIFIED,,,,0.6200,FALSE,,,,
2QS00421,PerfumersWorld,Styrax Resinoid from PerfumersWorld,styrax resinoid,8046-19-3,NATURAL_MIXTURE,,8046-19-3,,1.9700,FALSE,,,,
5QS09108,PerfumersWorld,Styrax Resinoid 10% in DPG from PerfumersWorld,styrax resinoid,"8096-19-3|0.1
25265-71-8|0.9",NATURAL_MIXTURE,,8096-19-3,,0.2700,TRUE,Styrax Resinoid from PerfumersWorld,Dipropylene Glycol (DPG) from PerfumersWorld,10.00,
3UP14351,PerfumersWorld,Suederal from PerfumersWorld,suederal,Mixture,VERIFIED,,,,0.7000,FALSE,,,,
7WY09904,PerfumersWorld,Sugandha Kokila Essential Oil from PerfumersWorld,sugandha kokila essential oil,100-52-7,NATURAL_MIXTURE,,100-52-7,,0.6400,FALSE,,,,
4ED00423,PerfumersWorld,Sulfurol from PerfumersWorld,sulfurol,137-00-8,VERIFIED_MATCH,4-Methyl-5-(2-hydroxyethyl)thiazole,137-00-8,https://pubchem.ncbi.nlm.nih.gov/compound/1136,0.7200,FALSE,,,,
5ED08420,PerfumersWorld,Sulfurol 1% in DPG from PerfumersWorld,sulfurol,"137-00-8|0.01
25265-71-8|0.99",VERIFIED_MATCH,4-Methyl-5-(2-hydroxyethyl)thiazole,137-00-8,https://pubchem.ncbi.nlm.nih.gov/compound/1136,0.1400,TRUE,Sulfurol from PerfumersWorld,Dipropylene Glycol (DPG) from PerfumersWorld,1.00,
7PS00047,PerfumersWorld,Sweet Basil Essential Oil from PerfumersWorld,sweet basil essential oil,8015-73-4,NATURAL_MIXTURE,,8015-73-4,,0.3600,FALSE,,,,
6EV18167,PerfumersWorld,SWEET CORN F-TEC from PerfumersWorld,sweet corn,Mixture (Perfume Base),VERIFIED,,,,0.1500,FALSE,,,,
6EV10628,PerfumersWorld,Sweet Corn Fleuressence from PerfumersWorld,sweet corn,Mixture (Perfume Base),VERIFIED,,,,0.1900,FALSE,,,,
7HS00288,PerfumersWorld,Sweet Marjoram Essential Oil from PerfumersWorld,sweet marjoram essential oil,84082-58-6,NATURAL_MIXTURE,,84082-58-6,,0.8100,FALSE,,,,
7CA00339,PerfumersWorld,Sweet Orange Essential Oil from PerfumersWorld,sweet orange essential oil,8028-48-6,NATURAL_MIXTURE,,8028-48-6,,0.1800,FALSE,,,,
6VV18540,PerfumersWorld,SWEET VANILLA F-TEC from PerfumersWorld,sweet vanilla,Mixture (Perfume Base),VERIFIED,,,,0.1500,FALSE,,,,
6VV09134,PerfumersWorld,Sweet Vanilla Fleuressence from PerfumersWorld,sweet vanilla,Mixture (Perfume Base),VERIFIED,,,,0.1300,FALSE,,,,
6MG18355,PerfumersWorld,SYRINGA F-TEC from PerfumersWorld,syringa,Mixture (Perfume Base),VERIFIED,,,,0.1500,FALSE,,,,
6MG08411,PerfumersWorld,Syringa Fleuressence from PerfumersWorld,syringa,Mixture (Perfume Base),VERIFIED,,,,0.2000,FALSE,,,,
6TW11971,PerfumersWorld,T-Tar and Smoke Fleuressence from PerfumersWorld,t-tar and smoke,Mixture (Perfume Base),VERIFIED,,,,0.2000,FALSE,,,,
6TW18050,PerfumersWorld,T-TAR SMOKE F-TEC from PerfumersWorld,t-tar smoke,Mixture (Perfume Base),VERIFIED,,,,0.1500,FALSE,,,,
7NH00426,PerfumersWorld,Tagetes Essential Oil from PerfumersWorld,tagetes essential oil,8016-84-0,NATURAL_MIXTURE,,8016-84-0,,3.2000,FALSE,,,,
5NH08325,PerfumersWorld,Tagetes Essential Oil 10% in DPG from PerfumersWorld,tagetes essential oil,"8016-84-0|0.1
25265-71-8|0.9",NATURAL_MIXTURE,,8016-84-0,,0.3200,TRUE,Tagetes Essential Oil from PerfumersWorld,Dipropylene Glycol (DPG) from PerfumersWorld,10.00,
7CA00857,PerfumersWorld,Tangerine Essential Oil from PerfumersWorld,tangerine essential oil,8008-31-9,NATURAL_MIXTURE,,8008-31-9,,0.2200,FALSE,,,,
6RG18421,PerfumersWorld,TEA ROSE F-TEC from PerfumersWorld,tea rose,Mixture (Perfume Base),VERIFIED,,,,0.1500,FALSE,,,,
6RG12419,PerfumersWorld,Tea Rose Fleuressence from PerfumersWorld,tea rose,Mixture (Perfume Base),VERIFIED,,,,0.2200,FALSE,,,,
7HK00427,PerfumersWorld,Tea Tree Oil from PerfumersWorld,tea tree oil,85085-48-9,NATURAL_MIXTURE,,85085-48-9,,0.3200,FALSE,,,,
3KK05584,PerfumersWorld,Terpineol from PerfumersWorld,terpineol,8000-41-7,VERIFIED_MATCH,Alpha-Terpineol,8000-41-7,https://pubchem.ncbi.nlm.nih.gov/compound/17100,0.1200,FALSE,,,,
3KC00431,PerfumersWorld,Terpinolene from PerfumersWorld,terpinolene,586-62-9,VERIFIED_MATCH,Terpinolene,586-62-9,https://pubchem.ncbi.nlm.nih.gov/compound/11463,0.1000,FALSE,,,,
3LK00432,PerfumersWorld,Terpinyl Acetate from PerfumersWorld,terpinyl acetate,80-26-2,FIXED_FROM_AUDIT,,80-26-2,https://pubchem.ncbi.nlm.nih.gov/compound/111037,0.2300,FALSE,,,,
3RL03873,PerfumersWorld,Tetrahydro Geraniol from PerfumersWorld,tetrahydro geraniol,106-21-8,VERIFIED_MATCH,"3,7-Dimethyl-1-octanol",106-21-8,https://pubchem.ncbi.nlm.nih.gov/compound/7792,0.6600,FALSE,,,,
3LM00435,PerfumersWorld,Tetrahydro Muguol from PerfumersWorld,tetrahydro muguol,41678-36-8,FIXED_FROM_AUDIT,,41678-36-8,https://pubchem.ncbi.nlm.nih.gov/compound/162479,0.2600,FALSE,,,,
6QZ21000,PerfumersWorld,Thixener X 300 from PerfumersWorld,thixener x 300,Mixture (Perfume Base),VERIFIED,,,,0.2000,FALSE,,,,
6PP18420,PerfumersWorld,THYME F-TEC from PerfumersWorld,thyme,Mixture (Perfume Base),VERIFIED,,,,0.2200,FALSE,,,,
6PP12412,PerfumersWorld,Thyme Fleuressence from PerfumersWorld,thyme,Mixture (Perfume Base),VERIFIED,,,,0.2000,FALSE,,,,
1PS00442,PerfumersWorld,Thymol from PerfumersWorld,thymol,89-83-8,VERIFIED_MATCH,Thymol,89-83-8,https://pubchem.ncbi.nlm.nih.gov/compound/6989,0.2700,FALSE,,,,
5PS09241,PerfumersWorld,Thymol 10% in DPG from PerfumersWorld,thymol,"89-83-8|0.1
25265-71-8|0.9",VERIFIED_MATCH,Thymol,89-83-8,https://pubchem.ncbi.nlm.nih.gov/compound/6989,0.1000,TRUE,Thymol from PerfumersWorld,Dipropylene Glycol (DPG) from PerfumersWorld,10.00,
3WW07134,PerfumersWorld,Timberol from PerfumersWorld,timberol,70788-30-6,VERIFIED_MATCH,"Cyclohexanepropanol, 2,2,6-trimethyl-alpha-propyl-",70788-30-6,https://pubchem.ncbi.nlm.nih.gov/compound/116699,1.0600,FALSE,,,,
8TH08212,PerfumersWorld,Tobacco Absolute from PerfumersWorld,tobacco absolute,8037-19-2,NATURAL_MIXTURE,,8037-19-2,,12.8000,FALSE,,,,
5TH13846,PerfumersWorld,Tobacco Absolute 10% in DPG from PerfumersWorld,tobacco absolute,"8037-19-2|0.1
25265-71-8|0.9",NATURAL_MIXTURE,,8037-19-2,,1.3300,TRUE,Tobacco Absolute from PerfumersWorld,Dipropylene Glycol (DPG) from PerfumersWorld,10.00,
6TW18445,PerfumersWorld,TOBACCO F-TEC from PerfumersWorld,tobacco,Mixture (Perfume Base),VERIFIED,,,,0.3700,FALSE,,,,
6TW08328,PerfumersWorld,Tobacco Fleuressence from PerfumersWorld,tobacco,Mixture (Perfume Base),VERIFIED,,,,0.2800,FALSE,,,,
8QV18357,PerfumersWorld,Tolu Balsam Absolute (Solid) from PerfumersWorld,tolu balsam absolute,8016-26-0,NATURAL_MIXTURE,,8016-26-0,,3.0000,FALSE,,,,
2QV00443,PerfumersWorld,Tolu Balsam Resinoid from PerfumersWorld,tolu balsam resinoid,8016-26-0,NATURAL_MIXTURE,,8016-26-0,,1.2700,FALSE,,,,
5QV12477,PerfumersWorld,Tolu Balsam Resinoid (50% in BB) from PerfumersWorld,tolu balsam resinoid (,"8016-26-0|0.5
120-51-4|0.5",NATURAL_MIXTURE,,8016-26-0,,0.8200,TRUE,Tolu Balsam Resinoid ( from PerfumersWorld,Benzyl Benzoate (BB) from PerfumersWorld,50.00,
5QV10949,PerfumersWorld,Tolu Balsam Resinoid 10% in DPG from PerfumersWorld,tolu balsam resinoid,"9000-64-0|0.1
25265-71-8|0.9",NATURAL_MIXTURE,,9000-64-0,,0.2200,TRUE,Tolu Balsam Resinoid from PerfumersWorld,Dipropylene Glycol (DPG) from PerfumersWorld,10.00,
5QV09976,PerfumersWorld,Tolu Balsam Resinoid 50% in DPG from PerfumersWorld,tolu balsam resinoid,"8016-26-0|0.5
25265-71-8|0.5",NATURAL_MIXTURE,,8016-26-0,,0.8200,TRUE,Tolu Balsam Resinoid from PerfumersWorld,Dipropylene Glycol (DPG) from PerfumersWorld,50.00,
8GE14861,PerfumersWorld,Tomato Leaf Natural from PerfumersWorld,tomato leaf natural,90131-63-8,DATA_GAP_MANUAL_CHECK,,90131-63-8,,1.9900,FALSE,,,,
5GE14870,PerfumersWorld,Tomato Leaf Natural 10% in DPG from PerfumersWorld,tomato leaf natural,"90131-63-8|0.1
25265-71-8|0.9",DATA_GAP_MANUAL_CHECK,,90131-63-8,,0.3500,TRUE,Tomato Leaf Natural from PerfumersWorld,Dipropylene Glycol (DPG) from PerfumersWorld,10.00,
1XA00444,PerfumersWorld,Tonalide from PerfumersWorld,tonalide,1506-02-1,VERIFIED_MATCH,Tonalide,1506-02-1,https://pubchem.ncbi.nlm.nih.gov/compound/89440,0.2200,FALSE,,,,
5XA09242,PerfumersWorld,Tonalide 10% in DPG from PerfumersWorld,tonalide,"1506-02-1|0.1
25265-71-8|0.9",VERIFIED_MATCH,Tonalide,1506-02-1,https://pubchem.ncbi.nlm.nih.gov/compound/89440,0.0500,TRUE,Tonalide from PerfumersWorld,Dipropylene Glycol (DPG) from PerfumersWorld,10.00,
8VQ00445,PerfumersWorld,Tonka Bean Absolute from PerfumersWorld,tonka bean absolute,8046-22-8,NATURAL_MIXTURE,,8046-22-8,,9.0200,FALSE,,,,
5VN07564,PerfumersWorld,Tonka Bean Absolute 10% in DPG from PerfumersWorld,tonka bean absolute,"8046-22-8|0.1
25265-71-8|0.9",NATURAL_MIXTURE,,8046-22-8,,1.0100,TRUE,Tonka Bean Absolute from PerfumersWorld,Dipropylene Glycol (DPG) from PerfumersWorld,10.00,
2QV23715,PerfumersWorld,Tonkarome from PerfumersWorld,tonkarome,Mixture,VERIFIED,,,,0.2500,FALSE,,,,
4SP12754,PerfumersWorld,Toscanol from PerfumersWorld,toscanol,16510-27-3,VERIFIED,2-Methyl-4-phenyl-1-pentanol,16510-27-3,https://pubchem.ncbi.nlm.nih.gov/compound/3021997,1.1500,FALSE,,,,
5GH07673,PerfumersWorld,Trans-2-cis-6-nonadienoal 1% in DPG from PerfumersWorld,trans-2-cis-6-nonadienoal,"557-48-2|0.01
25265-71-8|0.99",VERIFIED_MATCH,"trans-2,cis-6-Nonadienal",557-48-2,https://pubchem.ncbi.nlm.nih.gov/compound/643731,0.2000,TRUE,Trans-2-cis-6-nonadienoal from PerfumersWorld,Dipropylene Glycol (DPG) from PerfumersWorld,1.00,
8YT00576,PerfumersWorld,Treemoss Absolute from PerfumersWorld,treemoss absolute,9000-50-4,NATURAL_MIXTURE,,9000-50-4,,5.4500,FALSE,,,,
5YT08337,PerfumersWorld,Treemoss Absolute 10% in DEP from PerfumersWorld,treemoss absolute,"9000-50-4|0.1
84-66-2|0.9",NATURAL_MIXTURE,,9000-50-4,,0.5800,TRUE,Treemoss Absolute from PerfumersWorld,Diethyl Phthalate (DEP) from PerfumersWorld,10.00,
5YT08604,PerfumersWorld,Treemoss Absolute 10% in DPG from PerfumersWorld,treemoss absolute,"9000-50-4|0.1
25265-71-8|0.9",NATURAL_MIXTURE,,9000-50-4,,0.5800,TRUE,Treemoss Absolute from PerfumersWorld,Dipropylene Glycol (DPG) from PerfumersWorld,10.00,
4GH00450,PerfumersWorld,Triplal from PerfumersWorld,triplal,68039-49-6,VERIFIED_MATCH,"2,4-Dimethyl-3-cyclohexene carboxaldehyde",68039-49-6,https://pubchem.ncbi.nlm.nih.gov/compound/93375,0.2400,FALSE,,,,
5GH07509,PerfumersWorld,Triplal 10% in DPG from PerfumersWorld,triplal,"68039-49-6|0.1
25265-71-8|0.9",VERIFIED_MATCH,"2,4-Dimethyl-3-cyclohexene carboxaldehyde",68039-49-6,https://pubchem.ncbi.nlm.nih.gov/compound/93375,0.0600,TRUE,Triplal from PerfumersWorld,Dipropylene Glycol (DPG) from PerfumersWorld,10.00,
6NM19144,PerfumersWorld,TRUE LILY F-TEC from PerfumersWorld,true lily,Mixture (Perfume Base),VERIFIED,,,,0.1500,FALSE,,,,
6ND09663,PerfumersWorld,Tuberalia Base from PerfumersWorld,tuberalia,Mixture (Perfume Base),VERIFIED,,,,0.3600,FALSE,,,,
8ND00451,PerfumersWorld,Tuberose Absolute from PerfumersWorld,tuberose absolute,94334-35-7,NATURAL_MIXTURE,,94334-35-7,,33.6000,FALSE,,,,
5ND09243,PerfumersWorld,Tuberose Absolute 10% in DPG from PerfumersWorld,tuberose absolute,"8024-05-3|0.1
25265-71-8|0.9",NATURAL_MIXTURE,,8024-05-3,,3.4000,TRUE,Tuberose Absolute from PerfumersWorld,Dipropylene Glycol (DPG) from PerfumersWorld,10.00,
5ND19125,PerfumersWorld,Tuberose Absolute 10% in TEC from PerfumersWorld,tuberose absolute,"8024-05-3|0.1
77-93-0|0.9",NATURAL_MIXTURE,,8024-05-3,,3.5000,TRUE,Tuberose Absolute from PerfumersWorld,Triethyl Citrate (TEC) from PerfumersWorld,10.00,
6ND18755,PerfumersWorld,TUBEROSE F-TEC from PerfumersWorld,tuberose,Mixture (Perfume Base),VERIFIED,,,,0.1800,FALSE,,,,
6ND09418,PerfumersWorld,Tuberose Fleuressence from PerfumersWorld,tuberose,Mixture (Perfume Base),VERIFIED,,,,0.2100,FALSE,,,,
6RR07706,PerfumersWorld,Turkish Rose Blossoms from PerfumersWorld,turkish rose blossoms,Mixture (Perfume Base),VERIFIED,,,,0.4200,FALSE,,,,
7SW08751,PerfumersWorld,Turmeric Essential Oil from PerfumersWorld,turmeric essential oil,8024-37-1,VERIFIED_MATCH,Curcumin,8024-37-1,https://pubchem.ncbi.nlm.nih.gov/compound/969516,0.4900,FALSE,,,,
7KQ00453,PerfumersWorld,Turpentine Oil from PerfumersWorld,turpentine oil,8006-64-2,NATURAL_MIXTURE,,8006-64-2,,0.1000,FALSE,,,,
6UU18051,PerfumersWorld,U-ANIMAL F-TEC from PerfumersWorld,u-animal,Mixture (Perfume Base),VERIFIED,,,,0.2400,FALSE,,,,
6UU12452,PerfumersWorld,U-Animal Fleuressence from PerfumersWorld,u-animal,Mixture (Perfume Base),VERIFIED,,,,0.2500,FALSE,,,,
6II13551,PerfumersWorld,Ultralia from PerfumersWorld,ultralia,Mixture (Perfume Base),VERIFIED,,,,0.3000,FALSE,,,,
4IG07330,PerfumersWorld,Undecavertol from PerfumersWorld,undecavertol,81782-77-6,VERIFIED_MATCH,4-Methyl-3-decen-5-ol,81782-77-6,https://pubchem.ncbi.nlm.nih.gov/compound/163336,0.2500,FALSE,,,,
6VW18054,PerfumersWorld,V-VANILLA F-TEC from PerfumersWorld,v-vanilla,Mixture (Perfume Base),VERIFIED,,,,0.1500,FALSE,,,,
6VW10849,PerfumersWorld,V-Vanilla Fleuressence from PerfumersWorld,v-vanilla,Mixture (Perfume Base),VERIFIED,,,,0.2000,FALSE,,,,
5FD11577,PerfumersWorld,Valeraldehyde Iso 1% in DPG from PerfumersWorld,valeraldehyde iso,"590-86-3|0.01
25265-71-8|0.99",VERIFIED_MATCH,3-Methylbutanal,590-86-3,https://pubchem.ncbi.nlm.nih.gov/compound/11552,0.2700,TRUE,Valeraldehyde Iso from PerfumersWorld,Dipropylene Glycol (DPG) from PerfumersWorld,1.00,
5FD19193,PerfumersWorld,Valeraldehyde Iso 1% in TEC from PerfumersWorld,valeraldehyde iso,"590-86-3|0.01
77-93-0|0.99",VERIFIED_MATCH,3-Methylbutanal,590-86-3,https://pubchem.ncbi.nlm.nih.gov/compound/11552,0.2700,TRUE,Valeraldehyde Iso from PerfumersWorld,Triethyl Citrate (TEC) from PerfumersWorld,1.00,
8VW08619,PerfumersWorld,Vanilla Absolute from PerfumersWorld,vanilla absolute,8024-06-4,NATURAL_MIXTURE,,8024-06-4,,45.0000,FALSE,,,,
5VW09926,PerfumersWorld,Vanilla Absolute 10% in DPG from PerfumersWorld,vanilla absolute,"8024-06-4|0.1
25265-71-8|0.9",NATURAL_MIXTURE,,8024-06-4,,4.9500,TRUE,Vanilla Absolute from PerfumersWorld,Dipropylene Glycol (DPG) from PerfumersWorld,10.00,
5VW08955,PerfumersWorld,Vanilla Absolute 5% in DPG from PerfumersWorld,vanilla absolute,"8024-06-4|0.05
25265-71-8|0.95",NATURAL_MIXTURE,,8024-06-4,,2.5500,TRUE,Vanilla Absolute from PerfumersWorld,Dipropylene Glycol (DPG) from PerfumersWorld,5.00,
1VW00456,PerfumersWorld,Vanillin from PerfumersWorld,vanillin,121-33-5,VERIFIED_MATCH,Vanillin,121-33-5,https://pubchem.ncbi.nlm.nih.gov/compound/1183,0.1900,FALSE,,,,
5VW07530,PerfumersWorld,Vanillin 10% in DPG from PerfumersWorld,vanillin,"121-33-5|0.1
25265-71-8|0.9",VERIFIED_MATCH,Vanillin,121-33-5,https://pubchem.ncbi.nlm.nih.gov/compound/1183,0.0400,TRUE,Vanillin from PerfumersWorld,Dipropylene Glycol (DPG) from PerfumersWorld,10.00,
3LH00459,PerfumersWorld,Veloutone from PerfumersWorld,veloutone,65443-14-3,VERIFIED_MATCH,"2,2,5-Trimethyl-5-pentylcyclopentanone",65443-14-3,https://pubchem.ncbi.nlm.nih.gov/compound/103402,0.5100,FALSE,,,,
4XU11429,PerfumersWorld,Velvione from PerfumersWorld,velvione,37609-25-9,VERIFIED_MATCH,5-Cyclohexadecen-1-one,37609-25-9,https://pubchem.ncbi.nlm.nih.gov/compound/162268,1.5700,FALSE,,,,
7CH17055,PerfumersWorld,Verbena Oil from PerfumersWorld,verbena oil,8024-12-2,NATURAL_MIXTURE,,8024-12-2,,2.8200,FALSE,,,,
4NM04579,PerfumersWorld,Verdantiol from PerfumersWorld,verdantiol,91-51-0,VERIFIED_MATCH,"Methyl 2-((3-(4-(1,1-dimethylethyl)phenyl)-2-methylpropylidene)amino)benzoate",91-51-0,https://pubchem.ncbi.nlm.nih.gov/compound/121232773,0.3800,FALSE,,,,
3FG00463,PerfumersWorld,Verdox from PerfumersWorld,verdox,88-41-5,VERIFIED_MATCH,2-tert-Butylcyclohexyl acetate,88-41-5,https://pubchem.ncbi.nlm.nih.gov/compound/62334,0.1800,FALSE,,,,
3LJ01926,PerfumersWorld,Verdyl Acetate from PerfumersWorld,verdyl acetate,2500-83-6,VERIFIED,Verdyl acetate,2500-83-6,https://pubchem.ncbi.nlm.nih.gov/compound/110655,0.0800,FALSE,,,,
3LN08954,PerfumersWorld,Verdyl Propionate from PerfumersWorld,verdyl propionate,17511-60-3,FIXED_FROM_AUDIT,,17511-60-3,https://pubchem.ncbi.nlm.nih.gov/compound/86579,0.1800,FALSE,,,,
3LW00464,PerfumersWorld,Vertenex from PerfumersWorld,vertenex,32210-23-4,FIXED_FROM_AUDIT,,32210-23-4,https://pubchem.ncbi.nlm.nih.gov/compound/36081,0.0900,FALSE,,,,
3WY00465,PerfumersWorld,Vertofix Couer from PerfumersWorld,vertofix couer,32388-55-9,VERIFIED_MATCH,Acetylcedrene,32388-55-9,https://pubchem.ncbi.nlm.nih.gov/compound/16220111,0.2200,FALSE,,,,
4WL15944,PerfumersWorld,Vetival from PerfumersWorld,vetival,4927-39-3,VERIFIED_MATCH,"2-Pentanone, 4-cyclohexyl-4-methyl-",4927-39-3,https://pubchem.ncbi.nlm.nih.gov/compound/78640,0.6000,FALSE,,,,
7WY00466,PerfumersWorld,Vetiver Essential Oil from PerfumersWorld,vetiver essential oil,8016-96-4,NATURAL_MIXTURE,,8016-96-4,,1.5500,FALSE,,,,
6WY18702,PerfumersWorld,VETIVER F-TEC from PerfumersWorld,vetiver,Mixture (Perfume Base),VERIFIED,,,,0.4500,FALSE,,,,
6WY09425,PerfumersWorld,Vetivert Fleuressence from PerfumersWorld,vetivert,Mixture (Perfume Base),VERIFIED,,,,0.5400,FALSE,,,,
3WY00468,PerfumersWorld,Vetiveryl Acetate from PerfumersWorld,vetiveryl acetate,62563-80-8,VERIFIED_MATCH,Vetivert acetate,62563-80-8,https://pubchem.ncbi.nlm.nih.gov/compound/8347,2.7200,FALSE,,,,
6IG18244,PerfumersWorld,VIOLET F-TEC from PerfumersWorld,violet,Mixture (Perfume Base),VERIFIED,,,,0.2800,FALSE,,,,
6IG08436,PerfumersWorld,Violet Fleuressence from PerfumersWorld,violet,Mixture (Perfume Base),VERIFIED,,,,0.1500,FALSE,,,,
8IG00469,PerfumersWorld,Violet Leaf Absolute from PerfumersWorld,violet leaf absolute,90147-36-7,NATURAL_MIXTURE,,90147-36-7,,14.0000,FALSE,,,,
5IG07712,PerfumersWorld,Violet Leaf Absolute 10% in DPG from PerfumersWorld,violet leaf absolute,"8024-08-6|0.1
25265-71-8|0.9",NATURAL_MIXTURE,,8024-08-6,,1.5000,TRUE,Violet Leaf Absolute from PerfumersWorld,Dipropylene Glycol (DPG) from PerfumersWorld,10.00,
6WY18078,PerfumersWorld,W-WOOD F-TEC from PerfumersWorld,w-wood,Mixture (Perfume Base),VERIFIED,,,,0.1500,FALSE,,,,
6WY10132,PerfumersWorld,W-Wood Fleuressence from PerfumersWorld,w-wood,Mixture (Perfume Base),VERIFIED,,,,0.2000,FALSE,,,,
6RM21857,PerfumersWorld,Wardia BM from PerfumersWorld,wardia bm,Mixture (Perfume Base),VERIFIED,,,,0.4500,FALSE,,,,
6XV18882,PerfumersWorld,WHITE MUSK F-TEC from PerfumersWorld,white musk,Mixture (Perfume Base),VERIFIED,,,,0.1800,FALSE,,,,
6XV09757,PerfumersWorld,White Musk Fleuressence from PerfumersWorld,white musk,Mixture (Perfume Base),VERIFIED,,,,0.2000,FALSE,,,,
6WY18600,PerfumersWorld,WHITE OAK F-TEC from PerfumersWorld,white oak,Mixture (Perfume Base),VERIFIED,,,,0.1500,FALSE,,,,
6WY11945,PerfumersWorld,White Oak Fleuressence from PerfumersWorld,white oak,Mixture (Perfume Base),VERIFIED,,,,0.1700,FALSE,,,,
7PS00441,PerfumersWorld,White Thyme Essential Oil from PerfumersWorld,white thyme essential oil,8007-46-3,NATURAL_MIXTURE,,8007-46-3,,0.5900,FALSE,,,,
5PS09240,PerfumersWorld,White Thyme Essential Oil 10% in DPG from PerfumersWorld,white thyme essential oil,"8007-46-3|0.1
25265-71-8|0.9",NATURAL_MIXTURE,,8007-46-3,,0.0900,TRUE,White Thyme Essential Oil from PerfumersWorld,Dipropylene Glycol (DPG) from PerfumersWorld,10.00,
7OP00947,PerfumersWorld,Wintergreen Essential Oil from PerfumersWorld,wintergreen essential oil,68917-75-9,NATURAL_MIXTURE,,68917-75-9,,0.6000,FALSE,,,,
6TW18844,PerfumersWorld,WOOD SMOKE F-TEC from PerfumersWorld,wood smoke,Mixture (Perfume Base),VERIFIED,,,,0.2400,FALSE,,,,
6TW09087,PerfumersWorld,Wood Smoke Fleuressence from PerfumersWorld,wood smoke,Mixture (Perfume Base),VERIFIED,,,,0.7900,FALSE,,,,
6XU18055,PerfumersWorld,X-MUSK F-TEC from PerfumersWorld,x-musk,Mixture (Perfume Base),VERIFIED,,,,0.1500,FALSE,,,,
6XU09440,PerfumersWorld,X-Musk Fleuressence from PerfumersWorld,x-musk,Mixture (Perfume Base),VERIFIED,,,,0.2100,FALSE,,,,
6YH18062,PerfumersWorld,Y-MOSSY F-TEC from PerfumersWorld,y-mossy,Mixture (Perfume Base),VERIFIED,,,,0.2400,FALSE,,,,
6YH12453,PerfumersWorld,Y-Mossy Fleuressence from PerfumersWorld,y-mossy,Mixture (Perfume Base),VERIFIED,,,,0.3700,FALSE,,,,
7NJ23636,PerfumersWorld,Ylang Comoros Complete Essential Oil F3255 from PerfumersWorld,ylang comoros complete essential oil f3255,8006-81-3,NATURAL_MIXTURE,,8006-81-3,,0.7000,FALSE,,,,
7NJ23639,PerfumersWorld,Ylang Comoros Extra Essential Oil F3350 from PerfumersWorld,ylang comoros extra essential oil f3350,8006-81-3,NATURAL_MIXTURE,,8006-81-3,,1.2000,FALSE,,,,
7NJ23638,PerfumersWorld,Ylang Comoros I essential oil F3330 from PerfumersWorld,ylang comoros i essential oil f3330,8006-81-3,NATURAL_MIXTURE,,8006-81-3,,1.0000,FALSE,,,,
7NJ23637,PerfumersWorld,Ylang Comoros II essential oil F3315 from PerfumersWorld,ylang comoros ii essential oil f3315,8006-81-3,NATURAL_MIXTURE,,8006-81-3,,0.9000,FALSE,,,,
7NJ17821,PerfumersWorld,Ylang Comoros III essential oil F3295 from PerfumersWorld,ylang comoros iii essential oil f3295,8006-81-3,NATURAL_MIXTURE,,8006-81-3,,0.6000,FALSE,,,,
6NJ18527,PerfumersWorld,YLANG F-TEC from PerfumersWorld,ylang,Mixture (Perfume Base),VERIFIED,,,,0.3000,FALSE,,,,
7NJ23635,PerfumersWorld,Ylang Madagascar Complete ORGANIC Ess. oil N1450 from PerfumersWorld,ylang madagascar complete organic ess. oil n1450,8006-81-3,NATURAL_MIXTURE,,8006-81-3,,0.9000,FALSE,,,,
7NJ00472,PerfumersWorld,Ylang Ylang Essential Oil from PerfumersWorld,ylang ylang essential oil,8006-81-3,NATURAL_MIXTURE,,8006-81-3,,0.9000,FALSE,,,,
7NJ07496,PerfumersWorld,Ylang Ylang Essential Oil Extra from PerfumersWorld,ylang ylang essential oil extra,8006-81-3,NATURAL_MIXTURE,,8006-81-3,,1.1800,FALSE,,,,
6NJ09074,PerfumersWorld,Ylang Ylang Fleuressence from PerfumersWorld,ylang ylang,Mixture (Perfume Base),VERIFIED,,,,0.3000,FALSE,,,,
6ZZ00449,PerfumersWorld,Z-ZOLVENT F-TEC from PerfumersWorld,z-zolvent,Mixture (Perfume Base),VERIFIED,,,,0.0600,FALSE,,,,
6ZZ00501,PerfumersWorld,Z-Zolvent Fleuressence from PerfumersWorld,z-zolvent,Mixture (Perfume Base),VERIFIED,,,,0.0600,FALSE,,,,
5WU21414,PerfumersWorld,Z11 HD 8.5 from PerfumersWorld,z11 hd 8.5,57345-19-4,VERIFIED_MATCH,"5H-3,5a-Epoxynaphth[2,1-c]oxepin, dodecahydro-3,8,8,11a-tetramethyl-",57345-19-4,https://pubchem.ncbi.nlm.nih.gov/compound/93639,2.0000,FALSE,,,,
3XA22378,PerfumersWorld,Zenolide from PerfumersWorld,zenolide,54982-83-1,FIXED_FROM_AUDIT,Ethylene dodecanedioate,54982-83-1,https://pubchem.ncbi.nlm.nih.gov/compound/41270,0.2200,FALSE,,,,
3971,MySkinRecipes,Ethyl Anthranilate (FEMA 2421) from MySkinRecipes,ethyl anthranilate,87-25-2,VERIFIED_MATCH,Ethyl 2-aminobenzoate,87-25-2,https://pubchem.ncbi.nlm.nih.gov/compound/6877,15.0929,FALSE,,,,
2905,MySkinRecipes,Evernyl (Veramoss) from MySkinRecipes,evernyl,4707-47-5,VERIFIED_MATCH,Atraric Acid,4707-47-5,https://pubchem.ncbi.nlm.nih.gov/compound/78435,2.3820,FALSE,,,,
2877,MySkinRecipes,Ethylene Brassylate from MySkinRecipes,ethylene brassylate,105-95-3,VERIFIED_MATCH,Ethylene brassylate,105-95-3,https://pubchem.ncbi.nlm.nih.gov/compound/61014,1.2703,FALSE,,,,
2841,MySkinRecipes,Longifolene from MySkinRecipes,longifolene,475-20-7,VERIFIED_MATCH,Longifolene,475-20-7,https://pubchem.ncbi.nlm.nih.gov/compound/1796220,1.1849,FALSE,,,,
2819,MySkinRecipes,Ethyl Maltol (FEMA 3487) from MySkinRecipes,ethyl maltol,4940-11-8,VERIFIED_MATCH,Ethyl Maltol,4940-11-8,https://pubchem.ncbi.nlm.nih.gov/compound/21059,1.3929,FALSE,,,,
2806,MySkinRecipes,Para Cresyl Phenyl Acetate (FEMA 3077) from MySkinRecipes,para cresyl phenyl acetate,101-94-0,VERIFIED_MATCH,p-CRESYL PHENYLACETATE,101-94-0,https://pubchem.ncbi.nlm.nih.gov/compound/60997,2.1140,FALSE,,,,
2805,MySkinRecipes,Rum Ether Pyroligneous Acids Ethyl Esters from MySkinRecipes,rum ether pyroligneous acids ethyl esters,8030-89-5,DATA_GAP_MANUAL_CHECK,Rum ether,8030-89-5,https://pubchem.ncbi.nlm.nih.gov/compound/91001317,1.3074,FALSE,,,,
2783,MySkinRecipes,Para Acetanisole from MySkinRecipes,para acetanisole,100-06-1,VERIFIED,P-Phenylenediamine,100-06-1,https://pubchem.ncbi.nlm.nih.gov/compound/7814,1.3843,FALSE,,,,
2756,MySkinRecipes,Ethyl Phenyl Acetate from MySkinRecipes,ethyl phenyl acetate,101-97-3,VERIFIED_MATCH,Ethyl phenylacetate,101-97-3,https://pubchem.ncbi.nlm.nih.gov/compound/7590,1.3843,FALSE,,,,
2739,MySkinRecipes,Methyl Cinnamate (FEMA-2698) from MySkinRecipes,methyl cinnamate,103-26-4,VERIFIED_MATCH,Methyl Cinnamate,103-26-4,https://pubchem.ncbi.nlm.nih.gov/compound/637520,1.2420,FALSE,,,,
2730,MySkinRecipes,Methyl Phenyl Acetate from MySkinRecipes,methyl phenyl acetate,101-41-7,VERIFIED_MATCH,Methyl phenylacetate,101-41-7,https://pubchem.ncbi.nlm.nih.gov/compound/7559,1.2009,FALSE,,,,
2726,MySkinRecipes,Amyl Salicylate from MySkinRecipes,amyl salicylate,2050-08-0,VERIFIED_MATCH,Amyl Salicylate,2050-08-0,https://pubchem.ncbi.nlm.nih.gov/compound/16299,1.0983,FALSE,,,,
2720,MySkinRecipes,p-Methyl Acetophenone from MySkinRecipes,p-methyl acetophenone,122-00-9,VERIFIED_MATCH,p-METHYLACETOPHENONE,122-00-9,https://pubchem.ncbi.nlm.nih.gov/compound/8500,1.2760,FALSE,,,,
2705,MySkinRecipes,Floral Pyranol from MySkinRecipes,floral pyranol,63500-71-0,VERIFIED_MATCH,Tetrahydro-4-methyl-2-(2-methylpropyl)-2H-pyran-4-ol,63500-71-0,https://pubchem.ncbi.nlm.nih.gov/compound/3017432,1.3986,FALSE,,,,
2684,MySkinRecipes,Dimethyl Benzyl Carbinol from MySkinRecipes,dimethyl benzyl carbinol,,VERIFIED_MATCH,2-Methyl-1-phenyl-2-propanol,,https://pubchem.ncbi.nlm.nih.gov/compound/7531,1.3843,FALSE,,,,
2676,MySkinRecipes,Beta Pinene (FEMA 2903) from MySkinRecipes,beta pinene,,VERIFIED,,,,1.3843,FALSE,,,,
2663,MySkinRecipes,Alpha Hexyl Cinnamaldehyde (FEMA 2569) from MySkinRecipes,alpha hexyl cinnamaldehyde,,VERIFIED,"alpha-Ethyl-1,3-benzodioxole-5-methanamine",,https://pubchem.ncbi.nlm.nih.gov/compound/14647596,1.1563,FALSE,,,,
2655,MySkinRecipes,Alpha Ionone from MySkinRecipes,alpha ionone,,FIXED_FROM_AUDIT,,127-41-3,https://pubchem.ncbi.nlm.nih.gov/compound/5282108,1.9829,FALSE,,,,
2650,MySkinRecipes,Gamma Valerolactone (FEMA 3103) from MySkinRecipes,gamma valerolactone,,VERIFIED_MATCH,Gamma-Dodecalactone,,https://pubchem.ncbi.nlm.nih.gov/compound/16821,2.8834,FALSE,,,,
2600,MySkinRecipes,Styralyl Alcohol (FEMA-2685) from MySkinRecipes,styralyl alcohol,98-85-1,VERIFIED,1-Phenylethanol,98-85-1,https://pubchem.ncbi.nlm.nih.gov/compound/7409,1.2674,FALSE,,,,
2550,MySkinRecipes,Ethyl Lactate (FEMA 2440) from MySkinRecipes,ethyl lactate,97-64-3,VERIFIED_MATCH,Ethyl Lactate,97-64-3,https://pubchem.ncbi.nlm.nih.gov/compound/7344,1.1280,FALSE,,,,
2520,MySkinRecipes,2-Methyl Pyrazine (FEMA 3309) from MySkinRecipes,2-methyl pyrazine,109-08-0,VERIFIED_MATCH,2-Methylpyrazine,109-08-0,https://pubchem.ncbi.nlm.nih.gov/compound/7976,1.9829,FALSE,,,,
2503,MySkinRecipes,Gamma Octalactone (FEMA 2796) from MySkinRecipes,gamma octalactone,104-50-7,VERIFIED_MATCH,gamma-Octalactone,104-50-7,https://pubchem.ncbi.nlm.nih.gov/compound/7704,1.3531,FALSE,,,,
2482,MySkinRecipes,Citronellal from MySkinRecipes,citronellal,106-23-0,VERIFIED_MATCH,Citronellal,106-23-0,https://pubchem.ncbi.nlm.nih.gov/compound/7794,1.3920,FALSE,,,,
2468,MySkinRecipes,Ethyl Salicylate from MySkinRecipes,ethyl salicylate,118-61-6,VERIFIED_MATCH,Ethyl Salicylate,118-61-6,https://pubchem.ncbi.nlm.nih.gov/compound/8365,1.4983,FALSE,,,,
2425,MySkinRecipes,Anisyl Acetate (FEMA 2098) from MySkinRecipes,anisyl acetate,104-21-2,VERIFIED_MATCH,4-Methoxybenzyl acetate,104-21-2,https://pubchem.ncbi.nlm.nih.gov/compound/7695,1.9829,FALSE,,,,
33647,MySkinRecipes,Isopropyl Myristate (FEMA 3556) from MySkinRecipes,isopropyl myristate,110-27-0,VERIFIED_MATCH,Isopropyl Myristate,110-27-0,https://pubchem.ncbi.nlm.nih.gov/compound/8042,1.0283,FALSE,,,,
5846,MySkinRecipes,Virginia Tobacco Absolute from MySkinRecipes,virginia tobacco absolute,,NATURAL_MIXTURE,,,,10.8180,FALSE,,,,
3894,MySkinRecipes,Isobutyraldehyde (FEMA 2220) from MySkinRecipes,isobutyraldehyde,78-84-2,VERIFIED_MATCH,Isobutyraldehyde,78-84-2,https://pubchem.ncbi.nlm.nih.gov/compound/6561,1.0000,FALSE,,,,
2906,MySkinRecipes,Floralozone from MySkinRecipes,floralozone,67634-15-5,FIXED_FROM_AUDIT,"Ethyl 2,2-dimethylhydrocinnamal",67634-15-5,https://pubchem.ncbi.nlm.nih.gov/compound/105513,1.6980,FALSE,,,,
2878,MySkinRecipes,Musk Indanone Cashmeran from MySkinRecipes,musk indanone cashmeran,33704-61-9,VERIFIED,,33704-61-9,,3.6503,FALSE,,,,
2842,MySkinRecipes,Bacdanol (Sandalrome/Sandenol 208) from MySkinRecipes,bacdanol (sandalrome,28219-61-6,DATA_GAP_MANUAL_CHECK,,28219-61-6,,1.8063,FALSE,,,,
2820,MySkinRecipes,Propenyl Guaiethol (Vaniatrope) from MySkinRecipes,propenyl guaiethol,94-86-0,VERIFIED_MATCH,Propenyl Guaethol,94-86-0,https://pubchem.ncbi.nlm.nih.gov/compound/5354280,12.1717,FALSE,,,,
2807,MySkinRecipes,Indole (FEMA 2593) from MySkinRecipes,indole,120-72-9,VERIFIED_MATCH,Indole,120-72-9,https://pubchem.ncbi.nlm.nih.gov/compound/798,1.7123,FALSE,,,,
2784,MySkinRecipes,Eugenol (FEMA 2467) from MySkinRecipes,eugenol,97-53-0,VERIFIED_MATCH,Eugenol,97-53-0,https://pubchem.ncbi.nlm.nih.gov/compound/3314,1.4471,FALSE,,,,
2757,MySkinRecipes,Phenethyl Propionate (FEMA 2867) from MySkinRecipes,phenethyl propionate,122-70-3,VERIFIED_MATCH,2-Phenylethyl propionate,122-70-3,https://pubchem.ncbi.nlm.nih.gov/compound/31225,1.2931,FALSE,,,,
2740,MySkinRecipes,Phenethyl Salicylate from MySkinRecipes,phenethyl salicylate,87-22-9,VERIFIED_MATCH,Phenethyl salicylate,87-22-9,https://pubchem.ncbi.nlm.nih.gov/compound/62332,1.4983,FALSE,,,,
2731,MySkinRecipes,p-Methyl Anisole from MySkinRecipes,p-methyl anisole,104-93-8,VERIFIED_MATCH,4-Methylanisole,104-93-8,https://pubchem.ncbi.nlm.nih.gov/compound/7731,1.4983,FALSE,,,,
2727,MySkinRecipes,Butyl Salicylate from MySkinRecipes,butyl salicylate,2052-14-4,VERIFIED_MATCH,Butyl salicylate,2052-14-4,https://pubchem.ncbi.nlm.nih.gov/compound/16330,1.9829,FALSE,,,,
2721,MySkinRecipes,Gardenia Acetal (Floropal) from MySkinRecipes,gardenia acetal,5182-36-5,VERIFIED_MATCH,"1,3-Dioxane, 2,4,6-trimethyl-4-phenyl-",5182-36-5,https://pubchem.ncbi.nlm.nih.gov/compound/107381,2.2394,FALSE,,,,
2706,MySkinRecipes,Cyclamen Aldehyde (FEMA 2743) from MySkinRecipes,cyclamen aldehyde,103-95-7,VERIFIED_MATCH,,103-95-7,https://pubchem.ncbi.nlm.nih.gov/compound/517827,1.6980,FALSE,,,,
2685,MySkinRecipes,Linalool (FEMA 2635) from MySkinRecipes,linalool,78-70-6,VERIFIED_MATCH,Linalool,78-70-6,https://pubchem.ncbi.nlm.nih.gov/compound/6549,1.4129,FALSE,,,,
2677,MySkinRecipes,Fenchol Fenchyl Alcohol (FEMA 2480) from MySkinRecipes,fenchol fenchyl alcohol,,VERIFIED,Fenchol,,https://pubchem.ncbi.nlm.nih.gov/compound/15406,1.5611,FALSE,,,,
2664,MySkinRecipes,Jasmone Cis (FEMA 3196) from MySkinRecipes,jasmone cis,,VERIFIED,,,,5.2746,FALSE,,,,
2651,MySkinRecipes,Tricyclodecenyl Isobutyrate Cyclabute from MySkinRecipes,tricyclodecenyl isobutyrate cyclabute,,VERIFIED,,,,1.6266,FALSE,,,,
2601,MySkinRecipes,Hexyl Hexanoate (FEMA-2572) from MySkinRecipes,hexyl hexanoate,6378-65-0,VERIFIED_MATCH,,6378-65-0,https://pubchem.ncbi.nlm.nih.gov/compound/22873,1.3189,FALSE,,,,
2551,MySkinRecipes,Amyl Butyrate (FEMA 2059) from MySkinRecipes,amyl butyrate,540-18-1,VERIFIED_MATCH,Amyl butyrate,540-18-1,https://pubchem.ncbi.nlm.nih.gov/compound/10890,1.6694,FALSE,,,,
2504,MySkinRecipes,2-Methyl Valeric Acid (FEMA 2754) from MySkinRecipes,2-methyl valeric acid,97-61-0,VERIFIED_MATCH,2-Methylvaleric acid,97-61-0,https://pubchem.ncbi.nlm.nih.gov/compound/7341,2.1140,FALSE,,,,
2483,MySkinRecipes,Beta Naphthyl Ethyl Ether from MySkinRecipes,beta naphthyl ethyl ether,93-18-5,VERIFIED_MATCH,2-Ethoxynaphthalene,93-18-5,https://pubchem.ncbi.nlm.nih.gov/compound/7129,1.2760,FALSE,,,,
2469,MySkinRecipes,Isopulegol from MySkinRecipes,isopulegol,89-79-2,VERIFIED_MATCH,(-)-Isopulegol,89-79-2,https://pubchem.ncbi.nlm.nih.gov/compound/170833,5.9586,FALSE,,,,
2426,MySkinRecipes,Nonanal Aldehyde C-9 (FEMA 2782) from MySkinRecipes,nonanal aldehyde c-9,124-19-6,VERIFIED,,124-19-6,https://pubchem.ncbi.nlm.nih.gov/compound/31289,0.3224,FALSE,,,,
33771,MySkinRecipes,Eeez Tobacco Cyclohexenone (FEMA 4663) from MySkinRecipes,eeez tobacco cyclohexenone,13215-88-8,VERIFIED_MATCH,"2-Cyclohexen-1-one, 4-(2-butenylidene)-3,5,5-trimethyl-",13215-88-8,https://pubchem.ncbi.nlm.nih.gov/compound/107631,20.7929,FALSE,,,,
2907,MySkinRecipes,Ocean Carboxaldehyde Scentenal from MySkinRecipes,ocean carboxaldehyde scentenal,86803-90-9,VERIFIED,,86803-90-9,,3.9043,FALSE,,,,
2843,MySkinRecipes,Methyl Cedryl Ketone from MySkinRecipes,methyl cedryl ketone,32388-55-9,VERIFIED_MATCH,Acetylcedrene,32388-55-9,https://pubchem.ncbi.nlm.nih.gov/compound/16220111,1.4471,FALSE,,,,
2821,MySkinRecipes,Coumarin from MySkinRecipes,coumarin,91-64-5,VERIFIED,Coumarin,91-64-5,https://pubchem.ncbi.nlm.nih.gov/compound/323,1.2420,FALSE,,,,
2808,MySkinRecipes,Ambrox DL (Cetalox) from MySkinRecipes,ambrox dl,3738-00-9,VERIFIED_MATCH,Cetalox,3738-00-9,https://pubchem.ncbi.nlm.nih.gov/compound/107166,22.1751,FALSE,,,,
2785,MySkinRecipes,Isoeugenyl Acetate (FEMA 2470) from MySkinRecipes,isoeugenyl acetate,93-29-8,VERIFIED_MATCH,"Isoeugenol, acetate",93-29-8,https://pubchem.ncbi.nlm.nih.gov/compound/7137,3.1657,FALSE,,,,
2758,MySkinRecipes,9-Decen-1-ol from MySkinRecipes,9-decen-1-ol,13019-22-2,VERIFIED_MATCH,9-Decen-1-ol,13019-22-2,https://pubchem.ncbi.nlm.nih.gov/compound/25612,2.7240,FALSE,,,,
2741,MySkinRecipes,Bornyl Acetate (FEMA 2159) from MySkinRecipes,bornyl acetate,76-49-3,VERIFIED_MATCH,"Bornyl acetate, (-)-",76-49-3,https://pubchem.ncbi.nlm.nih.gov/compound/93009,1.7549,FALSE,,,,
2732,MySkinRecipes,p-Cresyl Acetate (FEMA-3073) from MySkinRecipes,p-cresyl acetate,140-39-6,VERIFIED_MATCH,4-Methylphenyl acetate,140-39-6,https://pubchem.ncbi.nlm.nih.gov/compound/8797,1.4983,FALSE,,,,
2728,MySkinRecipes,Hexyl Salicylate from MySkinRecipes,hexyl salicylate,6259-76-3,VERIFIED_MATCH,Hexyl Salicylate,6259-76-3,https://pubchem.ncbi.nlm.nih.gov/compound/22629,1.1849,FALSE,,,,
2722,MySkinRecipes,Dimethyl Anthranilate from MySkinRecipes,dimethyl anthranilate,85-91-6,VERIFIED_MATCH,Methyl N-methylanthranilate,85-91-6,https://pubchem.ncbi.nlm.nih.gov/compound/6826,3.0426,FALSE,,,,
2707,MySkinRecipes,Hydroxycitronellal (FEMA 2583) from MySkinRecipes,hydroxycitronellal,107-75-5,VERIFIED_MATCH,Hydroxycitronellal,107-75-5,https://pubchem.ncbi.nlm.nih.gov/compound/7888,1.5069,FALSE,,,,
2686,MySkinRecipes,Tetrahydro Linalool from MySkinRecipes,tetrahydro linalool,78-69-3,VERIFIED_MATCH,Tetrahydrolinalool,78-69-3,https://pubchem.ncbi.nlm.nih.gov/compound/6548,1.3703,FALSE,,,,
2678,MySkinRecipes,Terpinolene-60 (FEMA 3046) from MySkinRecipes,terpinolene-60,,DATA_GAP_MANUAL_CHECK,,,,1.2134,FALSE,,,,
2665,MySkinRecipes,Methyl Dihydrojasmonate Hedione from MySkinRecipes,methyl dihydrojasmonate hedione,,DATA_GAP_MANUAL_CHECK,,,,1.6409,FALSE,,,,
2657,MySkinRecipes,Beta Ionone (FEMA 2595) from MySkinRecipes,beta ionone,,VERIFIED_MATCH,I2-Ionone,,https://pubchem.ncbi.nlm.nih.gov/compound/638014,1.8546,FALSE,,,,
2652,MySkinRecipes,Acetaldehyde Ethyl Linalyl Acetal Elintaal from MySkinRecipes,acetaldehyde ethyl linalyl acetal elintaal,,VERIFIED,"1,6-Octadiene, 3-(1-ethoxyethoxy)-3,7-dimethyl-",,https://pubchem.ncbi.nlm.nih.gov/compound/162027,8.7077,FALSE,,,,
2602,MySkinRecipes,Galbascone (Dynascone) from MySkinRecipes,galbascone,56973-85-4,VERIFIED_MATCH,"1-(5,5-Dimethylcyclohexen-1-yl)pent-4-en-1-one",56973-85-4,https://pubchem.ncbi.nlm.nih.gov/compound/92606,13.9271,FALSE,,,,
2552,MySkinRecipes,Cis-3-Hexenyl Isobutyrate (FEMA 3929) from MySkinRecipes,cis-3-hexenyl isobutyrate,41519-23-7,VERIFIED_MATCH,"Hexenyl isobutanoate, (3Z)-",41519-23-7,https://pubchem.ncbi.nlm.nih.gov/compound/5352539,7.9766,FALSE,,,,
2521,MySkinRecipes,Nutty Quinoxaline from MySkinRecipes,nutty quinoxaline,34413-35-9,VERIFIED,3-Cyano-1-methylpyridin-1-ium perchlorate monohydrate,34413-35-9,https://pubchem.ncbi.nlm.nih.gov/compound/44890117,9.8346,FALSE,,,,
2505,MySkinRecipes,6-Methyl Coumarin (FEMA 2699) from MySkinRecipes,6-methyl coumarin,92-48-8,VERIFIED_MATCH,6-Methylcoumarin,92-48-8,https://pubchem.ncbi.nlm.nih.gov/compound/7092,2.6989,FALSE,,,,
2484,MySkinRecipes,Beta Naphthyl Methyl Ether from MySkinRecipes,beta naphthyl methyl ether,93-04-9,VERIFIED_MATCH,2-Methoxynaphthalene,93-04-9,https://pubchem.ncbi.nlm.nih.gov/compound/7119,1.0880,FALSE,,,,
2470,MySkinRecipes,Camphor from MySkinRecipes,camphor,76-22-2,VERIFIED_MATCH,Camphor,76-22-2,https://pubchem.ncbi.nlm.nih.gov/compound/2537,1.2049,FALSE,,,,
32346,MySkinRecipes,Natural Propyl Propionate (FEMA 2958) from MySkinRecipes,natural propyl propionate,106-36-5,VERIFIED_MATCH,Propyl propionate,106-36-5,https://pubchem.ncbi.nlm.nih.gov/compound/7803,3.6929,FALSE,,,,
2908,MySkinRecipes,2-Ethyl Fenchol (Terrasol) from MySkinRecipes,2-ethyl fenchol,18368-91-7,VERIFIED_MATCH,"2-Ethyl-1,3,3-trimethylbicyclo(2.2.1)heptan-2-ol",18368-91-7,https://pubchem.ncbi.nlm.nih.gov/compound/106997,20.3280,FALSE,,,,
2844,MySkinRecipes,Woody Cyclohexanone Kephalis from MySkinRecipes,woody cyclohexanone kephalis,36306-87-3,VERIFIED,,36306-87-3,,3.0660,FALSE,,,,
2809,MySkinRecipes,Isobutyl Quinoline from MySkinRecipes,isobutyl quinoline,65442-31-1,VERIFIED_MATCH,(Isobutyl)quinoline,65442-31-1,https://pubchem.ncbi.nlm.nih.gov/compound/74005,12.2429,FALSE,,,,
2786,MySkinRecipes,Eugenyl Acetate (FEMA 2469) from MySkinRecipes,eugenyl acetate,93-28-7,VERIFIED_MATCH,Eugenyl Acetate,93-28-7,https://pubchem.ncbi.nlm.nih.gov/compound/7136,3.1229,FALSE,,,,
2759,MySkinRecipes,Neryl Acetate (FEMA 2773) from MySkinRecipes,neryl acetate,141-12-8,VERIFIED_MATCH,Neryl acetate,141-12-8,https://pubchem.ncbi.nlm.nih.gov/compound/1549025,2.8466,FALSE,,,,
2742,MySkinRecipes,Cinnamic Acid (FEMA 2288) from MySkinRecipes,cinnamic acid,621-82-9,VERIFIED_MATCH,Cinnamic Acid,621-82-9,https://pubchem.ncbi.nlm.nih.gov/compound/444539,1.2163,FALSE,,,,
2733,MySkinRecipes,Thymol (crystal) from MySkinRecipes,thymol,89-83-8,VERIFIED_MATCH,Thymol,89-83-8,https://pubchem.ncbi.nlm.nih.gov/compound/6989,1.4214,FALSE,,,,
2729,MySkinRecipes,Isoamyl Salicylate from MySkinRecipes,isoamyl salicylate,87-20-7,VERIFIED_MATCH,Isoamyl salicylate,87-20-7,https://pubchem.ncbi.nlm.nih.gov/compound/6874,1.1280,FALSE,,,,
2723,MySkinRecipes,Aurantiol Schiffs Base Ma Hydroxy from MySkinRecipes,aurantiol schiffs  ma hydroxy,89-43-0,VERIFIED,,89-43-0,,1.8574,FALSE,,,,
2708,MySkinRecipes,Cyclamen Propanal Bourgeonal from MySkinRecipes,cyclamen propanal bourgeonal,18127-01-0,VERIFIED,,18127-01-0,,3.4069,FALSE,,,,
2687,MySkinRecipes,Nerolidol (FEMA 2772) from MySkinRecipes,nerolidol,7212-44-4,VERIFIED_MATCH,Nerolidol,7212-44-4,https://pubchem.ncbi.nlm.nih.gov/compound/5284507,2.1054,FALSE,,,,
2666,MySkinRecipes,Hedione high cis from MySkinRecipes,hedione high cis,,VERIFIED,,,,4.8186,FALSE,,,,
2658,MySkinRecipes,Delta Damascone (FEMA 3622) from MySkinRecipes,delta damascone,,VERIFIED,,,,2.9946,FALSE,,,,
2603,MySkinRecipes,Thiogeraniol from MySkinRecipes,thiogeraniol,39067-80-6,VERIFIED_MATCH,Thiogeraniol,39067-80-6,https://pubchem.ncbi.nlm.nih.gov/compound/6365572,24.9683,FALSE,,,,
2553,MySkinRecipes,cis-6-Nonenol from MySkinRecipes,cis-6-nonenol,35854-86-5,VERIFIED_MATCH,"6-Nonen-1-ol, (6Z)-",35854-86-5,https://pubchem.ncbi.nlm.nih.gov/compound/5362792,17.9500,FALSE,,,,
2522,MySkinRecipes,Dimethyl Trisulfide from MySkinRecipes,dimethyl trisulfide,3658-80-8,VERIFIED_MATCH,Dimethyl trisulfide,3658-80-8,https://pubchem.ncbi.nlm.nih.gov/compound/19310,15.0929,FALSE,,,,
2506,MySkinRecipes,Isobutyric Acid (FEMA 2222) from MySkinRecipes,isobutyric acid,79-31-2,VERIFIED_MATCH,Isobutyric Acid,79-31-2,https://pubchem.ncbi.nlm.nih.gov/compound/6590,1.2989,FALSE,,,,
2485,MySkinRecipes,Lime Pyran from MySkinRecipes,lime pyran,73018-51-6,DATA_GAP_MANUAL_CHECK,,73018-51-6,,5.4029,FALSE,,,,
2471,MySkinRecipes,Carvone L from MySkinRecipes,carvone l,6485-40-1,VERIFIED_MATCH,"Carvone, (-)-",6485-40-1,https://pubchem.ncbi.nlm.nih.gov/compound/439570,1.9914,FALSE,,,,
2428,MySkinRecipes,Alpha Methyl Ionone-74-80 from MySkinRecipes,alpha methyl ionone-74-80,127-42-4,VERIFIED,,127-42-4,,1.4614,FALSE,,,,
2909,MySkinRecipes,Vetimoss from MySkinRecipes,vetimoss,21112-37-8,VERIFIED_MATCH,"2-tert-Butyl-1,4-dimethoxybenzene",21112-37-8,https://pubchem.ncbi.nlm.nih.gov/compound/88792,2.5671,FALSE,,,,
2881,MySkinRecipes,Muscone (FEMA 3434) from MySkinRecipes,muscone,541-91-3,VERIFIED_MATCH,Muskone,541-91-3,https://pubchem.ncbi.nlm.nih.gov/compound/10947,77.8071,FALSE,,,,
2845,MySkinRecipes,Iso E Super from MySkinRecipes,iso e super,54464-57-2,FIXED_FROM_AUDIT,"1-(2,3,8,8-Tetramethyl-1,2,3,4,5,6,7,8-octahydronaphthalen-2-YL)ethanone, trans-(A+-)-",144651-56-9,https://pubchem.ncbi.nlm.nih.gov/compound/1808124,1.3274,FALSE,,,,
2823,MySkinRecipes,Gamma Hexalactone (FEMA 2556) from MySkinRecipes,gamma hexalactone,695-06-7,VERIFIED,,695-06-7,,1.8974,FALSE,,,,
2810,MySkinRecipes,Ambroxan from MySkinRecipes,ambroxan,6790-58-5,VERIFIED_MATCH,(-)-Ambroxide,6790-58-5,https://pubchem.ncbi.nlm.nih.gov/compound/10857465,17.6723,FALSE,,,,
2787,MySkinRecipes,Methyl Isoeugenol (FEMA 2476) from MySkinRecipes,methyl isoeugenol,93-16-3,VERIFIED_MATCH,Methylisoeugenol,93-16-3,https://pubchem.ncbi.nlm.nih.gov/compound/637776,2.5529,FALSE,,,,
2760,MySkinRecipes,Rhodinol from MySkinRecipes,rhodinol,141-25-3,VERIFIED,Rhodinol,141-25-3,https://pubchem.ncbi.nlm.nih.gov/compound/81263,1.9829,FALSE,,,,
2743,MySkinRecipes,Isobornyl Acetate (FEMA 2160) from MySkinRecipes,isobornyl acetate,125-12-2,VERIFIED_MATCH,Isobornyl acetate,125-12-2,https://pubchem.ncbi.nlm.nih.gov/compound/637531,1.2134,FALSE,,,,
2734,MySkinRecipes,Ortho Guaiacol Guaiacol (FEMA 2532) from MySkinRecipes,ortho guaiacol guaiacol,90-05-1,VERIFIED,,90-05-1,,1.3757,FALSE,,,,
2724,MySkinRecipes,Oranger Crystal Beta Naphthyl Methyl Ketone (FEMA 2723) from MySkinRecipes,oranger crystal beta naphthyl methyl ketone,93-08-3,VERIFIED_MATCH,2-Acetylnaphthalene,93-08-3,https://pubchem.ncbi.nlm.nih.gov/compound/7122,1.6837,FALSE,,,,
2688,MySkinRecipes,Verdyl Acetate (Cyclacet) from MySkinRecipes,verdyl acetate,5413-60-5,VERIFIED,Verdyl acetate,5413-60-5,https://pubchem.ncbi.nlm.nih.gov/compound/110655,1.0709,FALSE,,,,
2680,MySkinRecipes,Alpha Pinene (FEMA 2902) from MySkinRecipes,alpha pinene,,FIXED_FROM_AUDIT,,80-56-8,https://pubchem.ncbi.nlm.nih.gov/compound/6654,1.3843,FALSE,,,,
2667,MySkinRecipes,Herbal Pyran from MySkinRecipes,herbal pyran,,VERIFIED,,,,1.2931,FALSE,,,,
2604,MySkinRecipes,cis-3-Hexenyl Acetate from MySkinRecipes,cis-3-hexenyl acetate,3681-71-8,VERIFIED_MATCH,cis-3-HEXENYL ACETATE,3681-71-8,https://pubchem.ncbi.nlm.nih.gov/compound/5363388,4.5480,FALSE,,,,
2554,MySkinRecipes,1-Octen-3-ol from MySkinRecipes,1-octen-3-ol,3391-86-4,VERIFIED_MATCH,1-Octen-3-Ol,3391-86-4,https://pubchem.ncbi.nlm.nih.gov/compound/18827,3.7811,FALSE,,,,
2523,MySkinRecipes,Buchu Mercaptan (FEMA 3177) from MySkinRecipes,buchu mercaptan,38462-22-5,VERIFIED_MATCH,p-Mentha-8-thiol-3-one,38462-22-5,https://pubchem.ncbi.nlm.nih.gov/compound/61982,48.0531,FALSE,,,,
2486,MySkinRecipes,Limonene D Limonene China (FEMA 2633) from MySkinRecipes,limonene d limonene china,5989-27-5,VERIFIED_MATCH,(+)-Limonene,5989-27-5,https://pubchem.ncbi.nlm.nih.gov/compound/440917,1.2809,FALSE,,,,
2472,MySkinRecipes,Ethyl Benzoate (FEMA 2422) from MySkinRecipes,ethyl benzoate,93-89-0,VERIFIED_MATCH,Ethyl benzoate,93-89-0,https://pubchem.ncbi.nlm.nih.gov/compound/7165,1.4129,FALSE,,,,
2429,MySkinRecipes,Hexanoic Acid Caproic Acid (FEMA 2559) from MySkinRecipes,hexanoic acid caproic acid,142-62-1,FIXED_FROM_AUDIT,,142-62-1,https://pubchem.ncbi.nlm.nih.gov/compound/8892,1.3274,FALSE,,,,
32349,MySkinRecipes,Pentyl Propanoate Amyl Propionate (FEMA 2082) from MySkinRecipes,pentyl propanoate amyl propionate,624-54-4,VERIFIED_MATCH,,624-54-4,https://pubchem.ncbi.nlm.nih.gov/compound/12217,3.6929,FALSE,,,,
8014,MySkinRecipes,"Clary propionate, Sclareolate from MySkinRecipes","clary propionate, sclareolate",319002-92-1,FIXED_FROM_AUDIT,,319002-92-1,https://pubchem.ncbi.nlm.nih.gov/compound/16063805,57.8429,FALSE,,,,
2910,MySkinRecipes,Marine Formate (Aphermate) from MySkinRecipes,marine formate,25225-08-5,FIXED_FROM_AUDIT,"alpha,3,3-Trimethylcyclohexylmethyl formate",25225-08-5,https://pubchem.ncbi.nlm.nih.gov/compound/91337,2.9903,FALSE,,,,
2882,MySkinRecipes,Tonalide/Fixolide from MySkinRecipes,tonalide,,VERIFIED_MATCH,Tonalide,,https://pubchem.ncbi.nlm.nih.gov/compound/89440,1.5554,FALSE,,,,
2846,MySkinRecipes,Sandal Pentanol Sandalore from MySkinRecipes,sandal pentanol sandalore,65113-99-7,VERIFIED,,65113-99-7,,1.8154,FALSE,,,,
2824,MySkinRecipes,Maltyl Isobutyrate from MySkinRecipes,maltyl isobutyrate,65416-14-0,FIXED_FROM_AUDIT,Maltyl isobutyrate,65416-14-0,https://pubchem.ncbi.nlm.nih.gov/compound/3354132,3.3709,FALSE,,,,
2811,MySkinRecipes,Amber Decane (Bois Ambrene Forte) from MySkinRecipes,amber decane,58567-11-6,VERIFIED,"2,6,6,7,8,8-Hexamethyldecahydro-2H-indeno[4,5-b]furan",58567-11-6,https://pubchem.ncbi.nlm.nih.gov/compound/57357974,8.5523,FALSE,,,,
2788,MySkinRecipes,Methyl Eugenol (FEMA 2475) from MySkinRecipes,methyl eugenol,93-15-2,FIXED_FROM_AUDIT,,93-15-2,https://pubchem.ncbi.nlm.nih.gov/compound/7127,2.4474,FALSE,,,,
2761,MySkinRecipes,Citronellyl Acetate (FEMA 2311) from MySkinRecipes,citronellyl acetate,150-84-5,FIXED_FROM_AUDIT,Citronellyl Acetate,150-84-5,https://pubchem.ncbi.nlm.nih.gov/compound/9017,1.6060,FALSE,,,,
2744,MySkinRecipes,Phenyl Propyl Alcohol (Hydrocinnamyl) from MySkinRecipes,phenyl propyl alcohol,122-97-4,VERIFIED_MATCH,Benzenepropanol,122-97-4,https://pubchem.ncbi.nlm.nih.gov/compound/31234,1.5497,FALSE,,,,
2735,MySkinRecipes,Methyl Benzoate (FEMA-2683) from MySkinRecipes,methyl benzoate,93-58-3,VERIFIED_MATCH,Methyl Benzoate,93-58-3,https://pubchem.ncbi.nlm.nih.gov/compound/7150,1.2134,FALSE,,,,
2725,MySkinRecipes,Acetophenone from MySkinRecipes,acetophenone,98-86-2,VERIFIED_MATCH,Acetophenone,98-86-2,https://pubchem.ncbi.nlm.nih.gov/compound/7410,1.0937,FALSE,,,,
2689,MySkinRecipes,Farnesol from MySkinRecipes,farnesol,4602-84-0,FIXED_FROM_AUDIT,,4602-84-0,https://pubchem.ncbi.nlm.nih.gov/compound/445070,3.6917,FALSE,,,,
2681,MySkinRecipes,Alpha Terpineol (FEMA 3045) from MySkinRecipes,alpha terpineol,,FIXED_FROM_AUDIT,,98-55-5,https://pubchem.ncbi.nlm.nih.gov/compound/17100,0.1443,FALSE,,,,
2668,MySkinRecipes,Benzyl Acetate (FEMA 2135) from MySkinRecipes,benzyl acetate,,FIXED_FROM_AUDIT,Benzyl acetate,140-11-4,https://pubchem.ncbi.nlm.nih.gov/compound/8785,1.1280,FALSE,,,,
2660,MySkinRecipes,Methyl Ionone Gamma 70 from MySkinRecipes,methyl ionone gamma 70,,VERIFIED,,,,1.3986,FALSE,,,,
2555,MySkinRecipes,2-Methyl-2-Pentenoic Acid (FEMA 3195) from MySkinRecipes,2-methyl-2-pentenoic acid,3142-72-1,FIXED_FROM_AUDIT,,3142-72-1,https://pubchem.ncbi.nlm.nih.gov/compound/18458,2.5243,FALSE,,,,
2524,MySkinRecipes,"2,3-Dimethyl Pyrazine from MySkinRecipes","2,3-dimethyl pyrazine",5910-89-4,FIXED_FROM_AUDIT,,5910-89-4,https://pubchem.ncbi.nlm.nih.gov/compound/22201,3.1657,FALSE,,,,
2508,MySkinRecipes,Delta Dodecalactone (FEMA 2401) from MySkinRecipes,delta dodecalactone,713-95-1,FIXED_FROM_AUDIT,,713-95-1,https://pubchem.ncbi.nlm.nih.gov/compound/12844,1.4157,FALSE,,,,
2473,MySkinRecipes,Isomenthone from MySkinRecipes,isomenthone,491-07-6,FIXED_FROM_AUDIT,,491-07-6,https://pubchem.ncbi.nlm.nih.gov/compound/6986,4.5509,FALSE,,,,
32350,MySkinRecipes,3-Methylbutyl Propanoate Isoamyl Propionate (FEMA 2082) from MySkinRecipes,3-methylbutyl propanoate isoamyl propionate,105-68-0,FIXED_FROM_AUDIT,,105-68-0,https://pubchem.ncbi.nlm.nih.gov/compound/7772,3.6929,FALSE,,,,
3702,MySkinRecipes,Herbal Undecanone Plicatone from MySkinRecipes,herbal undecanone plicatone,41724-19-0,FIXED_FROM_AUDIT,,41724-19-0,https://pubchem.ncbi.nlm.nih.gov/compound/162481,22.2286,FALSE,,,,
3590,MySkinRecipes,Marine Hexane (Ozofleur) from MySkinRecipes,marine hexane,181258-87-7,FIXED_FROM_AUDIT,,181258-87-7,https://pubchem.ncbi.nlm.nih.gov/compound/18974564,6.2054,FALSE,,,,
2883,MySkinRecipes,Musk Ketone from MySkinRecipes,musk ketone,81-14-1,VERIFIED_MATCH,Musk ketone,81-14-1,https://pubchem.ncbi.nlm.nih.gov/compound/6669,1.6009,FALSE,,,,
2847,MySkinRecipes,Sandal Pentenol Ebanol from MySkinRecipes,sandal pentenol ebanol,67801-20-1,VERIFIED,,67801-20-1,,4.1917,FALSE,,,,
2825,MySkinRecipes,5-Methyl Furfural (FEMA 2702) from MySkinRecipes,5-methyl furfural,620-02-0,DATA_GAP_MANUAL_CHECK,"4-Hydroxy-4-methyl decenoic acid gamma lactone, (7Z)-",620-02-0,https://pubchem.ncbi.nlm.nih.gov/compound/11332852,3.9351,FALSE,,,,
2812,MySkinRecipes,Amber Furan (Grisalva) from MySkinRecipes,amber furan,68611-23-4,VERIFIED,Amber furan,68611-23-4,https://pubchem.ncbi.nlm.nih.gov/compound/90474858,48.2317,FALSE,,,,
2789,MySkinRecipes,Isoamyl Cinnamate (FEMA 2063) from MySkinRecipes,isoamyl cinnamate,7779-65-9,FIXED_FROM_AUDIT,Isoamyl Cinnamate,7779-65-9,https://pubchem.ncbi.nlm.nih.gov/compound/5273467,1.9346,FALSE,,,,
2762,MySkinRecipes,Rose Oxide from MySkinRecipes,rose oxide,16409-43-1,VERIFIED_MATCH,Rose oxide,16409-43-1,https://pubchem.ncbi.nlm.nih.gov/compound/27866,3.0391,FALSE,,,,
2745,MySkinRecipes,Cinnamyl Cinnamate (FEMA 2298) from MySkinRecipes,cinnamyl cinnamate,122-69-0,FIXED_FROM_AUDIT,,122-69-0,https://pubchem.ncbi.nlm.nih.gov/compound/1550890,4.0377,FALSE,,,,
2711,MySkinRecipes,Carbinol Muguet from MySkinRecipes,carbinol muguet,103-05-9,VERIFIED_MATCH,2-Methyl-4-phenyl-2-butanol,103-05-9,https://pubchem.ncbi.nlm.nih.gov/compound/7632,2.2109,FALSE,,,,
2690,MySkinRecipes,Isononyl Acetate from MySkinRecipes,isononyl acetate,40379-24-6,VERIFIED_MATCH,"3,5,5-Trimethylhexyl acetate",40379-24-6,https://pubchem.ncbi.nlm.nih.gov/compound/42745,1.3274,FALSE,,,,
2682,MySkinRecipes,Gamma Terpinene (FEMA 3559) from MySkinRecipes,gamma terpinene,,DATA_GAP_MANUAL_CHECK,,,,1.2989,FALSE,,,,
2669,MySkinRecipes,Alpha Amyl Cinnamaldehyde from MySkinRecipes,alpha amyl cinnamaldehyde,,DATA_GAP_MANUAL_CHECK,,,,1.3274,FALSE,,,,
2661,MySkinRecipes,Methyl Ionone Gamma 95 from MySkinRecipes,methyl ionone gamma 95,,VERIFIED,,,,8.7077,FALSE,,,,
2606,MySkinRecipes,Chrysanthemum Oxide from MySkinRecipes,chrysanthemum oxide,3558-60-9,FIXED_FROM_AUDIT,,3558-60-9,https://pubchem.ncbi.nlm.nih.gov/compound/19089,15.0929,FALSE,,,,
2509,MySkinRecipes,Delta-Undecalactone from MySkinRecipes,delta-undecalactone,710-04-3,VERIFIED,Gamma-undecalactone,710-04-3,https://pubchem.ncbi.nlm.nih.gov/compound/7714,2.5529,FALSE,,,,
2487,MySkinRecipes,Citral (FEMA 2303) from MySkinRecipes,citral,5392-40-5,VERIFIED_MATCH,Citral,5392-40-5,https://pubchem.ncbi.nlm.nih.gov/compound/638011,1.4414,FALSE,,,,
2474,MySkinRecipes,Eucalyptol (FEMA 2465) from MySkinRecipes,eucalyptol,470-82-6,VERIFIED_MATCH,"1,8-Cineole",470-82-6,https://pubchem.ncbi.nlm.nih.gov/compound/2758,1.2703,FALSE,,,,
2431,MySkinRecipes,Nonanol from MySkinRecipes,nonanol,143-08-8,FIXED_FROM_AUDIT,,143-08-8,https://pubchem.ncbi.nlm.nih.gov/compound/8914,2.0217,FALSE,,,,
32351,MySkinRecipes,Isobornyl Propionate (FEMA 2163) from MySkinRecipes,isobornyl propionate,2756-56-1,VERIFIED_MATCH,,2756-56-1,https://pubchem.ncbi.nlm.nih.gov/compound/23617864,3.6929,FALSE,,,,
3991,MySkinRecipes,"Verdantiol, Lilyall / Methyl Anthranilate Schiffs Base from MySkinRecipes","verdantiol, lilyall",91-51-0,VERIFIED,"Methyl 2-((3-(4-(1,1-dimethylethyl)phenyl)-2-methylpropylidene)amino)benzoate",91-51-0,https://pubchem.ncbi.nlm.nih.gov/compound/121232773,7.2643,FALSE,,,,
3877,MySkinRecipes,Styralyl Alcohol (FEMA 2685) from MySkinRecipes,styralyl alcohol,7549-33-9,VERIFIED,1-Phenylethanol,7549-33-9,https://pubchem.ncbi.nlm.nih.gov/compound/7409,170.8571,FALSE,,,,
3837,MySkinRecipes,Treemoss Resinoid from MySkinRecipes,treemoss resinoid,68917-40-8,NATURAL_MIXTURE,,68917-40-8,,1.0000,FALSE,,,,
2884,MySkinRecipes,Galaxolide Musk Gx from MySkinRecipes,galaxolide musk gx,1222-05-5,VERIFIED,,1222-05-5,,1.2743,FALSE,,,,
2848,MySkinRecipes,Timber Propanol (Karmawood) from MySkinRecipes,timber propanol,70788-30-6,FIXED_FROM_AUDIT,"Cyclohexanepropanol, 2,2,6-trimethyl-alpha-propyl-",70788-30-6,https://pubchem.ncbi.nlm.nih.gov/compound/116699,3.1657,FALSE,,,,
2826,MySkinRecipes,Strawberry Furanone from MySkinRecipes,strawberry furanone,3658-77-3,FIXED_FROM_AUDIT,Furaneol,3658-77-3,https://pubchem.ncbi.nlm.nih.gov/compound/19309,7.2697,FALSE,,,,
2813,MySkinRecipes,Indolene 50 from MySkinRecipes,indolene 50,68908-82-7,VERIFIED,"1H-Indole-1-heptanol, eta-1H-indol-1-yl-alpha,alpha,epsilon-trimethyl-",68908-82-7,https://pubchem.ncbi.nlm.nih.gov/compound/106826,12.2286,FALSE,,,,
2790,MySkinRecipes,Isoeugenol (FEMA 2468) from MySkinRecipes,isoeugenol,97-54-1,FIXED_FROM_AUDIT,,97-54-1,https://pubchem.ncbi.nlm.nih.gov/compound/853433,0.2751,FALSE,,,,
2763,MySkinRecipes,Damascenone Total Damascenone-93 (FEMA 3420) from MySkinRecipes,damascenone total damascenone-93,23696-85-7,FIXED_FROM_AUDIT,,23696-85-7,https://pubchem.ncbi.nlm.nih.gov/compound/5366074,17.9286,FALSE,,,,
2746,MySkinRecipes,Benzyl Benzoate (FEMA 2138) from MySkinRecipes,benzyl benzoate,120-51-4,FIXED_FROM_AUDIT,Benzyl Benzoate,120-51-4,https://pubchem.ncbi.nlm.nih.gov/compound/2345,1.0709,FALSE,,,,
2737,MySkinRecipes,Para Cresol from MySkinRecipes,para cresol,106-44-5,DATA_GAP_MANUAL_CHECK,P-Cresol,106-44-5,https://pubchem.ncbi.nlm.nih.gov/compound/2879,1.8831,FALSE,,,,
2712,MySkinRecipes,Magnolia Indene (Magnolan) from MySkinRecipes,magnolia indene,27606-09-3,DATA_GAP_MANUAL_CHECK,"Indeno[1,2-d]-1,3-dioxin, 4,4a,5,9b-tetrahydro-2,4-dimethyl-",27606-09-3,https://pubchem.ncbi.nlm.nih.gov/compound/119674,4.2329,FALSE,,,,
2691,MySkinRecipes,Woody Acetate (Vertenex) from MySkinRecipes,woody acetate,32210-23-4,VERIFIED_MATCH,4-tert-Butylcyclohexyl acetate,32210-23-4,https://pubchem.ncbi.nlm.nih.gov/compound/36081,1.0709,FALSE,,,,
2683,MySkinRecipes,Para Cymene (FEMA 2356) from MySkinRecipes,para cymene,,DATA_GAP_MANUAL_CHECK,,,,1.4557,FALSE,,,,
2670,MySkinRecipes,Dihydrojasmone (FEMA 3763) from MySkinRecipes,dihydrojasmone,,VERIFIED,Dihydrojasmone,,https://pubchem.ncbi.nlm.nih.gov/compound/62378,3.7811,FALSE,,,,
2662,MySkinRecipes,Violet Methyl Carbonate Violiff from MySkinRecipes,violet methyl carbonate violiff,,DATA_GAP_MANUAL_CHECK,,,,11.4823,FALSE,,,,
2607,MySkinRecipes,cis-3-Hexenyl Propionate from MySkinRecipes,cis-3-hexenyl propionate,33467-74-2,FIXED_FROM_AUDIT,cis-3-Hexenyl propionate,33467-74-2,https://pubchem.ncbi.nlm.nih.gov/compound/5365049,3.0631,FALSE,,,,
2557,MySkinRecipes,Watermelon Ketone Calone from MySkinRecipes,watermelon ketone calone,28940-11-6,VERIFIED,,28940-11-6,,7.0843,FALSE,,,,
2510,MySkinRecipes,Delta Decalactone (FEMA 2361) from MySkinRecipes,delta decalactone,705-86-2,DATA_GAP_MANUAL_CHECK,delta-Decalactone,705-86-2,https://pubchem.ncbi.nlm.nih.gov/compound/12810,1.6780,FALSE,,,,
2488,MySkinRecipes,Geranyl Nitrile from MySkinRecipes,geranyl nitrile,5146-66-7,DATA_GAP_MANUAL_CHECK,Geranyl nitrile,5146-66-7,https://pubchem.ncbi.nlm.nih.gov/compound/21768,2.0883,FALSE,,,,
2475,MySkinRecipes,Menthyl Acetate from MySkinRecipes,menthyl acetate,2623-23-6,VERIFIED_MATCH,Menthyl acetate,2623-23-6,https://pubchem.ncbi.nlm.nih.gov/compound/27867,1.8523,FALSE,,,,
2432,MySkinRecipes,Nonyl Acetate (FEMA 2788) from MySkinRecipes,nonyl acetate,143-13-5,VERIFIED_MATCH,Nonyl Acetate,143-13-5,https://pubchem.ncbi.nlm.nih.gov/compound/8918,2.0883,FALSE,,,,
33680,MySkinRecipes,Sclareolate from MySkinRecipes,sclareolate,319002-92-1,VERIFIED_MATCH,"Propanoic acid, 2-(1,1-dimethylpropoxy)-, propyl ester, (2S)-",319002-92-1,https://pubchem.ncbi.nlm.nih.gov/compound/16063805,1.4557,FALSE,,,,
32380,MySkinRecipes,Pentyl Octanoate (FEMA 2079) from MySkinRecipes,pentyl octanoate,638-25-5,VERIFIED_MATCH,,638-25-5,https://pubchem.ncbi.nlm.nih.gov/compound/61185,4.5480,FALSE,,,,
32352,MySkinRecipes,Propyl Butyrate (FEMA 2934) from MySkinRecipes,propyl butyrate,105-66-8,VERIFIED_MATCH,,105-66-8,https://pubchem.ncbi.nlm.nih.gov/compound/7770,3.6929,FALSE,,,,
9236,MySkinRecipes,Damascenone-98 (FEMA 3420) from MySkinRecipes,damascenone-98,23696-85-7,DATA_GAP_MANUAL_CHECK,beta-Damascenone,23696-85-7,https://pubchem.ncbi.nlm.nih.gov/compound/5366074,5.9917,FALSE,,,,
3435,MySkinRecipes,Conifer Acetate (Coniferan) from MySkinRecipes,conifer acetate,67874-72-0,DATA_GAP_MANUAL_CHECK,Conifer acetate,67874-72-0,https://pubchem.ncbi.nlm.nih.gov/compound/62240,172.2857,FALSE,,,,
2885,MySkinRecipes,Musk Xylol from MySkinRecipes,musk xylol,81-15-2,DATA_GAP_MANUAL_CHECK,Musk Xylene,81-15-2,https://pubchem.ncbi.nlm.nih.gov/compound/62329,1.3274,FALSE,,,,
2849,MySkinRecipes,Cedrol from MySkinRecipes,cedrol,77-53-2,VERIFIED_MATCH,Cedrol,77-53-2,https://pubchem.ncbi.nlm.nih.gov/compound/65575,4.5480,FALSE,,,,
2827,MySkinRecipes,Vanillyl Isobutyrate (Isobutavan) from MySkinRecipes,vanillyl isobutyrate,20665-85-4,DATA_GAP_MANUAL_CHECK,Vanillin isobutyrate,20665-85-4,https://pubchem.ncbi.nlm.nih.gov/compound/539829,5.6594,FALSE,,,,
2814,MySkinRecipes,Indoflor (Indolarome) from MySkinRecipes,indoflor,18096-62-3,DATA_GAP_MANUAL_CHECK,"4,4a,5,9b-Tetrahydroindeno(1,2-d)-1,3-dioxin",18096-62-3,https://pubchem.ncbi.nlm.nih.gov/compound/87453,15.6717,FALSE,,,,
2791,MySkinRecipes,Anethole from MySkinRecipes,anethole,4180-23-8,VERIFIED_MATCH,Anethole,4180-23-8,https://pubchem.ncbi.nlm.nih.gov/compound/637563,1.7037,FALSE,,,,
2747,MySkinRecipes,Benzophenone from MySkinRecipes,benzophenone,119-61-9,VERIFIED_MATCH,Benzophenone,119-61-9,https://pubchem.ncbi.nlm.nih.gov/compound/3102,1.1280,FALSE,,,,
2692,MySkinRecipes,Florocyclene from MySkinRecipes,florocyclene,17511-60-3,DATA_GAP_MANUAL_CHECK,Tricyclodecenyl propionate,17511-60-3,https://pubchem.ncbi.nlm.nih.gov/compound/86579,1.3274,FALSE,,,,
2671,MySkinRecipes,Benzyl Formate (FEMA 2145) from MySkinRecipes,benzyl formate,,VERIFIED_MATCH,Benzyl formate,,https://pubchem.ncbi.nlm.nih.gov/compound/7708,1.3446,FALSE,,,,
2608,MySkinRecipes,cis-3-Hexenyl Hexanoate (FEMA-3403) from MySkinRecipes,cis-3-hexenyl hexanoate,31501-11-8,DATA_GAP_MANUAL_CHECK,"3-Hexenyl hexanoate, (3Z)-",31501-11-8,https://pubchem.ncbi.nlm.nih.gov/compound/5352543,3.2169,FALSE,,,,
2558,MySkinRecipes,Allyl Cyclohexyl Propionate (FEMA 2026) from MySkinRecipes,allyl cyclohexyl propionate,2705-87-5,FIXED_FROM_AUDIT,Allyl cyclohexyl propionate,2705-87-5,https://pubchem.ncbi.nlm.nih.gov/compound/21862952,1.4471,FALSE,,,,
2526,MySkinRecipes,Butyl Butyryl Lactate Butyl Butyro Lactate (FEMA 2190) from MySkinRecipes,butyl butyryl lactate butyl butyro lactate,7492-70-8,DATA_GAP_MANUAL_CHECK,Butyl Butyryllactate,7492-70-8,https://pubchem.ncbi.nlm.nih.gov/compound/24114,1.2163,FALSE,,,,
2511,MySkinRecipes,Delta Octalactone (FEMA 3214) from MySkinRecipes,delta octalactone,698-76-0,DATA_GAP_MANUAL_CHECK,Delta-Octalactone,698-76-0,https://pubchem.ncbi.nlm.nih.gov/compound/12777,7.5263,FALSE,,,,
2489,MySkinRecipes,Dodecane Nitrile from MySkinRecipes,dodecane nitrile,2437-25-4,DATA_GAP_MANUAL_CHECK,Dodecanenitrile,2437-25-4,https://pubchem.ncbi.nlm.nih.gov/compound/17092,1.9829,FALSE,,,,
2433,MySkinRecipes,"2,4-Decadienal (FEMA 3135) from MySkinRecipes","2,4-decadienal",2363-88-4,DATA_GAP_MANUAL_CHECK,"2,4-Decadienal",2363-88-4,https://pubchem.ncbi.nlm.nih.gov/compound/5283349,27.5331,FALSE,,,,
33761,MySkinRecipes,(E)-Dodec-2-Enal (FEMA 2402) from MySkinRecipes,,20407-84-5,DATA_GAP_MANUAL_CHECK,2-Dodecenal,20407-84-5,https://pubchem.ncbi.nlm.nih.gov/compound/5283361,5.1323,FALSE,,,,
32501,MySkinRecipes,3-Methylthio Propyl Isothiocyanate (FEMA 3312) from MySkinRecipes,3-methylthio propyl isothiocyanate,505-79-3,DATA_GAP_MANUAL_CHECK,3-Methylthiopropyl isothiocyanate,505-79-3,https://pubchem.ncbi.nlm.nih.gov/compound/62351,94.8929,FALSE,,,,
32353,MySkinRecipes,2-Methylbutyl Butyrate (FEMA 2934) from MySkinRecipes,2-methylbutyl butyrate,51115-64-1,DATA_GAP_MANUAL_CHECK,"Butanoic acid, 2-methylbutyl ester",51115-64-1,https://pubchem.ncbi.nlm.nih.gov/compound/162627,284.4323,FALSE,,,,
3764,MySkinRecipes,Dihydroterpinyl Acetate from MySkinRecipes,dihydroterpinyl acetate,58985-18-5,DATA_GAP_MANUAL_CHECK,,58985-18-5,,4.0660,FALSE,,,,
2886,MySkinRecipes,Musk Ambrette from MySkinRecipes,musk ambrette,83-66-9,VERIFIED,,83-66-9,https://pubchem.ncbi.nlm.nih.gov/compound/6753,1.5869,FALSE,,,,
2850,MySkinRecipes,Cedryl Acetate 50% from MySkinRecipes,cedryl acetate,77-54-3,VERIFIED_MATCH,Cedryl Acetate,77-54-3,https://pubchem.ncbi.nlm.nih.gov/compound/13918856,1.4983,TRUE,Cedryl Acetate from MySkinRecipes,,50.00,
2828,MySkinRecipes,Vanillin (FEMA 3107) from MySkinRecipes,vanillin,121-33-5,VERIFIED_MATCH,Vanillin,121-33-5,https://pubchem.ncbi.nlm.nih.gov/compound/1183,1.2760,FALSE,,,,
2792,MySkinRecipes,4-Ethyl Guaiacol (FEMA 2436) from MySkinRecipes,4-ethyl guaiacol,2785-89-9,DATA_GAP_MANUAL_CHECK,,2785-89-9,,5.4029,FALSE,,,,
2764,MySkinRecipes,"Rose Carboxylate, Givescone from MySkinRecipes","rose carboxylate, givescone",57934-97-1,VERIFIED,"Ethyl 2-ethyl-6,6-dimethylcyclohex-2-ene-1-carboxylate",57934-97-1,https://pubchem.ncbi.nlm.nih.gov/compound/93847,7.6971,FALSE,,,,
2748,MySkinRecipes,2-Acetyl Furan from MySkinRecipes,2-acetyl furan,1192-62-7,DATA_GAP_MANUAL_CHECK,2-Acetylfuran,1192-62-7,https://pubchem.ncbi.nlm.nih.gov/compound/14505,6.5146,FALSE,,,,
2714,MySkinRecipes,Muguet Aldehyde 50% from MySkinRecipes,muguet aldehyde,7492-67-3,DATA_GAP_MANUAL_CHECK,,7492-67-3,https://pubchem.ncbi.nlm.nih.gov/compound/61401,13.3477,TRUE,Muguet Aldehyde from MySkinRecipes,,50.00,
2693,MySkinRecipes,Dimethyl Benzyl Carbinyl Acetate (FEMA 2392) from MySkinRecipes,dimethyl benzyl carbinyl acetate,151-05-3,DATA_GAP_MANUAL_CHECK,,151-05-3,https://pubchem.ncbi.nlm.nih.gov/compound/9024,1.3646,FALSE,,,,
2672,MySkinRecipes,Benzyl Isobutyrate (FEMA 2141) from MySkinRecipes,benzyl isobutyrate,,VERIFIED,Benzyl isobutyrate,,https://pubchem.ncbi.nlm.nih.gov/compound/7646,5.1266,FALSE,,,,
2609,MySkinRecipes,Hexyl Butyrate (FEMA-2568) from MySkinRecipes,hexyl butyrate,2639-63-6,DATA_GAP_MANUAL_CHECK,Hexyl butyrate,2639-63-6,https://pubchem.ncbi.nlm.nih.gov/compound/17525,1.4214,FALSE,,,,
2559,MySkinRecipes,Alpha Damascone (FEMA 3659) from MySkinRecipes,alpha damascone,24720-09-0,DATA_GAP_MANUAL_CHECK,"(E)-1-(2,6,6-trimethylcyclohex-2-en-1-yl)but-2-en-1-one",24720-09-0,https://pubchem.ncbi.nlm.nih.gov/compound/5366077,6.8423,FALSE,,,,
2512,MySkinRecipes,Acetyl Propionyl (FEMA 2841) from MySkinRecipes,acetyl propionyl,600-14-6,DATA_GAP_MANUAL_CHECK,"2,3-Pentanedione",600-14-6,https://pubchem.ncbi.nlm.nih.gov/compound/11747,2.4960,FALSE,,,,
2490,MySkinRecipes,Alpha-methylene Citronellal from MySkinRecipes,alpha-methylene citronellal,22418-66-2,DATA_GAP_MANUAL_CHECK,"3,7-Dimethyl-2-methylene-6-octenal, (+-)-",22418-66-2,https://pubchem.ncbi.nlm.nih.gov/compound/90776,2.8834,FALSE,,,,
2477,MySkinRecipes,Methyl Salicylate from MySkinRecipes,methyl salicylate,119-36-8,VERIFIED_MATCH,Methyl Salicylate,119-36-8,https://pubchem.ncbi.nlm.nih.gov/compound/4133,1.0000,FALSE,,,,
2434,MySkinRecipes,Decanoic Acid c10-Capric Acid (FEMA 2364) from MySkinRecipes,decanoic acid c10-capric acid,334-48-5,DATA_GAP_MANUAL_CHECK,Decanoic Acid,334-48-5,https://pubchem.ncbi.nlm.nih.gov/compound/2969,1.4129,FALSE,,,,
253576,MySkinRecipes,Carveol (FEMA 2247) from MySkinRecipes,carveol,99-48-9,DATA_GAP_MANUAL_CHECK,Carveol,99-48-9,https://pubchem.ncbi.nlm.nih.gov/compound/7438,13.9060,FALSE,,,,
32356,MySkinRecipes,Benzyl Butyrate (FEMA 2140) from MySkinRecipes,benzyl butyrate,103-37-7,DATA_GAP_MANUAL_CHECK,Benzyl butyrate,103-37-7,https://pubchem.ncbi.nlm.nih.gov/compound/7650,3.6929,FALSE,,,,
5814,MySkinRecipes,Honeysuckle Oil from MySkinRecipes,honeysuckle oil,,NATURAL_MIXTURE,,,,7.6971,FALSE,,,,
3765,MySkinRecipes,3-Octanol (FEMA 3581) from MySkinRecipes,3-octanol,589-98-0,DATA_GAP_MANUAL_CHECK,3-Octanol,589-98-0,https://pubchem.ncbi.nlm.nih.gov/compound/11527,1.3600,FALSE,,,,
3551,MySkinRecipes,Pine Hexanol (Verdol) from MySkinRecipes,pine hexanol,13491-79-7,DATA_GAP_MANUAL_CHECK,2-tert-Butylcyclohexanol,13491-79-7,https://pubchem.ncbi.nlm.nih.gov/compound/26068,1.6166,FALSE,,,,
2887,MySkinRecipes,2-Acetylpyrrole from MySkinRecipes,2-acetylpyrrole,1072-83-9,DATA_GAP_MANUAL_CHECK,2-Acetylpyrrole,1072-83-9,https://pubchem.ncbi.nlm.nih.gov/compound/14079,11.6303,FALSE,,,,
2851,MySkinRecipes,Beta Caryophyllene (FEMA 2252) from MySkinRecipes,beta caryophyllene,87-44-5,DATA_GAP_MANUAL_CHECK,(-)-Caryophyllene,87-44-5,https://pubchem.ncbi.nlm.nih.gov/compound/5281515,1.4129,FALSE,,,,
2829,MySkinRecipes,Isobutyl Phenyl Acetate from MySkinRecipes,isobutyl phenyl acetate,102-13-6,DATA_GAP_MANUAL_CHECK,Isobutyl phenylacetate,102-13-6,https://pubchem.ncbi.nlm.nih.gov/compound/60998,1.5611,FALSE,,,,
2793,MySkinRecipes,Para Anisaldehyde (FEMA 2670) from MySkinRecipes,para anisaldehyde,123-11-5,DATA_GAP_MANUAL_CHECK,4-Methoxybenzaldehyde,123-11-5,https://pubchem.ncbi.nlm.nih.gov/compound/31244,1.3446,FALSE,,,,
2765,MySkinRecipes,Phenethyl Alcohol Phenyl Ethyl Alcohol (FEMA 2858) from MySkinRecipes,phenethyl alcohol phenyl ethyl alcohol,60-12-8,DATA_GAP_MANUAL_CHECK,2-Phenylethanol,60-12-8,https://pubchem.ncbi.nlm.nih.gov/compound/6054,1.2220,FALSE,,,,
2749,MySkinRecipes,Benzyl Salicylate from MySkinRecipes,benzyl salicylate,118-58-1,VERIFIED_MATCH,Benzyl Salicylate,118-58-1,https://pubchem.ncbi.nlm.nih.gov/compound/8363,1.1563,FALSE,,,,
2715,MySkinRecipes,Myrmac Aldehyde Precyclemone B Myrcenal from MySkinRecipes,myrmac aldehyde precyclemone b myrcenal,52474-60-9,DATA_GAP_MANUAL_CHECK,Precyclemone B,52474-60-9,https://pubchem.ncbi.nlm.nih.gov/compound/103648,1.7663,FALSE,,,,
2694,MySkinRecipes,Alpha Terpinyl Acetate (FEMA 3047) from MySkinRecipes,alpha terpinyl acetate,80-26-2,DATA_GAP_MANUAL_CHECK,alpha-Terpinyl acetate,80-26-2,https://pubchem.ncbi.nlm.nih.gov/compound/111037,1.3074,FALSE,,,,
2673,MySkinRecipes,Jasmin Cyclopentanone Jasmatone from MySkinRecipes,jasmin cyclopentanone jasmatone,,VERIFIED,2-Hexylcyclopentanone,,https://pubchem.ncbi.nlm.nih.gov/compound/114454,18.4626,FALSE,,,,
2610,MySkinRecipes,cis-3-Hexenyl Salicylate from MySkinRecipes,cis-3-hexenyl salicylate,65405-77-8,DATA_GAP_MANUAL_CHECK,cis-3-Hexenyl salicylate,65405-77-8,https://pubchem.ncbi.nlm.nih.gov/compound/6021887,4.7560,FALSE,,,,
2560,MySkinRecipes,Hexyl Propionate (FEMA 2576) from MySkinRecipes,hexyl propionate,2445-76-3,DATA_GAP_MANUAL_CHECK,Hexyl propionate,2445-76-3,https://pubchem.ncbi.nlm.nih.gov/compound/88454,0.1855,FALSE,,,,
2513,MySkinRecipes,Acetoin (FEMA 2008) from MySkinRecipes,acetoin,513-86-0,VERIFIED_MATCH,Acetoin,513-86-0,https://pubchem.ncbi.nlm.nih.gov/compound/179,1.6951,FALSE,,,,
2491,MySkinRecipes,Nerol (FEMA 2770) from MySkinRecipes,nerol,106-25-2,VERIFIED_MATCH,Nerol,106-25-2,https://pubchem.ncbi.nlm.nih.gov/compound/643820,1.7806,FALSE,,,,
2478,MySkinRecipes,Menthone (FEMA 2667) from MySkinRecipes,menthone,89-80-5,VERIFIED_MATCH,Menthone,89-80-5,https://pubchem.ncbi.nlm.nih.gov/compound/26447,1.9346,FALSE,,,,
2435,MySkinRecipes,Citrus Carbaldehyde from MySkinRecipes,citrus carbaldehyde,37677-14-8,DATA_GAP_MANUAL_CHECK,"3-Cyclohexene-1-carboxaldehyde, 4-(4-methyl-3-penten-1-yl)-",37677-14-8,https://pubchem.ncbi.nlm.nih.gov/compound/93199,1.4983,FALSE,,,,
32357,MySkinRecipes,Octyl Butyrate from MySkinRecipes,octyl butyrate,110-39-4,DATA_GAP_MANUAL_CHECK,Octyl butyrate,110-39-4,https://pubchem.ncbi.nlm.nih.gov/compound/61030,5.4029,FALSE,,,,
3583,MySkinRecipes,Violet Dienyne (Violettyne MIP) from MySkinRecipes,violet dienyne,166432-52-6,DATA_GAP_MANUAL_CHECK,"(3E)-undeca-1,3-dien-5-yne",166432-52-6,https://pubchem.ncbi.nlm.nih.gov/compound/6433089,3.4080,FALSE,,,,
3557,MySkinRecipes,Fenchyl Acetate from MySkinRecipes,fenchyl acetate,13851-11-1,DATA_GAP_MANUAL_CHECK,"1,3,3-Trimethyl-2-norbornanyl acetate",13851-11-1,https://pubchem.ncbi.nlm.nih.gov/compound/107217,1.4700,FALSE,,,,
3483,MySkinRecipes,Para Cresyl Isobutyrate (FEMA 3075) from MySkinRecipes,para cresyl isobutyrate,103-93-5,DATA_GAP_MANUAL_CHECK,p-TOLYL ISOBUTYRATE,103-93-5,https://pubchem.ncbi.nlm.nih.gov/compound/7685,428.0000,FALSE,,,,
2888,MySkinRecipes,Exaltolide Pentadecanolide Exaltolide Total from MySkinRecipes,exaltolide pentadecanolide exaltolide total,106-02-5,DATA_GAP_MANUAL_CHECK,Pentadecalactone,106-02-5,https://pubchem.ncbi.nlm.nih.gov/compound/235414,2.5529,FALSE,,,,
2852,MySkinRecipes,Isolongifolene Ketone from MySkinRecipes,isolongifolene ketone,23787-90-8,DATA_GAP_MANUAL_CHECK,Isolongifolanone,23787-90-8,https://pubchem.ncbi.nlm.nih.gov/compound/21116680,1.2134,FALSE,,,,
2830,MySkinRecipes,Dihydrocoumarin (FEMA 2381) from MySkinRecipes,dihydrocoumarin,119-84-6,DATA_GAP_MANUAL_CHECK,Dihydrocoumarin,119-84-6,https://pubchem.ncbi.nlm.nih.gov/compound/660,1.4729,FALSE,,,,
2817,MySkinRecipes,Skatole (FEMA 3019) from MySkinRecipes,skatole,83-34-1,VERIFIED_MATCH,Skatole,83-34-1,https://pubchem.ncbi.nlm.nih.gov/compound/6736,167.8609,FALSE,,,,
2794,MySkinRecipes,Estragole (FEMA 2157) from MySkinRecipes,estragole,140-67-0,DATA_GAP_MANUAL_CHECK,Estragole,140-67-0,https://pubchem.ncbi.nlm.nih.gov/compound/8815,2.8294,FALSE,,,,
2766,MySkinRecipes,Butyric Acid (FEMA 2221) from MySkinRecipes,butyric acid,107-92-6,DATA_GAP_MANUAL_CHECK,Butyric Acid,107-92-6,https://pubchem.ncbi.nlm.nih.gov/compound/264,1.0140,FALSE,,,,
2750,MySkinRecipes,Cinnamyl Alcohol (FEMA 2294) from MySkinRecipes,cinnamyl alcohol,104-54-1,DATA_GAP_MANUAL_CHECK,Cinnamyl Alcohol,104-54-1,https://pubchem.ncbi.nlm.nih.gov/compound/5315892,1.2214,FALSE,,,,
2716,MySkinRecipes,Cyclamen Homoaldehyde Silvial from MySkinRecipes,cyclamen homoaldehyde silvial,6658-48-6,DATA_GAP_MANUAL_CHECK,3-(p-Cumenyl)-2-methylpropionaldehyde,6658-48-6,https://pubchem.ncbi.nlm.nih.gov/compound/110914,2.9803,FALSE,,,,
2695,MySkinRecipes,Linalool Oxide (FEMA 3746) from MySkinRecipes,linalool oxide,1365-19-1,DATA_GAP_MANUAL_CHECK,"Linalool, oxide",1365-19-1,https://pubchem.ncbi.nlm.nih.gov/compound/22310,2.2963,FALSE,,,,
2674,MySkinRecipes,Freesia Acetate from MySkinRecipes,freesia acetate,,VERIFIED,,,,13.3477,FALSE,,,,
2611,MySkinRecipes,Hexanal Aldehyde C-6 (FEMA 2557) from MySkinRecipes,hexanal aldehyde c-6,66-25-1,DATA_GAP_MANUAL_CHECK,Hexanal,66-25-1,https://pubchem.ncbi.nlm.nih.gov/compound/6184,1.6009,FALSE,,,,
2561,MySkinRecipes,Isoamyl Hexanoate from MySkinRecipes,isoamyl hexanoate,2198-61-0,DATA_GAP_MANUAL_CHECK,Isoamyl hexanoate,2198-61-0,https://pubchem.ncbi.nlm.nih.gov/compound/16617,1.2931,FALSE,,,,
2492,MySkinRecipes,2-Methyl Decanal from MySkinRecipes,2-methyl decanal,19009-56-4,DATA_GAP_MANUAL_CHECK,2-Methyldecanal,19009-56-4,https://pubchem.ncbi.nlm.nih.gov/compound/29381,3.5451,FALSE,,,,
2437,MySkinRecipes,Isovaleraldehyde (FEMA 2692) from MySkinRecipes,isovaleraldehyde,590-86-3,DATA_GAP_MANUAL_CHECK,3-Methylbutanal,590-86-3,https://pubchem.ncbi.nlm.nih.gov/compound/11552,1.6694,FALSE,,,,
33733,MySkinRecipes,Violet Nitrile Vionil from MySkinRecipes,violet nitrile vionil,67019-89-0,DATA_GAP_MANUAL_CHECK,"2,6-Nonadienenitrile",67019-89-0,https://pubchem.ncbi.nlm.nih.gov/compound/105392,11.5446,FALSE,,,,
31027,MySkinRecipes,3-Methylcrotonic Acid (FEMA 3187) from MySkinRecipes,3-methylcrotonic acid,541-47-9,DATA_GAP_MANUAL_CHECK,3-Methyl-2-butenoic acid,541-47-9,https://pubchem.ncbi.nlm.nih.gov/compound/10931,10.6554,FALSE,,,,
4021,MySkinRecipes,Alpha Terpinene from MySkinRecipes,alpha terpinene,99-86-5,VERIFIED,,99-86-5,,1.0000,FALSE,,,,
2853,MySkinRecipes,Cedrol Methyl Ether from MySkinRecipes,cedrol methyl ether,19870-74-7,VERIFIED,,19870-74-7,,1.9346,FALSE,,,,
2831,MySkinRecipes,Isoamyl Phenyl Acetate from MySkinRecipes,isoamyl phenyl acetate,102-19-2,VERIFIED_MATCH,Isoamyl phenylacetate,102-19-2,https://pubchem.ncbi.nlm.nih.gov/compound/7600,1.7066,FALSE,,,,
2818,MySkinRecipes,Skatole 1% in DPG from MySkinRecipes,skatole,83-34-1,VERIFIED_MATCH,Skatole,83-34-1,https://pubchem.ncbi.nlm.nih.gov/compound/6736,2.2451,TRUE,Skatole from MySkinRecipes,Dipropylene Glycol (DPG) from MySkinRecipes,1.00,
2795,MySkinRecipes,Alpha-methyl Cinnamaldehyde from MySkinRecipes,alpha-methyl cinnamaldehyde,101-39-3,DATA_GAP_MANUAL_CHECK,alpha-METHYLCINNAMALDEHYDE,101-39-3,https://pubchem.ncbi.nlm.nih.gov/compound/5372813,1.2571,FALSE,,,,
2767,MySkinRecipes,Geraniol-98 (FEMA 2507) from MySkinRecipes,geraniol-98,106-24-1,DATA_GAP_MANUAL_CHECK,Geraniol,106-24-1,https://pubchem.ncbi.nlm.nih.gov/compound/637566,1.6780,FALSE,,,,
2751,MySkinRecipes,Ethyl Cinnamate (FEMA 2430) from MySkinRecipes,ethyl cinnamate,103-36-6,DATA_GAP_MANUAL_CHECK,Ethyl Cinnamate,103-36-6,https://pubchem.ncbi.nlm.nih.gov/compound/637758,1.2163,FALSE,,,,
2717,MySkinRecipes,Muguet Butanol (Muguesia) from MySkinRecipes,muguet butanol,56836-93-2,DATA_GAP_MANUAL_CHECK,"Benzenepropanol, alpha,beta-dimethyl-",56836-93-2,https://pubchem.ncbi.nlm.nih.gov/compound/92543,10.7906,FALSE,,,,
2696,MySkinRecipes,Freesia Heptanol from MySkinRecipes,freesia heptanol,13254-34-7,VERIFIED,,13254-34-7,,1.6923,FALSE,,,,
2612,MySkinRecipes,Trans-2-Hexenal (FEMA 2560) from MySkinRecipes,trans-2-hexenal,6728-26-3,DATA_GAP_MANUAL_CHECK,trans-2-Hexenal,6728-26-3,https://pubchem.ncbi.nlm.nih.gov/compound/5281168,2.1254,FALSE,,,,
2562,MySkinRecipes,Amyl Valerate from MySkinRecipes,amyl valerate,2173-56-0,VERIFIED_MATCH,Pentyl valerate,2173-56-0,https://pubchem.ncbi.nlm.nih.gov/compound/62433,1.4129,FALSE,,,,
2530,MySkinRecipes,Furfural (FEMA 2489) from MySkinRecipes,furfural,98-01-1,DATA_GAP_MANUAL_CHECK,Furfural,98-01-1,https://pubchem.ncbi.nlm.nih.gov/compound/7362,1.5554,FALSE,,,,
2514,MySkinRecipes,Diacetyl from MySkinRecipes,diacetyl,431-03-8,VERIFIED_MATCH,Butanedione,431-03-8,https://pubchem.ncbi.nlm.nih.gov/compound/650,1.2931,FALSE,,,,
2493,MySkinRecipes,Dihydromyrcenol from MySkinRecipes,dihydromyrcenol,18479-58-8,VERIFIED_MATCH,Dihydromyrcenol,18479-58-8,https://pubchem.ncbi.nlm.nih.gov/compound/29096,1.4129,FALSE,,,,
2480,MySkinRecipes,Borneol พิมเสน from MySkinRecipes,borneol,507-70-0,VERIFIED_MATCH,Borneol,507-70-0,https://pubchem.ncbi.nlm.nih.gov/compound/64685,0.0034,FALSE,,,,
2438,MySkinRecipes,Ethyl Palmitate (FEMA 2451) from MySkinRecipes,ethyl palmitate,628-97-7,DATA_GAP_MANUAL_CHECK,Ethyl palmitate,628-97-7,https://pubchem.ncbi.nlm.nih.gov/compound/12366,1.1137,FALSE,,,,
32360,MySkinRecipes,Octyl Butyrate from MySkinRecipes,octyl butyrate,110-39-4,DATA_GAP_MANUAL_CHECK,Octyl butyrate,110-39-4,https://pubchem.ncbi.nlm.nih.gov/compound/61030,3.6929,FALSE,,,,
3721,MySkinRecipes,Carvacrol from MySkinRecipes,carvacrol,499-75-2,DATA_GAP_MANUAL_CHECK,Carvacrol,499-75-2,https://pubchem.ncbi.nlm.nih.gov/compound/10364,9.6780,FALSE,,,,
3432,MySkinRecipes,Leather Cyclohexanol from MySkinRecipes,leather cyclohexanol,4621-04-9,DATA_GAP_MANUAL_CHECK,4-Isopropylcyclohexanol,4621-04-9,https://pubchem.ncbi.nlm.nih.gov/compound/20739,9.3929,FALSE,,,,
2854,MySkinRecipes,Santol Pentenol from MySkinRecipes,santol pentenol,107898-54-4,VERIFIED,,107898-54-4,,4.5051,FALSE,,,,
2832,MySkinRecipes,Maltol (FEMA 2656) from MySkinRecipes,maltol,118-71-8,VERIFIED_MATCH,Maltol,118-71-8,https://pubchem.ncbi.nlm.nih.gov/compound/8369,1.1337,FALSE,,,,
2796,MySkinRecipes,Cinnamyl Acetate (FEMA 2293) from MySkinRecipes,cinnamyl acetate,103-54-8,VERIFIED_MATCH,Cinnamyl Acetate,103-54-8,https://pubchem.ncbi.nlm.nih.gov/compound/5282110,1.6009,FALSE,,,,
2768,MySkinRecipes,Citronellol-96-dl (FEMA 2309) from MySkinRecipes,citronellol-96-dl,106-22-9,DATA_GAP_MANUAL_CHECK,Citronellol,106-22-9,https://pubchem.ncbi.nlm.nih.gov/compound/8842,1.4983,FALSE,,,,
2752,MySkinRecipes,Phenethyl Cinnamate (FEMA 2863) from MySkinRecipes,phenethyl cinnamate,103-53-7,DATA_GAP_MANUAL_CHECK,Phenethyl Cinnamate,103-53-7,https://pubchem.ncbi.nlm.nih.gov/compound/5369459,1.5754,FALSE,,,,
2697,MySkinRecipes,Nopyl Acetate from MySkinRecipes,nopyl acetate,128-51-8,VERIFIED_MATCH,Nopyl acetate,128-51-8,https://pubchem.ncbi.nlm.nih.gov/compound/929336,0.3082,FALSE,,,,
2613,MySkinRecipes,Styralyl Acetate (FEMA-2684) from MySkinRecipes,styralyl acetate,93-92-5,VERIFIED_MATCH,1-Phenylethyl Acetate,93-92-5,https://pubchem.ncbi.nlm.nih.gov/compound/62341,1.2134,FALSE,,,,
2563,MySkinRecipes,Isoamyl Octanoate (FEMA 2080) from MySkinRecipes,isoamyl octanoate,2035-99-6,DATA_GAP_MANUAL_CHECK,3-Methylbutyl octanoate,2035-99-6,https://pubchem.ncbi.nlm.nih.gov/compound/16255,1.2931,FALSE,,,,
2531,MySkinRecipes,Methional (FEMA 2747) from MySkinRecipes,methional,3268-49-3,DATA_GAP_MANUAL_CHECK,Methional,3268-49-3,https://pubchem.ncbi.nlm.nih.gov/compound/18635,2.2680,FALSE,,,,
2515,MySkinRecipes,Butyl Lactate (FEMA 2205) from MySkinRecipes,butyl lactate,138-22-7,DATA_GAP_MANUAL_CHECK,Butyl Lactate,138-22-7,https://pubchem.ncbi.nlm.nih.gov/compound/8738,1.2420,FALSE,,,,
2494,MySkinRecipes,Dipentene (DL-Limonene) from MySkinRecipes,dipentene,138-86-3,DATA_GAP_MANUAL_CHECK,1-Methyl-4-Prop-1-En-2-Ylcyclohexene,138-86-3,https://pubchem.ncbi.nlm.nih.gov/compound/22311,1.2989,FALSE,,,,
2481,MySkinRecipes,Beta Homocyclocitral (FEMA 3474) from MySkinRecipes,beta homocyclocitral,,VERIFIED,,,,41.6663,FALSE,,,,
2439,MySkinRecipes,4-Decenal (FEMA 3264) from MySkinRecipes,4-decenal,65405-70-1,DATA_GAP_MANUAL_CHECK,trans-4-Decen-1-al,65405-70-1,https://pubchem.ncbi.nlm.nih.gov/compound/5702654,19.6671,FALSE,,,,
33768,MySkinRecipes,Cyclohexenyl pentanal from MySkinRecipes,cyclohexenyl pentanal,65405-84-7,DATA_GAP_MANUAL_CHECK,"Cyclohexenebutanal, alpha,2,2,6-tetramethyl-",65405-84-7,https://pubchem.ncbi.nlm.nih.gov/compound/103381,3086.5714,FALSE,,,,
32361,MySkinRecipes,Heptyl Butyrate from MySkinRecipes,heptyl butyrate,5870-93-9,DATA_GAP_MANUAL_CHECK,Heptyl butyrate,5870-93-9,https://pubchem.ncbi.nlm.nih.gov/compound/62592,3.6929,FALSE,,,,
9239,MySkinRecipes,Monomenthyl Succinate Menthyl Succinate (FEMA 3810) from MySkinRecipes,monomenthyl succinate menthyl succinate,77341-67-4,DATA_GAP_MANUAL_CHECK,"Monomenthyl succinate, (-)-",77341-67-4,https://pubchem.ncbi.nlm.nih.gov/compound/11219061,35.0571,FALSE,,,,
8015,MySkinRecipes,Dihydrojasmone Lactone Gamma Methyl Decalacton (FEMA 3786) from MySkinRecipes,dihydrojasmone lactone gamma methyl decalacton,7011-83-8,DATA_GAP_MANUAL_CHECK,Dihydrojasmone lactone,7011-83-8,https://pubchem.ncbi.nlm.nih.gov/compound/285097,1.8403,FALSE,,,,
3989,MySkinRecipes,Naphthalene from MySkinRecipes,naphthalene,91-20-3,DATA_GAP_MANUAL_CHECK,Naphthalene,91-20-3,https://pubchem.ncbi.nlm.nih.gov/compound/931,1.0000,FALSE,,,,
2891,MySkinRecipes,Celestolide from MySkinRecipes,celestolide,13171-00-1,VERIFIED_MATCH,Celestolide,13171-00-1,https://pubchem.ncbi.nlm.nih.gov/compound/61585,2.1300,FALSE,,,,
2855,MySkinRecipes,Santalol (FEMA 3006) from MySkinRecipes,santalol,11031-45-1,DATA_GAP_MANUAL_CHECK,Npc255072,11031-45-1,https://pubchem.ncbi.nlm.nih.gov/compound/5368798,1.9829,FALSE,,,,
2797,MySkinRecipes,Cinnamaldehyde from MySkinRecipes,cinnamaldehyde,104-55-2,DATA_GAP_MANUAL_CHECK,Cinnamaldehyde,104-55-2,https://pubchem.ncbi.nlm.nih.gov/compound/637511,1.2134,FALSE,,,,
2769,MySkinRecipes,Benzyl Phenyl Acetate from MySkinRecipes,benzyl phenyl acetate,102-16-9,DATA_GAP_MANUAL_CHECK,Benzyl phenylacetate,102-16-9,https://pubchem.ncbi.nlm.nih.gov/compound/60999,1.3703,FALSE,,,,
2753,MySkinRecipes,Benzyl Cinnamate (FEMA 2142) from MySkinRecipes,benzyl cinnamate,103-41-3,DATA_GAP_MANUAL_CHECK,Benzyl Cinnamate,103-41-3,https://pubchem.ncbi.nlm.nih.gov/compound/5273469,1.5960,FALSE,,,,
2698,MySkinRecipes,Linalyl Acetate (FEMA 2636) from MySkinRecipes,linalyl acetate,115-95-7,DATA_GAP_MANUAL_CHECK,Linalyl Acetate,115-95-7,https://pubchem.ncbi.nlm.nih.gov/compound/8294,1.2743,FALSE,,,,
2614,MySkinRecipes,cis-3-Hexen-1-ol (Leaf Alcohol) from MySkinRecipes,cis-3-hexen-1-ol,928-96-1,DATA_GAP_MANUAL_CHECK,3-Hexenol,928-96-1,https://pubchem.ncbi.nlm.nih.gov/compound/5281167,3.1229,FALSE,,,,
2564,MySkinRecipes,Tropical Thiazole from MySkinRecipes,tropical thiazole,15679-13-7,DATA_GAP_MANUAL_CHECK,2-Isopropyl-4-methylthiazole,15679-13-7,https://pubchem.ncbi.nlm.nih.gov/compound/61808,9.3217,FALSE,,,,
2532,MySkinRecipes,Fish Thiol-2-Methyl-3-Furanthiol (FEMA 3188) from MySkinRecipes,fish thiol-2-methyl-3-furanthiol,28588-74-1,DATA_GAP_MANUAL_CHECK,2-Methyl-3-furanthiol,28588-74-1,https://pubchem.ncbi.nlm.nih.gov/compound/34286,11.6303,FALSE,,,,
2516,MySkinRecipes,Gamma-Nonalactone (C-18) from MySkinRecipes,gamma-nonalactone,104-61-0,DATA_GAP_MANUAL_CHECK,Gamma-Nonalactone,104-61-0,https://pubchem.ncbi.nlm.nih.gov/compound/7710,1.3957,FALSE,,,,
2495,MySkinRecipes,Methyl Heptenone (FEMA 2707) from MySkinRecipes,methyl heptenone,110-93-0,DATA_GAP_MANUAL_CHECK,6-Methyl-5-hepten-2-one,110-93-0,https://pubchem.ncbi.nlm.nih.gov/compound/9862,1.3651,FALSE,,,,
33730,MySkinRecipes,2-Methyl-5-Prop-1-En-2-Ylcyclohexan-1-ol (FEMA 2379) from MySkinRecipes,2-methyl-5-prop-1-en-2-ylcyclohexan-1-ol,619-01-2,DATA_GAP_MANUAL_CHECK,2-Methyl-5-(1-methylethenyl)cyclohexanol,619-01-2,https://pubchem.ncbi.nlm.nih.gov/compound/12072,4.3200,FALSE,,,,
32362,MySkinRecipes,Methyl Isobutyrate (FEMA 2694) from MySkinRecipes,methyl isobutyrate,547-63-7,DATA_GAP_MANUAL_CHECK,Methyl isobutyrate,547-63-7,https://pubchem.ncbi.nlm.nih.gov/compound/11039,3.6929,FALSE,,,,
3885,MySkinRecipes,Cuminyl Acetaldehyde from MySkinRecipes,cuminyl acetaldehyde,7775-00-0,DATA_GAP_MANUAL_CHECK,Cuminyl acetaldehyde,7775-00-0,https://pubchem.ncbi.nlm.nih.gov/compound/62654,4.0660,FALSE,,,,
3688,MySkinRecipes,Jasmin Pyranol (Jessemal) from MySkinRecipes,jasmin pyranol,38285-49-3,DATA_GAP_MANUAL_CHECK,5-Methyl-3-butyltetrahydropyran-4-yl acetate,38285-49-3,https://pubchem.ncbi.nlm.nih.gov/compound/161960,1.8946,FALSE,,,,
2892,MySkinRecipes,Cosmone from MySkinRecipes,cosmone,10461-98-0,VERIFIED,"5-Cyclotetradecen-1-one, 3-methyl-, (5E)-",10461-98-0,https://pubchem.ncbi.nlm.nih.gov/compound/66823518,26.4929,FALSE,,,,
2856,MySkinRecipes,Patchouli Hexanol (Patchone) from MySkinRecipes,patchouli hexanol,98-52-2,DATA_GAP_MANUAL_CHECK,4-tert-Butylcyclohexanol,98-52-2,https://pubchem.ncbi.nlm.nih.gov/compound/7391,1.3446,FALSE,,,,
2834,MySkinRecipes,Shoyu Furanone 20% in PG from MySkinRecipes,shoyu furanone,27538-09-6,DATA_GAP_MANUAL_CHECK,5-Ethyl-4-hydroxy-2-methyl-3(2H)-furanone,27538-09-6,https://pubchem.ncbi.nlm.nih.gov/compound/93111,26.5457,TRUE,Shoyu Furanone from MySkinRecipes,Propylene Glycol (PG) from MySkinRecipes,20.00,
2798,MySkinRecipes,Benzyl Isoeugenol from MySkinRecipes,benzyl isoeugenol,120-11-6,VERIFIED_MATCH,Benzyl isoeugenol,120-11-6,https://pubchem.ncbi.nlm.nih.gov/compound/61046,3.8837,FALSE,,,,
2770,MySkinRecipes,Phenethyl Phenyl Acetate from MySkinRecipes,phenethyl phenyl acetate,102-20-5,DATA_GAP_MANUAL_CHECK,Phenethyl phenylacetate,102-20-5,https://pubchem.ncbi.nlm.nih.gov/compound/7601,1.3446,FALSE,,,,
2754,MySkinRecipes,Phenethyl Benzoate from MySkinRecipes,phenethyl benzoate,94-47-3,DATA_GAP_MANUAL_CHECK,Phenethyl Benzoate,94-47-3,https://pubchem.ncbi.nlm.nih.gov/compound/7194,1.6980,FALSE,,,,
2699,MySkinRecipes,Dimethyl Benzyl Carbinyl Butyrate Dmbcb (FEMA 2394) from MySkinRecipes,dimethyl benzyl carbinyl butyrate dmbcb,10094-34-5,DATA_GAP_MANUAL_CHECK,"1,1-Dimethyl-2-phenylethyl butyrate",10094-34-5,https://pubchem.ncbi.nlm.nih.gov/compound/24915,1.4883,FALSE,,,,
2565,MySkinRecipes,Hexyl Acetate (FEMA 2565) from MySkinRecipes,hexyl acetate,142-92-7,VERIFIED_MATCH,Hexyl acetate,142-92-7,https://pubchem.ncbi.nlm.nih.gov/compound/8908,1.3074,FALSE,,,,
2533,MySkinRecipes,2-Acetylpyrazine from MySkinRecipes,2-acetylpyrazine,22047-25-2,DATA_GAP_MANUAL_CHECK,Acetylpyrazine,22047-25-2,https://pubchem.ncbi.nlm.nih.gov/compound/30914,9.3929,FALSE,,,,
2517,MySkinRecipes,Octahydrocoumarin Bicyclonona Lactone (FEMA 3791) from MySkinRecipes,octahydrocoumarin bicyclonona lactone,4430-31-3,VERIFIED_MATCH,Octahydrocoumarin,4430-31-3,https://pubchem.ncbi.nlm.nih.gov/compound/20487,8.5523,FALSE,,,,
2496,MySkinRecipes,Dimethyl Octenone from MySkinRecipes,dimethyl octenone,2550-11-0,VERIFIED,Dimethyl octenone,2550-11-0,https://pubchem.ncbi.nlm.nih.gov/compound/86144131,12.2429,FALSE,,,,
2441,MySkinRecipes,Octanal Aldehyde C-8 from MySkinRecipes,octanal aldehyde c-8,124-13-0,DATA_GAP_MANUAL_CHECK,Octanal,124-13-0,https://pubchem.ncbi.nlm.nih.gov/compound/454,1.3274,FALSE,,,,
33767,MySkinRecipes,2-266-Trimethyl-1-Cyclohexenylacetaldehyde (FEMA 3474) from MySkinRecipes,2-266-trimethyl-1-cyclohexenylacetaldehyde,472-66-2,DATA_GAP_MANUAL_CHECK,beta-HOMOCYCLOCITRAL,472-66-2,https://pubchem.ncbi.nlm.nih.gov/compound/61124,9.4071,FALSE,,,,
32363,MySkinRecipes,Propyl Isobutyrate (FEMA 2936) from MySkinRecipes,propyl isobutyrate,644-49-5,DATA_GAP_MANUAL_CHECK,Propyl isobutyrate,644-49-5,https://pubchem.ncbi.nlm.nih.gov/compound/12571,3.6929,FALSE,,,,
8021,MySkinRecipes,Benzyl Butyrate (FEMA 2140) from MySkinRecipes,benzyl butyrate,103-37-7,DATA_GAP_MANUAL_CHECK,Benzyl butyrate,103-37-7,https://pubchem.ncbi.nlm.nih.gov/compound/7650,1.1780,FALSE,,,,
3560,MySkinRecipes,Amber Butanol (Ambercore) from MySkinRecipes,amber butanol,139504-68-0,DATA_GAP_MANUAL_CHECK,2-tert-Butylcyclohexyloxybutanol,139504-68-0,https://pubchem.ncbi.nlm.nih.gov/compound/164422,1.0000,FALSE,,,,
2893,MySkinRecipes,Globanone from MySkinRecipes,globanone,37609-25-9,DATA_GAP_MANUAL_CHECK,5-Cyclohexadecen-1-one,37609-25-9,https://pubchem.ncbi.nlm.nih.gov/compound/162268,13.1383,FALSE,,,,
2857,MySkinRecipes,Woody Dioxolane Okoumal from MySkinRecipes,woody dioxolane okoumal,131812-67-4,DATA_GAP_MANUAL_CHECK,"1,3-Dioxolane, 2,4-dimethyl-2-(5,6,7,8-tetrahydro-5,5,8,8-tetramethyl-2-naphthalenyl)-",131812-67-4,https://pubchem.ncbi.nlm.nih.gov/compound/3034278,11.8866,FALSE,,,,
2799,MySkinRecipes,Isobutyl Salicylate from MySkinRecipes,isobutyl salicylate,87-19-4,VERIFIED_MATCH,Isobutyl salicylate,87-19-4,https://pubchem.ncbi.nlm.nih.gov/compound/6873,8.7077,FALSE,,,,
2771,MySkinRecipes,Phenethyl Acetate (FEMA 2857) from MySkinRecipes,phenethyl acetate,103-45-7,DATA_GAP_MANUAL_CHECK,2-Phenylethyl Acetate,103-45-7,https://pubchem.ncbi.nlm.nih.gov/compound/7654,1.2420,FALSE,,,,
2700,MySkinRecipes,Ethyl Linalool from MySkinRecipes,ethyl linalool,10339-55-6,VERIFIED_MATCH,Ethyl linalool,10339-55-6,https://pubchem.ncbi.nlm.nih.gov/compound/6433547,1.6409,FALSE,,,,
2616,MySkinRecipes,Trans-2-Hexenol (FEMA 2562) from MySkinRecipes,trans-2-hexenol,928-95-0,DATA_GAP_MANUAL_CHECK,2-Hexen-1-ol,928-95-0,https://pubchem.ncbi.nlm.nih.gov/compound/5318042,4.3454,FALSE,,,,
2566,MySkinRecipes,Allyl Heptanoate (FEMA 2031) from MySkinRecipes,allyl heptanoate,142-19-8,DATA_GAP_MANUAL_CHECK,Allyl Heptanoate,142-19-8,https://pubchem.ncbi.nlm.nih.gov/compound/8878,1.1137,FALSE,,,,
2534,MySkinRecipes,Shoyu Pyrazine from MySkinRecipes,shoyu pyrazine,15707-24-1,DATA_GAP_MANUAL_CHECK,"2,3-Diethylpyrazine",15707-24-1,https://pubchem.ncbi.nlm.nih.gov/compound/27458,734.2571,FALSE,,,,
2497,MySkinRecipes,Homogeranyl Nitrile (Lemonile) from MySkinRecipes,homogeranyl nitrile,61792-11-8,DATA_GAP_MANUAL_CHECK,"3,7-Dimethyl-2,6-nonadienenitrile",61792-11-8,https://pubchem.ncbi.nlm.nih.gov/compound/112446,1.8197,FALSE,,,,
125625,MySkinRecipes,Menthol Crystal Low Bitter ไม่ขม from MySkinRecipes,menthol crystal low bitter,,VERIFIED,,,,1.0000,FALSE,,,,
32885,MySkinRecipes,Jessemal Jasmonyl (FEMA 2783) from MySkinRecipes,jessemal jasmonyl,1322-17-4,VERIFIED,5-Methyl-3-butyltetrahydropyran-4-yl acetate,1322-17-4,https://pubchem.ncbi.nlm.nih.gov/compound/161960,1.4883,FALSE,,,,
32364,MySkinRecipes,Butyl Isobutyrate (FEMA 2188) from MySkinRecipes,butyl isobutyrate,97-87-0,DATA_GAP_MANUAL_CHECK,Butyl isobutyrate,97-87-0,https://pubchem.ncbi.nlm.nih.gov/compound/7353,3.6929,FALSE,,,,
4001,MySkinRecipes,2-Isobutyl Quinoline from MySkinRecipes,2-isobutyl quinoline,93-19-6,DATA_GAP_MANUAL_CHECK,2-Isobutylquinoline,93-19-6,https://pubchem.ncbi.nlm.nih.gov/compound/7130,23.6429,FALSE,,,,
3845,MySkinRecipes,Muguet Carboxaldehyde from MySkinRecipes,muguet carboxaldehyde,68991-97-9,DATA_GAP_MANUAL_CHECK,"1,2,3,4,5,6,7,8-Octahydro-8,8-dimethyl-2-naphthaldehyde",68991-97-9,https://pubchem.ncbi.nlm.nih.gov/compound/112226,1.8974,FALSE,,,,
3440,MySkinRecipes,Methyl Hydrogenated Rosinate from MySkinRecipes,methyl hydrogenated rosinate,8050-15-5,VERIFIED,,8050-15-5,,1.6123,FALSE,,,,
2894,MySkinRecipes,Habanolide from MySkinRecipes,habanolide,3796-70-1,VERIFIED,"Oxacyclohexadecen-2-one, (12E)-",3796-70-1,https://pubchem.ncbi.nlm.nih.gov/compound/9856149,2.9803,FALSE,,,,
2858,MySkinRecipes,Camphene from MySkinRecipes,camphene,79-92-5,VERIFIED,Camphene,79-92-5,https://pubchem.ncbi.nlm.nih.gov/compound/6616,1.4729,FALSE,,,,
2800,MySkinRecipes,Methyl Diantilis from MySkinRecipes,methyl diantilis,5595-79-9,VERIFIED_MATCH,"Phenol, 2-ethoxy-4-(methoxymethyl)-",5595-79-9,https://pubchem.ncbi.nlm.nih.gov/compound/6453284,21.7191,FALSE,,,,
2772,MySkinRecipes,Phenethyl Isobutyrate (FEMA 2862) from MySkinRecipes,phenethyl isobutyrate,103-48-0,DATA_GAP_MANUAL_CHECK,Phenethyl isobutyrate,103-48-0,https://pubchem.ncbi.nlm.nih.gov/compound/7655,1.3446,FALSE,,,,
2701,MySkinRecipes,Ethyl Linalyl Acetate from MySkinRecipes,ethyl linalyl acetate,61931-80-4,VERIFIED_MATCH,"3,7-Dimethylnona-1,6-dien-3-yl acetate",61931-80-4,https://pubchem.ncbi.nlm.nih.gov/compound/43851,2.1397,FALSE,,,,
2567,MySkinRecipes,Raspberry Ketone (FEMA 2588) from MySkinRecipes,raspberry ketone,5471-51-2,VERIFIED_MATCH,4-(4'-Hydroxyphenyl)-2-butanone,5471-51-2,https://pubchem.ncbi.nlm.nih.gov/compound/21648,1.5754,FALSE,,,,
2535,MySkinRecipes,235-Trimethyl Pyrazine (FEMA 3244) from MySkinRecipes,235-trimethyl pyrazine,14667-55-1,DATA_GAP_MANUAL_CHECK,Trimethylpyrazine,14667-55-1,https://pubchem.ncbi.nlm.nih.gov/compound/26808,4.5480,FALSE,,,,
2519,MySkinRecipes,Methyl Laitone 10% from MySkinRecipes,methyl laitone,94201-19-1,DATA_GAP_MANUAL_CHECK,"1-Oxaspiro(4.5)decan-2-one, 8-methyl-",94201-19-1,https://pubchem.ncbi.nlm.nih.gov/compound/175596,3.7346,TRUE,Methyl Laitone from MySkinRecipes,,10.00,
2498,MySkinRecipes,Lime Oxide (Limetol) from MySkinRecipes,lime oxide,7392-19-0,FIXED_FROM_AUDIT,,7392-19-0,https://pubchem.ncbi.nlm.nih.gov/compound/522514,13.3477,FALSE,,,,
2443,MySkinRecipes,Octanoic Acid c8-Caprylic Acid (FEMA 2799) from MySkinRecipes,octanoic acid c8-caprylic acid,124-07-2,DATA_GAP_MANUAL_CHECK,Octanoic Acid,124-07-2,https://pubchem.ncbi.nlm.nih.gov/compound/379,1.1906,FALSE,,,,
32365,MySkinRecipes,Isobutyl Isobutyrate (FEMA 2189) from MySkinRecipes,isobutyl isobutyrate,97-85-8,DATA_GAP_MANUAL_CHECK,Isobutyl isobutyrate,97-85-8,https://pubchem.ncbi.nlm.nih.gov/compound/7351,3.6929,FALSE,,,,
3717,MySkinRecipes,2-Pentyl Cyclopentanone from MySkinRecipes,2-pentyl cyclopentanone,4819-67-4,DATA_GAP_MANUAL_CHECK,2-Pentylcyclopentan-1-one,4819-67-4,https://pubchem.ncbi.nlm.nih.gov/compound/20959,1.0000,FALSE,,,,
3667,MySkinRecipes,Delta Nonalactone (FEMA 3356) from MySkinRecipes,delta nonalactone,3301-94-8,VERIFIED,Nonalactone,3301-94-8,https://pubchem.ncbi.nlm.nih.gov/compound/138644,4.0660,FALSE,,,,
2895,MySkinRecipes,Helvetolide from MySkinRecipes,helvetolide,141773-73-1,VERIFIED_MATCH,"1-Propanol, 2-(1-(3,3-dimethylcyclohexyl)ethoxy)-2-methyl-, 1-propanoate",141773-73-1,https://pubchem.ncbi.nlm.nih.gov/compound/16063567,16.9597,FALSE,,,,
2859,MySkinRecipes,Dihydro Beta Ionone from MySkinRecipes,dihydro beta ionone,17283-81-7,VERIFIED,"4-(2,2,6-Trimethylcyclohexyl)-3-buten-2-one",17283-81-7,https://pubchem.ncbi.nlm.nih.gov/compound/6431122,0.2867,FALSE,,,,
2801,MySkinRecipes,Sassafras Acetate Toscanol from MySkinRecipes,sassafras acetate toscanol,16510-27-3,VERIFIED,,16510-27-3,,20.3203,FALSE,,,,
2773,MySkinRecipes,"Peony Acetonitrile, Peonile from MySkinRecipes","peony acetonitrile, peonile",10461-98-0,DATA_GAP_MANUAL_CHECK,Alpha-cyclohexylidene benzeneacetonitrile,10461-98-0,https://pubchem.ncbi.nlm.nih.gov/compound/66327,1.3843,FALSE,,,,
2702,MySkinRecipes,2-Octanone Methyl Hexyl Ketone (FEMA 2802) from MySkinRecipes,2-octanone methyl hexyl ketone,111-13-7,DATA_GAP_MANUAL_CHECK,2-Octanone,111-13-7,https://pubchem.ncbi.nlm.nih.gov/compound/8093,1.7066,FALSE,,,,
2618,MySkinRecipes,Galbanum Resinoid from MySkinRecipes,galbanum resinoid,9000-24-2,VERIFIED_MATCH,Ferula galbaniflua resin,9000-24-2,https://pubchem.ncbi.nlm.nih.gov/compound/131750174,2.7809,FALSE,,,,
2568,MySkinRecipes,Methyl Isovalerate from MySkinRecipes,methyl isovalerate,556-24-1,DATA_GAP_MANUAL_CHECK,Methyl isovalerate,556-24-1,https://pubchem.ncbi.nlm.nih.gov/compound/11160,1.6694,FALSE,,,,
2536,MySkinRecipes,"3,5-Cocoa Pyrazine from MySkinRecipes","3,5-cocoa pyrazine",13925-07-0,DATA_GAP_MANUAL_CHECK,"2-Ethyl-3,5-dimethylpyrazine",13925-07-0,https://pubchem.ncbi.nlm.nih.gov/compound/26334,20.6646,FALSE,,,,
2444,MySkinRecipes,Ethyl Nonanoate (FEMA 2447) from MySkinRecipes,ethyl nonanoate,123-29-5,DATA_GAP_MANUAL_CHECK,Ethyl Nonanoate,123-29-5,https://pubchem.ncbi.nlm.nih.gov/compound/31251,1.3843,FALSE,,,,
33720,MySkinRecipes,"Lily Propanol, Majantol from MySkinRecipes","lily propanol, majantol",103694-68-4,DATA_GAP_MANUAL_CHECK,Majantol,103694-68-4,https://pubchem.ncbi.nlm.nih.gov/compound/175948,2.1397,FALSE,,,,
32366,MySkinRecipes,2-Methylbutyl Isobutyrate from MySkinRecipes,2-methylbutyl isobutyrate,2445-69-4,DATA_GAP_MANUAL_CHECK,2-Methylbutyl isobutyrate,2445-69-4,https://pubchem.ncbi.nlm.nih.gov/compound/97883,20.7929,FALSE,,,,
3696,MySkinRecipes,Methyl Jasmonate (FEMA 3410) from MySkinRecipes,methyl jasmonate,39924-52-2,VERIFIED_MATCH,(-)-Methyl jasmonate,39924-52-2,https://pubchem.ncbi.nlm.nih.gov/compound/5281929,69.2429,FALSE,,,,
3496,MySkinRecipes,Gamma Heptalactone (FEMA 2539) from MySkinRecipes,gamma heptalactone,105-21-5,DATA_GAP_MANUAL_CHECK,gamma-Heptalactone,105-21-5,https://pubchem.ncbi.nlm.nih.gov/compound/7742,1.1951,FALSE,,,,
3447,MySkinRecipes,Beta Ocimene from MySkinRecipes,beta ocimene,13877-91-3,VERIFIED,,13877-91-3,,2.8094,FALSE,,,,
2860,MySkinRecipes,Orris Hexanone (Orivone) from MySkinRecipes,orris hexanone,16587-71-6,DATA_GAP_MANUAL_CHECK,4-tert-Pentylcyclohexanone,16587-71-6,https://pubchem.ncbi.nlm.nih.gov/compound/27941,2.9751,FALSE,,,,
2838,MySkinRecipes,Ethyl Vanillin (FEMA 2464) from MySkinRecipes,ethyl vanillin,121-32-4,VERIFIED_MATCH,Ethylvanillin,121-32-4,https://pubchem.ncbi.nlm.nih.gov/compound/8467,1.2703,FALSE,,,,
2802,MySkinRecipes,Valspice-4-Methyl Guaiacol (FEMA 2671) from MySkinRecipes,valspice-4-methyl guaiacol,93-51-6,DATA_GAP_MANUAL_CHECK,2-Methoxy-4-Methylphenol,93-51-6,https://pubchem.ncbi.nlm.nih.gov/compound/7144,3.6929,FALSE,,,,
2774,MySkinRecipes,Phenethyl Formate from MySkinRecipes,phenethyl formate,104-62-1,DATA_GAP_MANUAL_CHECK,2-Phenylethyl formate,104-62-1,https://pubchem.ncbi.nlm.nih.gov/compound/7711,1.3957,FALSE,,,,
2703,MySkinRecipes,Linalyl Propionate from MySkinRecipes,linalyl propionate,144-39-8,VERIFIED_MATCH,Linalyl propionate,144-39-8,https://pubchem.ncbi.nlm.nih.gov/compound/61098,9.3986,FALSE,,,,
2619,MySkinRecipes,Undecavertol (Violet Decenol) from MySkinRecipes,undecavertol,81782-77-6,VERIFIED_MATCH,4-Methyl-3-decen-5-ol,81782-77-6,https://pubchem.ncbi.nlm.nih.gov/compound/163336,1.9600,FALSE,,,,
2569,MySkinRecipes,Methyl Butyrate (FEMA 2693) from MySkinRecipes,methyl butyrate,623-42-7,DATA_GAP_MANUAL_CHECK,Methyl butyrate,623-42-7,https://pubchem.ncbi.nlm.nih.gov/compound/12180,1.2266,FALSE,,,,
2537,MySkinRecipes,Sulfurol (FEMA 3204) from MySkinRecipes,sulfurol,137-00-8,VERIFIED_MATCH,4-Methyl-5-(2-hydroxyethyl)thiazole,137-00-8,https://pubchem.ncbi.nlm.nih.gov/compound/1136,3.0089,FALSE,,,,
2500,MySkinRecipes,Mandarine Aldehyde 10% from MySkinRecipes,mandarine aldehyde,20407-84-5,DATA_GAP_MANUAL_CHECK,2-Dodecenal,20407-84-5,https://pubchem.ncbi.nlm.nih.gov/compound/5283361,17.9957,TRUE,Mandarine Aldehyde from MySkinRecipes,,10.00,
2445,MySkinRecipes,Para Anisyl Alcohol from MySkinRecipes,para anisyl alcohol,105-13-5,VERIFIED,,105-13-5,,1.4983,FALSE,,,,
33418,MySkinRecipes,Sulfurol-4-Methyl-5-Thiazoleethanol Bean Curd (FEMA 3204) from MySkinRecipes,sulfurol-4-methyl-5-thiazoleethanol bean curd,137-00-8,VERIFIED,,137-00-8,,3.0089,FALSE,,,,
32504,MySkinRecipes,5(6) Decenoic Acid (FEMA 3742) from MySkinRecipes,5,72881-27-7,DATA_GAP_MANUAL_CHECK,"4-Hydroxy-4-methyl decenoic acid gamma lactone, (7Z)-",72881-27-7,https://pubchem.ncbi.nlm.nih.gov/compound/11332852,3.6929,FALSE,,,,
32368,MySkinRecipes,Butyl 2-Methylbutyrate (FEMA 3393) from MySkinRecipes,butyl 2-methylbutyrate,15706-73-7,DATA_GAP_MANUAL_CHECK,Butyl 2-methyl butyrate,15706-73-7,https://pubchem.ncbi.nlm.nih.gov/compound/61812,3.6929,FALSE,,,,
4009,MySkinRecipes,Isoamyl Benzoate (FEMA 2058) from MySkinRecipes,isoamyl benzoate,94-46-2,DATA_GAP_MANUAL_CHECK,Isoamyl benzoate,94-46-2,https://pubchem.ncbi.nlm.nih.gov/compound/7193,1.0000,FALSE,,,,
2897,MySkinRecipes,iso-Muscone 50% in IPM from MySkinRecipes,iso-muscone,,VERIFIED,,,,5.1323,TRUE,iso-Muscone from MySkinRecipes,Isopropyl Myristate (IPM) from MySkinRecipes,50.00,
2803,MySkinRecipes,Bisabolene Jecfa-1336 (FEMA 3331) from MySkinRecipes,bisabolene jecfa-1336,495-62-5,DATA_GAP_MANUAL_CHECK,gamma-Bisabolene,495-62-5,https://pubchem.ncbi.nlm.nih.gov/compound/62346,7.1129,FALSE,,,,
2775,MySkinRecipes,Geranyl Formate (FEMA 2514) from MySkinRecipes,geranyl formate,105-86-2,DATA_GAP_MANUAL_CHECK,Geranyl formate,105-86-2,https://pubchem.ncbi.nlm.nih.gov/compound/5282109,1.6266,FALSE,,,,
2620,MySkinRecipes,Cyclogalbanate (Cyclogalbaniff) from MySkinRecipes,cyclogalbanate,68901-15-5,VERIFIED_MATCH,Allyl cyclohexyloxyacetate,68901-15-5,https://pubchem.ncbi.nlm.nih.gov/compound/111727,2.6526,FALSE,,,,
2570,MySkinRecipes,Ethyl Isobutyrate (FEMA 2428) from MySkinRecipes,ethyl isobutyrate,97-62-1,DATA_GAP_MANUAL_CHECK,Ethyl isobutyrate,97-62-1,https://pubchem.ncbi.nlm.nih.gov/compound/7342,1.8689,FALSE,,,,
2501,MySkinRecipes,Pamplefleur from MySkinRecipes,pamplefleur,92585-24-5,DATA_GAP_MANUAL_CHECK,2-Methyl-4-phenyl-1-pentanol,92585-24-5,https://pubchem.ncbi.nlm.nih.gov/compound/3021997,12.6014,FALSE,,,,
2446,MySkinRecipes,Ethyl Octanoate (FEMA 2449) from MySkinRecipes,ethyl octanoate,106-32-1,DATA_GAP_MANUAL_CHECK,Ethyl octanoate,106-32-1,https://pubchem.ncbi.nlm.nih.gov/compound/7799,1.1337,FALSE,,,,
252973,MySkinRecipes,L-Ambregrisox from MySkinRecipes,l-ambregrisox,6790-58-5,DATA_GAP_MANUAL_CHECK,(-)-Ambroxide,6790-58-5,https://pubchem.ncbi.nlm.nih.gov/compound/10857465,84.2894,FALSE,,,,
32370,MySkinRecipes,Isoamyl 2-Methylbutyrate (FEMA 3505) from MySkinRecipes,isoamyl 2-methylbutyrate,27625-35-0,DATA_GAP_MANUAL_CHECK,Isoamyl 2-methylbutyrate,27625-35-0,https://pubchem.ncbi.nlm.nih.gov/compound/520326,6.2580,FALSE,,,,
3846,MySkinRecipes,Ocimene Oxirane from MySkinRecipes,ocimene oxirane,69103-20-4,DATA_GAP_MANUAL_CHECK,"2,2-Dimethyl-3-(3-methylpenta-2,4-dienyl)oxirane",69103-20-4,https://pubchem.ncbi.nlm.nih.gov/compound/94648,22.2180,FALSE,,,,
3593,MySkinRecipes,Dihydrolinalool from MySkinRecipes,dihydrolinalool,18479-51-1,DATA_GAP_MANUAL_CHECK,Dihydrolinalool,18479-51-1,https://pubchem.ncbi.nlm.nih.gov/compound/86749,3.4137,FALSE,,,,
2898,MySkinRecipes,Ambretone (Velvione) from MySkinRecipes,ambretone,37609-25-9,DATA_GAP_MANUAL_CHECK,5-Cyclohexadecen-1-one,37609-25-9,https://pubchem.ncbi.nlm.nih.gov/compound/162268,26.9831,FALSE,,,,
2804,MySkinRecipes,Cuminyl Nitrile from MySkinRecipes,cuminyl nitrile,13816-33-6,DATA_GAP_MANUAL_CHECK,4-Isopropylbenzonitrile,13816-33-6,https://pubchem.ncbi.nlm.nih.gov/compound/26289,24.4003,FALSE,,,,
2776,MySkinRecipes,Geranyl Acetate (FEMA 2509) from MySkinRecipes,geranyl acetate,105-87-3,DATA_GAP_MANUAL_CHECK,Geranyl Acetate,105-87-3,https://pubchem.ncbi.nlm.nih.gov/compound/1549026,1.5343,FALSE,,,,
2621,MySkinRecipes,Triplal from MySkinRecipes,triplal,68039-49-6,VERIFIED_MATCH,"2,4-Dimethyl-3-cyclohexene carboxaldehyde",68039-49-6,https://pubchem.ncbi.nlm.nih.gov/compound/93375,1.2846,FALSE,,,,
2571,MySkinRecipes,Peach Cyclopentanone from MySkinRecipes,peach cyclopentanone,95962-14-4,DATA_GAP_MANUAL_CHECK,2-(2-(4-Methylcyclohex-3-en-1-yl)propyl)cyclopentan-1-one,95962-14-4,https://pubchem.ncbi.nlm.nih.gov/compound/175661,2.9606,FALSE,,,,
2502,MySkinRecipes,Citrathal from MySkinRecipes,citrathal,7492-66-2,VERIFIED_MATCH,Citral diethyl acetal,7492-66-2,https://pubchem.ncbi.nlm.nih.gov/compound/5365794,2.5529,FALSE,,,,
2447,MySkinRecipes,Ethyl Laurate (FEMA 2441) from MySkinRecipes,ethyl laurate,106-33-2,DATA_GAP_MANUAL_CHECK,Ethyl Dodecanoate,106-33-2,https://pubchem.ncbi.nlm.nih.gov/compound/7800,3.9494,FALSE,,,,
33702,MySkinRecipes,Dihydrocarvyl Acetate (FEMA 2380) from MySkinRecipes,dihydrocarvyl acetate,20777-49-5,DATA_GAP_MANUAL_CHECK,Dihydrocarvyl acetate,20777-49-5,https://pubchem.ncbi.nlm.nih.gov/compound/30248,5.9871,FALSE,,,,
32371,MySkinRecipes,Hexyl Isovalerate Hexyl-3-Methylbutanoate (FEMA 3500) from MySkinRecipes,hexyl isovalerate hexyl-3-methylbutanoate,10032-13-0,FIXED_FROM_AUDIT,,10032-13-0,https://pubchem.ncbi.nlm.nih.gov/compound/61455,370.8571,FALSE,,,,
3876,MySkinRecipes,Grapefruit Nitrile from MySkinRecipes,grapefruit nitrile,75490-39-0,VERIFIED_MATCH,"2,2,4-Trimethyl-4-phenyl-butane-nitrile",75490-39-0,https://pubchem.ncbi.nlm.nih.gov/compound/156605,7.2751,FALSE,,,,
3725,MySkinRecipes,Isovaleric Acid (FEMA 3102) from MySkinRecipes,isovaleric acid,503-74-2,VERIFIED_MATCH,Isovaleric Acid,503-74-2,https://pubchem.ncbi.nlm.nih.gov/compound/10430,1.0000,FALSE,,,,
3427,MySkinRecipes,4-Carvomenthenol Terpinen-4-ol (FEMA 2248) from MySkinRecipes,4-carvomenthenol terpinen-4-ol,562-74-3,VERIFIED_MATCH,Terpinen-4-ol,562-74-3,https://pubchem.ncbi.nlm.nih.gov/compound/11230,1.4186,FALSE,,,,
3272,MySkinRecipes,Cocoa Absolute from MySkinRecipes,cocoa absolute,,NATURAL_MIXTURE,,,,2.9946,FALSE,,,,
2899,MySkinRecipes,Applelide from MySkinRecipes,applelide,478695-70-4,VERIFIED_MATCH,"Propanedioic acid, 1-[1-(3,3-dimethylcyclohexyl)ethyl] 3-ethyl ester",478695-70-4,https://pubchem.ncbi.nlm.nih.gov/compound/57759198,12.2429,FALSE,,,,
2863,MySkinRecipes,Guaiyl Acetate from MySkinRecipes,guaiyl acetate,134-28-1,VERIFIED_MATCH,Guaiyl acetate,134-28-1,https://pubchem.ncbi.nlm.nih.gov/compound/240122,12.2514,FALSE,,,,
2777,MySkinRecipes,Dimethyl Octanol from MySkinRecipes,dimethyl octanol,106-21-8,VERIFIED_MATCH,"3,7-Dimethyl-1-octanol",106-21-8,https://pubchem.ncbi.nlm.nih.gov/compound/7792,1.7549,FALSE,,,,
2572,MySkinRecipes,Verdox (Green Acetate) from MySkinRecipes,verdox,88-41-5,VERIFIED_MATCH,2-tert-Butylcyclohexyl acetate,88-41-5,https://pubchem.ncbi.nlm.nih.gov/compound/62334,1.0709,FALSE,,,,
2538,MySkinRecipes,Pyridine (FEMA 2966) from MySkinRecipes,pyridine,110-86-1,VERIFIED_MATCH,Pyridine,110-86-1,https://pubchem.ncbi.nlm.nih.gov/compound/1049,1.9600,FALSE,,,,
2448,MySkinRecipes,Ethyl Decanoate (FEMA 2432) from MySkinRecipes,ethyl decanoate,110-38-3,VERIFIED_MATCH,Ethyl caprate,110-38-3,https://pubchem.ncbi.nlm.nih.gov/compound/8048,1.4129,FALSE,,,,
33710,MySkinRecipes,Methyl 2-4-Tert Butylphenylacetate (FEMA 2690) from MySkinRecipes,methyl 2-4-tert butylphenylacetate,3549-23-3,VERIFIED,"Methyl 2,3-Dihydroxybenzoate",3549-23-3,https://pubchem.ncbi.nlm.nih.gov/compound/75484,12.8129,FALSE,,,,
32376,MySkinRecipes,Propyl Caproate (FEMA 2949) from MySkinRecipes,propyl caproate,626-77-7,VERIFIED_MATCH,Propyl hexanoate,626-77-7,https://pubchem.ncbi.nlm.nih.gov/compound/12293,3.6929,FALSE,,,,
3617,MySkinRecipes,Waxy Nitrile (Ozonil) from MySkinRecipes,waxy nitrile,22629-49-8,VERIFIED_MATCH,2-Tridecenenitrile,22629-49-8,https://pubchem.ncbi.nlm.nih.gov/compound/90818,9.4143,FALSE,,,,
3614,MySkinRecipes,Ethyl Cyclopentenolone (ECP) from MySkinRecipes,ethyl cyclopentenolone,21835-01-8,VERIFIED_MATCH,3-Ethyl-2-hydroxy-2-cyclopenten-1-one,21835-01-8,https://pubchem.ncbi.nlm.nih.gov/compound/62752,13.8389,FALSE,,,,
3466,MySkinRecipes,Para-anisyl Propanal (Canthoxal) from MySkinRecipes,para-anisyl propanal,5462-06-6,VERIFIED_MATCH,2-Methyl-3-(p-methoxyphenyl)propanal,5462-06-6,https://pubchem.ncbi.nlm.nih.gov/compound/64813,1.4883,FALSE,,,,
2900,MySkinRecipes,Silvanone Supra from MySkinRecipes,silvanone supra,109-29-5,VERIFIED_MATCH,Hexadecanolide,109-29-5,https://pubchem.ncbi.nlm.nih.gov/compound/7984,28.0309,FALSE,,,,
2864,MySkinRecipes,Sandal Cyclopropane (Javanol) from MySkinRecipes,sandal cyclopropane,198404-98-7,DATA_GAP_MANUAL_CHECK,,198404-98-7,,52.8883,FALSE,,,,
2778,MySkinRecipes,Rose Acetate from MySkinRecipes,rose acetate,90-17-5,VERIFIED_MATCH,Rosacetol,90-17-5,https://pubchem.ncbi.nlm.nih.gov/compound/7007,1.2703,FALSE,,,,
2623,MySkinRecipes,cis-3-Hexenyl Benzoate (FEMA-3688) from MySkinRecipes,cis-3-hexenyl benzoate,25152-85-6,VERIFIED_MATCH,"3-Hexenyl benzoate, (3Z)-",25152-85-6,https://pubchem.ncbi.nlm.nih.gov/compound/5367706,20.7929,FALSE,,,,
2573,MySkinRecipes,Methyl 2-Methyl Butyrate (FEMA 2719) from MySkinRecipes,methyl 2-methyl butyrate,868-57-5,VERIFIED_MATCH,Methyl 2-methylbutyrate,868-57-5,https://pubchem.ncbi.nlm.nih.gov/compound/13357,7.1251,FALSE,,,,
2539,MySkinRecipes,Butyl Phenyl Acetate from MySkinRecipes,butyl phenyl acetate,122-43-0,VERIFIED_MATCH,Butyl phenylacetate,122-43-0,https://pubchem.ncbi.nlm.nih.gov/compound/31210,1.3446,FALSE,,,,
2449,MySkinRecipes,2-Methyl Undecanal Aldehyde C-12-Mna from MySkinRecipes,2-methyl undecanal aldehyde c-12-mna,110-41-8,VERIFIED_MATCH,2-Methylundecanal,110-41-8,https://pubchem.ncbi.nlm.nih.gov/compound/61031,1.4414,FALSE,,,,
32378,MySkinRecipes,2-Methyl Butyl Hexanoate from MySkinRecipes,2-methyl butyl hexanoate,2601-13-0,VERIFIED_MATCH,"Hexanoic acid, 2-methylbutyl ester",2601-13-0,https://pubchem.ncbi.nlm.nih.gov/compound/102855,456.7146,FALSE,,,,
8011,MySkinRecipes,"Methyl Cyclopentenolone (MCP, Cyclotene, Maple Lactone) from MySkinRecipes",methyl cyclopentenolone,80-71-7,VERIFIED_MATCH,2-Hydroxy-3-methyl-2-cyclopenten-1-one,80-71-7,https://pubchem.ncbi.nlm.nih.gov/compound/6660,1.2989,FALSE,,,,
3713,MySkinRecipes,Nootkatone (FEMA 3166) from MySkinRecipes,nootkatone,4674-50-4,VERIFIED_MATCH,(+)-Nootkatone,4674-50-4,https://pubchem.ncbi.nlm.nih.gov/compound/1268142,29.3429,FALSE,,,,
3527,MySkinRecipes,Cuminaldehyde (FEMA 2341) from MySkinRecipes,cuminaldehyde,122-03-2,VERIFIED_MATCH,Cuminaldehyde,122-03-2,https://pubchem.ncbi.nlm.nih.gov/compound/326,4.0554,FALSE,,,,
2901,MySkinRecipes,Zenolide from MySkinRecipes,zenolide,54982-83-1,FIXED_FROM_AUDIT,Ethylene dodecanedioate,54982-83-1,https://pubchem.ncbi.nlm.nih.gov/compound/41270,2.8949,FALSE,,,,
2865,MySkinRecipes,Woody Amylene (Koavone) from MySkinRecipes,woody amylene,81786-73-4,VERIFIED,"3,4,5,6,6-Pentamethylhept-3-en-2-one",81786-73-4,https://pubchem.ncbi.nlm.nih.gov/compound/3019017,5.9189,FALSE,,,,
2779,MySkinRecipes,Beta Damascone (FEMA 3243) from MySkinRecipes,beta damascone,23726-91-2,VERIFIED_MATCH,beta-DAMASCONE,23726-91-2,https://pubchem.ncbi.nlm.nih.gov/compound/5374527,17.2731,FALSE,,,,
2624,MySkinRecipes,2-Isobutyl-3-methoxypyrazine (IBMP) from MySkinRecipes,2-isobutyl-3-methoxypyrazine,24683-00-9,VERIFIED_MATCH,2-Isobutyl-3-methoxypyrazine,24683-00-9,https://pubchem.ncbi.nlm.nih.gov/compound/32594,44.4623,FALSE,,,,
2574,MySkinRecipes,Tropical Ionone from MySkinRecipes,tropical ionone,79-78-7,VERIFIED_MATCH,Allyl-alpha-ionone,79-78-7,https://pubchem.ncbi.nlm.nih.gov/compound/5365976,8.0677,FALSE,,,,
2540,MySkinRecipes,Tetramethyl Pyrazine from MySkinRecipes,tetramethyl pyrazine,1124-11-4,VERIFIED_MATCH,Tetramethylpyrazine,1124-11-4,https://pubchem.ncbi.nlm.nih.gov/compound/14296,0.6201,FALSE,,,,
2450,MySkinRecipes,Methyl Octanoate Methyl Caprylate (FEMA 2728) from MySkinRecipes,methyl octanoate methyl caprylate,111-11-5,VERIFIED_MATCH,,111-11-5,https://pubchem.ncbi.nlm.nih.gov/compound/8091,1.2789,FALSE,,,,
32379,MySkinRecipes,Propyl Octanoate (Propyl Caprylate) from MySkinRecipes,propyl octanoate,624-13-5,VERIFIED_MATCH,Propyl octanoate,624-13-5,https://pubchem.ncbi.nlm.nih.gov/compound/69351,1.8711,FALSE,,,,
3694,MySkinRecipes,Methyl Octalactone Whiskey Lactone (FEMA 3803) from MySkinRecipes,methyl octalactone whiskey lactone,39212-23-2,FIXED_FROM_AUDIT,,39212-23-2,https://pubchem.ncbi.nlm.nih.gov/compound/62900,3.6929,FALSE,,,,
3534,MySkinRecipes,Myrcene (FEMA 2762) from MySkinRecipes,myrcene,123-35-3,VERIFIED_MATCH,Myrcene,123-35-3,https://pubchem.ncbi.nlm.nih.gov/compound/31253,1.6409,FALSE,,,,
3481,MySkinRecipes,Cinnamyl Butyrate (FEMA 2296) from MySkinRecipes,cinnamyl butyrate,103-61-7,VERIFIED_MATCH,Cinnamyl butyrate,103-61-7,https://pubchem.ncbi.nlm.nih.gov/compound/5355254,1.5631,FALSE,,,,
2902,MySkinRecipes,Ambrettolide-99 (FEMA 2555) from MySkinRecipes,ambrettolide-99,7779-50-2,VERIFIED_MATCH,,7779-50-2,https://pubchem.ncbi.nlm.nih.gov/compound/3591866,11.5446,FALSE,,,,
2866,MySkinRecipes,Kohinool (Amber Carbinol) from MySkinRecipes,kohinool,87118-95-4,FIXED_FROM_AUDIT,"3,5,6,6-Tetramethyl-4-methyleneheptan-2-ol",81787-06-6,https://pubchem.ncbi.nlm.nih.gov/compound/21909238,10.0911,FALSE,,,,
2780,MySkinRecipes,"Floral Pyran, Rosyrane Super from MySkinRecipes","floral pyran, rosyrane super",60335-71-9,VERIFIED_MATCH,,60335-71-9,https://pubchem.ncbi.nlm.nih.gov/compound/108443,2.9946,FALSE,,,,
2625,MySkinRecipes,Styralyl Propionate (FEMA-2689) from MySkinRecipes,styralyl propionate,120-45-6,VERIFIED_MATCH,1-Phenylethyl propionate,120-45-6,https://pubchem.ncbi.nlm.nih.gov/compound/8432,1.4983,FALSE,,,,
2575,MySkinRecipes,Isobutyl Alcohol from MySkinRecipes,isobutyl alcohol,78-83-1,VERIFIED_MATCH,Isobutanol,78-83-1,https://pubchem.ncbi.nlm.nih.gov/compound/6560,1.1223,FALSE,,,,
2541,MySkinRecipes,2-Acetyl Pyridine (FEMA 3251) from MySkinRecipes,2-acetyl pyridine,1122-62-9,VERIFIED_MATCH,2-Acetylpyridine,1122-62-9,https://pubchem.ncbi.nlm.nih.gov/compound/14286,5.2320,FALSE,,,,
2451,MySkinRecipes,Octanol from MySkinRecipes,octanol,111-87-5,VERIFIED_MATCH,1-Octanol,111-87-5,https://pubchem.ncbi.nlm.nih.gov/compound/957,0.5565,FALSE,,,,
32382,MySkinRecipes,Propyl Decanoate from MySkinRecipes,propyl decanoate,30673-60-0,VERIFIED_MATCH,Propyl caprate,30673-60-0,https://pubchem.ncbi.nlm.nih.gov/compound/121739,3.6929,FALSE,,,,
3732,MySkinRecipes,Citronellyl Nitrile from MySkinRecipes,citronellyl nitrile,51566-62-2,VERIFIED_MATCH,Citronellyl nitrile,51566-62-2,https://pubchem.ncbi.nlm.nih.gov/compound/3033030,1.4026,FALSE,,,,
2867,MySkinRecipes,Oxyoctaline Formate (Amber Formate) from MySkinRecipes,oxyoctaline formate,65405-72-3,VERIFIED_MATCH,"1-Naphthalenol, 1,2,3,4,4a,7,8,8a-octahydro-2,4a,5,8a-tetramethyl-, 1-formate",65405-72-3,https://pubchem.ncbi.nlm.nih.gov/compound/103377,18.9283,FALSE,,,,
2781,MySkinRecipes,"Phenoxanol, Mefrosol, Rose Absolute Pentalol from MySkinRecipes","phenoxanol, mefrosol, rose absolute pentalol",55066-48-3,NATURAL_MIXTURE,Phenylisohexanol,55066-48-3,https://pubchem.ncbi.nlm.nih.gov/compound/108312,1.5554,FALSE,,,,
2626,MySkinRecipes,Octyl Acetate (FEMA-2806) from MySkinRecipes,octyl acetate,112-14-1,VERIFIED_MATCH,Octyl Acetate,112-14-1,https://pubchem.ncbi.nlm.nih.gov/compound/8164,1.2931,FALSE,,,,
2576,MySkinRecipes,Aldehyde C-16-Strawberry (FEMA 2444) from MySkinRecipes,aldehyde c-16-strawberry,77-83-8,VERIFIED_MATCH,Ethyl 3-methyl-3-phenylglycidate,77-83-8,https://pubchem.ncbi.nlm.nih.gov/compound/6501,1.3274,FALSE,,,,
2452,MySkinRecipes,Nonanoic Acid from MySkinRecipes,nonanoic acid,112-05-0,VERIFIED_MATCH,Nonanoic Acid,112-05-0,https://pubchem.ncbi.nlm.nih.gov/compound/8158,1.3786,FALSE,,,,
32385,MySkinRecipes,Methyl Heptanoate (FEMA 2705) from MySkinRecipes,methyl heptanoate,106-73-0,VERIFIED_MATCH,Methyl heptanoate,106-73-0,https://pubchem.ncbi.nlm.nih.gov/compound/7826,4.5480,FALSE,,,,
8174,MySkinRecipes,Vanillin Propylene Glycol Acetal (FEMA 3905) from MySkinRecipes,vanillin propylene glycol acetal,68527-74-2,VERIFIED_MATCH,Vanillin propylene glycol acetal,68527-74-2,https://pubchem.ncbi.nlm.nih.gov/compound/109455,1.6980,FALSE,,,,
3835,MySkinRecipes,Lemon Oil Terpenes from MySkinRecipes,lemon oil terpenes,68917-33-9,NATURAL_MIXTURE,,68917-33-9,,1.0603,FALSE,,,,
3455,MySkinRecipes,Sucrose Acetate Isobutyrate (SAIB) from MySkinRecipes,sucrose acetate isobutyrate,,VERIFIED,Sucrose Acetate Isobutyrate,,https://pubchem.ncbi.nlm.nih.gov/compound/31339,1.4129,FALSE,,,,
2782,MySkinRecipes,"Green Ether, Anther, Phenyl Ethyl Isoamyl Ether from MySkinRecipes","green ether, anther, phenyl ethyl isoamyl ether",56011-02-0,VERIFIED_MATCH,Isoamyl phenethyl ether,56011-02-0,https://pubchem.ncbi.nlm.nih.gov/compound/91978,3.0803,FALSE,,,,
2627,MySkinRecipes,Methyl Octine Carbonate (FEMA-2726) from MySkinRecipes,methyl octine carbonate,111-80-8,VERIFIED_MATCH,Methyl 2-nonynoate,111-80-8,https://pubchem.ncbi.nlm.nih.gov/compound/8137,10.0854,FALSE,,,,
2577,MySkinRecipes,Ethyl 2-Methyl Butyrate (FEMA 2443) from MySkinRecipes,ethyl 2-methyl butyrate,7452-79-1,VERIFIED_MATCH,Ethyl 2-methylbutyrate,7452-79-1,https://pubchem.ncbi.nlm.nih.gov/compound/24020,1.4500,FALSE,,,,
2453,MySkinRecipes,Decyl Acetate (FEMA 2367) from MySkinRecipes,decyl acetate,112-17-4,VERIFIED_MATCH,Decyl acetate,112-17-4,https://pubchem.ncbi.nlm.nih.gov/compound/8167,1.3843,FALSE,,,,
33797,MySkinRecipes,4-4-Hydroxy-3-Methoxyphenylbutan-2-one (FEMA 3124) from MySkinRecipes,4-4-hydroxy-3-methoxyphenylbutan-2-one,122-48-5,VERIFIED_MATCH,Zingerone,122-48-5,https://pubchem.ncbi.nlm.nih.gov/compound/31211,9.3929,FALSE,,,,
32386,MySkinRecipes,Propyl Heptanoate (FEMA 2948) from MySkinRecipes,propyl heptanoate,7778-87-2,VERIFIED_MATCH,Propyl heptanoate,7778-87-2,https://pubchem.ncbi.nlm.nih.gov/compound/229377,3.6929,FALSE,,,,
3744,MySkinRecipes,2-Heptanol (FEMA 3288) from MySkinRecipes,2-heptanol,543-49-7,VERIFIED_MATCH,2-Heptanol,543-49-7,https://pubchem.ncbi.nlm.nih.gov/compound/10976,1.0000,FALSE,,,,
3536,MySkinRecipes,Levulinic Acid (FEMA 2627) from MySkinRecipes,levulinic acid,123-76-2,VERIFIED_MATCH,Levulinic Acid,123-76-2,https://pubchem.ncbi.nlm.nih.gov/compound/11579,91.0357,FALSE,,,,
2869,MySkinRecipes,Vetiveryl Acetate from MySkinRecipes,vetiveryl acetate,117-98-6,VERIFIED_MATCH,Vetivert acetate,117-98-6,https://pubchem.ncbi.nlm.nih.gov/compound/8347,15.0929,FALSE,,,,
2628,MySkinRecipes,Melon Nonenoate from MySkinRecipes,melon nonenoate,111-79-5,VERIFIED_MATCH,Methyl 2-nonenoate,111-79-5,https://pubchem.ncbi.nlm.nih.gov/compound/5368076,3.3709,FALSE,,,,
2578,MySkinRecipes,Gamma Decalactone (FEMA 2360) from MySkinRecipes,gamma decalactone,706-14-9,VERIFIED_MATCH,Gamma-Decalactone,706-14-9,https://pubchem.ncbi.nlm.nih.gov/compound/12813,1.0994,FALSE,,,,
2544,MySkinRecipes,Methylbutyraldehyde (FEMA 2691) from MySkinRecipes,methylbutyraldehyde,96-17-3,VERIFIED_MATCH,2-Methylbutanal,96-17-3,https://pubchem.ncbi.nlm.nih.gov/compound/7284,79.0714,FALSE,,,,
2454,MySkinRecipes,Decanol (1 from MySkinRecipes,decanol (1,112-30-1,VERIFIED_MATCH,1-Decanol,112-30-1,https://pubchem.ncbi.nlm.nih.gov/compound/8174,4.1166,FALSE,,,,
32375,MySkinRecipes,Cinnamyl Isovalerate (FEMA 2302) from MySkinRecipes,cinnamyl isovalerate,140-27-2,VERIFIED,Cinnamyl isovalerate,140-27-2,https://pubchem.ncbi.nlm.nih.gov/compound/5355855,5.6880,FALSE,,,,
3619,MySkinRecipes,Romandolide from MySkinRecipes,romandolide,236391-76-7,VERIFIED_MATCH,"Acetic acid, 2-(1-oxopropoxy)-, 1-(3,3-dimethylcyclohexyl)ethyl ester",236391-76-7,https://pubchem.ncbi.nlm.nih.gov/compound/21933618,3.6929,FALSE,,,,
3618,MySkinRecipes,Geranyl Isobutyrate (FEMA 2513) from MySkinRecipes,geranyl isobutyrate,2345-26-8,VERIFIED_MATCH,Geranyl isobutyrate,2345-26-8,https://pubchem.ncbi.nlm.nih.gov/compound/6086514,5.4974,FALSE,,,,
2629,MySkinRecipes,Methyl Heptine Carbonate (FEMA 2729) from MySkinRecipes,methyl heptine carbonate,111-12-6,VERIFIED_MATCH,Methyl 2-octynoate,111-12-6,https://pubchem.ncbi.nlm.nih.gov/compound/8092,9.3217,FALSE,,,,
2579,MySkinRecipes,Grapefruit Acetal from MySkinRecipes,grapefruit acetal,67674-46-8,VERIFIED_MATCH,"6,6-Dimethoxy-2,5,5-trimethylhex-2-ene",67674-46-8,https://pubchem.ncbi.nlm.nih.gov/compound/106766,3.1657,FALSE,,,,
2545,MySkinRecipes,Methylbutyraldehyde 1% in PG from MySkinRecipes,methylbutyraldehyde,96-17-3,VERIFIED_MATCH,2-Methylbutanal,96-17-3,https://pubchem.ncbi.nlm.nih.gov/compound/7284,8.7077,TRUE,Methylbutyraldehyde from MySkinRecipes,Propylene Glycol (PG) from MySkinRecipes,1.00,
2455,MySkinRecipes,Decanal Aldehyde C-10 (FEMA 2362) from MySkinRecipes,decanal aldehyde c-10,112-31-2,VERIFIED_MATCH,Decanal,112-31-2,https://pubchem.ncbi.nlm.nih.gov/compound/8175,1.3843,FALSE,,,,
32439,MySkinRecipes,4-Hydroxy-5-Methyl-32h Furanone (FEMA 3635) from MySkinRecipes,4-hydroxy-5-methyl-32h furanone,19322-27-1,VERIFIED_MATCH,4-Hydroxy-5-methyl-3(2H)-furanone,19322-27-1,https://pubchem.ncbi.nlm.nih.gov/compound/4564493,35.0429,FALSE,,,,
32403,MySkinRecipes,Pyrazinyl Methyl Sulfide (FEMA 3231) from MySkinRecipes,pyrazinyl methyl sulfide,21948-70-9,VERIFIED_MATCH,(Methylthio)pyrazine,21948-70-9,https://pubchem.ncbi.nlm.nih.gov/compound/519907,3.6929,FALSE,,,,
3954,MySkinRecipes,Delta-Muscenone from MySkinRecipes,delta-muscenone,82356-51-2,VERIFIED_MATCH,Methylcyclopentadecenone,82356-51-2,https://pubchem.ncbi.nlm.nih.gov/compound/57353762,13.9529,FALSE,,,,
3706,MySkinRecipes,Geranium Cyclohexane from MySkinRecipes,geranium cyclohexane,42822-86-6,VERIFIED_MATCH,"P-Menthane-3,8-diol",42822-86-6,https://pubchem.ncbi.nlm.nih.gov/compound/556998,3.4080,FALSE,,,,
2630,MySkinRecipes,Isoamyl Formate (FEMA 2069) from MySkinRecipes,isoamyl formate,110-45-2,VERIFIED_MATCH,Isoamyl formate,110-45-2,https://pubchem.ncbi.nlm.nih.gov/compound/8052,1.3189,FALSE,,,,
2580,MySkinRecipes,Allyl Amyl Glycolate from MySkinRecipes,allyl amyl glycolate,67634-00-8,VERIFIED_MATCH,Allyl amyl glycolate,67634-00-8,https://pubchem.ncbi.nlm.nih.gov/compound/106729,2.2680,FALSE,,,,
2546,MySkinRecipes,Ethyl Safranate from MySkinRecipes,ethyl safranate,35044-59-8,VERIFIED,"1,3-Cyclohexadiene-1-carboxylic acid, 2,6,6-trimethyl-, ethyl ester",35044-59-8,https://pubchem.ncbi.nlm.nih.gov/compound/118201,12.2429,FALSE,,,,
252975,MySkinRecipes,Romanone Flakes (Cyclopentadecanone) from MySkinRecipes,romanone flakes,502-72-7,VERIFIED_MATCH,Cyclopentadecanone,502-72-7,https://pubchem.ncbi.nlm.nih.gov/compound/10409,34.6303,FALSE,,,,
32441,MySkinRecipes,4-Methoxy-25-Dimethyl-32h Furanone (FEMA 3664) from MySkinRecipes,4-methoxy-25-dimethyl-32h furanone,4077-47-8,VERIFIED_MATCH,"2,5-dimethyl-4-methoxy-3(2H)-furanone",4077-47-8,https://pubchem.ncbi.nlm.nih.gov/compound/61325,57.8429,FALSE,,,,
32410,MySkinRecipes,Pyrazine Ethanethiol (FEMA 3230) from MySkinRecipes,pyrazine ethanethiol,35250-53-4,VERIFIED_MATCH,Pyrazineethanethiol,35250-53-4,https://pubchem.ncbi.nlm.nih.gov/compound/61945,63.5429,FALSE,,,,
2872,MySkinRecipes,Clearwood (Firmenich) from MySkinRecipes,clearwood,,DATA_GAP_MANUAL_CHECK,,,,2.8380,FALSE,,,,
2631,MySkinRecipes,Phenoxyethyl Isobutyrate (FEMA 2873) from MySkinRecipes,phenoxyethyl isobutyrate,103-60-6,FIXED_FROM_AUDIT,,103-60-6,https://pubchem.ncbi.nlm.nih.gov/compound/61005,1.2420,FALSE,,,,
2581,MySkinRecipes,Isopropyl 2-Methyl Butyrate (FEMA 3699) from MySkinRecipes,isopropyl 2-methyl butyrate,66576-71-4,FIXED_FROM_AUDIT,Isopropyl 2-methylbutyrate,66576-71-4,https://pubchem.ncbi.nlm.nih.gov/compound/522214,2.4474,FALSE,,,,
2457,MySkinRecipes,Undecanal Aldehyde C-11-Undecylic (FEMA 3092) from MySkinRecipes,undecanal aldehyde c-11-undecylic,112-44-7,FIXED_FROM_AUDIT,,112-44-7,https://pubchem.ncbi.nlm.nih.gov/compound/8186,1.8831,FALSE,,,,
127455,MySkinRecipes,5-Hydroxymethylfurfural from MySkinRecipes,5-hydroxymethylfurfural,67-47-0,VERIFIED_MATCH,5-(Hydroxymethyl)furfural,67-47-0,https://pubchem.ncbi.nlm.nih.gov/compound/237332,108.8857,FALSE,,,,
33830,MySkinRecipes,Rose pyran (Doremox) from MySkinRecipes,rose pyran,94201-73-7,VERIFIED_MATCH,tetrahydro-4-methyl-2-phenyl-2H-pyran,94201-73-7,https://pubchem.ncbi.nlm.nih.gov/compound/3024003,2.0543,FALSE,,,,
32419,MySkinRecipes,Thiazole (FEMA 3615) from MySkinRecipes,thiazole,288-47-1,FIXED_FROM_AUDIT,Thiazole,288-47-1,https://pubchem.ncbi.nlm.nih.gov/compound/9256,21.9329,FALSE,,,,
2873,MySkinRecipes,Santaliff / Sandaxol / Sandalmysore from MySkinRecipes,santaliff,28219-60-5,VERIFIED_MATCH,"2-Buten-1-ol, 2-methyl-4-(2,2,3-trimethyl-3-cyclopenten-1-yl)-",28219-60-5,https://pubchem.ncbi.nlm.nih.gov/compound/119897,17.1406,FALSE,,,,
2632,MySkinRecipes,Diphenyl Oxide from MySkinRecipes,diphenyl oxide,101-84-8,VERIFIED_MATCH,Diphenyl Ether,101-84-8,https://pubchem.ncbi.nlm.nih.gov/compound/7583,1.1280,FALSE,,,,
2582,MySkinRecipes,Isoamyl Isovalerate (FEMA 2085) from MySkinRecipes,isoamyl isovalerate,659-70-1,VERIFIED_MATCH,,659-70-1,https://pubchem.ncbi.nlm.nih.gov/compound/12613,1.4129,FALSE,,,,
2458,MySkinRecipes,Intreleven Aldehyde Aldehyde C-11-Undecylenic from MySkinRecipes,intreleven aldehyde aldehyde c-11-undecylenic,112-45-8,VERIFIED_MATCH,10-Undecenal,112-45-8,https://pubchem.ncbi.nlm.nih.gov/compound/8187,2.2680,FALSE,,,,
32424,MySkinRecipes,"4,5-Dimethyl-2-Isobutyl Thiazoline (FEMA 3621) from MySkinRecipes","4,5-dimethyl-2-isobutyl thiazoline",65894-83-9,FIXED_FROM_AUDIT,"2-Isobutyl-4,5-dimethyl-3-thiazoline",65894-83-9,https://pubchem.ncbi.nlm.nih.gov/compound/4120025,7.3980,FALSE,,,,
2874,MySkinRecipes,Firsantol from MySkinRecipes,firsantol,104864-90-6,VERIFIED_MATCH,,104864-90-6,https://pubchem.ncbi.nlm.nih.gov/compound/16063533,17.9429,FALSE,,,,
2633,MySkinRecipes,Phenyl Acetaldehyde Dimethyl Acetal from MySkinRecipes,phenyl acetaldehyde dimethyl acetal,101-48-4,VERIFIED_MATCH,Phenyl acetaldehyde dimethyl acetal,101-48-4,https://pubchem.ncbi.nlm.nih.gov/compound/60995,1.6266,FALSE,,,,
2583,MySkinRecipes,Fruity Cyclopentanone Veloutone from MySkinRecipes,fruity cyclopentanone veloutone,65443-14-3,VERIFIED,,65443-14-3,,6.7566,FALSE,,,,
32435,MySkinRecipes,2-Methyl-3-Furyl Disulfide (FEMA 3259) from MySkinRecipes,2-methyl-3-furyl disulfide,28588-75-2,FIXED_FROM_AUDIT,,28588-75-2,https://pubchem.ncbi.nlm.nih.gov/compound/526624,20.7929,FALSE,,,,
3431,MySkinRecipes,Furfuryl Mercaptan from MySkinRecipes,furfuryl mercaptan,98-02-2,FIXED_FROM_AUDIT,,98-02-2,https://pubchem.ncbi.nlm.nih.gov/compound/7363,78.0000,FALSE,,,,
2875,MySkinRecipes,Caryophyllene Oxide (FEMA 4085) from MySkinRecipes,caryophyllene oxide,,VERIFIED,,,,70.6680,FALSE,,,,
2634,MySkinRecipes,Ocean Propanal Helional from MySkinRecipes,ocean propanal helional,1205-17-0,VERIFIED,,1205-17-0,,1.8574,FALSE,,,,
2584,MySkinRecipes,Fruity Ketal Fructone B Fraistone (FEMA 4294) from MySkinRecipes,fruity ketal fructone b fraistone,6290-17-1,VERIFIED,Ethyl acetoacetate ethyleneglycol ketal,6290-17-1,https://pubchem.ncbi.nlm.nih.gov/compound/80865,1.5840,FALSE,,,,
2460,MySkinRecipes,Dodecanal Aldehyde C-12-Lauric (FEMA 2615) from MySkinRecipes,dodecanal aldehyde c-12-lauric,112-54-9,FIXED_FROM_AUDIT,Dodecanal,112-54-9,https://pubchem.ncbi.nlm.nih.gov/compound/8194,1.4983,FALSE,,,,
32436,MySkinRecipes,Methyl 2-Methyl-3-Furyl Disulfide (FEMA 3573) from MySkinRecipes,methyl 2-methyl-3-furyl disulfide,65505-17-1,VERIFIED,Methyl,65505-17-1,https://pubchem.ncbi.nlm.nih.gov/compound/3034819,40.7429,FALSE,,,,
3430,MySkinRecipes,Furfuryl Alcohol (FEMA 2491) from MySkinRecipes,furfuryl alcohol,98-00-0,VERIFIED_MATCH,Furfuryl Alcohol,98-00-0,https://pubchem.ncbi.nlm.nih.gov/compound/7361,1.2420,FALSE,,,,
2876,MySkinRecipes,Sandenol-803-Synthetic Sandalwood from MySkinRecipes,sandenol-803-synthetic sandalwood,66068-84-6,VERIFIED,,66068-84-6,,1.3274,FALSE,,,,
2635,MySkinRecipes,Phenyl Acetaldehyde (FEMA 2874) from MySkinRecipes,phenyl acetaldehyde,122-78-1,VERIFIED_MATCH,Phenylacetaldehyde,122-78-1,https://pubchem.ncbi.nlm.nih.gov/compound/998,0.2284,FALSE,,,,
2585,MySkinRecipes,Amyl Acetate from MySkinRecipes,amyl acetate,628-63-7,VERIFIED_MATCH,Amyl Acetate,628-63-7,https://pubchem.ncbi.nlm.nih.gov/compound/12348,1.1280,FALSE,,,,
32437,MySkinRecipes,Propyl 2-Methyl-3-Furyl Disulfide (FEMA 3607) from MySkinRecipes,propyl 2-methyl-3-furyl disulfide,61197-09-9,VERIFIED,Propyl,61197-09-9,https://pubchem.ncbi.nlm.nih.gov/compound/123145,26.4929,FALSE,,,,
8106,MySkinRecipes,Sandela-803-Givaudan Synthetic Sandalwood from MySkinRecipes,sandela-803- synthetic sandalwood,66068-84-6,VERIFIED_MATCH,4-Hydroxy-1-(5-isocamphyl)cyclohexane,66068-84-6,https://pubchem.ncbi.nlm.nih.gov/compound/106673,2.2680,FALSE,,,,
2636,MySkinRecipes,Floral Butanal from MySkinRecipes,floral butanal,125109-85-5,VERIFIED,,125109-85-5,,4.4226,FALSE,,,,
2586,MySkinRecipes,Ethyl Acetoacetate (FEMA 2415) from MySkinRecipes,ethyl acetoacetate,141-97-9,VERIFIED_MATCH,Ethyl Acetoacetate,141-97-9,https://pubchem.ncbi.nlm.nih.gov/compound/8868,1.1280,FALSE,,,,
32440,MySkinRecipes,Difurfuryl Ether (FEMA 3337) from MySkinRecipes,difurfuryl ether,4437-22-3,VERIFIED_MATCH,Difurfuryl ether,4437-22-3,https://pubchem.ncbi.nlm.nih.gov/compound/263034,1881.8571,FALSE,,,,
3438,MySkinRecipes,Osyrol (Sandalwood Ether) from MySkinRecipes,osyrol,41890-92-0,FIXED_FROM_AUDIT,,41890-92-0,https://pubchem.ncbi.nlm.nih.gov/compound/162053,14.5371,FALSE,,,,
2637,MySkinRecipes,Leafy Oxime (Stemone) from MySkinRecipes,leafy oxime,22457-23-4,FIXED_FROM_AUDIT,3-Methyl-5-heptanone oxime,22457-23-4,https://pubchem.ncbi.nlm.nih.gov/compound/90787,2.3706,FALSE,,,,
2587,MySkinRecipes,Ethyl Acetate from MySkinRecipes,ethyl acetate,141-78-6,VERIFIED_MATCH,Ethyl Acetate,141-78-6,https://pubchem.ncbi.nlm.nih.gov/compound/8857,1.0994,FALSE,,,,
2463,MySkinRecipes,Mandarine Undecenal (Aldehyde Supra) from MySkinRecipes,mandarine undecenal,143-14-6,DATA_GAP_MANUAL_CHECK,9-Undecenal,143-14-6,https://pubchem.ncbi.nlm.nih.gov/compound/6431148,20.7786,FALSE,,,,
2588,MySkinRecipes,Phenethyl Isovalerate (FEMA 2871) from MySkinRecipes,phenethyl isovalerate,140-26-1,DATA_GAP_MANUAL_CHECK,Phenylethyl isovalerate,140-26-1,https://pubchem.ncbi.nlm.nih.gov/compound/8792,1.4214,FALSE,,,,
2464,MySkinRecipes,Heptanal Aldehyde C-7 from MySkinRecipes,heptanal aldehyde c-7,111-71-7,DATA_GAP_MANUAL_CHECK,Heptanal,111-71-7,https://pubchem.ncbi.nlm.nih.gov/compound/8130,2.4389,FALSE,,,,
32443,MySkinRecipes,4-Acetoxy-25-Dimethyl-32h Furanone (FEMA 3797) from MySkinRecipes,4-acetoxy-25-dimethyl-32h furanone,4166-20-5,DATA_GAP_MANUAL_CHECK,,4166-20-5,,3.6929,FALSE,,,,
7925,MySkinRecipes,"2,6-Dimethoxyphenol (FEMA 3137) from MySkinRecipes","2,6-dimethoxyphenol",91-10-1,DATA_GAP_MANUAL_CHECK,"2,6-Dimethoxyphenol",91-10-1,https://pubchem.ncbi.nlm.nih.gov/compound/7041,15.0929,FALSE,,,,
2639,MySkinRecipes,Manzanate from MySkinRecipes,manzanate,,VERIFIED_MATCH,Ethyl 2-methylpentanoate,,https://pubchem.ncbi.nlm.nih.gov/compound/62902,2.5500,FALSE,,,,
2589,MySkinRecipes,Methyl Hexanoate (FEMA 2708) from MySkinRecipes,methyl hexanoate,106-70-7,DATA_GAP_MANUAL_CHECK,Methyl hexanoate,106-70-7,https://pubchem.ncbi.nlm.nih.gov/compound/7824,1.2674,FALSE,,,,
2465,MySkinRecipes,Alcohol C-12-Lauryl Alcohol from MySkinRecipes,alcohol c-12-lauryl alcohol,112-53-8,DATA_GAP_MANUAL_CHECK,1-Dodecanol,112-53-8,https://pubchem.ncbi.nlm.nih.gov/compound/8193,1.1849,FALSE,,,,
32444,MySkinRecipes,Ethyl 2-Furoate from MySkinRecipes,ethyl 2-furoate,614-99-3,DATA_GAP_MANUAL_CHECK,Ethyl 2-mercaptopropionate,614-99-3,https://pubchem.ncbi.nlm.nih.gov/compound/519709,4.5480,FALSE,,,,
7974,MySkinRecipes,Furfuryl Thioacetate from MySkinRecipes,furfuryl thioacetate,13678-68-7,DATA_GAP_MANUAL_CHECK,Furfuryl thioacetate,13678-68-7,https://pubchem.ncbi.nlm.nih.gov/compound/61660,6.5571,FALSE,,,,
2640,MySkinRecipes,Cis-3-Hexenyl Butyrate from MySkinRecipes,cis-3-hexenyl butyrate,,VERIFIED,,,,2.9091,FALSE,,,,
2590,MySkinRecipes,Ethyl Heptanoate (FEMA 2437) from MySkinRecipes,ethyl heptanoate,106-30-9,DATA_GAP_MANUAL_CHECK,Ethyl Heptanoate,106-30-9,https://pubchem.ncbi.nlm.nih.gov/compound/7797,1.4129,FALSE,,,,
2466,MySkinRecipes,Propionic Acid (FEMA 2924) from MySkinRecipes,propionic acid,79-09-4,DATA_GAP_MANUAL_CHECK,Propionic Acid,79-09-4,https://pubchem.ncbi.nlm.nih.gov/compound/1032,1.2703,FALSE,,,,
32445,MySkinRecipes,25-Dimethyl-3-Furanthiol (FEMA 3451) from MySkinRecipes,25-dimethyl-3-furanthiol,55764-23-3,DATA_GAP_MANUAL_CHECK,"2,5-Dimethyl-3-furanthiol",55764-23-3,https://pubchem.ncbi.nlm.nih.gov/compound/41569,117.6929,FALSE,,,,
8057,MySkinRecipes,Teaalcohol / Teaketone from MySkinRecipes,teaalcohol,14203-59-9,DATA_GAP_MANUAL_CHECK,"4-Hydroxy-3,5,5-Trimethylcyclohex-2-Enone",14203-59-9,https://pubchem.ncbi.nlm.nih.gov/compound/566734,9.3929,FALSE,,,,
3565,MySkinRecipes,Amber Decatriene (Trimofix O) from MySkinRecipes,amber decatriene,144020-22-4,VERIFIED,"Methyl 2,6,10-trimethylcyclododeca-2,5,9-trien-1-yl ketone",144020-22-4,https://pubchem.ncbi.nlm.nih.gov/compound/119832,3.6274,FALSE,,,,
2641,MySkinRecipes,Para Dimethyl Hydroquinone from MySkinRecipes,para dimethyl hydroquinone,,DATA_GAP_MANUAL_CHECK,,,,1.5497,FALSE,,,,
2591,MySkinRecipes,Geranyl Butyrate (FEMA 2512) from MySkinRecipes,geranyl butyrate,106-29-6,VERIFIED_MATCH,Geranyl butyrate,106-29-6,https://pubchem.ncbi.nlm.nih.gov/compound/5355856,1.9857,FALSE,,,,
2467,MySkinRecipes,Valeric Acid (FEMA 3101) from MySkinRecipes,valeric acid,109-52-4,DATA_GAP_MANUAL_CHECK,Pentanoic Acid,109-52-4,https://pubchem.ncbi.nlm.nih.gov/compound/7991,1.2506,FALSE,,,,
33644,MySkinRecipes,(E)-5-Tangerine Acetate from MySkinRecipes,(e)-5-tangerine acetate,3239-35-8,DATA_GAP_MANUAL_CHECK,"(E)-6,10-Dimethylundeca-5,9-dien-2-yl acetate",3239-35-8,https://pubchem.ncbi.nlm.nih.gov/compound/5752319,12.6134,FALSE,,,,
32453,MySkinRecipes,Tetrahydrothiophen-3-one (FEMA 3266) from MySkinRecipes,tetrahydrothiophen-3-one,1003-04-9,VERIFIED,Tetrahydrothiophene,1003-04-9,https://pubchem.ncbi.nlm.nih.gov/compound/1127,3.6929,FALSE,,,,
8013,MySkinRecipes,"Woody epoxide, Cedroxyde from MySkinRecipes","woody epoxide, cedroxyde",71735-79-0,DATA_GAP_MANUAL_CHECK,"13-Oxabicyclo(10.1.0)trideca-4,8-diene, trimethyl-",71735-79-0,https://pubchem.ncbi.nlm.nih.gov/compound/6441804,12.2429,FALSE,,,,
3776,MySkinRecipes,Ethyl Pyruvate (FEMA 2457) from MySkinRecipes,ethyl pyruvate,617-35-6,DATA_GAP_MANUAL_CHECK,Ethyl pyruvate,617-35-6,https://pubchem.ncbi.nlm.nih.gov/compound/12041,285.1429,FALSE,,,,
2642,MySkinRecipes,Citronellyl Propionate (FEMA 2316) from MySkinRecipes,citronellyl propionate,,VERIFIED,Citronellyl propionate,,https://pubchem.ncbi.nlm.nih.gov/compound/8834,2.2423,FALSE,,,,
2592,MySkinRecipes,Isoamyl Butyrate (FEMA 2060) from MySkinRecipes,isoamyl butyrate,106-27-4,VERIFIED_MATCH,Isoamyl butyrate,106-27-4,https://pubchem.ncbi.nlm.nih.gov/compound/7795,1.1280,FALSE,,,,
32526,MySkinRecipes,Cocoa Aldehyde Cocoa Hexenal (FEMA 3199) from MySkinRecipes,cocoa aldehyde cocoa hexenal,21834-92-4,DATA_GAP_MANUAL_CHECK,5-Methyl-2-phenyl-2-hexenal,21834-92-4,https://pubchem.ncbi.nlm.nih.gov/compound/5370602,4.2629,FALSE,,,,
32454,MySkinRecipes,2-Mercaptothiophene (FEMA 3062) from MySkinRecipes,2-mercaptothiophene,7774-74-5,DATA_GAP_MANUAL_CHECK,2-Thiophenethiol,7774-74-5,https://pubchem.ncbi.nlm.nih.gov/compound/522674,17.9429,FALSE,,,,
3671,MySkinRecipes,Woody Furan Trisamber from MySkinRecipes,woody furan trisamber,338735-71-0,DATA_GAP_MANUAL_CHECK,"2,6,6,7,8,8-Hexamethyldecahydro-2H-indeno[4,5-b]furan",338735-71-0,https://pubchem.ncbi.nlm.nih.gov/compound/57357974,9.4143,FALSE,,,,
3535,MySkinRecipes,butyraldehyde from MySkinRecipes,butyraldehyde,,VERIFIED,Butanal,,https://pubchem.ncbi.nlm.nih.gov/compound/261,4.5514,FALSE,,,,
2643,MySkinRecipes,Isocyclocitral from MySkinRecipes,isocyclocitral,,VERIFIED_MATCH,Isocyclocitral,,https://pubchem.ncbi.nlm.nih.gov/compound/16204527,1.9549,FALSE,,,,
2593,MySkinRecipes,Geranyl Propionate from MySkinRecipes,geranyl propionate,105-90-8,DATA_GAP_MANUAL_CHECK,Geranyl propionate,105-90-8,https://pubchem.ncbi.nlm.nih.gov/compound/5355853,1.8063,FALSE,,,,
33756,MySkinRecipes,"(E,E)-2,4-Heptadienal (FEMA 3164) from MySkinRecipes",,4313-03-5,DATA_GAP_MANUAL_CHECK,"2,4-Heptadienal",4313-03-5,https://pubchem.ncbi.nlm.nih.gov/compound/5283321,20.6646,FALSE,,,,
32804,MySkinRecipes,Acetyl Butyryl-23-Hexanedione (FEMA 2558) from MySkinRecipes,acetyl butyryl-23-hexanedione,3848-24-6,DATA_GAP_MANUAL_CHECK,"2,3-Hexanedione",3848-24-6,https://pubchem.ncbi.nlm.nih.gov/compound/19707,3.6643,FALSE,,,,
32456,MySkinRecipes,3-Methyl-2-Cyclopenten-1-one (FEMA 3435) from MySkinRecipes,3-methyl-2-cyclopenten-1-one,2758-18-1,DATA_GAP_MANUAL_CHECK,3-Methyl-2-cyclopenten-1-one,2758-18-1,https://pubchem.ncbi.nlm.nih.gov/compound/17691,17.9429,FALSE,,,,
3703,MySkinRecipes,Rhubarb Oxirane (Rhubofix) from MySkinRecipes,rhubarb oxirane,41816-03-9,DATA_GAP_MANUAL_CHECK,Rhubofix,41816-03-9,https://pubchem.ncbi.nlm.nih.gov/compound/94522,13.6823,FALSE,,,,
2644,MySkinRecipes,Hyacinth Body Acetal from MySkinRecipes,hyacinth body acetal,,VERIFIED,,,,1.5269,FALSE,,,,
2594,MySkinRecipes,Citronellyl Formate (FEMA 2314) from MySkinRecipes,citronellyl formate,105-85-1,VERIFIED_MATCH,Citronellyl formate,105-85-1,https://pubchem.ncbi.nlm.nih.gov/compound/7778,2.2680,FALSE,,,,
32805,MySkinRecipes,34-Hexanedione (FEMA 3768) from MySkinRecipes,34-hexanedione,4437-51-8,DATA_GAP_MANUAL_CHECK,"3,4-Hexanedione",4437-51-8,https://pubchem.ncbi.nlm.nih.gov/compound/62539,3.6643,FALSE,,,,
32457,MySkinRecipes,23-Hexanedione (FEMA 2558) from MySkinRecipes,23-hexanedione,3848-24-6,DATA_GAP_MANUAL_CHECK,"2,3-Hexanedione",3848-24-6,https://pubchem.ncbi.nlm.nih.gov/compound/19707,26.4929,FALSE,,,,
2645,MySkinRecipes,Cucumber Aldehyde Trans-2-Nonenal (FEMA 3213) from MySkinRecipes,cucumber aldehyde trans-2-nonenal,,VERIFIED,"trans-2,cis-6-Nonadienal",,https://pubchem.ncbi.nlm.nih.gov/compound/643731,15.0929,FALSE,,,,
2595,MySkinRecipes,Ethyl Butyrate (FEMA 2427) from MySkinRecipes,ethyl butyrate,105-54-4,VERIFIED_MATCH,Ethyl butyrate,105-54-4,https://pubchem.ncbi.nlm.nih.gov/compound/7762,1.0709,FALSE,,,,
32476,MySkinRecipes,3-Methylthio Propanol (FEMA 3415) from MySkinRecipes,3-methylthio propanol,505-10-2,DATA_GAP_MANUAL_CHECK,3-(Methylthio)-1-propanol,505-10-2,https://pubchem.ncbi.nlm.nih.gov/compound/10448,2.5529,FALSE,,,,
32460,MySkinRecipes,16-Hexanedithiol (FEMA 3495) from MySkinRecipes,16-hexanedithiol,1191-43-1,DATA_GAP_MANUAL_CHECK,"1,6-Hexanedithiol",1191-43-1,https://pubchem.ncbi.nlm.nih.gov/compound/14491,15.9480,FALSE,,,,
3674,MySkinRecipes,Sandal Hexanol (IBCH) from MySkinRecipes,sandal hexanol,3407-42-9,DATA_GAP_MANUAL_CHECK,Isobornyl cyclohexanol,3407-42-9,https://pubchem.ncbi.nlm.nih.gov/compound/103005,2.4509,FALSE,,,,
2646,MySkinRecipes,Rhubafuran from MySkinRecipes,rhubafuran,,VERIFIED_MATCH,Rhubafuran,,https://pubchem.ncbi.nlm.nih.gov/compound/113514,20.3280,FALSE,,,,
2596,MySkinRecipes,Diethyl Malonate (FEMA 2375) from MySkinRecipes,diethyl malonate,105-53-3,DATA_GAP_MANUAL_CHECK,Diethyl Malonate,105-53-3,https://pubchem.ncbi.nlm.nih.gov/compound/7761,1.2420,FALSE,,,,
33723,MySkinRecipes,Nonan-1-ol (FEMA 2789) from MySkinRecipes,nonan-1-ol,143-08-8,VERIFIED,Nonane,143-08-8,https://pubchem.ncbi.nlm.nih.gov/compound/8141,1.3843,FALSE,,,,
32484,MySkinRecipes,Bis Methylthiomethane Truffle Sulfide (FEMA 3878) from MySkinRecipes,bis methylthiomethane truffle sulfide,1618-26-4,DATA_GAP_MANUAL_CHECK,"2,4-Dithiapentane",1618-26-4,https://pubchem.ncbi.nlm.nih.gov/compound/15380,11.3880,FALSE,,,,
32461,MySkinRecipes,3-Methylthio-1-hexanol (FEMA 3438) from MySkinRecipes,3-methylthio-1-hexanol,51755-66-9,DATA_GAP_MANUAL_CHECK,3-(Methylthio)-1-hexanol,51755-66-9,https://pubchem.ncbi.nlm.nih.gov/compound/65413,3.6929,FALSE,,,,
2647,MySkinRecipes,Spirogalbanone from MySkinRecipes,spirogalbanone,,VERIFIED,1-spiro(4.5)Dec-7-en-7-yl-4-penten-1-one,,https://pubchem.ncbi.nlm.nih.gov/compound/15405344,42.6511,FALSE,,,,
2597,MySkinRecipes,Ethyl Propionate from MySkinRecipes,ethyl propionate,105-37-3,DATA_GAP_MANUAL_CHECK,Ethyl Propionate,105-37-3,https://pubchem.ncbi.nlm.nih.gov/compound/7749,1.2134,FALSE,,,,
33679,MySkinRecipes,Koumalactone Firmenich (FEMA 4032) from MySkinRecipes,koumalactone,92015-65-1,DATA_GAP_MANUAL_CHECK,Dihydromintlactone,92015-65-1,https://pubchem.ncbi.nlm.nih.gov/compound/14344497,12.8271,FALSE,,,,
32462,MySkinRecipes,Methyl propyl disulfide (FEMA 3201) from MySkinRecipes,methyl propyl disulfide,2179-60-4,DATA_GAP_MANUAL_CHECK,Methyl propyl disulfide,2179-60-4,https://pubchem.ncbi.nlm.nih.gov/compound/16592,57.8429,FALSE,,,,
32392,MySkinRecipes,Pyrrole (FEMA 3386) from MySkinRecipes,pyrrole,109-97-7,DATA_GAP_MANUAL_CHECK,Pyrrole,109-97-7,https://pubchem.ncbi.nlm.nih.gov/compound/8027,4.8043,FALSE,,,,
8010,MySkinRecipes,Trans-2-Cis-6-Nonadienol from MySkinRecipes,trans-2-cis-6-nonadienol,557-48-2,VERIFIED,trans,557-48-2,https://pubchem.ncbi.nlm.nih.gov/compound/90457052,52.2343,FALSE,,,,
2598,MySkinRecipes,Gamma-Undecalactone (C-14) from MySkinRecipes,gamma-undecalactone,104-67-6,DATA_GAP_MANUAL_CHECK,Gamma-undecalactone,104-67-6,https://pubchem.ncbi.nlm.nih.gov/compound/7714,1.3274,FALSE,,,,
33827,MySkinRecipes,Isolongifolene from MySkinRecipes,isolongifolene,1135-66-6,DATA_GAP_MANUAL_CHECK,Isolongifolene,1135-66-6,https://pubchem.ncbi.nlm.nih.gov/compound/11127402,1.2703,FALSE,,,,
32463,MySkinRecipes,Allyl methyl disulfide (FEMA 3127) from MySkinRecipes,allyl methyl disulfide,2179-58-0,DATA_GAP_MANUAL_CHECK,Allyl methyl disulfide,2179-58-0,https://pubchem.ncbi.nlm.nih.gov/compound/62434,60.6929,FALSE,,,,
32452,MySkinRecipes,2-Acetyl Thiophene from MySkinRecipes,2-acetyl thiophene,88-15-3,DATA_GAP_MANUAL_CHECK,2-Acetylthiophene,88-15-3,https://pubchem.ncbi.nlm.nih.gov/compound/6920,1.8464,FALSE,,,,
2599,MySkinRecipes,Raspberry Ketone Methyl Ether from MySkinRecipes,raspberry ketone methyl ether,104-20-1,DATA_GAP_MANUAL_CHECK,Anisylacetone,104-20-1,https://pubchem.ncbi.nlm.nih.gov/compound/61007,2.5529,FALSE,,,,
32464,MySkinRecipes,Allyl propyl disulfide (FEMA 4073) from MySkinRecipes,allyl propyl disulfide,2179-59-1,DATA_GAP_MANUAL_CHECK,Allyl propyl disulfide,2179-59-1,https://pubchem.ncbi.nlm.nih.gov/compound/16591,3.6929,FALSE,,,,
32451,MySkinRecipes,3-Acetyl Pyridine (FEMA 3424) from MySkinRecipes,3-acetyl pyridine,350-03-8,DATA_GAP_MANUAL_CHECK,3-Acetylpyridine,350-03-8,https://pubchem.ncbi.nlm.nih.gov/compound/9589,3.6929,FALSE,,,,
3301,MySkinRecipes,Cinnamyl Isobutyrate (FEMA 2297) from MySkinRecipes,cinnamyl isobutyrate,103-59-3,DATA_GAP_MANUAL_CHECK,Cinnamyl isobutyrate,103-59-3,https://pubchem.ncbi.nlm.nih.gov/compound/5355851,2.7809,FALSE,,,,
2649,MySkinRecipes,Hydratopic Aldehyde from MySkinRecipes,hydratopic aldehyde,,VERIFIED,,,,10.6640,FALSE,,,,
32477,MySkinRecipes,Dimethyl Disulfide (FEMA 3536) from MySkinRecipes,dimethyl disulfide,624-92-0,DATA_GAP_MANUAL_CHECK,Dimethyl Disulfide,624-92-0,https://pubchem.ncbi.nlm.nih.gov/compound/12232,2.7809,FALSE,,,,
32465,MySkinRecipes,Benzyl methyl disulfide (FEMA 3504) from MySkinRecipes,benzyl methyl disulfide,699-10-5,DATA_GAP_MANUAL_CHECK,Benzyl methyl disulfide,699-10-5,https://pubchem.ncbi.nlm.nih.gov/compound/12779,3.6929,FALSE,,,,
3342,MySkinRecipes,Phenyl Propyl Aldehyde (FEMA 2887) from MySkinRecipes,phenyl propyl aldehyde,104-53-0,DATA_GAP_MANUAL_CHECK,Benzenepropanal,104-53-0,https://pubchem.ncbi.nlm.nih.gov/compound/7707,7.0843,FALSE,,,,
3302,MySkinRecipes,Phenethyl Butyrate (FEMA 2861) from MySkinRecipes,phenethyl butyrate,103-52-6,DATA_GAP_MANUAL_CHECK,Phenethyl butyrate,103-52-6,https://pubchem.ncbi.nlm.nih.gov/compound/7658,1.4214,FALSE,,,,
32487,MySkinRecipes,Trithioacetone (FEMA 3475) from MySkinRecipes,trithioacetone,828-26-2,DATA_GAP_MANUAL_CHECK,Trithioacetone,828-26-2,https://pubchem.ncbi.nlm.nih.gov/compound/13233,20.7929,FALSE,,,,
32466,MySkinRecipes,Allyl mercaptan (FEMA 2035) 75% from MySkinRecipes,allyl mercaptan,870-23-5,DATA_GAP_MANUAL_CHECK,Allyl Mercaptan,870-23-5,https://pubchem.ncbi.nlm.nih.gov/compound/13367,43.1080,TRUE,Allyl mercaptan (FEMA 2035) from MySkinRecipes,,75.00,
3343,MySkinRecipes,Adoxal (Andrane) from MySkinRecipes,adoxal,141-13-9,VERIFIED_MATCH,"2,6,10-Trimethyl-9-undecenal",141-13-9,https://pubchem.ncbi.nlm.nih.gov/compound/98403,9.8346,FALSE,,,,
3303,MySkinRecipes,Triacetin Glycerol Triacetate (FEMA 2007) from MySkinRecipes,triacetin glycerol triacetate,102-76-1,DATA_GAP_MANUAL_CHECK,Triacetin,102-76-1,https://pubchem.ncbi.nlm.nih.gov/compound/5541,1.0137,FALSE,,,,
32467,MySkinRecipes,Ethyl thioacetate (FEMA 3282) from MySkinRecipes,ethyl thioacetate,625-60-5,DATA_GAP_MANUAL_CHECK,S-Ethyl thiolacetate,625-60-5,https://pubchem.ncbi.nlm.nih.gov/compound/61171,15.0929,FALSE,,,,
32447,MySkinRecipes,25-Dimethyl Furan (FEMA 4106) from MySkinRecipes,25-dimethyl furan,625-86-5,DATA_GAP_MANUAL_CHECK,"2,5-Dimethylfuran",625-86-5,https://pubchem.ncbi.nlm.nih.gov/compound/12266,5.1180,FALSE,,,,
3769,MySkinRecipes,Cis-Galbanum Oxathiane Oxane (FEMA 3578) from MySkinRecipes,cis-galbanum oxathiane oxane,59323-76-1,DATA_GAP_MANUAL_CHECK,"(2R,4S)-2-methyl-4-propyl-1,3-oxathiane",59323-76-1,https://pubchem.ncbi.nlm.nih.gov/compound/6931725,10.6871,FALSE,,,,
3304,MySkinRecipes,Benzaldehyde (FEMA 2127) from MySkinRecipes,benzaldehyde,100-52-7,VERIFIED_MATCH,Benzaldehyde,100-52-7,https://pubchem.ncbi.nlm.nih.gov/compound/240,1.3560,FALSE,,,,
32496,MySkinRecipes,Allyl Isothiocyanate (FEMA 2034) from MySkinRecipes,allyl isothiocyanate,57-06-7,DATA_GAP_MANUAL_CHECK,Allyl Isothiocyanate,57-06-7,https://pubchem.ncbi.nlm.nih.gov/compound/5971,6.5429,FALSE,,,,
32470,MySkinRecipes,S-Methyl thiofuroate (FEMA 3311) from MySkinRecipes,s-methyl thiofuroate,13679-61-3,DATA_GAP_MANUAL_CHECK,Methyl 2-thiofuroate,13679-61-3,https://pubchem.ncbi.nlm.nih.gov/compound/61662,17.9429,FALSE,,,,
3579,MySkinRecipes,Hyacinth Butanal (Trifernal) from MySkinRecipes,hyacinth butanal,16251-77-7,DATA_GAP_MANUAL_CHECK,3-Phenylbutanal,16251-77-7,https://pubchem.ncbi.nlm.nih.gov/compound/85979,3.6929,FALSE,,,,
32472,MySkinRecipes,23-Butanedithiol (FEMA 3477) from MySkinRecipes,23-butanedithiol,590-86-3,DATA_GAP_MANUAL_CHECK,3-Methylbutanal,590-86-3,https://pubchem.ncbi.nlm.nih.gov/compound/11552,45.3029,FALSE,,,,
32455,MySkinRecipes,25-Hexanedione from MySkinRecipes,25-hexanedione,110-13-4,DATA_GAP_MANUAL_CHECK,"2,5-Hexanedione",110-13-4,https://pubchem.ncbi.nlm.nih.gov/compound/8035,3.6929,FALSE,,,,
3652,MySkinRecipes,Farnesyl Acetate from MySkinRecipes,farnesyl acetate,29548-30-9,DATA_GAP_MANUAL_CHECK,Farnesyl acetate,29548-30-9,https://pubchem.ncbi.nlm.nih.gov/compound/94403,643.6429,FALSE,,,,
3306,MySkinRecipes,Apple Ketal (Fructone) from MySkinRecipes,apple ketal,6413-10-1,DATA_GAP_MANUAL_CHECK,Ethyl acetoacetate ethyleneglycol ketal,6413-10-1,https://pubchem.ncbi.nlm.nih.gov/compound/80865,1.1849,FALSE,,,,
32473,MySkinRecipes,3-Mercapto-2-Butanone (FEMA 3298) from MySkinRecipes,3-mercapto-2-butanone,40789-98-8,DATA_GAP_MANUAL_CHECK,3-Mercapto-2-butanone,40789-98-8,https://pubchem.ncbi.nlm.nih.gov/compound/38679,5.6880,FALSE,,,,
3654,MySkinRecipes,Hyacinth Acetals from MySkinRecipes,hyacinth acetals,29895-73-6,DATA_GAP_MANUAL_CHECK,"2-(Phenylmethyl)-1,3-dioxolane-4-methanol",29895-73-6,https://pubchem.ncbi.nlm.nih.gov/compound/21895,5.9729,FALSE,,,,
3572,MySkinRecipes,Filbert Pyrazine from MySkinRecipes,filbert pyrazine,15707-23-0,DATA_GAP_MANUAL_CHECK,2-Ethyl-3-Methylpyrazine,15707-23-0,https://pubchem.ncbi.nlm.nih.gov/compound/27457,9.1080,FALSE,,,,
3307,MySkinRecipes,Gamma Dodecalactone (FEMA 2400) from MySkinRecipes,gamma dodecalactone,2305-05-7,VERIFIED_MATCH,Gamma-Dodecalactone,2305-05-7,https://pubchem.ncbi.nlm.nih.gov/compound/16821,9.0794,FALSE,,,,
32474,MySkinRecipes,2-Mercapto-3-Butanol (FEMA 3502) from MySkinRecipes,2-mercapto-3-butanol,37887-04-0,DATA_GAP_MANUAL_CHECK,"rel-(2R,3S)-3-Mercapto-2-butanol",37887-04-0,https://pubchem.ncbi.nlm.nih.gov/compound/641834,13.0980,FALSE,,,,
32393,MySkinRecipes,5-Methyl-2-Acetyl Furan (FEMA 3609) from MySkinRecipes,5-methyl-2-acetyl furan,1193-79-9,DATA_GAP_MANUAL_CHECK,"4-Hydroxy-4-methyl decenoic acid gamma lactone, (7Z)-",1193-79-9,https://pubchem.ncbi.nlm.nih.gov/compound/11332852,3.6929,FALSE,,,,
3475,MySkinRecipes,Diphenyl Methane from MySkinRecipes,diphenyl methane,101-81-5,DATA_GAP_MANUAL_CHECK,Diphenylmethane,101-81-5,https://pubchem.ncbi.nlm.nih.gov/compound/7580,2.2680,FALSE,,,,
3308,MySkinRecipes,"Melon Heptenal-2,6-Dimethyl-5-Heptenal (FEMA 2389) from MySkinRecipes","melon heptenal-2,6-dimethyl-5-heptenal",106-72-9,DATA_GAP_MANUAL_CHECK,"(+-)-2,6-Dimethyl-5-heptenal",106-72-9,https://pubchem.ncbi.nlm.nih.gov/compound/61016,2.8380,FALSE,,,,
32481,MySkinRecipes,"3,5-Dimethyl-2-Hydroxy-2-Cyclopentenyl-1-one (FEMA 3269) from MySkinRecipes","3,5-dimethyl-2-hydroxy-2-cyclopentenyl-1-one",13494-07-0,DATA_GAP_MANUAL_CHECK,"3,5-Dimethyl-1,2-cyclopentanedione",13494-07-0,https://pubchem.ncbi.nlm.nih.gov/compound/61634,3.6929,FALSE,,,,
32431,MySkinRecipes,Difurfuryl Disulfide (FEMA 3146) from MySkinRecipes,difurfuryl disulfide,4437-20-1,DATA_GAP_MANUAL_CHECK,"2,2'-(Dithiodimethylene)difuran",4437-20-1,https://pubchem.ncbi.nlm.nih.gov/compound/20499,2.5529,FALSE,,,,
3827,MySkinRecipes,"Ivy Dioxolane, Glycolierral from MySkinRecipes","ivy dioxolane, glycolierral",68901-32-6,DATA_GAP_MANUAL_CHECK,"1,3-Dioxolane, 2-[6-methyl-8-(1-methylethyl)bicyclo[2.2.2]oct-5-en-2-yl]-",68901-32-6,https://pubchem.ncbi.nlm.nih.gov/compound/111418,0.0005,FALSE,,,,
3309,MySkinRecipes,Ethyl Isovalerate (FEMA 2463) from MySkinRecipes,ethyl isovalerate,108-64-5,VERIFIED_MATCH,Ethyl isovalerate,108-64-5,https://pubchem.ncbi.nlm.nih.gov/compound/7945,1.2134,FALSE,,,,
32391,MySkinRecipes,Pyrazine (FEMA 4015) from MySkinRecipes,pyrazine,290-37-9,DATA_GAP_MANUAL_CHECK,,290-37-9,https://pubchem.ncbi.nlm.nih.gov/compound/9261,7.6814,FALSE,,,,
3581,MySkinRecipes,Galbanum Decatriene (FEMA 3795) from MySkinRecipes,galbanum decatriene,16356-11-9,DATA_GAP_MANUAL_CHECK,,16356-11-9,,57.5580,FALSE,,,,
3310,MySkinRecipes,Methyl Anthranilate (FEMA 2682) from MySkinRecipes,methyl anthranilate,134-20-3,VERIFIED_MATCH,Methyl Anthranilate,134-20-3,https://pubchem.ncbi.nlm.nih.gov/compound/8635,1.3274,FALSE,,,,
32483,MySkinRecipes,Ethyl 2-Methylsulfanylacetate (FEMA 3835) from MySkinRecipes,ethyl 2-methylsulfanylacetate,4455-13-4,DATA_GAP_MANUAL_CHECK,,4455-13-4,,7.1129,FALSE,,,,
32396,MySkinRecipes,23-Diethyl-5-Methylpyrazine (FEMA 3336) from MySkinRecipes,23-diethyl-5-methylpyrazine,18138-04-0,DATA_GAP_MANUAL_CHECK,,18138-04-0,,26.4929,FALSE,,,,
4072,MySkinRecipes,Cassis Base from MySkinRecipes,cassis,,VERIFIED,,,,3.6274,FALSE,,,,
3311,MySkinRecipes,Isoamyl Acetate (FEMA 2055) from MySkinRecipes,isoamyl acetate,123-92-2,VERIFIED_MATCH,Isoamyl Acetate,123-92-2,https://pubchem.ncbi.nlm.nih.gov/compound/31276,1.0994,FALSE,,,,
33773,MySkinRecipes,Citral Diethyl Acetal (FEMA 2304) from MySkinRecipes,citral diethyl acetal,7492-66-2,DATA_GAP_MANUAL_CHECK,,7492-66-2,,2.6526,FALSE,,,,
32490,MySkinRecipes,4-Methyl-4-Methylthio-2-Pentanone (FEMA 3376) from MySkinRecipes,4-methyl-4-methylthio-2-pentanone,23550-40-5,DATA_GAP_MANUAL_CHECK,,23550-40-5,,3.6929,FALSE,,,,
32485,MySkinRecipes,3-Methyl-2-Butanethiol (FEMA 3304) from MySkinRecipes,3-methyl-2-butanethiol,2084-18-6,DATA_GAP_MANUAL_CHECK,,2084-18-6,,26.4929,FALSE,,,,
3312,MySkinRecipes,Butyl Acetate (FEMA 2174) from MySkinRecipes,butyl acetate,123-86-4,DATA_GAP_MANUAL_CHECK,,123-86-4,,1.0994,FALSE,,,,
32491,MySkinRecipes,Furfuryl Propionate (FEMA 3346) from MySkinRecipes,furfuryl propionate,623-19-8,DATA_GAP_MANUAL_CHECK,,623-19-8,,3.6929,FALSE,,,,
32489,MySkinRecipes,4-Methyl-4-Mercapto-2-Pentanone (FEMA 3997) from MySkinRecipes,4-methyl-4-mercapto-2-pentanone,19872-52-7,DATA_GAP_MANUAL_CHECK,,19872-52-7,,17.9429,FALSE,,,,
3313,MySkinRecipes,Allyl Hexanoate Allyl Caproate (FEMA 2032) from MySkinRecipes,allyl hexanoate allyl caproate,123-68-2,DATA_GAP_MANUAL_CHECK,,123-68-2,,1.1394,FALSE,,,,
32492,MySkinRecipes,4-Methyl-4-Furfurylthio-2-Pentanone (FEMA 3840) from MySkinRecipes,4-methyl-4-furfurylthio-2-pentanone,180031-78-1,DATA_GAP_MANUAL_CHECK,,180031-78-1,,16.5180,FALSE,,,,
32430,MySkinRecipes,2-Methyl-3-Methylthio Furan (FEMA 3949) from MySkinRecipes,2-methyl-3-methylthio furan,63012-97-5,DATA_GAP_MANUAL_CHECK,,63012-97-5,,20.7929,FALSE,,,,
3314,MySkinRecipes,Ethyl Hexanoate Ethyl Caproate (FEMA 2439) from MySkinRecipes,ethyl hexanoate ethyl caproate,123-66-0,DATA_GAP_MANUAL_CHECK,,123-66-0,,1.2134,FALSE,,,,
32495,MySkinRecipes,Ethyl Thiopropionate from MySkinRecipes,ethyl thiopropionate,2432-42-0,DATA_GAP_MANUAL_CHECK,,2432-42-0,,43.5929,FALSE,,,,
32432,MySkinRecipes,Difurfuryl Sulfide (FEMA 3238) from MySkinRecipes,difurfuryl sulfide,13678-67-6,DATA_GAP_MANUAL_CHECK,,13678-67-6,,9.3929,FALSE,,,,
3315,MySkinRecipes,Isoamyl Alcohol from MySkinRecipes,isoamyl alcohol,123-51-3,DATA_GAP_MANUAL_CHECK,,123-51-3,,1.3703,FALSE,,,,
32500,MySkinRecipes,3-Methylthio Propyl Acetate (FEMA 3883) from MySkinRecipes,3-methylthio propyl acetate,16630-55-0,DATA_GAP_MANUAL_CHECK,,16630-55-0,,29.3429,FALSE,,,,
32480,MySkinRecipes,Ethyl 2-Mercaptopropionate Ethyl-2-Sulfanylpropanoate (FEMA 3279) from MySkinRecipes,ethyl 2-mercaptopropionate ethyl-2-sulfanylpropanoate,19788-49-9,VERIFIED,,19788-49-9,,23.6429,FALSE,,,,
3316,MySkinRecipes,Propionaldehyde (FEMA 2923) from MySkinRecipes,propionaldehyde,123-38-6,DATA_GAP_MANUAL_CHECK,,123-38-6,,1.2134,FALSE,,,,
32503,MySkinRecipes,Methyl Thioacetate (FEMA 3876) from MySkinRecipes,methyl thioacetate,1534-08-3,DATA_GAP_MANUAL_CHECK,,1534-08-3,,26.4929,FALSE,,,,
32469,MySkinRecipes,Furfuryl thiopropionate (FEMA 3347) from MySkinRecipes,furfuryl thiopropionate,59020-85-8,DATA_GAP_MANUAL_CHECK,,59020-85-8,,12.8129,FALSE,,,,
3317,MySkinRecipes,Diethyl Succinate (FEMA 2377) from MySkinRecipes,diethyl succinate,123-25-1,DATA_GAP_MANUAL_CHECK,,123-25-1,,1.3274,FALSE,,,,
32400,MySkinRecipes,2-Methyl-35-6-Furfurylthio Pyrazine (FEMA 3189) from MySkinRecipes,2-methyl-35-6-furfurylthio pyrazine,65530-53-2,DATA_GAP_MANUAL_CHECK,,65530-53-2,,15.0929,FALSE,,,,
3467,MySkinRecipes,"2,4-Nonadienal (FEMA 3212) from MySkinRecipes","2,4-nonadienal",6750-03-4,DATA_GAP_MANUAL_CHECK,,6750-03-4,,1.0000,FALSE,,,,
3318,MySkinRecipes,Benzyl Propionate (FEMA 2150) from MySkinRecipes,benzyl propionate,122-63-4,VERIFIED_MATCH,Benzyl propionate,122-63-4,https://pubchem.ncbi.nlm.nih.gov/compound/31219,0.2330,FALSE,,,,
32468,MySkinRecipes,S-Furfuryl thioformate (FEMA 3158) from MySkinRecipes,s-furfuryl thioformate,59020-90-5,DATA_GAP_MANUAL_CHECK,,59020-90-5,,40.7429,FALSE,,,,
3319,MySkinRecipes,Prenyl Acetate from MySkinRecipes,prenyl acetate,1191-16-8,VERIFIED_MATCH,Prenyl acetate,1191-16-8,https://pubchem.ncbi.nlm.nih.gov/compound/14489,1.6369,FALSE,,,,
33648,MySkinRecipes,Ethyl (E)-2-Hexenoate from MySkinRecipes,ethyl (e)-2-hexenoate,27829-72-7,DATA_GAP_MANUAL_CHECK,,27829-72-7,,13.3543,FALSE,,,,
32510,MySkinRecipes,5(6) Decenoic Acid (FEMA 3742) from MySkinRecipes,5,4437-51-8,DATA_GAP_MANUAL_CHECK,"4-Hydroxy-4-methyl decenoic acid gamma lactone, (7Z)-",4437-51-8,https://pubchem.ncbi.nlm.nih.gov/compound/11332852,3.6929,FALSE,,,,
32450,MySkinRecipes,N Furfuryl Pyrrole (FEMA 3284) from MySkinRecipes,n furfuryl pyrrole,1438-94-4,DATA_GAP_MANUAL_CHECK,,1438-94-4,,44.7329,FALSE,,,,
3320,MySkinRecipes,2-Methyl Butyric Acid (FEMA 2695) from MySkinRecipes,2-methyl butyric acid,116-53-0,DATA_GAP_MANUAL_CHECK,,116-53-0,,1.3360,FALSE,,,,
33695,MySkinRecipes,Hexyl 2-methylbutanoate (FEMA-3499) from MySkinRecipes,hexyl 2-methylbutanoate,10032-15-2,DATA_GAP_MANUAL_CHECK,,10032-15-2,,2.1397,FALSE,,,,
32511,MySkinRecipes,4-Acetoxy-25-Dimethyl-32h Furanone (FEMA 3797) from MySkinRecipes,4-acetoxy-25-dimethyl-32h furanone,4166-20-5,DATA_GAP_MANUAL_CHECK,,4166-20-5,,3.6929,FALSE,,,,
32433,MySkinRecipes,Furfuryl Methyl Sulfide (FEMA 3160) from MySkinRecipes,furfuryl methyl sulfide,1438-91-1,DATA_GAP_MANUAL_CHECK,,1438-91-1,,7.9680,FALSE,,,,
3321,MySkinRecipes,1-Hexanol from MySkinRecipes,1-hexanol,111-27-3,DATA_GAP_MANUAL_CHECK,,111-27-3,,6.2894,FALSE,,,,
33828,MySkinRecipes,"2,6-Dimethylpyrazine (FEMA 3273) from MySkinRecipes","2,6-dimethylpyrazine",108-50-9,DATA_GAP_MANUAL_CHECK,,108-50-9,,8.6946,FALSE,,,,
32512,MySkinRecipes,"3,5-Dimethyl-12-Cyclopentanedione (FEMA 3269) from MySkinRecipes","3,5-dimethyl-12-cyclopentanedione",13494-07-0,DATA_GAP_MANUAL_CHECK,,13494-07-0,,57.6857,FALSE,,,,
3582,MySkinRecipes,Potato Butyraldehyde (FEMA 3374) from MySkinRecipes,potato butyraldehyde,16630-52-7,DATA_GAP_MANUAL_CHECK,,16630-52-7,,40.6286,FALSE,,,,
3322,MySkinRecipes,Isobutyl Acetate (FEMA 2175) from MySkinRecipes,isobutyl acetate,110-19-0,DATA_GAP_MANUAL_CHECK,,110-19-0,,1.0366,FALSE,,,,
32513,MySkinRecipes,25-Dimethyl-4-Methoxy-32hfuranone (FEMA 3664) from MySkinRecipes,25-dimethyl-4-methoxy-32hfuranone,4077-47-8,DATA_GAP_MANUAL_CHECK,,4077-47-8,,25.0680,FALSE,,,,
32397,MySkinRecipes,2-Methyl-35-6-Methoxy Pyrazine (FEMA 3183) from MySkinRecipes,2-methyl-35-6-methoxy pyrazine,2847-30-5,DATA_GAP_MANUAL_CHECK,,2847-30-5,,10.2480,FALSE,,,,
3801,MySkinRecipes,"Ivy Carbaldehyde Mixture Of-24--3,5-And-3,6-Dimethyl-3-Cyclohexenylcarbaldehyde from MySkinRecipes","ivy carbaldehyde mixture of-24--3,5-and-3,6-dimethyl-3-cyclohexenylcarbaldehyde",,VERIFIED,,,,1.0000,FALSE,,,,
3323,MySkinRecipes,Ethyl Formate (FEMA 2434) from MySkinRecipes,ethyl formate,109-94-4,DATA_GAP_MANUAL_CHECK,,109-94-4,,1.2134,FALSE,,,,
253058,MySkinRecipes,whitecare™ Turmeric Extract-3x Curcumin Water Dispersible from MySkinRecipes,whitecare turmeric extract-3x curcumin water dispersible,,NATURAL_MIXTURE,,,,2.1357,FALSE,,,,
32402,MySkinRecipes,2-Methoxy Pyrazine (FEMA 3302) from MySkinRecipes,2-methoxy pyrazine,3149-28-8,DATA_GAP_MANUAL_CHECK,,3149-28-8,,10.2480,FALSE,,,,
3324,MySkinRecipes,Butyl Butyrate (FEMA 2186) from MySkinRecipes,butyl butyrate,109-21-7,VERIFIED_MATCH,Butyl butyrate,109-21-7,https://pubchem.ncbi.nlm.nih.gov/compound/7983,1.7834,FALSE,,,,
32408,MySkinRecipes,2-Methoxy-3-Isopropyl Pyrazine (FEMA 3358) from MySkinRecipes,2-methoxy-3-isopropyl pyrazine,93905-03-4,DATA_GAP_MANUAL_CHECK,,93905-03-4,,35.0429,FALSE,,,,
3325,MySkinRecipes,Geranyl Isovalerate (FEMA 2518) from MySkinRecipes,geranyl isovalerate,109-20-6,DATA_GAP_MANUAL_CHECK,,109-20-6,,2.7809,FALSE,,,,
32518,MySkinRecipes,Ethyl Dehydrocyclogeranate from MySkinRecipes,ethyl dehydrocyclogeranate,35044-57-6,DATA_GAP_MANUAL_CHECK,,35044-57-6,,3.6929,FALSE,,,,
32497,MySkinRecipes,Benzyl Methyl Sulfide (FEMA 3597) from MySkinRecipes,benzyl methyl sulfide,766-92-7,DATA_GAP_MANUAL_CHECK,,766-92-7,,26.4929,FALSE,,,,
3326,MySkinRecipes,Butyl Isovalerate (FEMA 2218) from MySkinRecipes,butyl isovalerate,109-19-3,VERIFIED_MATCH,Butyl isovalerate,109-19-3,https://pubchem.ncbi.nlm.nih.gov/compound/7981,1.5640,FALSE,,,,
3632,MySkinRecipes,2-Octenal (FEMA 3215) from MySkinRecipes,2-octenal,2548-87-0,DATA_GAP_MANUAL_CHECK,,2548-87-0,,1.0000,FALSE,,,,
33650,MySkinRecipes,Furan-2-Ylmethyl Acetate (FEMA 2490) from MySkinRecipes,furan-2-ylmethyl acetate,623-17-6,DATA_GAP_MANUAL_CHECK,,623-17-6,,2.0969,FALSE,,,,
33634,MySkinRecipes,4-223-Trimethylcyclopentylbutanoic Acid (FEMA 4529) from MySkinRecipes,4-223-trimethylcyclopentylbutanoic acid,626-82-4,DATA_GAP_MANUAL_CHECK,,626-82-4,,1.4129,FALSE,,,,
33636,MySkinRecipes,(Z)-Hex-3-Enyl-2-Methylbutanoate (FEMA 3497) from MySkinRecipes,,53398-85-9,DATA_GAP_MANUAL_CHECK,,53398-85-9,,7.0560,FALSE,,,,
32459,MySkinRecipes,Dibutyl Sulfide (FEMA 2215) from MySkinRecipes,dibutyl sulfide,544-40-1,DATA_GAP_MANUAL_CHECK,,544-40-1,,3.9780,FALSE,,,,
3329,MySkinRecipes,Berry Hexanoate (Berryflor) from MySkinRecipes,berry hexanoate,104986-28-9,VERIFIED_MATCH,Ethyl 6-acetoxyhexanoate,104986-28-9,https://pubchem.ncbi.nlm.nih.gov/compound/113640,13.3709,FALSE,,,,
33637,MySkinRecipes,Hexyl Benzoate (FEMA 3691) from MySkinRecipes,hexyl benzoate,6789-88-4,DATA_GAP_MANUAL_CHECK,,6789-88-4,,1.3703,FALSE,,,,
32449,MySkinRecipes,N Ethyl-2-Acetyl Pyrrole (FEMA 3147) from MySkinRecipes,n ethyl-2-acetyl pyrrole,39741-41-8,DATA_GAP_MANUAL_CHECK,,39741-41-8,,17.8574,FALSE,,,,
3330,MySkinRecipes,Cassiffix from MySkinRecipes,cassiffix,139539-66-5,DATA_GAP_MANUAL_CHECK,,139539-66-5,,25.9240,FALSE,,,,
33638,MySkinRecipes,Ethylhexyl Salicylate from MySkinRecipes,ethylhexyl salicylate,118-60-5,DATA_GAP_MANUAL_CHECK,,118-60-5,,1.1137,FALSE,,,,
32416,MySkinRecipes,"4,5-Dimethyl Thiazole (FEMA 3274) from MySkinRecipes","4,5-dimethyl thiazole",3581-91-7,DATA_GAP_MANUAL_CHECK,,3581-91-7,,15.0929,FALSE,,,,
3331,MySkinRecipes,Tuberose Acetate (Cyclopidene) from MySkinRecipes,tuberose acetate,40203-73-4,DATA_GAP_MANUAL_CHECK,,40203-73-4,,18.4626,FALSE,,,,
33641,MySkinRecipes,Methyl 3-Methyl Thio Propionate (FEMA 2720) from MySkinRecipes,methyl 3-methyl thio propionate,13532-18-8,DATA_GAP_MANUAL_CHECK,,13532-18-8,,1.8403,FALSE,,,,
32417,MySkinRecipes,"2,4,5-Trimethyl Thiazole (FEMA 3325) from MySkinRecipes","2,4,5-trimethyl thiazole",13623-11-5,DATA_GAP_MANUAL_CHECK,,13623-11-5,,15.0929,FALSE,,,,
3332,MySkinRecipes,Fig Crotonate (Datilat) from MySkinRecipes,fig crotonate,68039-69-0,DATA_GAP_MANUAL_CHECK,,68039-69-0,,11.4823,FALSE,,,,
33645,MySkinRecipes,4-Methyl-5-pentyloxolan-2-one from MySkinRecipes,4-methyl-5-pentyloxolan-2-one,3239-35-8,DATA_GAP_MANUAL_CHECK,,3239-35-8,,91.4871,FALSE,,,,
32421,MySkinRecipes,4-Methyl-5-Vinyl Thiazole (FEMA 3313) from MySkinRecipes,4-methyl-5-vinyl thiazole,1759-28-0,DATA_GAP_MANUAL_CHECK,,1759-28-0,,2.5633,FALSE,,,,
3333,MySkinRecipes,Paradisamide from MySkinRecipes,paradisamide,406488-30-0,VERIFIED_MATCH,"Butanamide, 2-ethyl-N-methyl-N-(3-methylphenyl)-",406488-30-0,https://pubchem.ncbi.nlm.nih.gov/compound/57495095,12.8820,FALSE,,,,
33646,MySkinRecipes,3-Methylbutyl Propanoate (FEMA 2082) from MySkinRecipes,3-methylbutyl propanoate,105-68-0,DATA_GAP_MANUAL_CHECK,,105-68-0,,1.1137,FALSE,,,,
32420,MySkinRecipes,4-Methyl-5-Thiozoleethanol Acetate (FEMA 3205) from MySkinRecipes,4-methyl-5-thiozoleethanol acetate,656-53-1,DATA_GAP_MANUAL_CHECK,,656-53-1,,9.3929,FALSE,,,,
33651,MySkinRecipes,4-Methylpent-4-en-2-yl Isobutyrate from MySkinRecipes,4-methylpent-4-en-2-yl isobutyrate,80118-06-5,DATA_GAP_MANUAL_CHECK,,80118-06-5,,10.2623,FALSE,,,,
32414,MySkinRecipes,2-Ethyl-4-Methyl Thiazole (FEMA 3680) from MySkinRecipes,2-ethyl-4-methyl thiazole,15679-12-6,DATA_GAP_MANUAL_CHECK,,15679-12-6,,8.2529,FALSE,,,,
3335,MySkinRecipes,Pharaone 10% from MySkinRecipes,pharaone,313973-37-4,DATA_GAP_MANUAL_CHECK,,313973-37-4,,5.8469,TRUE,Pharaone from MySkinRecipes,,10.00,
33652,MySkinRecipes,2-Methylbutyl-2-Methylbutanoate (FEMA 3359) from MySkinRecipes,2-methylbutyl-2-methylbutanoate,2445-78-5,DATA_GAP_MANUAL_CHECK,,2445-78-5,,1.9260,FALSE,,,,
32411,MySkinRecipes,5-Methyl Quinoxaline (FEMA 3203) from MySkinRecipes,5-methyl quinoxaline,13708-12-8,DATA_GAP_MANUAL_CHECK,"4-Hydroxy-4-methyl decenoic acid gamma lactone, (7Z)-",13708-12-8,https://pubchem.ncbi.nlm.nih.gov/compound/11332852,23.6429,FALSE,,,,
3336,MySkinRecipes,Fleuramone from MySkinRecipes,fleuramone,137-03-1,DATA_GAP_MANUAL_CHECK,,137-03-1,,12.8194,FALSE,,,,
32407,MySkinRecipes,2-Isobutyl-3-Methyl Pyrazine (FEMA 3133) from MySkinRecipes,2-isobutyl-3-methyl pyrazine,13925-06-9,DATA_GAP_MANUAL_CHECK,,13925-06-9,,22.2180,FALSE,,,,
3337,MySkinRecipes,Fruity Butanate Nectarate from MySkinRecipes,fruity butanate nectarate,113889-23-9,DATA_GAP_MANUAL_CHECK,,113889-23-9,,9.3994,FALSE,,,,
33654,MySkinRecipes,Methyl Myristate (FEMA 2722) from MySkinRecipes,methyl myristate,124-10-7,DATA_GAP_MANUAL_CHECK,,124-10-7,,1.3703,FALSE,,,,
32405,MySkinRecipes,2-Methyl-5-Ethyl Pyrazine (FEMA 3154) from MySkinRecipes,2-methyl-5-ethyl pyrazine,13360-64-0,DATA_GAP_MANUAL_CHECK,,13360-64-0,,9.3929,FALSE,,,,
3338,MySkinRecipes,Ethyl 10-undecenoate from MySkinRecipes,ethyl 10-undecenoate,692-86-4,DATA_GAP_MANUAL_CHECK,,692-86-4,,2.4487,FALSE,,,,
33660,MySkinRecipes,Propyl Propanoate (FEMA 2958) from MySkinRecipes,propyl propanoate,106-36-5,DATA_GAP_MANUAL_CHECK,,106-36-5,,1.8831,FALSE,,,,
32401,MySkinRecipes,2-Ethyl Pyrazine (FEMA 3281) from MySkinRecipes,2-ethyl pyrazine,13925-00-3,DATA_GAP_MANUAL_CHECK,,13925-00-3,,10.8180,FALSE,,,,
33661,MySkinRecipes,(E)-2-Hexen-1-yl Acetate (FEMA 2564) from MySkinRecipes,,2497-18-9,DATA_GAP_MANUAL_CHECK,,2497-18-9,,3.0374,FALSE,,,,
32398,MySkinRecipes,2-Methyl-35-6-Ethoxy Pyrazine (FEMA 3569) from MySkinRecipes,2-methyl-35-6-ethoxy pyrazine,32737-14-7,DATA_GAP_MANUAL_CHECK,,32737-14-7,,256.9297,FALSE,,,,
33677,MySkinRecipes,Ethyl Trans-2-Butenoate (FEMA 3486) from MySkinRecipes,ethyl trans-2-butenoate,623-70-1,DATA_GAP_MANUAL_CHECK,,623-70-1,,6.3434,FALSE,,,,
33662,MySkinRecipes,Iris Pallida Rhizome Tincture (FEMA 2829) from MySkinRecipes,iris pallida rhizome tincture,8002-73-1,DATA_GAP_MANUAL_CHECK,,8002-73-1,,103.4571,FALSE,,,,
33663,MySkinRecipes,Propyl Acetate (FEMA 2925) from MySkinRecipes,propyl acetate,109-60-4,DATA_GAP_MANUAL_CHECK,,109-60-4,,3.6929,FALSE,,,,
32471,MySkinRecipes,Methyl thiobutyrate (FEMA 3310) from MySkinRecipes,methyl thiobutyrate,2432-51-1,DATA_GAP_MANUAL_CHECK,,2432-51-1,,12.2429,FALSE,,,,
33665,MySkinRecipes,Ethyl 4-Oxopentanoate (FEMA 2442) from MySkinRecipes,ethyl 4-oxopentanoate,539-88-8,DATA_GAP_MANUAL_CHECK,,539-88-8,,1.4129,FALSE,,,,
32406,MySkinRecipes,2-Acetyl-356-Dimethyl Pyrazine (FEMA 3327) from MySkinRecipes,2-acetyl-356-dimethyl pyrazine,54300-08-2,DATA_GAP_MANUAL_CHECK,,54300-08-2,,140.4929,FALSE,,,,
3862,MySkinRecipes,Raspberry Dicarboxylate Fructalate from MySkinRecipes,raspberry dicarboxylate fructalate,72903-27-6,DATA_GAP_MANUAL_CHECK,,72903-27-6,,1.8974,FALSE,,,,
33666,MySkinRecipes,S Methyl Butanethioate (FEMA 3310) from MySkinRecipes,s methyl butanethioate,2432-51-1,DATA_GAP_MANUAL_CHECK,,2432-51-1,,7.9394,FALSE,,,,
32404,MySkinRecipes,2-Acetyl-3-Methyl Pyrazine (FEMA 3964) from MySkinRecipes,2-acetyl-3-methyl pyrazine,21948-70-9,DATA_GAP_MANUAL_CHECK,,21948-70-9,,11.6729,FALSE,,,,
3984,MySkinRecipes,"Pear Valerate, Peranat from MySkinRecipes","pear valerate, peranat",90397-38-9,DATA_GAP_MANUAL_CHECK,,90397-38-9,,4.4617,FALSE,,,,
33667,MySkinRecipes,Ethyl 3-Hydroxyhexanoate (FEMA 3545) from MySkinRecipes,ethyl 3-hydroxyhexanoate,2432-51-1,DATA_GAP_MANUAL_CHECK,,2432-51-1,,7.6971,FALSE,,,,
32390,MySkinRecipes,2-Ethoxypyrazine from MySkinRecipes,2-ethoxypyrazine,38028-67-0,DATA_GAP_MANUAL_CHECK,,38028-67-0,,3.6929,FALSE,,,,
3873,MySkinRecipes,Allyl Phenoxyacetate Pineapple Ether (FEMA 2038) from MySkinRecipes,allyl phenoxyacetate pineapple ether,7493-74-5,DATA_GAP_MANUAL_CHECK,,7493-74-5,,1.6980,FALSE,,,,
33668,MySkinRecipes,(Z)-3-Hexen-1-yl Lactate (FEMA 3690) from MySkinRecipes,,61931-81-5,DATA_GAP_MANUAL_CHECK,,61931-81-5,,4.5763,FALSE,,,,
32413,MySkinRecipes,2-Acetyl Thiazole (FEMA 3328) from MySkinRecipes,2-acetyl thiazole,24295-03-2,DATA_GAP_MANUAL_CHECK,,24295-03-2,,9.3929,FALSE,,,,
33669,MySkinRecipes,5-Methyl-3h Furan-2-one (FEMA 3293) from MySkinRecipes,5-methyl-3h furan-2-one,591-12-8,DATA_GAP_MANUAL_CHECK,,591-12-8,,4.0634,FALSE,,,,
3544,MySkinRecipes,Floral Undecenone from MySkinRecipes,floral undecenone,1322-58-3,DATA_GAP_MANUAL_CHECK,,1322-58-3,,9.4143,FALSE,,,,
33670,MySkinRecipes,133-Trimethylbicyclo-221-Hept-2-yl Acetate (FEMA 3390) from MySkinRecipes,133-trimethylbicyclo-221-hept-2-yl acetate,13851-11-1,DATA_GAP_MANUAL_CHECK,,13851-11-1,,1.4557,FALSE,,,,
32399,MySkinRecipes,2-Methyl-35-6-Methylthio Pyrazine (FEMA 3208) from MySkinRecipes,2-methyl-35-6-methylthio pyrazine,2882-20-4,DATA_GAP_MANUAL_CHECK,,2882-20-4,,20.7929,FALSE,,,,
7973,MySkinRecipes,"Apple Crotonate, Frutinat from MySkinRecipes","apple crotonate, frutinat",35206-51-0,DATA_GAP_MANUAL_CHECK,,35206-51-0,,3.7071,FALSE,,,,
33671,MySkinRecipes,(Z)-Hex-3-Enyl-2-Methylbutanoate (FEMA 3497) from MySkinRecipes,,53398-85-9,DATA_GAP_MANUAL_CHECK,,53398-85-9,,4.3626,FALSE,,,,
32498,MySkinRecipes,Methyl 3-Methylthiopropionate (FEMA 2720) from MySkinRecipes,methyl 3-methylthiopropionate,13532-18-8,VERIFIED,,13532-18-8,,3.6929,FALSE,,,,
3508,MySkinRecipes,Heptyl Acetate (FEMA 2547) from MySkinRecipes,heptyl acetate,112-06-1,DATA_GAP_MANUAL_CHECK,,112-06-1,,2.5529,FALSE,,,,
3741,MySkinRecipes,Isobutyl Butyrate (FEMA 2187) from MySkinRecipes,isobutyl butyrate,539-90-2,DATA_GAP_MANUAL_CHECK,,539-90-2,,1.4026,FALSE,,,,
33673,MySkinRecipes,P Menth-3-yl Isovalerate (FEMA 2669) from MySkinRecipes,p menth-3-yl isovalerate,16409-46-4,DATA_GAP_MANUAL_CHECK,,16409-46-4,,43.5929,FALSE,,,,
32478,MySkinRecipes,Methyl Allyl Sulfide from MySkinRecipes,methyl allyl sulfide,10152-76-8,DATA_GAP_MANUAL_CHECK,,10152-76-8,,17.9429,FALSE,,,,
3563,MySkinRecipes,Citronellyl Butyrate (FEMA 2312) from MySkinRecipes,citronellyl butyrate,141-16-2,DATA_GAP_MANUAL_CHECK,,141-16-2,,1.9160,FALSE,,,,
33674,MySkinRecipes,Hexyl 2-Methylpropanoate (FEMA 3172) from MySkinRecipes,hexyl 2-methylpropanoate,2349-07-7,DATA_GAP_MANUAL_CHECK,,2349-07-7,,1.4129,FALSE,,,,
32475,MySkinRecipes,Methyl Furfuryl Disulfide (FEMA 3362) from MySkinRecipes,methyl furfuryl disulfide,57500-00-2,DATA_GAP_MANUAL_CHECK,,57500-00-2,,6.5429,FALSE,,,,
3458,MySkinRecipes,Isoamyl Isobutyrate (FEMA 3507) from MySkinRecipes,isoamyl isobutyrate,2050-01-3,DATA_GAP_MANUAL_CHECK,,2050-01-3,,1.9829,FALSE,,,,
33675,MySkinRecipes,Laevo Menthyl Lactate (FEMA 3748) from MySkinRecipes,laevo menthyl lactate,59259-38-0,DATA_GAP_MANUAL_CHECK,,59259-38-0,,2.0114,FALSE,,,,
32494,MySkinRecipes,Propyl Thioacetate (FEMA 3385) from MySkinRecipes,propyl thioacetate,2307-10-0,DATA_GAP_MANUAL_CHECK,,2307-10-0,,9.3929,FALSE,,,,
3740,MySkinRecipes,Ethyl Valerate (FEMA 2462) from MySkinRecipes,ethyl valerate,539-82-2,DATA_GAP_MANUAL_CHECK,,539-82-2,,1.3843,FALSE,,,,
33676,MySkinRecipes,Pentyl 2-Hydroxybenzoate (FEMA 2026) from MySkinRecipes,pentyl 2-hydroxybenzoate,2050-08-0,DATA_GAP_MANUAL_CHECK,,2050-08-0,,1.1137,FALSE,,,,
32486,MySkinRecipes,25-Dimethyl-14-Dithiane-25-Diol (FEMA 3450) from MySkinRecipes,25-dimethyl-14-dithiane-25-diol,55704-78-4,DATA_GAP_MANUAL_CHECK,,55704-78-4,,17.9429,FALSE,,,,
3498,MySkinRecipes,Isobutyl Hexanoate (FEMA 2202) from MySkinRecipes,isobutyl hexanoate,105-79-3,DATA_GAP_MANUAL_CHECK,,105-79-3,,1.3811,FALSE,,,,
33678,MySkinRecipes,5-Hexyloxolan-2-one (FEMA 2360) from MySkinRecipes,5-hexyloxolan-2-one,706-14-9,DATA_GAP_MANUAL_CHECK,,706-14-9,,1.2206,FALSE,,,,
32434,MySkinRecipes,2-Methyltetrahydrofuran-3-one (FEMA 3373) from MySkinRecipes,2-methyltetrahydrofuran-3-one,3188-00-9,DATA_GAP_MANUAL_CHECK,,3188-00-9,,5.1180,FALSE,,,,
3477,MySkinRecipes,Benzyl Isovalerate (FEMA 2152) from MySkinRecipes,benzyl isovalerate,103-38-8,DATA_GAP_MANUAL_CHECK,,103-38-8,,7.8403,FALSE,,,,
33681,MySkinRecipes,S Dihydroactinidiolide (FEMA 4020) from MySkinRecipes,s dihydroactinidiolide,17092-92-1,DATA_GAP_MANUAL_CHECK,,17092-92-1,,261.4286,FALSE,,,,
32415,MySkinRecipes,"2,4-Dimethyl-5-Acetyl Thiazole (FEMA 3267) from MySkinRecipes","2,4-dimethyl-5-acetyl thiazole",38205-60-6,DATA_GAP_MANUAL_CHECK,,38205-60-6,,6.5429,FALSE,,,,
3742,MySkinRecipes,Amyl Hexanoate (FEMA 2074) from MySkinRecipes,amyl hexanoate,540-07-8,DATA_GAP_MANUAL_CHECK,,540-07-8,,1.0000,FALSE,,,,
33684,MySkinRecipes,5-Octyloxolan-2-one (FEMA 2400) from MySkinRecipes,5-octyloxolan-2-one,2305-05-7,DATA_GAP_MANUAL_CHECK,,2305-05-7,,1.5840,FALSE,,,,
32479,MySkinRecipes,2-Mercaptopropionic acid-2-Thiolpropionic Acid (FEMA 3180) from MySkinRecipes,2-mercaptopropionic acid-2-thiolpropionic acid,79-42-5,DATA_GAP_MANUAL_CHECK,,79-42-5,,8.2529,FALSE,,,,
9235,MySkinRecipes,2-Pentanone Methyl Propyl Ketone (FEMA 2842) from MySkinRecipes,2-pentanone methyl propyl ketone,107-87-9,DATA_GAP_MANUAL_CHECK,,107-87-9,,21.7500,FALSE,,,,
33685,MySkinRecipes,5-Ethyloxolan-2-one (FEMA 2556) from MySkinRecipes,5-ethyloxolan-2-one,695-06-7,DATA_GAP_MANUAL_CHECK,,695-06-7,,1.7123,FALSE,,,,
32438,MySkinRecipes,2-Methyl-3-Tetrahydrofuranthiol (FEMA 3787) from MySkinRecipes,2-methyl-3-tetrahydrofuranthiol,57124-87-5,DATA_GAP_MANUAL_CHECK,,57124-87-5,,20.7929,FALSE,,,,
3460,MySkinRecipes,Hexyl Isobutyrate (FEMA 3172) from MySkinRecipes,hexyl isobutyrate,2349-07-7,VERIFIED,,2349-07-7,,1.3703,FALSE,,,,
33686,MySkinRecipes,6r-6-Pentyl-56-Dihydropyran-2-one (FEMA 3744) from MySkinRecipes,6r-6-pentyl-56-dihydropyran-2-one,51154-96-2,DATA_GAP_MANUAL_CHECK,,51154-96-2,,41.4697,FALSE,,,,
32412,MySkinRecipes,2-Amino Pyrazine from MySkinRecipes,2-amino pyrazine,5049-61-6,DATA_GAP_MANUAL_CHECK,,5049-61-6,,7.3980,FALSE,,,,
32418,MySkinRecipes,2-Ethoxy Thiazole (FEMA 3340) from MySkinRecipes,2-ethoxy thiazole,15679-19-3,DATA_GAP_MANUAL_CHECK,,15679-19-3,,17.9429,FALSE,,,,
31714,MySkinRecipes,2-Methyl Butyl Acetate from MySkinRecipes,2-methyl butyl acetate,624-41-9,DATA_GAP_MANUAL_CHECK,,624-41-9,,10.7466,FALSE,,,,
33688,MySkinRecipes,Ethyl 2-Ethylhexanoate (FEMA 4345) from MySkinRecipes,ethyl 2-ethylhexanoate,2983-37-1,DATA_GAP_MANUAL_CHECK,,2983-37-1,,72.0929,FALSE,,,,
32409,MySkinRecipes,2-Ethoxy-3-Isopropyl Pyrazine (FEMA 4632) from MySkinRecipes,2-ethoxy-3-isopropyl pyrazine,72797-16-1,DATA_GAP_MANUAL_CHECK,,72797-16-1,,673.4571,FALSE,,,,
31959,MySkinRecipes,Citronellyl Isobutyrate (FEMA 2313) from MySkinRecipes,citronellyl isobutyrate,97-89-2,DATA_GAP_MANUAL_CHECK,,97-89-2,,1.9160,FALSE,,,,
33690,MySkinRecipes,Fruity carboxylate from MySkinRecipes,fruity carboxylate,80623-07-0,DATA_GAP_MANUAL_CHECK,,80623-07-0,,2.6526,FALSE,,,,
32422,MySkinRecipes,2-Methoxy Thiazole from MySkinRecipes,2-methoxy thiazole,14542-13-3,DATA_GAP_MANUAL_CHECK,,14542-13-3,,11.1029,FALSE,,,,
32369,MySkinRecipes,2-Methylbutyl-2-Methylbutyrate (FEMA 3359) from MySkinRecipes,2-methylbutyl-2-methylbutyrate,2445-78-5,DATA_GAP_MANUAL_CHECK,,2445-78-5,,2.3534,FALSE,,,,
33691,MySkinRecipes,2-methylbutyl 2-methylpropanoate (FEMA-3507) from MySkinRecipes,2-methylbutyl 2-methylpropanoate,2445-69-4,DATA_GAP_MANUAL_CHECK,,2445-69-4,,1.2631,FALSE,,,,
32502,MySkinRecipes,1-Octen-3-yl Acetate (FEMA 3582) from MySkinRecipes,1-octen-3-yl acetate,2442-10-6,DATA_GAP_MANUAL_CHECK,,2442-10-6,,826.5714,FALSE,,,,
32388,MySkinRecipes,2-Methyl Thiazole from MySkinRecipes,2-methyl thiazole,3581-87-1,DATA_GAP_MANUAL_CHECK,,3581-87-1,,20.7929,FALSE,,,,
33693,MySkinRecipes,N-butyl 2-methylbutyrate (FEMA-3393) from MySkinRecipes,n-butyl 2-methylbutyrate,15706-73-7,DATA_GAP_MANUAL_CHECK,,15706-73-7,,2.0114,FALSE,,,,
33419,MySkinRecipes,Theaspirane (FEMA 3774) from MySkinRecipes,theaspirane,36431-72-8,DATA_GAP_MANUAL_CHECK,,36431-72-8,,13.6823,FALSE,,,,
32423,MySkinRecipes,2-Methylthio Thiazole from MySkinRecipes,2-methylthio thiazole,5053-24-7,DATA_GAP_MANUAL_CHECK,,5053-24-7,,99.5366,FALSE,,,,
33696,MySkinRecipes,5-hexyl-5-methyloxolan-2-one (FEMA-3786) from MySkinRecipes,5-hexyl-5-methyloxolan-2-one,7011-83-8,DATA_GAP_MANUAL_CHECK,,7011-83-8,,1.7549,FALSE,,,,
32389,MySkinRecipes,4-Methyl Thiazole (FEMA 3716) from MySkinRecipes,4-methyl thiazole,693-95-8,DATA_GAP_MANUAL_CHECK,,693-95-8,,9.9629,FALSE,,,,
3874,MySkinRecipes,Acetaldehyde (FEMA 2003) from MySkinRecipes,acetaldehyde,75-07-0,DATA_GAP_MANUAL_CHECK,,75-07-0,,1.0000,FALSE,,,,
33697,MySkinRecipes,5-[(Z)-hex-3-enyl]-5-methyloxolan-2-one (FEMA-3937) from MySkinRecipes,5,70851-61-5,DATA_GAP_MANUAL_CHECK,"4-Hydroxy-4-methyl decenoic acid gamma lactone, (7Z)-",70851-61-5,https://pubchem.ncbi.nlm.nih.gov/compound/11332852,33.7746,FALSE,,,,
32505,MySkinRecipes,Strawberry Furanone Acetate (FEMA 3797) from MySkinRecipes,strawberry furanone acetate,4166-20-5,DATA_GAP_MANUAL_CHECK,,4166-20-5,,4.2629,FALSE,,,,
32448,MySkinRecipes,N Methyl-2-Acetyl Pyrrole (FEMA 3184) from MySkinRecipes,n methyl-2-acetyl pyrrole,932-16-1,DATA_GAP_MANUAL_CHECK,,932-16-1,,15.3780,FALSE,,,,
33698,MySkinRecipes,"(Z)-5-Octenoate, methyl (FEMA-4165) from MySkinRecipes",,41654-15-3,VERIFIED,,41654-15-3,,28.6446,FALSE,,,,
32488,MySkinRecipes,3-Mercapto-2-Pentanone (FEMA 3300) from MySkinRecipes,3-mercapto-2-pentanone,67633-97-0,DATA_GAP_MANUAL_CHECK,,67633-97-0,,61.2629,FALSE,,,,
32345,MySkinRecipes,Natural 2-Methylbutyl Acetate (FEMA 3644) from MySkinRecipes,natural 2-methylbutyl acetate,624-41-9,DATA_GAP_MANUAL_CHECK,,624-41-9,,3.6929,FALSE,,,,
33699,MySkinRecipes,Ethyl 3-methyl-2-oxovalerate (FEMA-4903) from MySkinRecipes,ethyl 3-methyl-2-oxovalerate,26516-27-8,DATA_GAP_MANUAL_CHECK,,26516-27-8,,20.9497,FALSE,,,,
32429,MySkinRecipes,2-Ethyl Furan (FEMA 3673) from MySkinRecipes,2-ethyl furan,3208-16-0,DATA_GAP_MANUAL_CHECK,,3208-16-0,,20.7929,FALSE,,,,
32347,MySkinRecipes,Natural Butyl Propionate (FEMA 2212) from MySkinRecipes,natural butyl propionate,,VERIFIED,,,,3.6929,FALSE,,,,
127647,MySkinRecipes,2-Acetyl-1-Pyrroline (FEMA 4249) from MySkinRecipes,2-acetyl-1-pyrroline,85213-22-5,DATA_GAP_MANUAL_CHECK,,85213-22-5,,1071.2143,FALSE,,,,
33701,MySkinRecipes,Carvyl acetate (FEMA-2250) from MySkinRecipes,carvyl acetate,97-42-7,DATA_GAP_MANUAL_CHECK,,97-42-7,,13.6823,FALSE,,,,
32358,MySkinRecipes,Heptyl Butyrate (FEMA 2549) from MySkinRecipes,heptyl butyrate,5870-93-9,DATA_GAP_MANUAL_CHECK,,5870-93-9,,4.5480,FALSE,,,,
33703,MySkinRecipes,Ethyl (E)-2-Methylbut-2-Enoate (FEMA 2460) from MySkinRecipes,ethyl,5837-78-5,DATA_GAP_MANUAL_CHECK,,5837-78-5,,17.9429,FALSE,,,,
32384,MySkinRecipes,Isopentyl Decanoate from MySkinRecipes,isopentyl decanoate,2306-91-4,DATA_GAP_MANUAL_CHECK,,2306-91-4,,43.5929,FALSE,,,,
33704,MySkinRecipes,Heptyl Acetate (FEMA 2547) from MySkinRecipes,heptyl acetate,112-06-1,DATA_GAP_MANUAL_CHECK,,112-06-1,,0.3013,FALSE,,,,
32381,MySkinRecipes,Methyl Caprate from MySkinRecipes,methyl caprate,110-42-9,DATA_GAP_MANUAL_CHECK,,110-42-9,,3.6929,FALSE,,,,
33705,MySkinRecipes,(Z)-3-Hexen-1-yl Hexanoate (FEMA 3403) from MySkinRecipes,,31501-11-8,DATA_GAP_MANUAL_CHECK,,31501-11-8,,7.6971,FALSE,,,,
32367,MySkinRecipes,Propyl 2-Methylbutyrate from MySkinRecipes,propyl 2-methylbutyrate,37064-20-3,DATA_GAP_MANUAL_CHECK,,37064-20-3,,6.5429,FALSE,,,,
33706,MySkinRecipes,(Z)-Hex-3-Enyl-2-Hydroxypropanoate (FEMA 3690) from MySkinRecipes,,61931-81-5,VERIFIED,,61931-81-5,,10.0483,FALSE,,,,
33700,MySkinRecipes,3-methylbutyl 2-methylbutanoate (FEMA-3505) from MySkinRecipes,3-methylbutyl 2-methylbutanoate,27625-35-0,DATA_GAP_MANUAL_CHECK,,27625-35-0,,1.5411,FALSE,,,,
33714,MySkinRecipes,3-Phenylpropyl-2-Methylpropanoate (FEMA 2893) from MySkinRecipes,3-phenylpropyl-2-methylpropanoate,103-58-2,DATA_GAP_MANUAL_CHECK,,103-58-2,,22.9589,FALSE,,,,
33707,MySkinRecipes,(Z)-Hex-3-Enyl-2-Oxopropanoate (FEMA 3934) from MySkinRecipes,,68133-76-6,VERIFIED,,68133-76-6,,29.3429,FALSE,,,,
33708,MySkinRecipes,(Z)-3-Hexen-1-yl Tiglate (FEMA 3931) from MySkinRecipes,,67883-79-8,DATA_GAP_MANUAL_CHECK,,67883-79-8,,11.5446,FALSE,,,,
32374,MySkinRecipes,Propyl Isovalerate (FEMA 2960) from MySkinRecipes,propyl isovalerate,557-00-6,DATA_GAP_MANUAL_CHECK,,557-00-6,,11.3880,FALSE,,,,
33709,MySkinRecipes,(Z)-Hex-3-Enyl-3-Methylbutanoate (FEMA 3498) from MySkinRecipes,,35154-45-1,VERIFIED,,35154-45-1,,10.6897,FALSE,,,,
32377,MySkinRecipes,Butyl Caproate (FEMA 2201) from MySkinRecipes,butyl caproate,626-82-4,DATA_GAP_MANUAL_CHECK,,626-82-4,,3.6929,FALSE,,,,
33712,MySkinRecipes,Methyl Acetate (FEMA 2676) from MySkinRecipes,methyl acetate,79-20-9,DATA_GAP_MANUAL_CHECK,,79-20-9,,35.9217,FALSE,,,,
3562,MySkinRecipes,Ethyl Acrylate (FEMA 2418) from MySkinRecipes,ethyl acrylate,140-88-5,DATA_GAP_MANUAL_CHECK,,140-88-5,,2.9857,FALSE,,,,
33715,MySkinRecipes,Benzyl octanoate from MySkinRecipes,benzyl octanoate,10276-85-4,DATA_GAP_MANUAL_CHECK,,10276-85-4,,1.6980,FALSE,,,,
33635,MySkinRecipes,Ethyl Hex-3-Enoate (FEMA 3342) from MySkinRecipes,ethyl hex-3-enoate,2396-83-0,DATA_GAP_MANUAL_CHECK,,2396-83-0,,8.6663,FALSE,,,,
33716,MySkinRecipes,Methyl hexadecanoate from MySkinRecipes,methyl hexadecanoate,112-39-0,DATA_GAP_MANUAL_CHECK,,112-39-0,,1.3274,FALSE,,,,
33721,MySkinRecipes,Sandal pentanol from MySkinRecipes,sandal pentanol,65113-99-7,DATA_GAP_MANUAL_CHECK,,65113-99-7,,1.8831,FALSE,,,,
32446,MySkinRecipes,Furfuryl Acetate (FEMA 2490) from MySkinRecipes,furfuryl acetate,623-17-6,VERIFIED,,623-17-6,,2.2680,FALSE,,,,
33722,MySkinRecipes,3-Methyl-5-Phenylpentan-1-ol from MySkinRecipes,3-methyl-5-phenylpentan-1-ol,55066-48-3,DATA_GAP_MANUAL_CHECK,,55066-48-3,,1.2631,FALSE,,,,
32516,MySkinRecipes,25-Dimethyl-32hfuranone (FEMA 4101) from MySkinRecipes,25-dimethyl-32hfuranone,14400-67-0,DATA_GAP_MANUAL_CHECK,,14400-67-0,,29.3429,FALSE,,,,
33724,MySkinRecipes,Heptyl Alcohol (FEMA 2548) from MySkinRecipes,heptyl alcohol,111-70-6,DATA_GAP_MANUAL_CHECK,,111-70-6,,1.1137,FALSE,,,,
33727,MySkinRecipes,Heptan-1-ol (FEMA 2548) from MySkinRecipes,heptan-1-ol,111-70-6,DATA_GAP_MANUAL_CHECK,,111-70-6,,1.3843,FALSE,,,,
33728,MySkinRecipes,(Z)-Hex-4-En-1-ol (FEMA 3430) from MySkinRecipes,,928-91-6,DATA_GAP_MANUAL_CHECK,,928-91-6,,39.3323,FALSE,,,,
33729,MySkinRecipes,(Z)-3-Octen-1-ol (FEMA 3467) from MySkinRecipes,,20125-84-2,DATA_GAP_MANUAL_CHECK,,20125-84-2,,26.5071,FALSE,,,,
33731,MySkinRecipes,4-Prop-1-En-2-yl-1-Cyclohexenylmethanol (FEMA 2664) from MySkinRecipes,4-prop-1-en-2-yl-1-cyclohexenylmethanol,536-59-4,DATA_GAP_MANUAL_CHECK,,536-59-4,,23.0871,FALSE,,,,
33732,MySkinRecipes,2-4-Methylcyclohexylpropan-2-ol from MySkinRecipes,2-4-methylcyclohexylpropan-2-ol,498-81-7,DATA_GAP_MANUAL_CHECK,,498-81-7,,1.1563,FALSE,,,,
33734,MySkinRecipes,"2,6-Dimethyl-10-Methylene-2,6,11-Dodecatrienal (FEMA 3141) from MySkinRecipes","2,6-dimethyl-10-methylene-2,6,11-dodecatrienal",60066-88-8,DATA_GAP_MANUAL_CHECK,,60066-88-8,,1.9543,FALSE,,,,
33736,MySkinRecipes,"4-Methyl-2-Phenyl-1,3-Dioxolane (FEMA 2130) from MySkinRecipes","4-methyl-2-phenyl-1,3-dioxolane",2568-25-4,DATA_GAP_MANUAL_CHECK,,2568-25-4,,1.3703,FALSE,,,,
33755,MySkinRecipes,"(E,E)-2,4-Decadienal (FEMA 3135) from MySkinRecipes",,25152-84-5,DATA_GAP_MANUAL_CHECK,,25152-84-5,,15.8197,FALSE,,,,
33758,MySkinRecipes,Mandarine Undecenal (FEMA 3094) from MySkinRecipes,mandarine undecenal,143-14-6,DATA_GAP_MANUAL_CHECK,9-Undecenal,143-14-6,https://pubchem.ncbi.nlm.nih.gov/compound/6431148,4.5337,FALSE,,,,
33759,MySkinRecipes,3-Phenylbutanal from MySkinRecipes,3-phenylbutanal,16251-77-7,DATA_GAP_MANUAL_CHECK,,16251-77-7,,2.6954,FALSE,,,,
33760,MySkinRecipes,(Z)-Hept-4-Enal (FEMA 3289) from MySkinRecipes,,6728-31-0,DATA_GAP_MANUAL_CHECK,,6728-31-0,,2368.7143,FALSE,,,,
33762,MySkinRecipes,Ocean Carboxaldehyde from MySkinRecipes,ocean carboxaldehyde,20407-84-5,DATA_GAP_MANUAL_CHECK,,20407-84-5,,4.2771,FALSE,,,,
33763,MySkinRecipes,"2e4e Deca-2,4-Dienal (FEMA 3135) from MySkinRecipes","2e4e deca-2,4-dienal",25152-84-5,DATA_GAP_MANUAL_CHECK,,25152-84-5,,12.8271,FALSE,,,,
33764,MySkinRecipes,(Z)-4-Phenylbut-3-ene-123-Triol (FEMA 2129) from MySkinRecipes,,1319-88-6,DATA_GAP_MANUAL_CHECK,,1319-88-6,,1.6694,FALSE,,,,
33765,MySkinRecipes,"2-Ethoxy-4-4-Methyl-1,3-Dioxolan-2-Ylphenol (FEMA 3838) from MySkinRecipes","2-ethoxy-4-4-methyl-1,3-dioxolan-2-ylphenol",68527-76-4,DATA_GAP_MANUAL_CHECK,,68527-76-4,,1.8403,FALSE,,,,
33766,MySkinRecipes,2-Methyldecanal from MySkinRecipes,2-methyldecanal,19009-56-4,DATA_GAP_MANUAL_CHECK,,19009-56-4,,1.4983,FALSE,,,,
33769,MySkinRecipes,2-4-Methylphenylacetaldehyde (FEMA 3071) from MySkinRecipes,2-4-methylphenylacetaldehyde,104-09-6,DATA_GAP_MANUAL_CHECK,,104-09-6,,67.1197,FALSE,,,,
33770,MySkinRecipes,"2e6z Nona-2,6-Dienal (FEMA 3377) from MySkinRecipes","2e6z nona-2,6-dienal",557-48-2,DATA_GAP_MANUAL_CHECK,,557-48-2,,50.8746,FALSE,,,,
33772,MySkinRecipes,Methylphenylpentanal from MySkinRecipes,methylphenylpentanal,55066-49-4,DATA_GAP_MANUAL_CHECK,,55066-49-4,,12.8271,FALSE,,,,
33774,MySkinRecipes,(E)-Dec-2-Enal (FEMA 2366) from MySkinRecipes,,3913-81-3,DATA_GAP_MANUAL_CHECK,,3913-81-3,,16.6746,FALSE,,,,
33775,MySkinRecipes,"6-Methoxy-2,6-Dimethylheptanal (FEMA 4745) from MySkinRecipes","6-methoxy-2,6-dimethylheptanal",62439-41-2,DATA_GAP_MANUAL_CHECK,,62439-41-2,,8.5523,FALSE,,,,
33776,MySkinRecipes,(Z)-Oct-5-Enal (FEMA 3749) from MySkinRecipes,,41547-22-2,DATA_GAP_MANUAL_CHECK,,41547-22-2,,73.5323,FALSE,,,,
33777,MySkinRecipes,(E)-Oct-5-Enal (FEMA 4898) from MySkinRecipes,,41547-29-9,DATA_GAP_MANUAL_CHECK,,41547-29-9,,123.7634,FALSE,,,,
33778,MySkinRecipes,(Z)-Non-6-Enal (FEMA 3580) from MySkinRecipes,,2277-19-2,DATA_GAP_MANUAL_CHECK,,2277-19-2,,26.5071,FALSE,,,,
33779,MySkinRecipes,(Z)-Dec-4-Enal (FEMA 3264) from MySkinRecipes,,21662-09-9,DATA_GAP_MANUAL_CHECK,,21662-09-9,,77.8071,FALSE,,,,
33780,MySkinRecipes,5-Methyl-2-Propan-2-Ylhex-2-Enal (FEMA 3406) from MySkinRecipes,5-methyl-2-propan-2-ylhex-2-enal,35158-25-9,DATA_GAP_MANUAL_CHECK,"4-Hydroxy-4-methyl decenoic acid gamma lactone, (7Z)-",35158-25-9,https://pubchem.ncbi.nlm.nih.gov/compound/11332852,10.2623,FALSE,,,,
33782,MySkinRecipes,Dec-9-Enal (FEMA 3912) from MySkinRecipes,dec-9-enal,39770-05-3,DATA_GAP_MANUAL_CHECK,,39770-05-3,,31.6371,FALSE,,,,
33783,MySkinRecipes,Acetone glycerol from MySkinRecipes,acetone glycerol,100-79-8,DATA_GAP_MANUAL_CHECK,,100-79-8,,1.4129,FALSE,,,,
33784,MySkinRecipes,3-4-Methoxyphenyl-2-Methylpropanal from MySkinRecipes,3-4-methoxyphenyl-2-methylpropanal,5462-06-6,DATA_GAP_MANUAL_CHECK,,5462-06-6,,1.7977,FALSE,,,,
33785,MySkinRecipes,"4-Methyl-2-(E)-Pent-1-Enyl-1,3-Dioxolane (FEMA 4272) from MySkinRecipes",4-methyl-2,94089-21-1,DATA_GAP_MANUAL_CHECK,,94089-21-1,,3.8497,FALSE,,,,
33786,MySkinRecipes,6-Methyl Heptanal (FEMA 4498) from MySkinRecipes,6-methyl heptanal,63885-09-6,DATA_GAP_MANUAL_CHECK,,63885-09-6,,45.7446,FALSE,,,,
33788,MySkinRecipes,"Methyl 2-(E)-2,4-Dimethyl-1-Cyclohex-3-Enylidenemethyl Amino Benzoate from MySkinRecipes","methyl 2-(e)-2,4-dimethyl-1-cyclohex-3-enylidenemethyl amino benzoate",68738-99-8,VERIFIED,,68738-99-8,,4.5909,FALSE,,,,
33789,MySkinRecipes,6-Methylhept-5-En-2-one from MySkinRecipes,6-methylhept-5-en-2-one,409-02-9,DATA_GAP_MANUAL_CHECK,,409-02-9,,39.3323,FALSE,,,,
33790,MySkinRecipes,"1,1,3-Trimethyl-3-Phenyl Indan from MySkinRecipes","1,1,3-trimethyl-3-phenyl indan",3910-35-8,DATA_GAP_MANUAL_CHECK,,3910-35-8,,1.1563,FALSE,,,,
33792,MySkinRecipes,1-4-Methoxyphenylethanone (FEMA 2005) from MySkinRecipes,1-4-methoxyphenylethanone,100-06-1,DATA_GAP_MANUAL_CHECK,,100-06-1,,1.2420,FALSE,,,,
33793,MySkinRecipes,1-4-Methoxyphenylethanone (FEMA 2005) from MySkinRecipes,1-4-methoxyphenylethanone,24720-09-0,DATA_GAP_MANUAL_CHECK,,24720-09-0,,4.4054,FALSE,,,,
33794,MySkinRecipes,1-55-Dimethyl-1-Cyclohexenylpent-4-En-1-one from MySkinRecipes,1-55-dimethyl-1-cyclohexenylpent-4-en-1-one,56973-85-4,DATA_GAP_MANUAL_CHECK,,56973-85-4,,2.8237,FALSE,,,,
33795,MySkinRecipes,Methyl Heptyl Ketone (FEMA 2785) from MySkinRecipes,methyl heptyl ketone,821-55-6,DATA_GAP_MANUAL_CHECK,,821-55-6,,1.5411,FALSE,,,,
33800,MySkinRecipes,2r5r-5-Methyl-2-Propan-2-Ylcyclohexan-1-one from MySkinRecipes,2r5r-5-methyl-2-propan-2-ylcyclohexan-1-one,1196-31-2,VERIFIED,,1196-31-2,,3.4223,FALSE,,,,
33801,MySkinRecipes,(E)-1-266-Trimethyl-1-Cyclohexenylbut-2-En-1-one (FEMA 3243) from MySkinRecipes,,23726-91-2,DATA_GAP_MANUAL_CHECK,,23726-91-2,,6.4146,FALSE,,,,
33802,MySkinRecipes,Laevo Menthone-12-Glycerol Ketal (FEMA 3807) from MySkinRecipes,laevo menthone-12-glycerol ketal,563187-91-7,DATA_GAP_MANUAL_CHECK,,563187-91-7,,2.8663,FALSE,,,,
33803,MySkinRecipes,Pentan-2-one (FEMA 2842) from MySkinRecipes,pentan-2-one,107-87-9,DATA_GAP_MANUAL_CHECK,,107-87-9,,2.5529,FALSE,,,,
33804,MySkinRecipes,(5E)-3-Methylcyclopentadec-5-En-1-one from MySkinRecipes,(5e)-3-methylcyclopentadec-5-en-1-one,82356-51-2,VERIFIED,,82356-51-2,,13.2546,FALSE,,,,
33805,MySkinRecipes,(E)-Oct-2-En-4-one (FEMA 3603) from MySkinRecipes,,4643-27-0,DATA_GAP_MANUAL_CHECK,,4643-27-0,,2229.4286,FALSE,,,,
33806,MySkinRecipes,Tetradecanoic Acid (FEMA 2764) from MySkinRecipes,tetradecanoic acid,544-63-8,DATA_GAP_MANUAL_CHECK,,544-63-8,,1.0283,FALSE,,,,
33807,MySkinRecipes,Hexadecanoic Acid (FEMA 2832) from MySkinRecipes,hexadecanoic acid,544-63-8,DATA_GAP_MANUAL_CHECK,,544-63-8,,1.0283,FALSE,,,,
33808,MySkinRecipes,Dec-9-Enoic Acid (FEMA 3660) from MySkinRecipes,dec-9-enoic acid,14436-32-9,DATA_GAP_MANUAL_CHECK,,14436-32-9,,60.7071,FALSE,,,,
33829,MySkinRecipes,25-Dimethylpyrazine (FEMA 3272) from MySkinRecipes,25-dimethylpyrazine,123-32-0,DATA_GAP_MANUAL_CHECK,,123-32-0,,6.4860,FALSE,,,,
33831,MySkinRecipes,"8-Methyl-1,5-benzodioxepin-3-one from MySkinRecipes","8-methyl-1,5-benzodioxepin-3-one",28940-11-6,DATA_GAP_MANUAL_CHECK,,28940-11-6,,12.8271,FALSE,,,,
33832,MySkinRecipes,Indane butanal from MySkinRecipes,indane butanal,30168-23-1,DATA_GAP_MANUAL_CHECK,,30168-23-1,,21.8046,FALSE,,,,
33833,MySkinRecipes,Leafy oxime from MySkinRecipes,leafy oxime,81783-01-9,DATA_GAP_MANUAL_CHECK,,81783-01-9,,32.0646,FALSE,,,,
8E3094000992,SimpleScentsDIY,Birch Tar Oil Rectified / น้ำมันหอมระเหย ไม้เบิร์ช from SimpleScentsDIY,birch tar oil rectified,85940-29-0,NATURAL_MIXTURE,,85940-29-0,,1.0000,FALSE,,,,
8E3094000991,SimpleScentsDIY,Cinnamon Bark Oil (Ceylon) / น้ำมันหอมระเหย เปลือกอบเชย / Cinnamon Bark Oil from SimpleScentsDIY,cinnamon bark oil,84649-98-9,NATURAL_MIXTURE,,84649-98-9,,1.2857,FALSE,,,,
8E3094000987,SimpleScentsDIY,Frankincense Essential Oil / น้ำมันหอมระเหย กำยาน / Frankincense Oil from SimpleScentsDIY,frankincense essential oil,89957-98-2,NATURAL_MIXTURE,,89957-98-2,,1.1429,FALSE,,,,
8E3094000988,SimpleScentsDIY,Clove Leaves Essential Oil / น้ำมันหอมระเหย ใบกานพลู / Clove Leaves Oil from SimpleScentsDIY,clove leaves essential oil,84961-50-2,NATURAL_MIXTURE,,84961-50-2,,0.1208,FALSE,,,,
8E23094000321,SimpleScentsDIY,Orange Essential Oil / น้ำมันหอมระเหย เปลือกส้ม / Orange Oil from SimpleScentsDIY,orange essential oil,,NATURAL_MIXTURE,,,,0.1159,FALSE,,,,
8E23094000324,SimpleScentsDIY,Eucalyptus Essential Oil / น้ำมันหอมระเหย ยูคาลิปตัส / Eucalyptus Oil from SimpleScentsDIY,eucalyptus essential oil,,NATURAL_MIXTURE,,,,0.0956,FALSE,,,,
8E23094000327,SimpleScentsDIY,Lemon Eucalyptus Essential Oil / น้ำมันหอมระเหย เลม่อน ยูคาลิปตัส / Lemon Eucalyptus Oil from SimpleScentsDIY,lemon eucalyptus essential oil,,NATURAL_MIXTURE,,,,0.1111,FALSE,,,,
8E23094000330,SimpleScentsDIY,Lemongrass Essential Oil / น้ำมันหอมระเหย ตะไคร้ / Lemongrass Oil from SimpleScentsDIY,lemongrass essential oil,,NATURAL_MIXTURE,,,,0.1932,FALSE,,,,
8E23094000333,SimpleScentsDIY,Rosemary Essential Oil / น้ำมันหอมระเหย โรสแมรี่ / Rosemary Oil from SimpleScentsDIY,rosemary essential oil,,NATURAL_MIXTURE,,,,0.3381,FALSE,,,,
8E23094000336,SimpleScentsDIY,Lemon Essential Oil / น้ำมันหอมระเหย เลม่อน / Lemon Oil from SimpleScentsDIY,lemon essential oil,,NATURAL_MIXTURE,,,,0.2319,FALSE,,,,
8E23094000342,SimpleScentsDIY,Lavandin Grosso Essential Oil / น้ำมันหอมระเหย ลาเวนดิน from SimpleScentsDIY,lavandin grosso essential oil,,NATURAL_MIXTURE,,,,0.1449,FALSE,,,,
8E23094000348,SimpleScentsDIY,Camphor Essential Oil / น้ำมันหอมระเหย การบูร / Camphor Oil from SimpleScentsDIY,camphor essential oil,,NATURAL_MIXTURE,,,,0.1449,FALSE,,,,
8E23094000291,SimpleScentsDIY,Methyl Salicylate Essential Oil / น้ำมันหอมระเหย ระกำ from SimpleScentsDIY,methyl salicylate essential oil,,NATURAL_MIXTURE,,,,0.0580,FALSE,,,,
8E23094000687,SimpleScentsDIY,Citronella Essential Oil / น้ำมันหอมระเหย ตะไคร้หอม / Citronella Oil / from SimpleScentsDIY,citronella essential oil,,NATURAL_MIXTURE,,,,0.0870,FALSE,,,,
8E23094000339,SimpleScentsDIY,Lavander Essential Oil / น้ำมันหอมระเหย ลาเวนเดอร์ / Lavander Oil / from SimpleScentsDIY,lavander essential oil,,NATURAL_MIXTURE,,,,0.3285,FALSE,,,,
8E23094000929,SimpleScentsDIY,Ginger Essential Oil / น้ำมันหอมระเหย ขิง / Ginger Oil / from SimpleScentsDIY,ginger essential oil,,NATURAL_MIXTURE,,,,0.2898,FALSE,,,,
8E23094000932,SimpleScentsDIY,Peppermint Essential Oil / น้ำมันหอมระเหย เปปเปอร์มินต์ / Peppermint Oil / from SimpleScentsDIY,peppermint essential oil,,NATURAL_MIXTURE,,,,0.2415,FALSE,,,,
8E23094000935,SimpleScentsDIY,Spearmint Essential Oil / น้ำมันหอมระเหย สเปียร์มินต์ / Spearmint Oil / from SimpleScentsDIY,spearmint essential oil,,NATURAL_MIXTURE,,,,0.3188,FALSE,,,,
8E23094000941,SimpleScentsDIY,Menthol Liquid Essential Oil / น้ำมันหอมระเหย เมนทอล / Menthol Liquid Oil from SimpleScentsDIY,menthol liquid essential oil,,NATURAL_MIXTURE,,,,0.1449,FALSE,,,,
8E3094000943,SimpleScentsDIY,Grapefruit Essential Oil / น้ำมันหอมระเหย เกรปฟรุต / Grapefruit Oil from SimpleScentsDIY,grapefruit essential oil,,NATURAL_MIXTURE,,,,0.3478,FALSE,,,,
8E3094000971,SimpleScentsDIY,Bitter Orange Essential Oil / น้ำมันหอมระเหย ส้มขม / Bitter Orange Oil from SimpleScentsDIY,bitter orange essential oil,,NATURAL_MIXTURE,,,,0.2753,FALSE,,,,
8E3094000952,SimpleScentsDIY,Pine Essential Oil / น้ำมันหอมระเหย สน / Pine Oil / from SimpleScentsDIY,pine essential oil,,NATURAL_MIXTURE,,,,0.2898,FALSE,,,,
8E3094000975,SimpleScentsDIY,Lime Essential Oil / น้ำมันหอมระเหย มะนาว / lime Oil / from SimpleScentsDIY,lime essential oil,,NATURAL_MIXTURE,,,,0.2753,FALSE,,,,
8E3094000983,SimpleScentsDIY,Neroli Egypt Oil / น้ำมันหอมระเหย ดอกส้ม (เนโรลี่) / from SimpleScentsDIY,neroli egypt oil,,NATURAL_MIXTURE,,,,8.0000,FALSE,,,,
8E3094000984,SimpleScentsDIY,Nagarmotha Oil ( Cypriol Oil) / น้ำมันหอมระเหย นาการ์มอธา / from SimpleScentsDIY,nagarmotha oil,,NATURAL_MIXTURE,,,,1.4286,FALSE,,,,
8E23094000938,SimpleScentsDIY,Bergamot Essential Oil / น้ำมันหอมระเหย มะกรูดฝรั่ง / Bergamot Oil / from SimpleScentsDIY,bergamot essential oil,,NATURAL_MIXTURE,,,,0.2657,FALSE,,,,
8E3094000986,SimpleScentsDIY,Siam Benzoin Resinoid from SimpleScentsDIY,siam benzoin resinoid,84012-39-5,NATURAL_MIXTURE,,84012-39-5,,,FALSE,,,,
8E3094000985,SimpleScentsDIY,Pink Pepper Oil CO2 Extract / น้ำมันหอมระเหย พริกไทยชมพู / from SimpleScentsDIY,pink pepper oil co2 extract,,NATURAL_MIXTURE,,,,2.2857,FALSE,,,,
8E3094000970,SimpleScentsDIY,Cedarwood Virginia Essential Oil / น้ำมันหอมระเหย ซีดาร์วูด เวอร์จิเนีย / Cedarwood Virginia Oil from SimpleScentsDIY,cedarwood virginia essential oil,,NATURAL_MIXTURE,,,,0.2762,FALSE,,,,
8E3094000978,SimpleScentsDIY,Vetiver Haiti Essential Oil / น้ำมันหอมระเหย หญ้าแฝก / Vetiver Haiti Oil from SimpleScentsDIY,vetiver haiti essential oil,84238-29-9,NATURAL_MIXTURE,,84238-29-9,,1.9714,FALSE,,,,
8F3094001265,SimpleScentsDIY,Iso E Super from SimpleScentsDIY,iso e super,54464-57-2,FIXED_FROM_AUDIT,"1-(2,3,8,8-Tetramethyl-1,2,3,4,5,6,7,8-octahydronaphthalen-2-YL)ethanone, trans-(A+-)-",144651-56-9,https://pubchem.ncbi.nlm.nih.gov/compound/1808124,0.1619,FALSE,,,,
8F3094009563,SimpleScentsDIY,Butyl Butyryl Lacatate from SimpleScentsDIY,butyl butyryl lacatate,7492-70-8,VERIFIED,,7492-70-8,,0.1143,FALSE,,,,
8F3094009562,SimpleScentsDIY,Ethyl Lactate from SimpleScentsDIY,ethyl lactate,97-64-3,VERIFIED_MATCH,Ethyl Lactate,97-64-3,https://pubchem.ncbi.nlm.nih.gov/compound/7344,0.1143,FALSE,,,,
8F3094009561,SimpleScentsDIY,Cis-3-Hexenyl Salicylate from SimpleScentsDIY,cis-3-hexenyl salicylate,65405-77-8,DATA_GAP_MANUAL_CHECK,cis-3-Hexenyl salicylate,65405-77-8,https://pubchem.ncbi.nlm.nih.gov/compound/6021887,0.4571,FALSE,,,,
8F3094009560,SimpleScentsDIY,Para Methyl Acetophenone from SimpleScentsDIY,para methyl acetophenone,122-00-9,VERIFIED,,122-00-9,,0.1333,FALSE,,,,
8F3094009559,SimpleScentsDIY,Cyclaprop from SimpleScentsDIY,cyclaprop,68912-13-0,VERIFIED,,68912-13-0,,0.1143,FALSE,,,,
8F3094009558,SimpleScentsDIY,Cedrenyle Acetate from SimpleScentsDIY,cedrenyle acetate,77-54-3,VERIFIED,,77-54-3,,0.1524,FALSE,,,,
8E3094000993,SimpleScentsDIY,Hay Absolute from SimpleScentsDIY,hay absolute,100209-32-3,NATURAL_MIXTURE,,100209-32-3,,,FALSE,,,,
8F3094005609,SimpleScentsDIY,Beta Ionone from SimpleScentsDIY,beta ionone,14901-07-6,VERIFIED_MATCH,I2-Ionone,14901-07-6,https://pubchem.ncbi.nlm.nih.gov/compound/638014,0.1524,FALSE,,,,
8F3094005608,SimpleScentsDIY,Amber Xtreme from SimpleScentsDIY,amber xtreme,476332-65-7,DATA_GAP_MANUAL_CHECK,,476332-65-7,,1.8571,FALSE,,,,
8F3094005431,SimpleScentsDIY,Tabanone from SimpleScentsDIY,tabanone,13215-88-8,DATA_GAP_MANUAL_CHECK,,13215-88-8,,5.7143,FALSE,,,,
8F3094005429,SimpleScentsDIY,Allyl Amyl Glycolate from SimpleScentsDIY,allyl amyl glycolate,67634-00-8,VERIFIED_MATCH,Allyl amyl glycolate,67634-00-8,https://pubchem.ncbi.nlm.nih.gov/compound/106729,0.1905,FALSE,,,,
8E3094000990,SimpleScentsDIY,Mate Absolute 10% in DPG from SimpleScentsDIY,mate absolute,73296-98-7,NATURAL_MIXTURE,,73296-98-7,,,TRUE,Mate Absolute from SimpleScentsDIY,Dipropylene Glycol (DPG) from SimpleScentsDIY,10.00,
8F3094005394,SimpleScentsDIY,Galaxolide 50% in DPG from SimpleScentsDIY,galaxolide,1222-05-5,FIXED_FROM_AUDIT,Galaxolide,1222-05-5,https://pubchem.ncbi.nlm.nih.gov/compound/91497,,TRUE,Galaxolide from SimpleScentsDIY,Dipropylene Glycol (DPG) from SimpleScentsDIY,50.00,
8F3094005427,SimpleScentsDIY,Phenoxanol from SimpleScentsDIY,phenoxanol,55066-48-3,DATA_GAP_MANUAL_CHECK,,55066-48-3,,,FALSE,,,,
8F3094005426,SimpleScentsDIY,Polysantol from SimpleScentsDIY,polysantol,107898-54-4,VERIFIED_MATCH,"4-Penten-2-ol, 3,3-dimethyl-5-(2,2,3-trimethyl-3-cyclopenten-1-yl)-",107898-54-4,https://pubchem.ncbi.nlm.nih.gov/compound/15984303,,FALSE,,,,
8F3094005336,SimpleScentsDIY,Ultravanil 80% In DPG from SimpleScentsDIY,ultravanil,2563-07-7,FIXED_FROM_AUDIT,"Phenol, 2-ethoxy-4-methyl-",2563-07-7,https://pubchem.ncbi.nlm.nih.gov/compound/75715,,TRUE,Ultravanil from SimpleScentsDIY,Dipropylene Glycol (DPG) from SimpleScentsDIY,80.00,
8F3094005335,SimpleScentsDIY,Violiff from SimpleScentsDIY,violiff,87731-18-8,VERIFIED_MATCH,"Carbonic acid, 4-cycloocten-1-yl methyl ester",87731-18-8,https://pubchem.ncbi.nlm.nih.gov/compound/5463762,,FALSE,,,,
8F3094005334,SimpleScentsDIY,Kohinool from SimpleScentsDIY,kohinool,87118-95-4,FIXED_FROM_AUDIT,"3,5,6,6-Tetramethyl-4-methyleneheptan-2-ol",81787-06-6,https://pubchem.ncbi.nlm.nih.gov/compound/21909238,,FALSE,,,,
8F3094005338,SimpleScentsDIY,Octahydrocoumarin from SimpleScentsDIY,octahydrocoumarin,4430-31-3,VERIFIED,,4430-31-3,,,FALSE,,,,
8F3094005337,SimpleScentsDIY,Anethol from SimpleScentsDIY,anethol,4180-23-8,VERIFIED_MATCH,Anethole,4180-23-8,https://pubchem.ncbi.nlm.nih.gov/compound/637563,0.1714,FALSE,,,,
8F3094005333,SimpleScentsDIY,Alpha-Pinene from SimpleScentsDIY,alpha-pinene,80-56-8,VERIFIED_MATCH,(+-)-alpha-Pinene,80-56-8,https://pubchem.ncbi.nlm.nih.gov/compound/6654,0.1143,FALSE,,,,
8F3094005321,SimpleScentsDIY,Ocimene from SimpleScentsDIY,ocimene,13877-91-3,FIXED_FROM_AUDIT,Ocimene,29714-87-2,https://pubchem.ncbi.nlm.nih.gov/compound/6434062,,FALSE,,,,
8F3094005322,SimpleScentsDIY,Nerolidol from SimpleScentsDIY,nerolidol,7212-44-4,VERIFIED_MATCH,Nerolidol,7212-44-4,https://pubchem.ncbi.nlm.nih.gov/compound/5284507,,FALSE,,,,
8F3094005324,SimpleScentsDIY,Cis-3-Hexenol from SimpleScentsDIY,cis-3-hexenol,928-96-1,VERIFIED_MATCH,3-Hexenol,928-96-1,https://pubchem.ncbi.nlm.nih.gov/compound/5281167,0.2762,FALSE,,,,
8F3094005320,SimpleScentsDIY,Gamma-Heptalactone from SimpleScentsDIY,gamma-heptalactone,105-21-5,VERIFIED_MATCH,gamma-Heptalactone,105-21-5,https://pubchem.ncbi.nlm.nih.gov/compound/7742,,FALSE,,,,
8F3094005319,SimpleScentsDIY,Florhydral from SimpleScentsDIY,florhydral,125109-85-5,VERIFIED_MATCH,Florhydral,125109-85-5,https://pubchem.ncbi.nlm.nih.gov/compound/86209,,FALSE,,,,
8F3094005318,SimpleScentsDIY,Bourgeonal from SimpleScentsDIY,bourgeonal,110-41-8,VERIFIED,Bourgeonal,110-41-8,https://pubchem.ncbi.nlm.nih.gov/compound/64832,0.5714,FALSE,,,,
8F3094005317,SimpleScentsDIY,Aldehyde C-12 MNA from SimpleScentsDIY,aldehyde c-12 mna,110-41-8,VERIFIED,2-Methylundecanal,110-41-8,https://pubchem.ncbi.nlm.nih.gov/compound/61031,0.1429,FALSE,,,,
8F3094005316,SimpleScentsDIY,DMBC Acetate from SimpleScentsDIY,dmbc acetate,151-05-3,VERIFIED_MATCH,Dimethyl benzyl carbinyl acetate,151-05-3,https://pubchem.ncbi.nlm.nih.gov/compound/9024,,FALSE,,,,
8F3094005430,SimpleScentsDIY,Miel Blanc Base / Specialty Base for Blend from SimpleScentsDIY,miel blanc,,VERIFIED,,,,0.5714,FALSE,,,,
8F3094005425,SimpleScentsDIY,Neroli Base / Specialty Base for Blend from SimpleScentsDIY,neroli,,VERIFIED,,,,0.3429,FALSE,,,,
8F3094005424,SimpleScentsDIY,Styrax Base / Specialty Base for Blend from SimpleScentsDIY,styrax,,VERIFIED,,,,0.3429,FALSE,,,,
8F3094005423,SimpleScentsDIY,Lilial Replacer / Specialty Base for Blend from SimpleScentsDIY,lilial,,VERIFIED_MATCH,Lilial,,https://pubchem.ncbi.nlm.nih.gov/compound/228987,0.1714,FALSE,,,,
8F3094005422,SimpleScentsDIY,Lyral Replacer / Specialty Base for Blend from SimpleScentsDIY,lyral,,VERIFIED_MATCH,Liral,,https://pubchem.ncbi.nlm.nih.gov/compound/91604,0.1143,FALSE,,,,
8F3094005339,SimpleScentsDIY,Apple Oliffac Base / Specialty Base for Blend from SimpleScentsDIY,apple,,VERIFIED,,,,0.2286,FALSE,,,,
8F3094004200,SimpleScentsDIY,Chocovan 2 gl / Specialty Base for Blend from SimpleScentsDIY,chocovan 2 gl,,VERIFIED,,,,2.8571,FALSE,,,,
8F3094004162,SimpleScentsDIY,Prunella 975617 / Specialty Base for Blend from SimpleScentsDIY,prunella 975617,,VERIFIED,,,,1.0286,FALSE,,,,
8F3094004160,SimpleScentsDIY,Fruit Sec 184078 / Specialty Base for Blend from SimpleScentsDIY,fruit sec 184078,,VERIFIED,,,,1.0286,FALSE,,,,
8F3094004163,SimpleScentsDIY,Dorinia SA 939680 / Specialty Base for Blend from SimpleScentsDIY,dorinia sa 939680,,VERIFIED,,,,1.0286,FALSE,,,,
8F3094001261,SimpleScentsDIY,Cassis Base 345B / Specialty Base for Blend from SimpleScentsDIY,cassis  345b,,VERIFIED,,,,0.1524,FALSE,,,,
8F3094001755,SimpleScentsDIY,Tuberose Base / Specialty Base for Blend from SimpleScentsDIY,tuberose,,VERIFIED,,,,0.4571,FALSE,,,,
8F3094001760,SimpleScentsDIY,Oud 3 Base / Specialty Base for Blend from SimpleScentsDIY,oud 3,,VERIFIED,,,,1.1429,FALSE,,,,
8F3094001759,SimpleScentsDIY,Oud Cambodia / Specialty Base for Blend from SimpleScentsDIY,oud cambodia,,VERIFIED,,,,0.4286,FALSE,,,,
8F3094001709,SimpleScentsDIY,Animal Base / Specialty Base for Blend from SimpleScentsDIY,animal,,VERIFIED,,,,0.5714,FALSE,,,,
8F3094001754,SimpleScentsDIY,Amber 2 Base 10% DPG / Specialty Base for Blend from SimpleScentsDIY,amber 2,,VERIFIED,,,,0.1143,TRUE,Amber 2 Base from SimpleScentsDIY,Dipropylene Glycol (DPG) from SimpleScentsDIY,10.00,
8F3094001793,SimpleScentsDIY,Galbex 183 / Specialty Base for Blend from SimpleScentsDIY,galbex 183,,VERIFIED,,,,0.8000,FALSE,,,,
8B3094001036,SimpleScentsDIY,Deb Fix เบสแอลกอฮอล์พร้อมใช้ ทำน้ำหอมฉีดตัว from SimpleScentsDIY,deb fix,,DATA_GAP_MANUAL_CHECK,,,,,FALSE,,,,
8B3094001010,SimpleScentsDIY,Room Spray Base / เบสน้ำหอมฉีดห้อง ฉีดหมอน from SimpleScentsDIY,room spray,,VERIFIED,,,,,FALSE,,,,
8T2309400584,SimpleScentsDIY,ไซริงค์พลาสติก. ( ไม่รวมเข็ม ) /กระบอกฉีดยา / Syringe from SimpleScentsDIY,.,,VERIFIED,,,,0.0286,FALSE,,,,
8B23094000611,SimpleScentsDIY,"เบสน้ำหอมปรับอากาศ​ / Base Reed Diffuser 3 สูตร เฉพาะของทางร้าน   1, from SimpleScentsDIY",,,PROPRIETARY_MIXTURE,,,,0.0171,FALSE,,,,
8B3094000975,SimpleScentsDIY,DEB 99 แอลกอฮอล์ 99% / Ethyl Alcohol 99% / เอทิล แอลกอฮอล์ 99% from SimpleScentsDIY,deb 99,,VERIFIED,,,,0.0086,TRUE,DEB 99 แอลกอฮอล์ from SimpleScentsDIY,,99.00,
8B23094000253,SimpleScentsDIY,กลีเซอรีน​ Glycerin สารช่วยเพิ่มความชุ่มชื้น from SimpleScentsDIY,glycerin,,VERIFIED,,,,,FALSE,,,,
8B23094000259-1,SimpleScentsDIY,Dowanol DPM  เป็นตัวทำละลาย Solvent Base from SimpleScentsDIY,dowanol dpm   solvent,,VERIFIED,,,,,FALSE,,,,
8B23094000582,SimpleScentsDIY,"Deb Mix.แอลกอฮอล์​สำเร็จรูป​ ใช้ผสมกับหัวน้ำหอม 1, from SimpleScentsDIY",deb mix.  1,,VERIFIED,,,,,FALSE,,,,
