Product_ID,Material_Name,CAS_Number,Remediation_Status,Canonical_Name,Verified_CAS,Price_USD/g,Notes,Is_Dilution,Active_Material,Solvent,Active_%
0ZA01228,Apricot Oil - Fixed Oil from PerfumersWorld,72869-69-3,NATURAL_MIXTURE,,72869-69-3,,,,,,
0ZA01393,Evening Primrose Oil - Fixed Oil from PerfumersWorld,90028-66-3,NATURAL_MIXTURE,,90028-66-3,,,,,,
0ZA01431,Sweet Almond Oil - Fixed Oil from PerfumersWorld,8007-69-0,NATURAL_MIXTURE,,8007-69-0,,,,,,
0ZA01433,Avocado Oil - Fixed Oil from PerfumersWorld,8024-32-6,NATURAL_MIXTURE,,8024-32-6,,,,,,
0ZA01434,Grapeseed Oil - Fixed Oil from PerfumersWorld,8024-22-4,VERIFIED_MATCH,Linoleic Acid,8024-22-4,,,,,,
0ZA01437,Olive Oil - Fixed Oil from PerfumersWorld,8001-25-0,NATURAL_MIXTURE,,8001-25-0,,,,,,
0ZA01442,Rice Bran Oil - Fixed Oil from PerfumersWorld,68553-81-1,NATURAL_MIXTURE,,68553-81-1,,,,,,
0ZA01456,Jojoba Oil - Fixed Oil from PerfumersWorld,61789-91-1,NATURAL_MIXTURE,,61789-91-1,,,,,,
0ZA07519,Vitamin E Acetate - Fixed Oil from PerfumersWorld,7695-91-2,VERIFIED_MATCH,Dl-alpha-tocopherol acetate,7695-91-2,,,,,,
0ZA07555,Palm Oil Fractionated - Fixed Oil (Palm MCT) from PerfumersWorld,8002-75-3,NATURAL_MIXTURE,,8002-75-3,,,,,,
0ZC00449,Triethyl Citrate (TEC) from PerfumersWorld,77-93-0,VERIFIED_MATCH,Triethyl Citrate,77-93-0,,,,,,
0ZH20962,3-Methyl-3-Methoxy Butanol (MMB) from PerfumersWorld,56539-66-3,VERIFIED_MATCH,Methoxymethylbutanol,56539-66-3,,,,,,
0ZN00053,Benzyl Alcohol (BA) from PerfumersWorld,100-51-6,VERIFIED_MATCH,Benzyl Alcohol,100-51-6,,,,,,
0ZN00054,Benzyl Benzoate (BB) from PerfumersWorld,120-51-4,VERIFIED_MATCH,Benzyl Benzoate,120-51-4,,,,,,
0ZP00365,Propylene Glycol (PG) from PerfumersWorld,57-55-6,VERIFIED_MATCH,Propylene Glycol,57-55-6,,,,,,
0ZP03359,Butylated Hydroxytoluene (BHT) antioxidant from PerfumersWorld,128-37-0,VERIFIED_MATCH,"2,6-Di-tert-butyl-4-methylphenol",128-37-0,,,,,,
0ZS05357,Solubilizer (Polysorbate 20) from PerfumersWorld,9005-64-5,DATA_GAP_MANUAL_CHECK,,9005-64-5,,,,,,
0ZS07626,Solubilizer PWS from PerfumersWorld,Mixture,DATA_GAP_MANUAL_CHECK,,Mixture,,,,,,
0ZS07781,Solubilizer Extra Clear from PerfumersWorld,Mixture,DATA_GAP_MANUAL_CHECK,,Mixture,,,,,,
0ZV01349,Rosemary Antioxidant - Extract from PerfumersWorld,84604-14-8,DATA_GAP_MANUAL_CHECK,,84604-14-8,,,,,,
0ZV01445,Safflower Oil - Fixed Oil from PerfumersWorld,8001-23-8,NATURAL_MIXTURE,,8001-23-8,,,,,,
0ZV01452,Sunflower Oil - Fixed Oil from PerfumersWorld,8001-21-6,NATURAL_MIXTURE,,8001-21-6,,,,,,
0ZV01460,Virgin Coconut Oil - Fixed Oil from PerfumersWorld,8001-31-8,NATURAL_MIXTURE,,8001-31-8,,,,,,
0ZV22213,Coconut Oil Fractionated (Coconut MCT) Fixed Oil from PerfumersWorld,73398-61-5,NATURAL_MIXTURE,,73398-61-5,,,,,,
0ZW00165,Dipropylene Glycol (DPG) from PerfumersWorld,25265-71-8,VERIFIED_MATCH,Dipropylene Glycol,25265-71-8,,,,,,
0ZX00143,Diethyl Phthalate (DEP) from PerfumersWorld,84-66-2,VERIFIED_MATCH,Diethyl Phthalate,84-66-2,,,,,,
0ZZ00239,Isopropyl Myristate (IPM) from PerfumersWorld,110-27-0,VERIFIED_MATCH,Isopropyl Myristate,110-27-0,,,,,,
0ZZ00240,Isopropyl Palmitate (IPP) from PerfumersWorld,142-91-6,VERIFIED_MATCH,Isopropyl Palmitate,142-91-6,,,,,,
0ZZ07723,White Mineral Oil - Fixed Oil from PerfumersWorld,8042-47-5,NATURAL_MIXTURE,,8042-47-5,,,,,,
1AA05031,Myristic Acid from PerfumersWorld,544-63-8,VERIFIED_MATCH,Myristic Acid,544-63-8,,,,,,
1AA06214,Lauric Acid from PerfumersWorld,143-07-7,VERIFIED_MATCH,Lauric Acid,143-07-7,,,,,,
1BB00290,Menthol Crystals from PerfumersWorld,2216-51-5,VERIFIED_MATCH,(-)-Menthol,2216-51-5,,,,,,
1BH00080,Camphor Powder from PerfumersWorld,76-22-2,VERIFIED_MATCH,Camphor,76-22-2,,,,,,
1BW00064,Borneol from PerfumersWorld,507-70-0,VERIFIED_MATCH,Borneol,507-70-0,,,,,,
1CN00320,Nerolin Bromelia from PerfumersWorld,93-18-5,VERIFIED_MATCH,2-Ethoxynaphthalene,93-18-5,,,,,,
1CN00321,Nerolin Yara yara from PerfumersWorld,93-04-9,VERIFIED_MATCH,2-Methoxynaphthalene,93-04-9,,,,,,
1EN13109,2-Acetyl Pyrazine from PerfumersWorld,22047-25-2,DATA_GAP_MANUAL_CHECK,Acetylpyrazine,22047-25-2,,,,,,
1FB00071,Buccoxime from PerfumersWorld,95962-14-4,FIXED_FROM_AUDIT,"Bicyclo[3.2.1]octan-8-one, 1,5-dimethyl-, oxime",75147-23-8,,,,,,
1FL00392,Raspberry Ketone from PerfumersWorld,5471-51-2,DATA_GAP_MANUAL_CHECK,4-(4'-Hydroxyphenyl)-2-butanone,5471-51-2,,,,,,
1NC00340,Oranger Crystals from PerfumersWorld,93-08-3,VERIFIED_MATCH,2-Acetylnaphthalene,93-08-3,,,,,,
1NP00009,Acetophenone from PerfumersWorld,98-86-2,VERIFIED_MATCH,Acetophenone,98-86-2,,,,,,
1PF01952,para-Cresyl Phenyl Acetate from PerfumersWorld,101-94-0,VERIFIED_MATCH,p-CRESYL PHENYLACETATE,101-94-0,,,,,,
1PS00442,Thymol from PerfumersWorld,89-83-8,VERIFIED_MATCH,Thymol,89-83-8,,,,,,
1RO05275,Phenyl Ethyl Salicylate from PerfumersWorld,87-22-9,FIXED_FROM_AUDIT,Phenyl ethyl salicylate,,,,,,,
1RP00051,Benzophenone from PerfumersWorld,119-61-9,VERIFIED_MATCH,Benzophenone,119-61-9,,,,,,
1RP05672,Rosone Rose Crystals from PerfumersWorld,90-17-5,VERIFIED_MATCH,Rosacetol,90-17-5,,,,,,
1SP00011,Acetyl Isoeugenol from PerfumersWorld,93-29-8,VERIFIED_MATCH,Isoeugenyl acetate,93-29-8,,,,,,
1SP00058,Benzyl Isoeugenol from PerfumersWorld,120-11-6,VERIFIED_MATCH,Benzyl isoeugenol,120-11-6,,,,,,
1UW00035,Ambrox Super from PerfumersWorld,6790-58-5,VERIFIED_MATCH,(-)-Ambroxide,6790-58-5,,,,,,
1UW00036,Ambroxan from PerfumersWorld,6790-58-5,DATA_GAP_MANUAL_CHECK,(-)-Ambroxide,6790-58-5,,,,,,
1UW16861,Ambrofix from PerfumersWorld,6790-58-5,VERIFIED_MATCH,(-)-Ambroxide,6790-58-5,,,,,,
1VD00002,6-Methyl Coumarin from PerfumersWorld,92-48-8,VERIFIED_MATCH,6-Methylcoumarin,92-48-8,,,,,,
1VD00129,Coumarin from PerfumersWorld,91-64-5,VERIFIED,Coumarin,91-64-5,,,,,,
1VE00283,Maltol from PerfumersWorld,118-71-8,VERIFIED_MATCH,Maltol,118-71-8,,,,,,
1VE00286,Maple Lactone from PerfumersWorld,698-10-2,VERIFIED_MATCH,2-Hydroxy-3-methyl-2-cyclopenten-1-one,698-10-2,,,,,,
1VF00175,Ethyl Maltol from PerfumersWorld,4940-11-8,DATA_GAP_MANUAL_CHECK,Ethyl Maltol,4940-11-8,,,,,,
1VT23924,Cocoa CO2 Extract from PerfumersWorld,84649-99-0,DATA_GAP_MANUAL_CHECK,,84649-99-0,,,,,,
1VV00179,Ethyl Vanillin from PerfumersWorld,121-32-4,DATA_GAP_MANUAL_CHECK,Ethylvanillin,121-32-4,,,,,,
1VW00456,Vanillin from PerfumersWorld,121-33-5,VERIFIED_MATCH,Vanillin,121-33-5,,,,,,
1WU21632,Ambrocenide from PerfumersWorld,211299-54-6,DATA_GAP_MANUAL_CHECK,"4H-4a,9-Methanoazuleno[5,6-d]-1,3-dioxole, octahydro-2,2,5,8,8,9a-hexamethyl-, (4aR,5R,7aS,9R)-",211299-54-6,,,,,,
1WW00096,Cedrenyl Acetate from PerfumersWorld,77-54-3,FIXED_FROM_AUDIT,Cedrenyl acetate,1405-92-1,,,,,,
1WW01281,Cedrol from PerfumersWorld,77-53-2,VERIFIED_MATCH,Cedrol,77-53-2,,,,,,
1XA00444,Tonalide from PerfumersWorld,21145-77-7,VERIFIED_MATCH,Tonalide,21145-77-7,,,,,,
1XU00308,Musk Ketone from PerfumersWorld,81-14-1,VERIFIED_MATCH,Musk ketone,81-14-1,,,,,,
1XY00101,Celestolide from PerfumersWorld,13171-00-1,VERIFIED_MATCH,Celestolide,13171-00-1,,,,,,
1YG00077,Calone from PerfumersWorld,28940-11-6,DATA_GAP_MANUAL_CHECK,Methyl benzodioxepinone,28940-11-6,,,,,,
1YP00185,Evernyl from PerfumersWorld,4707-47-5,VERIFIED_MATCH,Atraric Acid,4707-47-5,,,,,,
1ZX03525,Citric Acid from PerfumersWorld,77-92-9,VERIFIED_MATCH,Citric Acid,77-92-9,,,,,,
2CQ00168,Elemi Gum from PerfumersWorld,9000-75-3,DATA_GAP_MANUAL_CHECK,,9000-75-3,,,,,,
2NC00409,Aurantiol - Methyl Anthranilate Schiffs Base from PerfumersWorld,89-43-0,VERIFIED_MATCH,Aurantiol,89-43-0,,,,,,
2QC00337,Opoponax Resinoid from PerfumersWorld,9000-78-6,DATA_GAP_MANUAL_CHECK,,9000-78-6,,,,,,
2QK00334,Olibanum Resinoid Absolute - Solid from PerfumersWorld,8016-36-2,DATA_GAP_MANUAL_CHECK,,8016-36-2,,,,,,
2QK21856,Olibanum Resinoid (Viscous) from PerfumersWorld,8050-07-5,VERIFIED,"6-Amino-4-(hydroxymethyl)cyclohex-4-ene-1,2,3-triol",8050-07-5,,,,,,
2QS00421,Styrax Resinoid from PerfumersWorld,9000-74-2,DATA_GAP_MANUAL_CHECK,,9000-74-2,,,,,,
2QV00050,Benzoin Siam Resinoid from PerfumersWorld,9000-72-0,DATA_GAP_MANUAL_CHECK,,9000-72-0,,,,,,
2QV00363,Peru Balsam Resinoid from PerfumersWorld,8007-00-9,DATA_GAP_MANUAL_CHECK,,8007-00-9,,,,,,
2QV00443,Tolu Balsam Resinoid from PerfumersWorld,9000-64-0,DATA_GAP_MANUAL_CHECK,,9000-64-0,,,,,,
2QV08253,Benzoin Sumatra Resinoid from PerfumersWorld,9000-73-1,DATA_GAP_MANUAL_CHECK,,9000-73-1,,,,,,
2QV23712,Benjoin Laos Matured from PerfumersWorld,9000-05-9,DATA_GAP_MANUAL_CHECK,,9000-05-9,,,,,,
2QV23715,Tonkarome from PerfumersWorld,Mixture,DATA_GAP_MANUAL_CHECK,,Mixture,,,,,,
2QZ00223,Hercolyn D from PerfumersWorld,8050-15-5,DATA_GAP_MANUAL_CHECK,,8050-15-5,,,,,,
2RB00163,Diphenyl Oxide from PerfumersWorld,101-84-8,VERIFIED_MATCH,Diphenyl Ether,101-84-8,,,,,,
2SC00297,Methyl Cinnamate from PerfumersWorld,103-26-4,VERIFIED_MATCH,Methyl Cinnamate,103-26-4,,,,,,
2SQ00056,Benzyl Cinnamate from PerfumersWorld,103-41-3,DATA_GAP_MANUAL_CHECK,,103-41-3,,,,,,
2SV00105,Cinnamyl Alcohol from PerfumersWorld,104-54-1,DATA_GAP_MANUAL_CHECK,,104-54-1,,,,,,
2UQ00264,Labdanum Resinoid from PerfumersWorld,8016-26-0,DATA_GAP_MANUAL_CHECK,,8016-26-0,,,,,,
2VD00148,Dihydro Coumarin from PerfumersWorld,119-84-6,DATA_GAP_MANUAL_CHECK,,119-84-6,,,,,,
2WW00099,Cedryl Acetate from PerfumersWorld,77-54-3,VERIFIED_MATCH,Cedryl Acetate,77-54-3,,,,,,
2XA09558,Musk Concentrate from PerfumersWorld,Mixture,DATA_GAP_MANUAL_CHECK,,Mixture,,,,,,
2XX00186,Exaltolide Pentadecanolide from PerfumersWorld,106-02-5,DATA_GAP_MANUAL_CHECK,,106-02-5,,,,,,
2XX14556,Macrolide from PerfumersWorld,105-95-3,DATA_GAP_MANUAL_CHECK,,105-95-3,,,,,,
2YQ00329,Oakmoss Resinoid - IFRA Low Atranol from PerfumersWorld,90028-68-5,DATA_GAP_MANUAL_CHECK,,90028-68-5,,,,,,
3AC00014,Decanol (Alcohol C-10) from PerfumersWorld,112-30-1,DATA_GAP_MANUAL_CHECK,,112-30-1,,,,,,
3AC03955,Dodecyl Nitrile from PerfumersWorld,2437-25-4,DATA_GAP_MANUAL_CHECK,,2437-25-4,,,,,,
3AD00017,Alcohol C-9 from PerfumersWorld,143-08-8,DATA_GAP_MANUAL_CHECK,,143-08-8,,,,,,
3AD13388,Alcohol C-8 Octanol from PerfumersWorld,111-87-5,DATA_GAP_MANUAL_CHECK,,111-87-5,,,,,,
3AE13387,Alcohol C-7 Heptanol from PerfumersWorld,111-70-6,DATA_GAP_MANUAL_CHECK,,111-70-6,,,,,,
3BH00078,Camphene from PerfumersWorld,79-92-5,VERIFIED,Camphene,79-92-5,,,,,,
3BH00181,Eucalyptol from PerfumersWorld,470-82-6,VERIFIED_MATCH,"1,8-Cineole",470-82-6,,,,,,
3CC00112,Citrathal from PerfumersWorld,7492-66-2,VERIFIED_MATCH,Citral diethyl acetal,7492-66-2,,,,,,
3CC06770,Lemonile from PerfumersWorld,61792-11-8,DATA_GAP_MANUAL_CHECK,,61792-11-8,,,,,,
3CK00150,Dihydro Myrcenol from PerfumersWorld,18479-58-8,DATA_GAP_MANUAL_CHECK,,18479-58-8,,,,,,
3CK07504,Dimetol from PerfumersWorld,13254-34-7,VERIFIED_MATCH,"2,6-Dimethyl-2-heptanol",13254-34-7,,,,,,
3CQ00276,D-Limonene from PerfumersWorld,5989-27-5,DATA_GAP_MANUAL_CHECK,,5989-27-5,,,,,,
3CQ00313,Myrcene from PerfumersWorld,123-35-3,VERIFIED_MATCH,Myrcene,123-35-3,,,,,,
3CR00317,Nerol from PerfumersWorld,106-25-2,VERIFIED_MATCH,Nerol,106-25-2,,,,,,
3FD00174,Ethyl Butyrate from PerfumersWorld,105-54-4,VERIFIED_MATCH,Ethyl butyrate,105-54-4,,,,,,
3FD00246,Isoamyl Butyrate from PerfumersWorld,106-27-4,VERIFIED_MATCH,Isoamyl butyrate,106-27-4,,,,,,
3FD04102,Ethyl Lactate from PerfumersWorld,97-64-3,VERIFIED_MATCH,Ethyl Lactate,97-64-3,,,,,,
3FD05860,Butyl Butyrate from PerfumersWorld,109-21-7,VERIFIED_MATCH,Butyl butyrate,109-21-7,,,,,,
3FD06779,Apritone from PerfumersWorld,68133-79-9,DATA_GAP_MANUAL_CHECK,,68133-79-9,,,,,,
3FG00145,Diethyl Malonate from PerfumersWorld,105-53-3,DATA_GAP_MANUAL_CHECK,,105-53-3,,,,,,
3FG00172,Ethyl Acetoacetate from PerfumersWorld,141-97-9,VERIFIED_MATCH,Ethyl Acetoacetate,141-97-9,,,,,,
3FG00196,Fructone B from PerfumersWorld,6413-10-1,DATA_GAP_MANUAL_CHECK,,6413-10-1,,,,,,
3FG00387,Prenyl Acetate from PerfumersWorld,1191-16-8,VERIFIED_MATCH,Prenyl acetate,1191-16-8,,,,,,
3FG00463,Verdox from PerfumersWorld,88-41-5,VERIFIED_MATCH,2-tert-Butylcyclohexyl acetate,88-41-5,,,,,,
3FG19149,Berry Hexanoate (BerryFlor) from PerfumersWorld,104986-28-9,VERIFIED_MATCH,Ethyl 6-acetoxyhexanoate,104986-28-9,,,,,,
3FH04104,Ethyl Levulinate from PerfumersWorld,539-88-8,DATA_GAP_MANUAL_CHECK,,539-88-8,,,,,,
3FL06757,Rhubofix from PerfumersWorld,41816-03-9,DATA_GAP_MANUAL_CHECK,,41816-03-9,,,,,,
3GF19243,Galbex183 from PerfumersWorld,68901-15-5,DATA_GAP_MANUAL_CHECK,,68901-15-5,,,,,,
3GM00219,Helional from PerfumersWorld,1205-17-0,VERIFIED_MATCH,"3-(3,4-Methylenedioxyphenyl)-2-methylpropanal",1205-17-0,,,,,,
3GN00227,cis-3 Hexenyl Benzoate from PerfumersWorld,25152-85-6,DATA_GAP_MANUAL_CHECK,,25152-85-6,,,,,,
3GN00379,Phenyl Propyl Alcohol from PerfumersWorld,122-97-4,VERIFIED_MATCH,Benzenepropanol,122-97-4,,,,,,
3GO00229,cis-3 Hexenyl Salicylate from PerfumersWorld,65405-77-8,DATA_GAP_MANUAL_CHECK,,65405-77-8,,,,,,
3GS16129,Ivybase from PerfumersWorld,Mixture,DATA_GAP_MANUAL_CHECK,,Mixture,,,,,,
3IA00343,Orivone from PerfumersWorld,16587-71-6,DATA_GAP_MANUAL_CHECK,,16587-71-6,,,,,,
3IA06874,Irotyl from PerfumersWorld,1335-46-2,DATA_GAP_MANUAL_CHECK,,1335-46-2,,,,,,
3IF00237,Alpha Ionone from PerfumersWorld,127-41-3,DATA_GAP_MANUAL_CHECK,,127-41-3,,,,,,
3IF00238,Beta Ionone from PerfumersWorld,14901-07-6,VERIFIED_MATCH,I2-Ionone,14901-07-6,,,,,,
3IL00139,Damascol from PerfumersWorld,57378-68-4,VERIFIED_MATCH,,57378-68-4,,,,,,
3IL00153,Dihydro Beta Ionone from PerfumersWorld,17283-81-7,DATA_GAP_MANUAL_CHECK,,17283-81-7,,,,,,
3IW00300,Alpha Isomethyl Ionone from PerfumersWorld,127-51-5,DATA_GAP_MANUAL_CHECK,,127-51-5,,,,,,
3JF00052,Benzyl Acetate from PerfumersWorld,140-11-4,FIXED_FROM_AUDIT,Benzyl acetate,140-11-4,,,,,,
3JF00059,Benzyl Propionate from PerfumersWorld,122-63-4,VERIFIED_MATCH,Benzyl propionate,122-63-4,,,,,,
3JF07351,Jasmin Lactone from PerfumersWorld,32764-98-0,DATA_GAP_MANUAL_CHECK,,32764-98-0,,,,,,
3JJ00005,Amyl Cinnamic Aldehyde (ACA) from PerfumersWorld,122-40-7,DATA_GAP_MANUAL_CHECK,,122-40-7,,,,,,
3JJ00217,Hexyl Cinnamic Aldehyde (HCA) from PerfumersWorld,101-86-0,DATA_GAP_MANUAL_CHECK,,101-86-0,,,,,,
3JJ00218,Hedione from PerfumersWorld,24851-98-7,VERIFIED_MATCH,Hedione,24851-98-7,,,,,,
3JN00258,Jessemal Jasmonyl from PerfumersWorld,18871-14-2,DATA_GAP_MANUAL_CHECK,,18871-14-2,,,,,,
3KC00386,Beta Pinene from PerfumersWorld,127-91-3,DATA_GAP_MANUAL_CHECK,,127-91-3,,,,,,
3KC00431,Terpinolene from PerfumersWorld,586-62-9,VERIFIED_MATCH,Terpinolene,586-62-9,,,,,,
3KC14406,Alpha Pinene from PerfumersWorld,80-56-8,DATA_GAP_MANUAL_CHECK,,80-56-8,,,,,,
3KH00065,Isobornyl Acetate from PerfumersWorld,125-12-2,DATA_GAP_MANUAL_CHECK,,125-12-2,,,,,,
3KK00124,Coniferan from PerfumersWorld,67801-20-1,FIXED_FROM_AUDIT,Conifer acetate,,,,,,,
3KK05584,Terpineol from PerfumersWorld,8000-41-7,VERIFIED_MATCH,Alpha-Terpineol,8000-41-7,,,,,,
3KL00152,Dihydro Terpinyl Acetate from PerfumersWorld,80-25-1,DATA_GAP_MANUAL_CHECK,,80-25-1,,,,,,
3KL00430,Alpha Terpineol from PerfumersWorld,98-55-5,DATA_GAP_MANUAL_CHECK,,98-55-5,,,,,,
3LA00326,Nopyl Acetate from PerfumersWorld,128-51-8,VERIFIED_MATCH,Nopyl acetate,128-51-8,,,,,,
3LB00292,Menthyl Acetate from PerfumersWorld,89-48-5,VERIFIED_MATCH,Menthyl acetate,89-48-5,,,,,,
3LC03808,(Ghost entry - name unknown) from PerfumersWorld,,VERIFIED,Propylene Glycol,,,,,,,
3LC12899,Linalyl Propionate from PerfumersWorld,144-39-8,VERIFIED_MATCH,Linalyl propionate,144-39-8,,,,,,
3LC19147,Ethyl Linalyl Acetate from PerfumersWorld,61931-80-4,VERIFIED_MATCH,"3,7-Dimethylnona-1,6-dien-3-yl acetate",61931-80-4,,,,,,
3LF00157,Dimethyl Benzyl Carbinyl Acetate from PerfumersWorld,151-05-3,DATA_GAP_MANUAL_CHECK,,151-05-3,,,,,,
3LF00279,Linalyl Acetate from PerfumersWorld,115-95-7,DATA_GAP_MANUAL_CHECK,,115-95-7,,,,,,
3LF00299,Methyl Hexyl Ketone from PerfumersWorld,111-13-7,DATA_GAP_MANUAL_CHECK,,111-13-7,,,,,,
3LH00252,Isononyl Acetate from PerfumersWorld,58430-94-7,VERIFIED_MATCH,"3,5,5-Trimethylhexyl acetate",58430-94-7,,,,,,
3LH00459,Veloutone from PerfumersWorld,41724-19-0,VERIFIED_MATCH,"2,2,5-Trimethyl-5-pentylcyclopentanone",41724-19-0,,,,,,
3LJ01926,Verdyl Acetate from PerfumersWorld,5413-60-5,VERIFIED,Verdyl acetate,5413-60-5,,,,,,
3LK00432,Terpinyl Acetate from PerfumersWorld,80-26-2,DATA_GAP_MANUAL_CHECK,,80-26-2,,,,,,
3LL00156,Dimethyl Benzyl Carbinol from PerfumersWorld,100-86-7,VERIFIED_MATCH,2-Methyl-1-phenyl-2-propanol,100-86-7,,,,,,
3LL00278,Linalool Synthetic from PerfumersWorld,78-70-6,DATA_GAP_MANUAL_CHECK,,78-70-6,,,,,,
3LM00319,Nerolidol from PerfumersWorld,7212-44-4,VERIFIED_MATCH,Nerolidol,7212-44-4,,,,,,
3LM00435,Tetrahydro Muguol from PerfumersWorld,106-21-8,DATA_GAP_MANUAL_CHECK,,106-21-8,,,,,,
3LN00043,Anisyl Acetate from PerfumersWorld,104-21-2,DATA_GAP_MANUAL_CHECK,,104-21-2,,,,,,
3LN08954,Verdyl Propionate from PerfumersWorld,17373-89-6,DATA_GAP_MANUAL_CHECK,,17373-89-6,,,,,,
3LR00160,Phenyl Ethyl Dimethyl Carbinyl Acetate from PerfumersWorld,103-07-1,DATA_GAP_MANUAL_CHECK,,103-07-1,,,,,,
3LW00187,Farnesol from PerfumersWorld,4602-84-0,DATA_GAP_MANUAL_CHECK,,4602-84-0,,,,,,
3LW00464,Vertenex from PerfumersWorld,32210-23-4,DATA_GAP_MANUAL_CHECK,,32210-23-4,,,,,,
3MA00273,Lilial from PerfumersWorld,80-54-6,VERIFIED_MATCH,Lilial,80-54-6,,,,,,
3MA22553,Nympheal from PerfumersWorld,55066-48-3,DATA_GAP_MANUAL_CHECK,,55066-48-3,,,,,,
3MC00233,Hydroxycitronellal from PerfumersWorld,107-75-5,VERIFIED_MATCH,Hydroxycitronellal,107-75-5,,,,,,
3MC11054,Precyclemone B from PerfumersWorld,52475-86-2,DATA_GAP_MANUAL_CHECK,,52475-86-2,,,,,,
3MG00134,Cyclamen Aldehyde from PerfumersWorld,103-95-7,DATA_GAP_MANUAL_CHECK,,103-95-7,,,,,,
3MG00282,Lyral from PerfumersWorld,31906-04-4,VERIFIED_MATCH,Liral,31906-04-4,,,,,,
3MG11691,Mayol from PerfumersWorld,13828-37-0,DATA_GAP_MANUAL_CHECK,,13828-37-0,,,,,,
3ML00192,Florol from PerfumersWorld,63500-71-0,DATA_GAP_MANUAL_CHECK,,63500-71-0,,,,,,
3MN13569,Magnolan from PerfumersWorld,27606-09-3,DATA_GAP_MANUAL_CHECK,,27606-09-3,,,,,,
3MR02826,Phenyl Ethyl Dimethyl Carbinol from PerfumersWorld,103-07-1,DATA_GAP_MANUAL_CHECK,,103-07-1,,,,,,
3MW11714,Glycolierral from PerfumersWorld,68901-15-5,DATA_GAP_MANUAL_CHECK,,68901-15-5,,,,,,
3MX07491,Fixetal from PerfumersWorld,3087-36-3,DATA_GAP_MANUAL_CHECK,,3087-36-3,,,,,,
3NC00155,Dimethyl Anthranilate from PerfumersWorld,85-91-6,VERIFIED_MATCH,Methyl N-methylanthranilate,85-91-6,,,,,,
3NF03984,Ethyl Anthranilate from PerfumersWorld,87-25-2,DATA_GAP_MANUAL_CHECK,,87-25-2,,,,,,
3NJ01315,Ethyl Benzoate from PerfumersWorld,93-89-0,VERIFIED_MATCH,Ethyl benzoate,93-89-0,,,,,,
3NL00044,Anisyl Alcohol from PerfumersWorld,105-13-5,DATA_GAP_MANUAL_CHECK,,105-13-5,,,,,,
3NP02253,para-Methyl Acetophenone from PerfumersWorld,122-00-9,DATA_GAP_MANUAL_CHECK,,122-00-9,,,,,,
3NV00040,Anisaldehyde from PerfumersWorld,123-11-5,DATA_GAP_MANUAL_CHECK,,123-11-5,,,,,,
3OG00230,Hexyl Salicylate from PerfumersWorld,6259-76-3,VERIFIED_MATCH,Hexyl Salicylate,6259-76-3,,,,,,
3OH00037,Amyl Salicylate from PerfumersWorld,2050-08-0,DATA_GAP_MANUAL_CHECK,,2050-08-0,,,,,,
3OH00073,Butyl Salicylate from PerfumersWorld,2052-14-4,VERIFIED_MATCH,Butyl salicylate,2052-14-4,,,,,,
3ON00060,Benzyl Salicylate from PerfumersWorld,118-58-1,VERIFIED_MATCH,Benzyl Salicylate,118-58-1,,,,,,
3OP00306,Methyl Salicylate from PerfumersWorld,119-36-8,VERIFIED_MATCH,Methyl Salicylate,119-36-8,,,,,,
3OP01253,Ethyl Salicylate from PerfumersWorld,118-61-6,VERIFIED_MATCH,Ethyl Salicylate,118-61-6,,,,,,
3PF02759,Ethyl Phenyl Acetate from PerfumersWorld,101-97-3,VERIFIED_MATCH,Ethyl phenylacetate,101-97-3,,,,,,
3QC00330,Ocimene from PerfumersWorld,13877-91-3,FIXED_FROM_AUDIT,Ocimene,29714-87-2,,,,,,
3RB00369,Phenoxy Ethyl Isobutyrate from PerfumersWorld,103-60-6,DATA_GAP_MANUAL_CHECK,,103-60-6,,,,,,
3RB00375,Phenyl Ethyl Isobutyrate from PerfumersWorld,103-48-0,DATA_GAP_MANUAL_CHECK,,103-48-0,,,,,,
3RB07724,Rhodinol ex Citronella from PerfumersWorld,141-25-3,FIXED_FROM_AUDIT,Rhodinol,6812-78-8,,,,,,
3RB12753,Peonile from PerfumersWorld,10461-98-0,DATA_GAP_MANUAL_CHECK,,10461-98-0,,,,,,
3RF05061,Neryl Acetate from PerfumersWorld,141-12-8,DATA_GAP_MANUAL_CHECK,,141-12-8,,,,,,
3RL00118,Citronellyl Acetate from PerfumersWorld,150-84-5,DATA_GAP_MANUAL_CHECK,,150-84-5,,,,,,
3RL00204,Geraniol from PerfumersWorld,106-24-1,DATA_GAP_MANUAL_CHECK,,106-24-1,,,,,,
3RL00206,Geranyl Acetate from PerfumersWorld,105-87-3,DATA_GAP_MANUAL_CHECK,,105-87-3,,,,,,
3RL03873,Tetrahydro Geraniol from PerfumersWorld,106-21-8,DATA_GAP_MANUAL_CHECK,,106-21-8,,,,,,
3RM00116,CitronellOL from PerfumersWorld,106-22-9,DATA_GAP_MANUAL_CHECK,,106-22-9,,,,,,
3RM00358,Phenyl Ethyl Alcohol (PEA) from PerfumersWorld,60-12-8,DATA_GAP_MANUAL_CHECK,,60-12-8,,,,,,
3RP00371,Phenyl Ethyl Acetate from PerfumersWorld,103-45-7,DATA_GAP_MANUAL_CHECK,,103-45-7,,,,,,
3RP00377,Phenyl Ethyl Phenyl Acetate from PerfumersWorld,102-20-5,DATA_GAP_MANUAL_CHECK,,102-20-5,,,,,,
3RP04262,Geranyl Phenylacetate from PerfumersWorld,102-22-7,DATA_GAP_MANUAL_CHECK,,102-22-7,,,,,,
3RW04286,Guaiyl Acetate from PerfumersWorld,134-28-1,VERIFIED_MATCH,Guaiyl acetate,134-28-1,,,,,,
3SP00184,Eugenol from PerfumersWorld,97-53-0,DATA_GAP_MANUAL_CHECK,,97-53-0,,,,,,
3SP00250,Isoeugenol from PerfumersWorld,97-54-1,DATA_GAP_MANUAL_CHECK,,97-54-1,,,,,,
3SQ00109,Cinnamyl Acetate from PerfumersWorld,103-54-8,VERIFIED_MATCH,Cinnamyl Acetate,103-54-8,,,,,,
3UP14351,Suederal from PerfumersWorld,Mixture,DATA_GAP_MANUAL_CHECK,,Mixture,,,,,,
3UU07513,Civet Art from PerfumersWorld,Mixture,DATA_GAP_MANUAL_CHECK,,Mixture,,,,,,
3VN06814,Piperonyl acetate from PerfumersWorld,326-61-4,DATA_GAP_MANUAL_CHECK,,326-61-4,,,,,,
3WB13402,Clearwood from PerfumersWorld,84238-39-1,DATA_GAP_MANUAL_CHECK,,84238-39-1,,,,,,
3WI00098,Cedroxyde from PerfumersWorld,71735-79-0,FIXED_FROM_AUDIT,"13-Oxabicyclo(10.1.0)trideca-4,8-diene, 1,5,9-trimethyl-",13786-79-3,,,,,,
3WI00384,Physeol from PerfumersWorld,68845-00-1,DATA_GAP_MANUAL_CHECK,,68845-00-1,,,,,,
3WI03465,Caryophyllene Acetate from PerfumersWorld,57082-24-3,DATA_GAP_MANUAL_CHECK,,57082-24-3,,,,,,
3WM16912,Polysantol from PerfumersWorld,107898-54-4,VERIFIED_MATCH,"4-Penten-2-ol, 3,3-dimethyl-5-(2,2,3-trimethyl-3-cyclopenten-1-yl)-",107898-54-4,,,,,,
3WQ11673,Amber Decane from PerfumersWorld,338735-71-0,VERIFIED,"2,6,6,7,8,8-Hexamethyldecahydro-2H-indeno[4,5-b]furan",338735-71-0,,,,,,
3WS00089,Beta Caryophyllene from PerfumersWorld,87-44-5,DATA_GAP_MANUAL_CHECK,,87-44-5,,,,,,
3WW00097,Cedramber from PerfumersWorld,19870-74-7,VERIFIED_MATCH,Cedramber,19870-74-7,,,,,,
3WW07134,Timberol from PerfumersWorld,70788-30-6,DATA_GAP_MANUAL_CHECK,,70788-30-6,,,,,,
3WX00347,Osyrol from PerfumersWorld,1325-54-8,DATA_GAP_MANUAL_CHECK,,1325-54-8,,,,,,
3WX00407,Sandela 50 from PerfumersWorld,28219-61-6,DATA_GAP_MANUAL_CHECK,,28219-61-6,,,,,,
3WX07631,Sandenol 803 from PerfumersWorld,66068-84-6,VERIFIED_MATCH,4-Hydroxy-1-(5-isocamphyl)cyclohexane,66068-84-6,,,,,,
3WX07632,Sandenol 208 from PerfumersWorld,28219-61-6,DATA_GAP_MANUAL_CHECK,,28219-61-6,,,,,,
3WX10767,Indisan from PerfumersWorld,5463-39-8,DATA_GAP_MANUAL_CHECK,,5463-39-8,,,,,,
3WX13005,Sandela 85 from PerfumersWorld,28219-61-6,DATA_GAP_MANUAL_CHECK,,28219-61-6,,,,,,
3WY00244,Iso E Super from PerfumersWorld,54464-57-2,FIXED_FROM_AUDIT,"1-(2,3,8,8-Tetramethyl-1,2,3,4,5,6,7,8-octahydronaphthalen-2-YL)ethanone, trans-(A+-)-",144651-56-9,,,,,,
3WY00465,Vertofix Couer from PerfumersWorld,32388-55-9,DATA_GAP_MANUAL_CHECK,,32388-55-9,,,,,,
3WY00468,Vetiveryl Acetate from PerfumersWorld,62563-80-8,VERIFIED_MATCH,Vetivert acetate,62563-80-8,,,,,,
3WY14446,Isolongifolanone from PerfumersWorld,23787-90-8,VERIFIED,Isolongifolanone,23787-90-8,,,,,,
3XA00199,Galaxolide 50 DEP from PerfumersWorld,1222-05-5,DATA_GAP_MANUAL_CHECK,,1222-05-5,,,,,,
3XA09821,Habanolide from PerfumersWorld,111879-80-2,VERIFIED,"Oxacyclohexadecen-2-one, (12E)-",111879-80-2,,,,,,
3XA10721,Galaxolide 50 DPG from PerfumersWorld,1222-05-5,DATA_GAP_MANUAL_CHECK,,1222-05-5,,,,,,
3XA22378,Zenolide from PerfumersWorld,34902-57-3,FIXED_FROM_AUDIT,Ethylene dodecanedioate,54982-83-1,,,,,,
3XD17215,Helvetolide from PerfumersWorld,417985-88-7,VERIFIED_MATCH,"1-Propanol, 2-(1-(3,3-dimethylcyclohexyl)ethoxy)-2-methyl-, 1-propanoate",417985-88-7,,,,,,
3XU00180,Ethylene Brassylate from PerfumersWorld,105-95-3,VERIFIED_MATCH,Ethylene brassylate,105-95-3,,,,,,
3XU22379,Romandolide from PerfumersWorld,236391-76-7,VERIFIED_MATCH,"Acetic acid, 2-(1-oxopropoxy)-, 1-(3,3-dimethylcyclohexyl)ethyl ester",236391-76-7,,,,,,
3XU22434,Fixamber from PerfumersWorld,71735-79-0,DATA_GAP_MANUAL_CHECK,,71735-79-0,,,,,,
4AA00021,Aldehyde C-12 Lauric Dodecanal from PerfumersWorld,112-54-9,DATA_GAP_MANUAL_CHECK,,112-54-9,,,,,,
4AC00018,Aldehyde C-10 Decanal from PerfumersWorld,112-31-2,DATA_GAP_MANUAL_CHECK,,112-31-2,,,,,,
4AC00026,Aldehyde C-8 Octanal from PerfumersWorld,124-13-0,DATA_GAP_MANUAL_CHECK,,124-13-0,,,,,,
4AC00027,Aldehyde C-9 Nonanal from PerfumersWorld,124-19-6,DATA_GAP_MANUAL_CHECK,,124-19-6,,,,,,
4AG00022,Aldehyde C-12 MNA from PerfumersWorld,110-41-8,VERIFIED,2-Methylundecanal,110-41-8,,,,,,
4AG00025,Aldehyde C-7 Heptanal from PerfumersWorld,111-71-7,DATA_GAP_MANUAL_CHECK,,111-71-7,,,,,,
4AR00020,Aldehyde C-11 Undecanal from PerfumersWorld,112-44-7,DATA_GAP_MANUAL_CHECK,,112-44-7,,,,,,
4AR01236,Aldehyde C-11 Undecylenic from PerfumersWorld,112-45-8,DATA_GAP_MANUAL_CHECK,,112-45-8,,,,,,
4BB00088,L-Carvone from PerfumersWorld,6485-40-1,DATA_GAP_MANUAL_CHECK,,6485-40-1,,,,,,
4BB00291,Menthone from PerfumersWorld,89-80-5,VERIFIED_MATCH,Menthone,89-80-5,,,,,,
4BC11314,Beta Homocyclocitral from PerfumersWorld,472-66-2,DATA_GAP_MANUAL_CHECK,,472-66-2,,,,,,
4CA03618,Isocyclocitral from PerfumersWorld,1335-46-2,VERIFIED_MATCH,Isocyclocitral,1335-46-2,,,,,,
4CC00111,Citral from PerfumersWorld,5392-40-5,VERIFIED_MATCH,Citral,5392-40-5,,,,,,
4CF19148,Decatone from PerfumersWorld,34131-98-1,DATA_GAP_MANUAL_CHECK,,34131-98-1,,,,,,
4CK00275,Lime Oxide from PerfumersWorld,73018-51-6,DATA_GAP_MANUAL_CHECK,,73018-51-6,,,,,,
4CR00115,CitronellAL from PerfumersWorld,106-23-0,DATA_GAP_MANUAL_CHECK,,106-23-0,,,,,,
4CR06787,Citronellyl Nitrile from PerfumersWorld,51566-62-2,VERIFIED_MATCH,Citronellyl nitrile,51566-62-2,,,,,,
4DD00324,Aldehyde C-18 Gamma Nonalactone from PerfumersWorld,104-61-0,DATA_GAP_MANUAL_CHECK,,104-61-0,,,,,,
4DD00331,Gamma Octalactone from PerfumersWorld,104-50-7,DATA_GAP_MANUAL_CHECK,,104-50-7,,,,,,
4DD00454,Aldehyde C-14 Gamma Undecalactone from PerfumersWorld,104-67-6,DATA_GAP_MANUAL_CHECK,,104-67-6,,,,,,
4DD01639,Gamma Decalactone from PerfumersWorld,706-14-9,DATA_GAP_MANUAL_CHECK,,706-14-9,,,,,,
4DD03683,Delta Decalactone from PerfumersWorld,705-86-2,DATA_GAP_MANUAL_CHECK,,705-86-2,,,,,,
4DF00164,Gamma Dodecalactone from PerfumersWorld,2305-05-7,DATA_GAP_MANUAL_CHECK,,2305-05-7,,,,,,
4DF13384,Isobutyric Acid from PerfumersWorld,79-31-2,VERIFIED_MATCH,Isobutyric Acid,79-31-2,,,,,,
4DH02050,Hexanlactone-gamma from PerfumersWorld,695-06-7,DATA_GAP_MANUAL_CHECK,,695-06-7,,,,,,
4DV02664,Acetoin from PerfumersWorld,513-86-0,VERIFIED_MATCH,Acetoin,513-86-0,,,,,,
4ED00423,Sulfurol from PerfumersWorld,137-00-8,VERIFIED_MATCH,4-Methyl-5-(2-hydroxyethyl)thiazole,137-00-8,,,,,,
4ES00402,Saffranal from PerfumersWorld,116-26-7,DATA_GAP_MANUAL_CHECK,,116-26-7,,,,,,
4ES06848,Ethyl Safranate from PerfumersWorld,35044-59-8,VERIFIED,"1,3-Cyclohexadiene-1-carboxylic acid, 2,6,6-trimethyl-, ethyl ester",35044-59-8,,,,,,
4ES11805,2-iso Propyl 4 Methyl Thiazole from PerfumersWorld,15679-13-7,DATA_GAP_MANUAL_CHECK,,15679-13-7,,,,,,
4ES11978,Safraleine from PerfumersWorld,54440-17-4,DATA_GAP_MANUAL_CHECK,,54440-17-4,,,,,,
4EW07503,2 3-Dimethyl Pyrazine from PerfumersWorld,5910-89-4,DATA_GAP_MANUAL_CHECK,,5910-89-4,,,,,,
4EW14326,2 Acetyl Thaizole from PerfumersWorld,24295-03-2,DATA_GAP_MANUAL_CHECK,,24295-03-2,,,,,,
4FC00030,Allyl Cyclohexyl Propionate from PerfumersWorld,2705-87-5,FIXED_FROM_AUDIT,Allyl cyclohexyl propionate,,,,,,,
4FC00176,Aldehyde C-16 Ethyl Methyl Phenyl Glycidate from PerfumersWorld,77-83-8,DATA_GAP_MANUAL_CHECK,,77-83-8,,,,,,
4FC02995,Allyl Caproate from PerfumersWorld,123-68-2,DATA_GAP_MANUAL_CHECK,,123-68-2,,,,,,
4FC07622,2-Methyl-2-Pentenoic Acid from PerfumersWorld,3142-72-1,DATA_GAP_MANUAL_CHECK,,3142-72-1,,,,,,
4FC11677,Methyl Pample Mousse from PerfumersWorld,67674-46-8,DATA_GAP_MANUAL_CHECK,,67674-46-8,,,,,,
4FD00001,2-Methylbutyl 2-Methylbutyrate from PerfumersWorld,2445-76-3,DATA_GAP_MANUAL_CHECK,,2445-76-3,,,,,,
4FD02026,Ethyl Isovalerate from PerfumersWorld,108-64-5,VERIFIED_MATCH,Ethyl isovalerate,108-64-5,,,,,,
4FD04118,Ethyl 2-Methylbutyrate from PerfumersWorld,7452-79-1,DATA_GAP_MANUAL_CHECK,,7452-79-1,,,,,,
4FD05871,Butyl Isovalerate from PerfumersWorld,109-19-3,VERIFIED_MATCH,Butyl isovalerate,109-19-3,,,,,,
4FD06346,Amyl Valerate from PerfumersWorld,2173-56-0,VERIFIED_MATCH,Pentyl valerate,2173-56-0,,,,,,
4FG00029,Allyl Amyl Glycolate from PerfumersWorld,67634-00-8,VERIFIED_MATCH,Allyl amyl glycolate,67634-00-8,,,,,,
4FG00289,Melonal from PerfumersWorld,106-72-9,DATA_GAP_MANUAL_CHECK,,106-72-9,,,,,,
4FG01284,Hexyl Acetate from PerfumersWorld,142-92-7,VERIFIED_MATCH,Hexyl acetate,142-92-7,,,,,,
4FG02943,Acetic Acid from PerfumersWorld,64-19-7,DATA_GAP_MANUAL_CHECK,,64-19-7,,,,,,
4FG04398,Hexanol from PerfumersWorld,111-27-3,DATA_GAP_MANUAL_CHECK,,111-27-3,,,,,,
4FG07161,Dynascone from PerfumersWorld,56973-85-4,DATA_GAP_MANUAL_CHECK,,56973-85-4,,,,,,
4FG13385,Hexanoic Acid from PerfumersWorld,142-62-1,DATA_GAP_MANUAL_CHECK,,142-62-1,,,,,,
4FG15438,Manzanate from PerfumersWorld,39255-32-8,VERIFIED_MATCH,Ethyl 2-methylpentanoate,39255-32-8,,,,,,
4FN00049,Benzaldehyde from PerfumersWorld,100-52-7,VERIFIED_MATCH,Benzaldehyde,100-52-7,,,,,,
4FY00173,Ethyl Amyl Ketone from PerfumersWorld,106-68-3,DATA_GAP_MANUAL_CHECK,,106-68-3,,,,,,
4FY02024,Ethyl Heptylate from PerfumersWorld,106-30-9,DATA_GAP_MANUAL_CHECK,,106-30-9,,,,,,
4FY22527,2-Octen-4-one from PerfumersWorld,4643-27-0,DATA_GAP_MANUAL_CHECK,,4643-27-0,,,,,,
4GA00012,Adoxal from PerfumersWorld,141-13-9,VERIFIED_MATCH,"2,6,10-Trimethyl-9-undecenal",141-13-9,,,,,,
4GD00228,cis-3 Hexenyl Butyrate from PerfumersWorld,16491-36-4,DATA_GAP_MANUAL_CHECK,,16491-36-4,,,,,,
4GF00226,cis-3 Hexenyl Acetate from PerfumersWorld,3681-71-8,DATA_GAP_MANUAL_CHECK,,3681-71-8,,,,,,
4GF14127,Paradisamide from PerfumersWorld,406488-30-0,VERIFIED_MATCH,"Butanamide, 2-ethyl-N-methyl-N-(3-methylphenyl)-",406488-30-0,,,,,,
4GG01946,cis-3 Hexenyl Hexanoate from PerfumersWorld,31501-11-8,DATA_GAP_MANUAL_CHECK,,31501-11-8,,,,,,
4GH00450,Triplal from PerfumersWorld,68039-49-6,VERIFIED_MATCH,"2,4-Dimethyl-3-cyclohexene carboxaldehyde",68039-49-6,,,,,,
4GI00305,Methyl Octine Carbonate from PerfumersWorld,111-80-8,VERIFIED_MATCH,Methyl 2-nonynoate,111-80-8,,,,,,
4GI02379,Neofolione from PerfumersWorld,5435-64-3,DATA_GAP_MANUAL_CHECK,,5435-64-3,,,,,,
4GI15439,Leafovert from PerfumersWorld,67845-30-1,DATA_GAP_MANUAL_CHECK,,67845-30-1,,,,,,
4GI24147,Liffarome from PerfumersWorld,67633-96-9,DATA_GAP_MANUAL_CHECK,,67633-96-9,,,,,,
4GL00225,cis-3 Hexenol from PerfumersWorld,928-96-1,DATA_GAP_MANUAL_CHECK,,928-96-1,,,,,,
4GL00415,Stemone from PerfumersWorld,22457-23-4,DATA_GAP_MANUAL_CHECK,,22457-23-4,,,,,,
4GL22835,Maceal from PerfumersWorld,67845-30-1,DATA_GAP_MANUAL_CHECK,,67845-30-1,,,,,,
4GM00232,Hydratropic Aldehyde from PerfumersWorld,93-53-8,DATA_GAP_MANUAL_CHECK,,93-53-8,,,,,,
4GN00231,Hyacinth Body from PerfumersWorld,Mixture,DATA_GAP_MANUAL_CHECK,,Mixture,,,,,,
4GN00382,Phenyl Acetaldehyde Dimethyl Acetal (PADMA) from PerfumersWorld,101-48-4,VERIFIED_MATCH,Phenyl acetaldehyde dimethyl acetal,101-48-4,,,,,,
4GN00417,Styralyl Acetate from PerfumersWorld,93-92-5,VERIFIED_MATCH,1-Phenylethyl Acetate,93-92-5,,,,,,
4GN00418,Styralyl Alcohol from PerfumersWorld,98-85-1,VERIFIED,1-Phenylethanol,98-85-1,,,,,,
4GN00419,Styralyl Propionate from PerfumersWorld,120-45-6,VERIFIED_MATCH,1-Phenylethyl propionate,120-45-6,,,,,,
4GN23714,Algix Pure from PerfumersWorld,Mixture,DATA_GAP_MANUAL_CHECK,,Mixture,,,,,,
4HF00147,Dihydro Carvyl Acetate from PerfumersWorld,20777-49-5,DATA_GAP_MANUAL_CHECK,,20777-49-5,,,,,,
4HW03807,Lavender Aldehyde from PerfumersWorld,67633-96-9,DATA_GAP_MANUAL_CHECK,,67633-96-9,,,,,,
4IG05175,Parmavert from PerfumersWorld,38462-22-5,DATA_GAP_MANUAL_CHECK,,38462-22-5,,,,,,
4IG07330,Undecavertol from PerfumersWorld,81782-77-6,DATA_GAP_MANUAL_CHECK,,81782-77-6,,,,,,
4IN10857,Allyl Ionone Cetone V from PerfumersWorld,79-78-7,DATA_GAP_MANUAL_CHECK,,79-78-7,,,,,,
4JD00055,Benzyl Butyrate from PerfumersWorld,103-37-7,DATA_GAP_MANUAL_CHECK,,103-37-7,,,,,,
4JJ10013,Hedione High Cis from PerfumersWorld,24851-98-7,DATA_GAP_MANUAL_CHECK,,24851-98-7,,,,,,
4JN00149,Dihydro Jasmone from PerfumersWorld,1128-08-1,DATA_GAP_MANUAL_CHECK,,1128-08-1,,,,,,
4JN00257,cis-Jasmone from PerfumersWorld,488-10-8,DATA_GAP_MANUAL_CHECK,,488-10-8,,,,,,
4JN15333,Methyl Jasmonate from PerfumersWorld,1211-29-6,VERIFIED_MATCH,(-)-Methyl jasmonate,1211-29-6,,,,,,
4JW00057,Benzyl Formate from PerfumersWorld,104-57-4,VERIFIED_MATCH,Benzyl formate,104-57-4,,,,,,
4LD02865,Dimethyl Benzyl Carbinyl Butyrate from PerfumersWorld,10094-34-5,DATA_GAP_MANUAL_CHECK,,10094-34-5,,,,,,
4LF00294,Methyl Amyl Ketone from PerfumersWorld,110-43-0,DATA_GAP_MANUAL_CHECK,,110-43-0,,,,,,
4LL00277,Linalool Oxide from PerfumersWorld,1365-19-1,DATA_GAP_MANUAL_CHECK,,1365-19-1,,,,,,
4LL11499,Ethyl Linalool from PerfumersWorld,10339-55-6,VERIFIED_MATCH,Ethyl linalool,10339-55-6,,,,,,
4LY00304,Methyl Nonyl Ketone from PerfumersWorld,112-12-9,DATA_GAP_MANUAL_CHECK,,112-12-9,,,,,,
4MA00067,Bourgeonal from PerfumersWorld,18127-01-0,VERIFIED,Bourgeonal,18127-01-0,,,,,,
4MA00167,Dupical from PerfumersWorld,30168-23-1,DATA_GAP_MANUAL_CHECK,,30168-23-1,,,,,,
4MA00312,Myrac Aldehyde from PerfumersWorld,6048-83-5,DATA_GAP_MANUAL_CHECK,,6048-83-5,,,,,,
4NC00295,Methyl Anthranilate from PerfumersWorld,134-20-3,VERIFIED_MATCH,Methyl Anthranilate,134-20-3,,,,,,
4NJ00296,Methyl Benzoate from PerfumersWorld,93-58-3,VERIFIED_MATCH,Methyl Benzoate,93-58-3,,,,,,
4NM04579,Verdantiol from PerfumersWorld,91-51-0,DATA_GAP_MANUAL_CHECK,,91-51-0,,,,,,
4NU04558,Indolene from PerfumersWorld,67860-00-8,DATA_GAP_MANUAL_CHECK,,67860-00-8,,,,,,
4PP00350,para-Cresyl Methyl Ether from PerfumersWorld,104-93-8,DATA_GAP_MANUAL_CHECK,,104-93-8,,,,,,
4PQ00352,Cymene Para from PerfumersWorld,99-87-6,DATA_GAP_MANUAL_CHECK,,99-87-6,,,,,,
4PS02272,Methyl Chavicol from PerfumersWorld,140-67-0,DATA_GAP_MANUAL_CHECK,,140-67-0,,,,,,
4RA00394,Rosalva from PerfumersWorld,13019-22-2,DATA_GAP_MANUAL_CHECK,,13019-22-2,,,,,,
4RC03548,Citronellyl Formate from PerfumersWorld,105-85-1,VERIFIED_MATCH,Citronellyl formate,105-85-1,,,,,,
4RD00207,Geranyl Butyrate from PerfumersWorld,106-29-6,VERIFIED_MATCH,Geranyl butyrate,106-29-6,,,,,,
4RF06840,Givescone from PerfumersWorld,57934-97-1,DATA_GAP_MANUAL_CHECK,,57934-97-1,,,,,,
4RL00374,Phenyl Ethyl Isoamyl Ether from PerfumersWorld,56011-02-0,DATA_GAP_MANUAL_CHECK,,56011-02-0,,,,,,
4RL00399,Rose Oxide from PerfumersWorld,16409-43-1,VERIFIED_MATCH,Rose oxide,16409-43-1,,,,,,
4RM06950,Rose Absolute Pentalol (Mefrosol) from PerfumersWorld,Mixture,DATA_GAP_MANUAL_CHECK,,Mixture,,,,,,
4RW00208,Geranyl Formate from PerfumersWorld,105-86-2,DATA_GAP_MANUAL_CHECK,,105-86-2,,,,,,
4RW00373,Phenyl Ethyl Formate from PerfumersWorld,104-62-1,DATA_GAP_MANUAL_CHECK,,104-62-1,,,,,,
4SB00038,Anethole from PerfumersWorld,4180-23-8,VERIFIED_MATCH,Anethole,4180-23-8,,,,,,
4SP12754,Toscanol from PerfumersWorld,92585-24-5,VERIFIED,2-Methyl-4-phenyl-1-pentanol,92585-24-5,,,,,,
4SP16859,Methyl Diantilis from PerfumersWorld,5595-79-9,VERIFIED_MATCH,"Phenol, 2-ethoxy-4-(methoxymethyl)-",5595-79-9,,,,,,
4SV00106,Cinnamyl Aldehyde from PerfumersWorld,104-55-2,DATA_GAP_MANUAL_CHECK,,104-55-2,,,,,,
4SW23710,Cinnamyl Nitrile from PerfumersWorld,1885-38-7,DATA_GAP_MANUAL_CHECK,,1885-38-7,,,,,,
4UW09665,Costus Olifac Iff from PerfumersWorld,8023-88-9,DATA_GAP_MANUAL_CHECK,,8023-88-9,,,,,,
4UY07514,Fixative 505 from PerfumersWorld,Mixture,DATA_GAP_MANUAL_CHECK,,Mixture,,,,,,
4VV16856,Isobutavan from PerfumersWorld,20665-85-4,DATA_GAP_MANUAL_CHECK,,20665-85-4,,,,,,
4WB16858,Azarbre from PerfumersWorld,68845-00-1,DATA_GAP_MANUAL_CHECK,,68845-00-1,,,,,,
4WF06853,Aphermate from PerfumersWorld,25225-08-5,DATA_GAP_MANUAL_CHECK,,25225-08-5,,,,,,
4WI10591,Koavone from PerfumersWorld,74113-74-9,DATA_GAP_MANUAL_CHECK,,74113-74-9,,,,,,
4WL15944,Vetival from PerfumersWorld,68133-79-9,DATA_GAP_MANUAL_CHECK,,68133-79-9,,,,,,
4WR00045,Bacdanol from PerfumersWorld,28219-61-6,DATA_GAP_MANUAL_CHECK,,28219-61-6,,,,,,
4WU16857,Karanal from PerfumersWorld,117933-89-8,DATA_GAP_MANUAL_CHECK,,117933-89-8,,,,,,
4WU16860,Ambermax 50% Dowanol TPM from PerfumersWorld,19870-74-7,DATA_GAP_MANUAL_CHECK,,19870-74-7,,,,,,
4WU22432,Norlimbanol Dextro from PerfumersWorld,70788-30-6,DATA_GAP_MANUAL_CHECK,,70788-30-6,,,,,,
4WW16862,Amberketal IPM from PerfumersWorld,57345-19-4,DATA_GAP_MANUAL_CHECK,,57345-19-4,,,,,,
4WW17035,Amber Core from PerfumersWorld,139504-68-0,DATA_GAP_MANUAL_CHECK,,139504-68-0,,,,,,
4WX00405,Sandalore from PerfumersWorld,65113-99-7,DATA_GAP_MANUAL_CHECK,,65113-99-7,,,,,,
4WX07563,Ebanol from PerfumersWorld,67801-20-1,VERIFIED_MATCH,Ebanol,67801-20-1,,,,,,
4WX10027,Javanol from PerfumersWorld,198404-98-7,DATA_GAP_MANUAL_CHECK,,198404-98-7,,,,,,
4WX24656,Hindinol from PerfumersWorld,28219-60-5,DATA_GAP_MANUAL_CHECK,,28219-60-5,,,,,,
4WY07089,Kephalis from PerfumersWorld,36306-87-3,VERIFIED_MATCH,"4-(1-Ethoxyvinyl)-3,3,5,5-tetramethylcyclohexanone",36306-87-3,,,,,,
4XA13770,Galaxolide 100 (Undiluted) from PerfumersWorld,1222-05-5,DATA_GAP_MANUAL_CHECK,,1222-05-5,,,,,,
4XB00090,Cashmeran from PerfumersWorld,33704-61-9,VERIFIED_MATCH,(+-)-Cashmeran,33704-61-9,,,,,,
4XU00034,Ambrettolide from PerfumersWorld,7779-50-2,DATA_GAP_MANUAL_CHECK,,7779-50-2,,,,,,
4XU05022,Muscone from PerfumersWorld,541-91-3,DATA_GAP_MANUAL_CHECK,,541-91-3,,,,,,
4XU10872,Cosmone from PerfumersWorld,259854-70-1,VERIFIED,"5-Cyclotetradecen-1-one, 3-methyl-, (5E)-",259854-70-1,,,,,,
4XU11429,Velvione from PerfumersWorld,37609-25-9,DATA_GAP_MANUAL_CHECK,,37609-25-9,,,,,,
4YE09171,Champignol from PerfumersWorld,82461-14-1,DATA_GAP_MANUAL_CHECK,,82461-14-1,,,,,,
4YM00191,Floralozone from PerfumersWorld,67634-15-5,FIXED_FROM_AUDIT,"Ethyl 2,2-dimethylhydrocinnamal",67634-15-5,,,,,,
4YM22431,Scentenal from PerfumersWorld,86803-90-9,VERIFIED_MATCH,Scentenal,86803-90-9,,,,,,
5AA07834,Aldehyde C-12 Lauric Dodecanal 10% in DPG from PerfumersWorld,112-54-9,VERIFIED,,112-54-9,Aldehyde C-12 Lauric Dodecanal from PerfumersWorld,Dipropylene Glycol (DPG) from PerfumersWorld,10.00%,,,
5AA12488,Lauric Acid 10% in DPG from PerfumersWorld,143-07-7,VERIFIED,,143-07-7,Lauric Acid from PerfumersWorld,Dipropylene Glycol (DPG) from PerfumersWorld,10.00%,,,
5AC07527,Aldehyde C-10 Decanal 10% in DPG from PerfumersWorld,112-31-2,VERIFIED,,112-31-2,Aldehyde C-10 Decanal from PerfumersWorld,Dipropylene Glycol (DPG) from PerfumersWorld,10.00%,,,
5AC07788,Dodecyl Nitrile 10% in DPG from PerfumersWorld,2437-25-4,VERIFIED,,2437-25-4,Dodecyl Nitrile from PerfumersWorld,Dipropylene Glycol (DPG) from PerfumersWorld,10.00%,,,
5AC08158,Aldehyde C-8 Octanal 10% in DPG from PerfumersWorld,124-13-0,VERIFIED,,124-13-0,Aldehyde C-8 Octanal from PerfumersWorld,Dipropylene Glycol (DPG) from PerfumersWorld,10.00%,,,
5AC08459,Aldehyde C-10 Decanal 50% in DPG from PerfumersWorld,112-31-2,VERIFIED,,112-31-2,Aldehyde C-10 Decanal from PerfumersWorld,Dipropylene Glycol (DPG) from PerfumersWorld,50.00%,,,
5AC10167,Aldehyde C-9 Nonanal 10% in DPG from PerfumersWorld,124-19-6,VERIFIED,,124-19-6,Aldehyde C-9 Nonanal from PerfumersWorld,Dipropylene Glycol (DPG) from PerfumersWorld,10.00%,,,
5AG07528,Aldehyde C-12 MNA 10% in DPG from PerfumersWorld,110-41-8,VERIFIED,,110-41-8,Aldehyde C-12 MNA from PerfumersWorld,Dipropylene Glycol (DPG) from PerfumersWorld,10.00%,,,
5AR08462,Aldehyde C-11 Undecylenic 10% in DPG from PerfumersWorld,112-45-8,VERIFIED,,112-45-8,Aldehyde C-11 Undecylenic from PerfumersWorld,Dipropylene Glycol (DPG) from PerfumersWorld,10.00%,,,
5AR08831,Aldehyde C-11 Undecanal 10% in DPG from PerfumersWorld,112-44-7,VERIFIED,,112-44-7,Aldehyde C-11 Undecanal from PerfumersWorld,Dipropylene Glycol (DPG) from PerfumersWorld,10.00%,,,
5BB08203,Menthone 10% in DPG from PerfumersWorld,89-80-5,VERIFIED,,89-80-5,Menthone from PerfumersWorld,Dipropylene Glycol (DPG) from PerfumersWorld,10.00%,,,
5BB08460,Menthol Crystals 50% in DPG from PerfumersWorld,2216-51-5,VERIFIED,,2216-51-5,Menthol Crystals from PerfumersWorld,Dipropylene Glycol (DPG) from PerfumersWorld,50.00%,,,
5BB11414,Spearmint Essential Oil 10% in DPG from PerfumersWorld,8008-79-5,NATURAL_MIXTURE,,8008-79-5,Spearmint Essential Oil from PerfumersWorld,Dipropylene Glycol (DPG) from PerfumersWorld,10.00%,,,
5BH09580,Camphor Powder 50% in DPG from PerfumersWorld,76-22-2,VERIFIED,,76-22-2,Camphor Powder from PerfumersWorld,Dipropylene Glycol (DPG) from PerfumersWorld,50.00%,,,
5BW12462,Borneol 50% in DPG from PerfumersWorld,507-70-0,VERIFIED,,507-70-0,Borneol from PerfumersWorld,Dipropylene Glycol (DPG) from PerfumersWorld,50.00%,,,
5CC07796,Citral 10% in DPG from PerfumersWorld,5392-40-5,VERIFIED,,5392-40-5,Citral from PerfumersWorld,Dipropylene Glycol (DPG) from PerfumersWorld,10.00%,,,
5CC07820,Citralva 10% in DPG from PerfumersWorld,5146-66-7,DATA_GAP_MANUAL_CHECK,,5146-66-7,,,10.00%,,,
5CK21690,Lime Oxide 10% in TEC from PerfumersWorld,73018-51-6,VERIFIED,,73018-51-6,Lime Oxide from PerfumersWorld,Triethyl Citrate (TEC) from PerfumersWorld,10.00%,,,
5CN07545,Neroli Essential Oil 10% in DPG from PerfumersWorld,8016-38-4,NATURAL_MIXTURE,,8016-38-4,Neroli Essential Oil from PerfumersWorld,Dipropylene Glycol (DPG) from PerfumersWorld,10.00%,,,
5CN09239,Nerolin Bromelia 10% in DPG from PerfumersWorld,93-18-5,VERIFIED,,93-18-5,Nerolin Bromelia from PerfumersWorld,Dipropylene Glycol (DPG) from PerfumersWorld,10.00%,,,
5CN09971,Nerolin Yara Yara 10% in DPG from PerfumersWorld,93-04-9,DATA_GAP_MANUAL_CHECK,,93-04-9,Nerolin Yara yara from PerfumersWorld,Dipropylene Glycol (DPG) from PerfumersWorld,10.00%,,,
5CR07548,CitronellAL 10% in DPG from PerfumersWorld,106-23-0,VERIFIED,,106-23-0,CitronellAL from PerfumersWorld,Dipropylene Glycol (DPG) from PerfumersWorld,10.00%,,,
5DD07538,Aldehyde C-14 Gamma Undecalactone 10% in DPG from PerfumersWorld,104-67-6,VERIFIED,,104-67-6,Aldehyde C-14 Gamma Undecalactone from PerfumersWorld,Dipropylene Glycol (DPG) from PerfumersWorld,10.00%,,,
5DD07874,Gamma Decalactone 10% in DPG from PerfumersWorld,706-14-9,VERIFIED,,706-14-9,Gamma Decalactone from PerfumersWorld,Dipropylene Glycol (DPG) from PerfumersWorld,10.00%,,,
5DD12463,Delta Decalactone 10% in DPG from PerfumersWorld,705-86-2,VERIFIED,,705-86-2,Delta Decalactone from PerfumersWorld,Dipropylene Glycol (DPG) from PerfumersWorld,10.00%,,,
5DD12925,Aldehyde C-18 Gamma Nonalactone 10% in DPG from PerfumersWorld,104-61-0,VERIFIED,,104-61-0,Aldehyde C-18 Gamma Nonalactone from PerfumersWorld,Dipropylene Glycol (DPG) from PerfumersWorld,10.00%,,,
5DF14120,Isobutyric Acid 10% in DPG from PerfumersWorld,79-31-2,VERIFIED,,79-31-2,Isobutyric Acid from PerfumersWorld,Dipropylene Glycol (DPG) from PerfumersWorld,10.00%,,,
5DV07644,Diacetyl 1% in DPG from PerfumersWorld,431-03-8,VERIFIED_MATCH,Butanedione,431-03-8,Diacetyl from PerfumersWorld,Dipropylene Glycol (DPG) from PerfumersWorld,1.00%,,,
5DV08651,Gamma Octalactone 10% in DPG from PerfumersWorld,104-50-7,VERIFIED,,104-50-7,Gamma Octalactone from PerfumersWorld,Dipropylene Glycol (DPG) from PerfumersWorld,10.00%,,,
5DV09244,Acetoin 10% in DPG from PerfumersWorld,513-86-0,VERIFIED,,513-86-0,Acetoin from PerfumersWorld,Dipropylene Glycol (DPG) from PerfumersWorld,10.00%,,,
5ED08420,Sulfurol 1% in DPG from PerfumersWorld,137-00-8,VERIFIED,,137-00-8,Sulfurol from PerfumersWorld,Dipropylene Glycol (DPG) from PerfumersWorld,1.00%,,,
5EG09234,Dimethyl Sulfide 1% in DPG from PerfumersWorld,75-18-3,DATA_GAP_MANUAL_CHECK,,75-18-3,,,1.00%,,,
5EN13769,2-Acetyl Pyrazine 1% in DPG from PerfumersWorld,22047-25-2,VERIFIED,,22047-25-2,2-Acetyl Pyrazine from PerfumersWorld,Dipropylene Glycol (DPG) from PerfumersWorld,1.00%,,,
5ES07841,Saffranal 10% in DPG from PerfumersWorld,116-26-7,VERIFIED,,116-26-7,Saffranal from PerfumersWorld,Dipropylene Glycol (DPG) from PerfumersWorld,10.00%,,,
5ES09556,Safranal 1% in DPG from PerfumersWorld,116-26-7,DATA_GAP_MANUAL_CHECK,,116-26-7,Saffranal from PerfumersWorld,Dipropylene Glycol (DPG) from PerfumersWorld,1.00%,,,
5ES13018,Ethyl Safranate 10% in DPG from PerfumersWorld,35044-59-8,VERIFIED,,35044-59-8,Ethyl Safranate from PerfumersWorld,Dipropylene Glycol (DPG) from PerfumersWorld,10.00%,,,
5ES13952,2-iso Propyl 4 Methyl Thiazole 1% in DPG from PerfumersWorld,15679-13-7,VERIFIED,,15679-13-7,2-iso Propyl 4 Methyl Thiazole from PerfumersWorld,Dipropylene Glycol (DPG) from PerfumersWorld,1.00%,,,
5ES18560,Red Saffron Infusion from PerfumersWorld,Mixture,DATA_GAP_MANUAL_CHECK,,Mixture,,,,,,
5ET12484,Coffee Oil Roasted 10% in DPG from PerfumersWorld,8001-67-0,NATURAL_MIXTURE,,8001-67-0,Coffee Oil Roasted from PerfumersWorld,Dipropylene Glycol (DPG) from PerfumersWorld,10.00%,,,
5EW07840,2 3-Dimethyl Pyrazine 1% in DPG from PerfumersWorld,5910-89-4,VERIFIED,,5910-89-4,2 3-Dimethyl Pyrazine from PerfumersWorld,Dipropylene Glycol (DPG) from PerfumersWorld,1.00%,,,
5EW20137,2 3-Dimethyl Pyrazine 10% in DPG from PerfumersWorld,5910-89-4,VERIFIED,,5910-89-4,2 3-Dimethyl Pyrazine from PerfumersWorld,Dipropylene Glycol (DPG) from PerfumersWorld,10.00%,,,
5FB07818,Buccoxime 10% in DPG from PerfumersWorld,95962-14-4,VERIFIED,,95962-14-4,Buccoxime from PerfumersWorld,Dipropylene Glycol (DPG) from PerfumersWorld,10.00%,,,
5FB20096,Blackcurrant Absolute 10% in DPG from PerfumersWorld,68606-81-5,DATA_GAP_MANUAL_CHECK,,68606-81-5,Blackcurrant Absolute from PerfumersWorld,Dipropylene Glycol (DPG) from PerfumersWorld,10.00%,,,
5FC07539,Aldehyde C-16 Ethyl Methyl Phenyl Glycidate 10% in DPG from PerfumersWorld,77-83-8,VERIFIED,,77-83-8,Aldehyde C-16 Ethyl Methyl Phenyl Glycidate from PerfumersWorld,Dipropylene Glycol (DPG) from PerfumersWorld,10.00%,,,
5FC07623,2-Methyl-2-Pentenoic Acid 10% in DPG from PerfumersWorld,3142-72-1,VERIFIED,,3142-72-1,2-Methyl-2-Pentenoic Acid from PerfumersWorld,Dipropylene Glycol (DPG) from PerfumersWorld,10.00%,,,
5FC12427,Ethyl Acetate 10% in DPG from PerfumersWorld,141-78-6,VERIFIED_MATCH,Ethyl Acetate,141-78-6,Ethyl Acetate from PerfumersWorld,Dipropylene Glycol (DPG) from PerfumersWorld,10.00%,,,
5FC12465,Allyl Cyclohexyl Propionate 10% in DPG from PerfumersWorld,2705-87-5,VERIFIED,,2705-87-5,Allyl Cyclohexyl Propionate from PerfumersWorld,Dipropylene Glycol (DPG) from PerfumersWorld,10.00%,,,
5FC19406,Methyl Pamplemousse 10% in TEC from PerfumersWorld,67674-46-8,DATA_GAP_MANUAL_CHECK,,67674-46-8,Methyl Pample Mousse from PerfumersWorld,Triethyl Citrate (TEC) from PerfumersWorld,10.00%,,,
5FD11577,Valeraldehyde Iso 1% in DPG from PerfumersWorld,590-86-3,DATA_GAP_MANUAL_CHECK,,590-86-3,,,1.00%,,,
5FD12135,Ethyl 2-Methylbutyrate 10% in DPG from PerfumersWorld,7452-79-1,VERIFIED,,7452-79-1,Ethyl 2-Methylbutyrate from PerfumersWorld,Dipropylene Glycol (DPG) from PerfumersWorld,10.00%,,,
5FD19193,Valeraldehyde Iso 1% in TEC from PerfumersWorld,590-86-3,VERIFIED,,590-86-3,,,1.00%,,,
5FG07543,Allyl Amyl Glycolate 10% in DPG from PerfumersWorld,67634-00-8,VERIFIED,,67634-00-8,Allyl Amyl Glycolate from PerfumersWorld,Dipropylene Glycol (DPG) from PerfumersWorld,10.00%,,,
5FG08480,Melonal 10% in DPG from PerfumersWorld,106-72-9,VERIFIED,,106-72-9,Melonal from PerfumersWorld,Dipropylene Glycol (DPG) from PerfumersWorld,10.00%,,,
5FG22457,Dynascone 10% in DPG from PerfumersWorld,56973-85-4,VERIFIED,,56973-85-4,Dynascone from PerfumersWorld,Dipropylene Glycol (DPG) from PerfumersWorld,10.00%,,,
5FL07524,Raspberry Ketone 10% in DPG from PerfumersWorld,5471-51-2,VERIFIED,,5471-51-2,Raspberry Ketone from PerfumersWorld,Dipropylene Glycol (DPG) from PerfumersWorld,10.00%,,,
5FN07794,Benzaldehyde 10% in DPG from PerfumersWorld,100-52-7,VERIFIED,,100-52-7,Benzaldehyde from PerfumersWorld,Dipropylene Glycol (DPG) from PerfumersWorld,10.00%,,,
5GA08479,Adoxal 10% in DPG from PerfumersWorld,141-13-9,VERIFIED,,141-13-9,Adoxal from PerfumersWorld,Dipropylene Glycol (DPG) from PerfumersWorld,10.00%,,,
5GD08173,cis-3 Hexenyl Butyrate 10% in DPG from PerfumersWorld,16491-36-4,VERIFIED,,16491-36-4,cis-3 Hexenyl Butyrate from PerfumersWorld,Dipropylene Glycol (DPG) from PerfumersWorld,10.00%,,,
5GE14870,Tomato Leaf Natural 10% in DPG from PerfumersWorld,Mixture,DATA_GAP_MANUAL_CHECK,,Mixture,Tomato Leaf Natural from PerfumersWorld,Dipropylene Glycol (DPG) from PerfumersWorld,10.00%,,,
5GF07561,cis-3 Hexenyl Acetate 10% in DPG from PerfumersWorld,3681-71-8,VERIFIED,,3681-71-8,cis-3 Hexenyl Acetate from PerfumersWorld,Dipropylene Glycol (DPG) from PerfumersWorld,10.00%,,,
5GG07890,cis-3 Hexenol 10% in DPG from PerfumersWorld,928-96-1,VERIFIED,,928-96-1,cis-3 Hexenol from PerfumersWorld,Dipropylene Glycol (DPG) from PerfumersWorld,10.00%,,,
5GH07509,Triplal 10% in DPG from PerfumersWorld,68039-49-6,VERIFIED,,68039-49-6,Triplal from PerfumersWorld,Dipropylene Glycol (DPG) from PerfumersWorld,10.00%,,,
5GH07673,Trans-2-cis-6-nonadienoal 1% in DPG from PerfumersWorld,557-48-2,DATA_GAP_MANUAL_CHECK,,557-48-2,,,1.00%,,,
5GI07522,Methyl Octine Carbonate 10% in DPG from PerfumersWorld,111-80-8,VERIFIED,,111-80-8,Methyl Octine Carbonate from PerfumersWorld,Dipropylene Glycol (DPG) from PerfumersWorld,10.00%,,,
5GL08170,Stemone 10% in DPG from PerfumersWorld,22457-23-4,VERIFIED,,22457-23-4,Stemone from PerfumersWorld,Dipropylene Glycol (DPG) from PerfumersWorld,10.00%,,,
5GL23703,Maceal 10% in DPG from PerfumersWorld,67845-30-1,VERIFIED,,67845-30-1,Maceal from PerfumersWorld,Dipropylene Glycol (DPG) from PerfumersWorld,10.00%,,,
5GN07535,Styralyl Acetate 10% in DPG from PerfumersWorld,93-92-5,VERIFIED,,93-92-5,Styralyl Acetate from PerfumersWorld,Dipropylene Glycol (DPG) from PerfumersWorld,10.00%,,,
5GN08326,Phenyl Acetaldehyde Dimethyl Acetal (PADMA) 10% in DPG from PerfumersWorld,101-48-4,VERIFIED,,101-48-4,Phenyl Acetaldehyde Dimethyl Acetal (PADMA) from PerfumersWorld,Dipropylene Glycol (DPG) from PerfumersWorld,10.00%,,,
5GN08474,Hyacinth Body 10% in DPG from PerfumersWorld,Mixture,VERIFIED,,Mixture,Hyacinth Body from PerfumersWorld,Dipropylene Glycol (DPG) from PerfumersWorld,10.00%,,,
5GN10163,Phenylacetaldehyde 10% in DPG from PerfumersWorld,122-78-1,VERIFIED_MATCH,Phenylacetaldehyde,122-78-1,,,10.00%,,,
5GO12259,cis-3 Hexenyl Salicylate 10% in DPG from PerfumersWorld,65405-77-8,VERIFIED,,65405-77-8,cis-3 Hexenyl Salicylate from PerfumersWorld,Dipropylene Glycol (DPG) from PerfumersWorld,10.00%,,,
5GP07497,Phenyl Acetaldehyde 85% in PEA from PerfumersWorld,122-78-1,VERIFIED_MATCH,Phenylacetaldehyde,122-78-1,,,85.00%,,,
5GP07498,Phenylacetaldehyde 50% in PEA from PerfumersWorld,122-78-1,VERIFIED,,122-78-1,,,50.00%,,,
5GQ08833,Galbanum Resinoid 10% in DPG from PerfumersWorld,9000-24-2,VERIFIED_MATCH,Ferula galbaniflua resin,9000-24-2,Galbanum Resinoid from PerfumersWorld,Dipropylene Glycol (DPG) from PerfumersWorld,0.1,,,
5GQ13590,Galbanum Resinoid 50% in DEP from PerfumersWorld,9000-24-2,VERIFIED,,9000-24-2,Galbanum Resinoid from PerfumersWorld,Diethyl Phthalate (DEP) from PerfumersWorld,0.5,,,
5GQ18775,Galbanum Resinoid 10% in TEC from PerfumersWorld,9000-24-2,VERIFIED,,9000-24-2,Galbanum Resinoid from PerfumersWorld,Triethyl Citrate (TEC) from PerfumersWorld,0.1,,,
5HE13845,Mate Absolute 10% in DPG from PerfumersWorld,68916-96-1,DATA_GAP_MANUAL_CHECK,,68916-96-1,Mate Absolute from PerfumersWorld,Dipropylene Glycol (DPG) from PerfumersWorld,10.00%,,,
5HF07844,Blue Chamomile Essential Oil 10% in DPG from PerfumersWorld,8002-66-2,NATURAL_MIXTURE,,8002-66-2,Blue Chamomile Essential Oil from PerfumersWorld,Dipropylene Glycol (DPG) from PerfumersWorld,10.00%,,,
5HH09983,Roman Chamomile Essential Oil 10% in DPG from PerfumersWorld,8015-92-7,NATURAL_MIXTURE,,8015-92-7,Roman Chamomile Essential Oil from PerfumersWorld,Dipropylene Glycol (DPG) from PerfumersWorld,10.00%,,,
5HH12466,Davana Essential Oil 10% in DPG from PerfumersWorld,8016-03-3,NATURAL_MIXTURE,,8016-03-3,Davana Essential Oil from PerfumersWorld,Dipropylene Glycol (DPG) from PerfumersWorld,10.00%,,,
5HW23697,Lavender Aldehyde 10% in DPG from PerfumersWorld,67633-96-9,VERIFIED,,67633-96-9,Lavender Aldehyde from PerfumersWorld,Dipropylene Glycol (DPG) from PerfumersWorld,10.00%,,,
5IA07847,Orris Concrete Orris Butter 10% in DPG from PerfumersWorld,8002-73-1,DATA_GAP_MANUAL_CHECK,,8002-73-1,Orris Concrete Orris Butter from PerfumersWorld,Dipropylene Glycol (DPG) from PerfumersWorld,10.00%,,,
5IF07569,Alpha Damascone 10% in DPG from PerfumersWorld,24720-09-0,DATA_GAP_MANUAL_CHECK,,24720-09-0,Alpha Damascone from PerfumersWorld,Dipropylene Glycol (DPG) from PerfumersWorld,10.00%,,,
5IG07712,Violet Leaf Absolute 10% in DPG from PerfumersWorld,8024-08-6,DATA_GAP_MANUAL_CHECK,,8024-08-6,Violet Leaf Absolute from PerfumersWorld,Dipropylene Glycol (DPG) from PerfumersWorld,10.00%,,,
5IG11455,Parmavert 10% in DPG from PerfumersWorld,38462-22-5,VERIFIED,,38462-22-5,Parmavert from PerfumersWorld,Dipropylene Glycol (DPG) from PerfumersWorld,10.00%,,,
5II09179,Alpha Irone 10% in Myristic Acid(solid) from PerfumersWorld,79-69-6,DATA_GAP_MANUAL_CHECK,,79-69-6,Alpha Irone from PerfumersWorld,Myristic Acid from PerfumersWorld,10.00%,,,
5II11436,Alpha Irone 10% in DPG from PerfumersWorld,79-69-6,VERIFIED,,79-69-6,Alpha Irone from PerfumersWorld,Dipropylene Glycol (DPG) from PerfumersWorld,10.00%,,,
5IR07532,Beta Damascone 10% in DPG from PerfumersWorld,23726-91-2,DATA_GAP_MANUAL_CHECK,,23726-91-2,Beta Damascone from PerfumersWorld,Dipropylene Glycol (DPG) from PerfumersWorld,10.00%,,,
5IS07846,Carrot Seed Essential Oil 10% in DPG from PerfumersWorld,8015-88-1,NATURAL_MIXTURE,,8015-88-1,Carrot Seed Essential Oil from PerfumersWorld,Dipropylene Glycol (DPG) from PerfumersWorld,10.00%,,,
5JJ21775,Hedione High Cis 10% in TEC from PerfumersWorld,24851-98-7,VERIFIED,,24851-98-7,Hedione High Cis from PerfumersWorld,Triethyl Citrate (TEC) from PerfumersWorld,0.1,,,
5JN07525,cis-Jasmone 10% in DPG from PerfumersWorld,488-10-8,VERIFIED,,488-10-8,cis-Jasmone from PerfumersWorld,Dipropylene Glycol (DPG) from PerfumersWorld,10.00%,,,
5JN08327,Jasmine Sambac Absolute 10% in DPG from PerfumersWorld,91770-14-8,DATA_GAP_MANUAL_CHECK,,91770-14-8,Jasmine Sambac Absolute from PerfumersWorld,Dipropylene Glycol (DPG) from PerfumersWorld,10.00%,,,
5JN08464,Jasmine Absolute 10% in DPG from PerfumersWorld,8022-96-6,DATA_GAP_MANUAL_CHECK,,8022-96-6,Jasmine Absolute from PerfumersWorld,Dipropylene Glycol (DPG) from PerfumersWorld,10.00%,,,
5JN09617,Jasmine Absolute 10% in Palm Oil Fractionated from PerfumersWorld,8022-96-6,VERIFIED,,8022-96-6,Jasmine Absolute from PerfumersWorld,Jasmine Absolute 10% in Palm Oil Fractionated from PerfumersWorld,10.00%,,,
5JN10948,Dihydro Jasmone 10% in DPG from PerfumersWorld,1128-08-1,VERIFIED,,1128-08-1,Dihydro Jasmone from PerfumersWorld,Dipropylene Glycol (DPG) from PerfumersWorld,10.00%,,,
5KB13801,(Ghost entry - name unknown) from PerfumersWorld,,VERIFIED,Propylene Glycol,,,,,,,
5KG23683,Green pine absolute 10% in DPG from PerfumersWorld,8021-29-2,DATA_GAP_MANUAL_CHECK,,8021-29-2,Green pine absolute from PerfumersWorld,Dipropylene Glycol (DPG) from PerfumersWorld,10.00%,,,
5KH07869,Juniper Berry Essential Oil 10% in DPG from PerfumersWorld,8002-68-4,NATURAL_MIXTURE,,8002-68-4,Juniper Berry Essential Oil from PerfumersWorld,Dipropylene Glycol (DPG) from PerfumersWorld,10.00%,,,
5MA08478,Myrac Aldehyde 10% in DPG from PerfumersWorld,6048-83-5,VERIFIED,,6048-83-5,Myrac Aldehyde from PerfumersWorld,Dipropylene Glycol (DPG) from PerfumersWorld,10.00%,,,
5MA08874,Dupical 10% in DPG from PerfumersWorld,30168-23-1,VERIFIED,,30168-23-1,Dupical from PerfumersWorld,Dipropylene Glycol (DPG) from PerfumersWorld,10.00%,,,
5MA12469,Bourgeonal 10% in DPG from PerfumersWorld,18127-01-0,VERIFIED,,18127-01-0,Bourgeonal from PerfumersWorld,Dipropylene Glycol (DPG) from PerfumersWorld,10.00%,,,
5NC07544,Orange Flower Absolute 10% in DPG from PerfumersWorld,8030-28-2,DATA_GAP_MANUAL_CHECK,,8030-28-2,Orange Flower Absolute from PerfumersWorld,Dipropylene Glycol (DPG) from PerfumersWorld,10.00%,,,
5NC07839,Oranger Crystals 10% in DPG from PerfumersWorld,93-08-3,VERIFIED,,93-08-3,Oranger Crystals from PerfumersWorld,Dipropylene Glycol (DPG) from PerfumersWorld,10.00%,,,
5NC12180,Aurantiol (Methyl Anthranilate Schiffs Base) 50% in DPG from PerfumersWorld,89-43-0,VERIFIED_MATCH,Aurantiol,89-43-0,Aurantiol - Methyl Anthranilate Schiffs Base from PerfumersWorld,Dipropylene Glycol (DPG) from PerfumersWorld,50.00%,,,
5NC12471,Methyl Anthranilate 10% in DPG from PerfumersWorld,134-20-3,VERIFIED,,134-20-3,Methyl Anthranilate from PerfumersWorld,Dipropylene Glycol (DPG) from PerfumersWorld,10.00%,,,
5ND09243,Tuberose Absolute 10% in DPG from PerfumersWorld,8024-05-3,DATA_GAP_MANUAL_CHECK,,8024-05-3,Tuberose Absolute from PerfumersWorld,Dipropylene Glycol (DPG) from PerfumersWorld,10.00%,,,
5ND10990,Osmanthus Absolute 10% in DPG from PerfumersWorld,68917-05-5,DATA_GAP_MANUAL_CHECK,,68917-05-5,Osmanthus Absolute from PerfumersWorld,Dipropylene Glycol (DPG) from PerfumersWorld,10.00%,,,
5ND19125,Tuberose Absolute 10% in TEC from PerfumersWorld,8024-05-3,VERIFIED,,8024-05-3,Tuberose Absolute from PerfumersWorld,Triethyl Citrate (TEC) from PerfumersWorld,10.00%,,,
5NG07850,Mimosa Absolute 10% in DPG from PerfumersWorld,8031-03-6,DATA_GAP_MANUAL_CHECK,,8031-03-6,Mimosa Absolute from PerfumersWorld,Dipropylene Glycol (DPG) from PerfumersWorld,10.00%,,,
5NH08325,Tagetes Essential Oil 10% in DPG from PerfumersWorld,8016-84-0,NATURAL_MIXTURE,,8016-84-0,Tagetes Essential Oil from PerfumersWorld,Dipropylene Glycol (DPG) from PerfumersWorld,10.00%,,,
5NJ07849,Methyl Benzoate 10% in DPG from PerfumersWorld,93-58-3,VERIFIED,,93-58-3,Methyl Benzoate from PerfumersWorld,Dipropylene Glycol (DPG) from PerfumersWorld,10.00%,,,
5NJ12470,Ethyl Benzoate 10% in DPG from PerfumersWorld,93-89-0,VERIFIED,,93-89-0,Ethyl Benzoate from PerfumersWorld,Dipropylene Glycol (DPG) from PerfumersWorld,10.00%,,,
5NN07927,Champaca Flower Essential Oil 10% in DPG from PerfumersWorld,8006-76-6,NATURAL_MIXTURE,,8006-76-6,Champaca Flower Essential Oil from PerfumersWorld,Dipropylene Glycol (DPG) from PerfumersWorld,10.00%,,,
5NN12069,Lotus Absolute 10% in DPG from PerfumersWorld,85085-51-4,DATA_GAP_MANUAL_CHECK,,85085-51-4,Lotus Absolute from PerfumersWorld,Dipropylene Glycol (DPG) from PerfumersWorld,10.00%,,,
5NN13571,Lotus Absolute 1% in DPG from PerfumersWorld,85085-51-4,VERIFIED,,85085-51-4,Lotus Absolute from PerfumersWorld,Dipropylene Glycol (DPG) from PerfumersWorld,1.00%,,,
5NU07552,Indolene 10% in DPG from PerfumersWorld,67860-00-8,VERIFIED,,67860-00-8,Indolene from PerfumersWorld,Dipropylene Glycol (DPG) from PerfumersWorld,10.00%,,,
5NY12745,Hay Absolute 10% in DPG from PerfumersWorld,8031-00-3,DATA_GAP_MANUAL_CHECK,,8031-00-3,Hay Absolute from PerfumersWorld,Dipropylene Glycol (DPG) from PerfumersWorld,10.00%,,,
5NY23688,Immortelle Absolute 10% in DPG from PerfumersWorld,8023-95-8,DATA_GAP_MANUAL_CHECK,,8023-95-8,Immortelle Absolute from PerfumersWorld,Dipropylene Glycol (DPG) from PerfumersWorld,10.00%,,,
5ON09236,Frangipani Absolute 10% in DPG from PerfumersWorld,92457-20-0,DATA_GAP_MANUAL_CHECK,,92457-20-0,Frangipani Absolute from PerfumersWorld,Dipropylene Glycol (DPG) from PerfumersWorld,10.00%,,,
5OP07554,Methyl Salicylate 10% in DPG from PerfumersWorld,119-36-8,VERIFIED,,119-36-8,Methyl Salicylate from PerfumersWorld,Dipropylene Glycol (DPG) from PerfumersWorld,10.00%,,,
5OP12472,Ethyl Salicylate 10% in DPG from PerfumersWorld,118-61-6,VERIFIED,,118-61-6,Ethyl Salicylate from PerfumersWorld,Dipropylene Glycol (DPG) from PerfumersWorld,10.00%,,,
5PF07867,Ethyl Phenyl Acetate 10% in DPG from PerfumersWorld,101-97-3,VERIFIED,,101-97-3,Ethyl Phenyl Acetate from PerfumersWorld,Dipropylene Glycol (DPG) from PerfumersWorld,10.00%,,,
5PN07817,para-Cresyl Phenyl Acetate 10% in DPG from PerfumersWorld,101-94-0,VERIFIED,,101-94-0,para-Cresyl Phenyl Acetate from PerfumersWorld,Dipropylene Glycol (DPG) from PerfumersWorld,10.00%,,,
5PN08178,para-Cresyl Methyl Ether 10% in DPG from PerfumersWorld,104-93-8,VERIFIED,,104-93-8,para-Cresyl Methyl Ether from PerfumersWorld,Dipropylene Glycol (DPG) from PerfumersWorld,10.00%,,,
5PN11524,para-Cresyl Acetate 10% in DPG from PerfumersWorld,140-39-6,DATA_GAP_MANUAL_CHECK,,140-39-6,para-Cresyl Acetate from PerfumersWorld,Dipropylene Glycol (DPG) from PerfumersWorld,10.00%,,,
5PP11272,para-Cresol 10% in DPG from PerfumersWorld,106-44-5,DATA_GAP_MANUAL_CHECK,,106-44-5,para-Cresol from PerfumersWorld,Dipropylene Glycol (DPG) from PerfumersWorld,10.00%,,,
5PS07822,Methyl Chavicol 10% in DPG from PerfumersWorld,140-67-0,VERIFIED,,140-67-0,Methyl Chavicol from PerfumersWorld,Dipropylene Glycol (DPG) from PerfumersWorld,10.00%,,,
5PS09240,White Thyme Essential Oil 10% in DPG from PerfumersWorld,8007-46-3,NATURAL_MIXTURE,,8007-46-3,White Thyme Essential Oil,DPG from PerfumersWorld,10.00%,,,
5PS09241,Thymol 10% in DPG from PerfumersWorld,89-83-8,VERIFIED,,89-83-8,Thymol from PerfumersWorld,Dipropylene Glycol (DPG) from PerfumersWorld,10.00%,,,
5PS10974,Oregano Essential Oil 10% in DPG from PerfumersWorld,8007-11-2,NATURAL_MIXTURE,,8007-11-2,Oregano Essential Oil from PerfumersWorld,Dipropylene Glycol (DPG) from PerfumersWorld,10.00%,,,
5PT07645,Guaiacol 10% in DPG from PerfumersWorld,90-05-1,VERIFIED_MATCH,Guaiacol,90-05-1,Guaiacol from PerfumersWorld,Dipropylene Glycol (DPG) from PerfumersWorld,10.00%,,,
5PT18969,Guaiacol 1% in TEC from PerfumersWorld,90-05-1,VERIFIED,,90-05-1,Guaiacol from PerfumersWorld,Triethyl Citrate (TEC) from PerfumersWorld,1.00%,,,
5QC10959,Opoponax Essential Oil 10% in DPG from PerfumersWorld,8021-36-1,NATURAL_MIXTURE,,8021-36-1,Opoponax Essential Oil from PerfumersWorld,Dipropylene Glycol (DPG) from PerfumersWorld,10.00%,,,
5QC12239,Opoponax Resinoid 50% in DPG from PerfumersWorld,9000-78-6,VERIFIED,,9000-78-6,Opoponax Resinoid from PerfumersWorld,Dipropylene Glycol (DPG) from PerfumersWorld,50.00%,,,
5QC12475,Opoponax Resinoid 50% in BB from PerfumersWorld,9000-78-6,VERIFIED,,9000-78-6,Opoponax Resinoid from PerfumersWorld,Benzyl Benzoate (BB) from PerfumersWorld,50.00%,,,
5QK07853,Olibanum Resinoid 50% in DPG from PerfumersWorld,8050-07-5,VERIFIED,,8050-07-5,,,50.00%,,,
5QK10958,Olibanum Essential Oil 10% in DPG from PerfumersWorld,8016-36-2,NATURAL_MIXTURE,,8016-36-2,Olibanum Essential Oil from PerfumersWorld,Dipropylene Glycol (DPG) from PerfumersWorld,10.00%,,,
5QK12179,Olibanum Resinoid 10% in DPG from PerfumersWorld,8050-07-5,VERIFIED,,8050-07-5,,,10.00%,,,
5QK12474,Olibanum Resinoid 50% in DEP from PerfumersWorld,8050-07-5,VERIFIED,,8050-07-5,,,50.00%,,,
5QS09108,Styrax Resinoid 10% in DPG from PerfumersWorld,9000-74-2,VERIFIED,,9000-74-2,Styrax Resinoid from PerfumersWorld,Dipropylene Glycol (DPG) from PerfumersWorld,10.00%,,,
5QV07505,Benzoin Siam Resinoid 50% in BB from PerfumersWorld,9000-72-0,VERIFIED,,9000-72-0,Benzoin Siam Resinoid from PerfumersWorld,Benzyl Benzoate (BB) from PerfumersWorld,50.00%,,,
5QV09976,Tolu Balsam Resinoid 50% in DPG from PerfumersWorld,9000-64-0,VERIFIED,,9000-64-0,Tolu Balsam Resinoid from PerfumersWorld,Dipropylene Glycol (DPG) from PerfumersWorld,50.00%,,,
5QV10578,Peru Balsam Resinoid 50% in DPG from PerfumersWorld,8007-00-9,VERIFIED,,8007-00-9,Peru Balsam Resinoid from PerfumersWorld,Dipropylene Glycol (DPG) from PerfumersWorld,50.00%,,,
5QV10949,Tolu Balsam Resinoid 10% in DPG from PerfumersWorld,9000-64-0,VERIFIED,,9000-64-0,Tolu Balsam Resinoid from PerfumersWorld,Dipropylene Glycol (DPG) from PerfumersWorld,10.00%,,,
5QV12476,Peru Balsam Resinoid 50% in BB from PerfumersWorld,8007-00-9,VERIFIED,,8007-00-9,Peru Balsam Resinoid from PerfumersWorld,Benzyl Benzoate (BB) from PerfumersWorld,50.00%,,,
5QV12477,Tolu Balsam Resinoid (50% in BB) from PerfumersWorld,9000-64-0,DATA_GAP_MANUAL_CHECK,,9000-64-0,,,,,,
5QV13027,Benzoin Siam Resinoid 50% in DPG from PerfumersWorld,9000-72-0,VERIFIED,,9000-72-0,Benzoin Siam Resinoid from PerfumersWorld,Dipropylene Glycol (DPG) from PerfumersWorld,50.00%,,,
5RA07537,Rosalva 10% in DPG from PerfumersWorld,13019-22-2,VERIFIED,,13019-22-2,Rosalva from PerfumersWorld,Dipropylene Glycol (DPG) from PerfumersWorld,10.00%,,,
5RB07855,Diphenyl Oxide 50% in DPG from PerfumersWorld,101-84-8,VERIFIED,,101-84-8,Diphenyl Oxide from PerfumersWorld,Dipropylene Glycol (DPG) from PerfumersWorld,50.00%,,,
5RB09235,Diphenyl Oxide 10% in DPG from PerfumersWorld,101-84-8,VERIFIED,,101-84-8,Diphenyl Oxide from PerfumersWorld,Dipropylene Glycol (DPG) from PerfumersWorld,10.00%,,,
5RB10952,Rose Otto Anatolian 10% in DPG from PerfumersWorld,8007-01-0,DATA_GAP_MANUAL_CHECK,,8007-01-0,Rose Otto Anatolian from PerfumersWorld,Dipropylene Glycol (DPG) from PerfumersWorld,10.00%,,,
5RL07536,Rose Oxide 10% in DPG from PerfumersWorld,16409-43-1,VERIFIED,,16409-43-1,Rose Oxide from PerfumersWorld,Dipropylene Glycol (DPG) from PerfumersWorld,10.00%,,,
5RL08476,Phenyl Ethyl Isoamyl Ether 10% in DPG from PerfumersWorld,56011-02-0,VERIFIED,,56011-02-0,Phenyl Ethyl Isoamyl Ether from PerfumersWorld,Dipropylene Glycol (DPG) from PerfumersWorld,10.00%,,,
5RM07856,Rose de Mai Absolute 10% in DPG from PerfumersWorld,8007-01-0,DATA_GAP_MANUAL_CHECK,,8007-01-0,,,10.00%,,,
5RO12473,Phenyl Ethyl Salicylate 10% in DPG from PerfumersWorld,87-22-9,VERIFIED,,87-22-9,Phenyl Ethyl Salicylate from PerfumersWorld,Dipropylene Glycol (DPG) from PerfumersWorld,10.00%,,,
5RP07854,Phenyl Ethyl Phenyl Acetate 50% in DPG from PerfumersWorld,102-20-5,VERIFIED,,102-20-5,Phenyl Ethyl Phenyl Acetate from PerfumersWorld,Dipropylene Glycol (DPG) from PerfumersWorld,50.00%,,,
5RP07870,Rosone Rose Crystals 10% in DPG from PerfumersWorld,90-17-5,VERIFIED,,90-17-5,Rosone Rose Crystals from PerfumersWorld,Dipropylene Glycol (DPG) from PerfumersWorld,10.00%,,,
5RP08966,Rosone Rose Crystals 10% in DEP from PerfumersWorld,90-17-5,VERIFIED,,90-17-5,Rosone Rose Crystals from PerfumersWorld,Diethyl Phthalate (DEP) from PerfumersWorld,10.00%,,,
5RP09245,Benzophenone 10% in DPG from PerfumersWorld,119-61-9,VERIFIED,,119-61-9,Benzophenone from PerfumersWorld,Dipropylene Glycol (DPG) from PerfumersWorld,10.00%,,,
5RR12478,Rose Otto Bulgarian 10% in DPG from PerfumersWorld,8007-01-0,DATA_GAP_MANUAL_CHECK,,8007-01-0,Rose Otto Bulgarian from PerfumersWorld,Dipropylene Glycol (DPG) from PerfumersWorld,10.00%,,,
5RW07565,Guaiacwood Essential Oil 50% in DPG from PerfumersWorld,8016-23-7,NATURAL_MIXTURE,,8016-23-7,Guaiacwood Essential Oil from PerfumersWorld,Dipropylene Glycol (DPG) from PerfumersWorld,50.00%,,,
5RW08677,Guaiacwood Essential Oil 10% in DPG from PerfumersWorld,8016-23-7,VERIFIED,,8016-23-7,Guaiacwood Essential Oil from PerfumersWorld,Dipropylene Glycol (DPG) from PerfumersWorld,10.00%,,,
5SC07858,Methyl cinnamate 50% in DPG from PerfumersWorld,103-26-4,DATA_GAP_MANUAL_CHECK,,103-26-4,Methyl Cinnamate from PerfumersWorld,Dipropylene Glycol (DPG) from PerfumersWorld,50.00%,,,
5SC07859,Cardamom Essential Oil 10% in DPG from PerfumersWorld,8000-66-6,NATURAL_MIXTURE,,8000-66-6,Cardamom Essential Oil from PerfumersWorld,Dipropylene Glycol (DPG) from PerfumersWorld,10.00%,,,
5SC12482,Methyl Cinnamate 10% in DPG from PerfumersWorld,103-26-4,VERIFIED,,103-26-4,Methyl Cinnamate from PerfumersWorld,Dipropylene Glycol (DPG) from PerfumersWorld,10.00%,,,
5SE07843,Caraway Seed Essential Oil 10% in DPG from PerfumersWorld,8000-42-8,NATURAL_MIXTURE,,8000-42-8,Caraway Seed Essential Oil from PerfumersWorld,Dipropylene Glycol (DPG) from PerfumersWorld,10.00%,,,
5SH07845,Celery Seed Essential Oil 10% in DPG from PerfumersWorld,8015-90-5,NATURAL_MIXTURE,,8015-90-5,Celery Seed Essential Oil 10% in DPG from PerfumersWorld,Dipropylene Glycol (DPG) from PerfumersWorld,10.00%,,,
5SH08967,Parsley Seed Oil 10% in DPG from PerfumersWorld,8000-68-8,NATURAL_MIXTURE,,8000-68-8,Parsley Seed Essential Oil from PerfumersWorld,Dipropylene Glycol (DPG) from PerfumersWorld,10.00%,,,
5SL08473,Coriander Essential Oil 10% in DPG from PerfumersWorld,8008-52-4,NATURAL_MIXTURE,,8008-52-4,Coriander Essential Oil from PerfumersWorld,Dipropylene Glycol (DPG) from PerfumersWorld,10.00%,,,
5SP07823,Acetyl Isoeugenol 10% in DPG from PerfumersWorld,93-29-8,VERIFIED,,93-29-8,Acetyl Isoeugenol from PerfumersWorld,Dipropylene Glycol (DPG) from PerfumersWorld,10.00%,,,
5SP07871,Bay West Indies Essential Oil 10% in DPG from PerfumersWorld,8006-78-8,NATURAL_MIXTURE,,8006-78-8,Bay West Indies Essential Oil 10% in DPG from PerfumersWorld,Dipropylene Glycol (DPG) from PerfumersWorld,10.00%,,,
5SP12480,Benzyl Isoeugenol 10% in DPG from PerfumersWorld,120-11-6,VERIFIED,,120-11-6,Benzyl Isoeugenol from PerfumersWorld,Dipropylene Glycol (DPG) from PerfumersWorld,10.00%,,,
5SQ12479,Benzyl Cinnamate 10% in DPG from PerfumersWorld,103-41-3,VERIFIED,,103-41-3,Benzyl Cinnamate from PerfumersWorld,Dipropylene Glycol (DPG) from PerfumersWorld,10.00%,,,
5SU07604,Cumin Seed Essential Oil 1% in DPG from PerfumersWorld,8014-13-9,NATURAL_MIXTURE,,8014-13-9,Cumin Seed Essential Oil from PerfumersWorld,Dipropylene Glycol (DPG) from PerfumersWorld,1.00%,,,
5SU18711,Cumin Seed Essential Oil 10% in TEC from PerfumersWorld,8014-13-9,VERIFIED,,8014-13-9,Cumin Seed Essential Oil from PerfumersWorld,Triethyl Citrate (TEC) from PerfumersWorld,10.00%,,,
5SU19106,Cumin Seed Essential Oil 1% in TEC from PerfumersWorld,8014-13-9,VERIFIED,,8014-13-9,Cumin Seed Essential Oil from PerfumersWorld,Triethyl Citrate (TEC) from PerfumersWorld,1.00%,,,
5SV07857,Cinnamyl Alcohol 50% in DPG from PerfumersWorld,104-54-1,VERIFIED,,104-54-1,Cinnamyl Alcohol from PerfumersWorld,Dipropylene Glycol (DPG) from PerfumersWorld,50.00%,,,
5SV10991,Cinnamyl aldehyde 10% in DPG from PerfumersWorld,104-55-2,VERIFIED_MATCH,Cinnamaldehyde,104-55-2,Cinnamyl Aldehyde from PerfumersWorld,Dipropylene Glycol (DPG) from PerfumersWorld,10.00%,,,
5SV11510,Cinnamon Bark Essential Oil 10% in DPG from PerfumersWorld,8015-91-6,NATURAL_MIXTURE,,8015-91-6,Cinnamon Bark Essential Oil from PerfumersWorld,Dipropylene Glycol (DPG) from PerfumersWorld,10.00%,,,
5SV12481,Cassia Essential Oil 10% in DPG from PerfumersWorld,8007-80-5,NATURAL_MIXTURE,,8007-80-5,Cassia Essential Oil from PerfumersWorld,Dipropylene Glycol (DPG) from PerfumersWorld,10.00%,,,
5TE23680,Coffee absolute grasse 10% in DPG from PerfumersWorld,8001-67-0,DATA_GAP_MANUAL_CHECK,,8001-67-0,Coffee absolute grasse from PerfumersWorld,Dipropylene Glycol (DPG) from PerfumersWorld,10.00%,,,
5TH13846,Tobacco Absolute 10% in DPG from PerfumersWorld,8037-19-2,DATA_GAP_MANUAL_CHECK,,8037-19-2,Tobacco Absolute from PerfumersWorld,Dipropylene Glycol (DPG) from PerfumersWorld,10.00%,,,
5TP07825,Birch Tar Essential Oil 1% in DPG from PerfumersWorld,8001-88-5,NATURAL_MIXTURE,,8001-88-5,Birch Tar Oil Rectified 10% in DPG from PerfumersWorld,Dipropylene Glycol (DPG) from PerfumersWorld,1.00%,,,
5TP11094,Birch Tar Oil Rectified 10% in DPG from PerfumersWorld,8001-88-5,NATURAL_MIXTURE,,8001-88-5,Birch Tar Oil Rectified from PerfumersWorld,Dipropylene Glycol (DPG) from PerfumersWorld,10.00%,,,
5TW07824,Cade Oil Rectified Oil 1% in DPG from PerfumersWorld,8013-10-3,NATURAL_MIXTURE,,8013-10-3,Cade Oil Rectified from PerfumersWorld,Dipropylene Glycol (DPG) from PerfumersWorld,1.00%,,,
5TW10962,Cade Oil Rectified 10% in DPG from PerfumersWorld,8013-10-3,NATURAL_MIXTURE,,8013-10-3,Cade Oil Rectified from PerfumersWorld,Dipropylene Glycol (DPG) from PerfumersWorld,10.00%,,,
5UN07558,Indole 10% in DPG from PerfumersWorld,120-72-9,VERIFIED_MATCH,Indole,120-72-9,Indole from PerfumersWorld,Dipropylene Glycol (DPG) from PerfumersWorld,10.00%,,,
5UN08964,Skatole 1% in DPG from PerfumersWorld,83-34-1,VERIFIED_MATCH,Skatole,83-34-1,Skatole from PerfumersWorld,Dipropylene Glycol (DPG) from PerfumersWorld,1.00%,,,
5UP07523,Isobutyl Quinoline 10% in DPG from PerfumersWorld,65442-31-1,FIXED_FROM_AUDIT,(Isobutyl)quinoline,1333-58-0,Isobutyl Quinoline from PerfumersWorld,Dipropylene Glycol (DPG) from PerfumersWorld,10.00%,,,
5UQ07566,Labdanum Resinoid 10% in DPG from PerfumersWorld,8016-26-0,VERIFIED,,8016-26-0,Labdanum Resinoid from PerfumersWorld,Dipropylene Glycol (DPG) from PerfumersWorld,10.00%,,,
5UQ07791,Labdanum Absolute 10% in DPG from PerfumersWorld,8016-26-0,DATA_GAP_MANUAL_CHECK,,8016-26-0,Labdanum Absolute from PerfumersWorld,Dipropylene Glycol (DPG) from PerfumersWorld,10.00%,,,
5UQ12486,Labdanum Resinoid 10% in DEP from PerfumersWorld,8016-26-0,VERIFIED,,8016-26-0,Labdanum Resinoid from PerfumersWorld,Diethyl Phthalate (DEP) from PerfumersWorld,10.00%,,,
5UQ14582,Cistus Essential Oil 10% in DPG from PerfumersWorld,8016-26-0,NATURAL_MIXTURE,,8016-26-0,Cistus Essential Oil from PerfumersWorld,Dipropylene Glycol (DPG) from PerfumersWorld,10.00%,,,
5UU07533,Civet Art 10% in DPG from PerfumersWorld,Mixture,VERIFIED,,Mixture,Civet Art from PerfumersWorld,Dipropylene Glycol (DPG) from PerfumersWorld,10.00%,,,
5UW07540,Ambroxan 10% in DPG from PerfumersWorld,6790-58-5,VERIFIED,,6790-58-5,Ambroxan from PerfumersWorld,Dipropylene Glycol (DPG) from PerfumersWorld,10.00%,,,
5UW08963,Costus Olifac 1% in DPG from PerfumersWorld,8023-88-9,VERIFIED,,8023-88-9,Costus Olifac Iff from PerfumersWorld,Dipropylene Glycol (DPG) from PerfumersWorld,1.00%,,,
5UW11312,Costus Olifac 10% in DPG from PerfumersWorld,8023-88-9,VERIFIED,,8023-88-9,Costus Olifac Iff from PerfumersWorld,Dipropylene Glycol (DPG) from PerfumersWorld,10.00%,,,
5UW20027,Ambrox Super 10% in DPG from PerfumersWorld,6790-58-5,VERIFIED,,6790-58-5,Ambrox Super from PerfumersWorld,Dipropylene Glycol (DPG) from PerfumersWorld,10.00%,,,
5UY07860,Fixative 505 10% in DPG from PerfumersWorld,Mixture,VERIFIED,,Mixture,Fixative 505 from PerfumersWorld,Dipropylene Glycol (DPG) from PerfumersWorld,10.00%,,,
5UY10543,Fixative 505 1% in DPG from PerfumersWorld,Mixture,VERIFIED,,Mixture,Fixative 505 from PerfumersWorld,Dipropylene Glycol (DPG) from PerfumersWorld,1.00%,,,
5UY19282,Pyralone 10% in DPG from PerfumersWorld,6790-58-5,DATA_GAP_MANUAL_CHECK,,6790-58-5,Pyralone from PerfumersWorld,Dipropylene Glycol (DPG) from PerfumersWorld,10.00%,,,
5VD07557,Coumarin 10% in DPG from PerfumersWorld,91-64-5,VERIFIED,,91-64-5,Coumarin from PerfumersWorld,Dipropylene Glycol (DPG) from PerfumersWorld,10.00%,,,
5VD07562,6-Methyl Coumarin 10% in DPG from PerfumersWorld,92-48-8,VERIFIED,,92-48-8,6-Methyl Coumarin from PerfumersWorld,Dipropylene Glycol (DPG) from PerfumersWorld,10.00%,,,
5VD10871,METHYL LAITONE 10% DPG from PerfumersWorld,94201-19-1,DATA_GAP_MANUAL_CHECK,,94201-19-1,,,,,,
5VE08421,Maltol 1% in DPG from PerfumersWorld,118-71-8,VERIFIED,,118-71-8,Maltol from PerfumersWorld,Dipropylene Glycol (DPG) from PerfumersWorld,1.00%,,,
5VE09272,Furaneol 10% in PG from PerfumersWorld,3658-77-3,DATA_GAP_MANUAL_CHECK,,3658-77-3,,,10.00%,,,
5VE09632,Maple Lactone 10% in DPG from PerfumersWorld,698-10-2,VERIFIED,,698-10-2,Maple Lactone from PerfumersWorld,Dipropylene Glycol (DPG) from PerfumersWorld,10.00%,,,
5VE10963,Maltol 5% in DPG from PerfumersWorld,118-71-8,VERIFIED,,118-71-8,Maltol from PerfumersWorld,Dipropylene Glycol (DPG) from PerfumersWorld,5.00%,,,
5VE14324,Caramel Furanone 0.03% from PerfumersWorld,3658-77-3,DATA_GAP_MANUAL_CHECK,,3658-77-3,,,,,,
5VE14325,Caramel Furanone 0.003% from PerfumersWorld,3658-77-3,VERIFIED,,3658-77-3,,,,,,
5VF07531,Ethyl Maltol 5% in DPG from PerfumersWorld,4940-11-8,VERIFIED,,4940-11-8,Ethyl Maltol from PerfumersWorld,Dipropylene Glycol (DPG) from PerfumersWorld,5.00%,,,
5VF07861,Ethyl Maltol 1% in DPG from PerfumersWorld,4940-11-8,VERIFIED,,4940-11-8,Ethyl Maltol from PerfumersWorld,Dipropylene Glycol (DPG) from PerfumersWorld,1.00%,,,
5VN07564,Tonka Bean Absolute 10% in DPG from PerfumersWorld,8024-04-2,DATA_GAP_MANUAL_CHECK,,8024-04-2,Tonka Bean Absolute from PerfumersWorld,Dipropylene Glycol (DPG) from PerfumersWorld,10.00%,,,
5VT07920,Cocoa Absolute 10% in DPG from PerfumersWorld,8002-31-1,DATA_GAP_MANUAL_CHECK,,8002-31-1,Cocoa Absolute from PerfumersWorld,Dipropylene Glycol (DPG) from PerfumersWorld,10.00%,,,
5VT08034,Cocoa Absolute 10% in IPM from PerfumersWorld,8002-31-1,VERIFIED,,8002-31-1,Cocoa Absolute from PerfumersWorld,Isopropyl Myristate (IPM) from PerfumersWorld,10.00%,,,
5VT23692,Cocoa absolute grasse 10% in DPG from PerfumersWorld,8002-31-1,DATA_GAP_MANUAL_CHECK,,8002-31-1,Cocoa absolute grasse from PerfumersWorld,Dipropylene Glycol (DPG) from PerfumersWorld,10.00%,,,
5VV07559,Ethyl Vanillin 10% in DPG from PerfumersWorld,121-32-4,VERIFIED,,121-32-4,Ethyl Vanillin from PerfumersWorld,Dipropylene Glycol (DPG) from PerfumersWorld,10.00%,,,
5VW07530,Vanillin 10% in DPG from PerfumersWorld,121-33-5,VERIFIED,,121-33-5,Vanillin from PerfumersWorld,Dipropylene Glycol (DPG) from PerfumersWorld,10.00%,,,
5VW08955,Vanilla Absolute 5% in DPG from PerfumersWorld,8024-06-4,DATA_GAP_MANUAL_CHECK,,8024-06-4,Vanilla Absolute from PerfumersWorld,Dipropylene Glycol (DPG) from PerfumersWorld,5.00%,,,
5VW09926,Vanilla Absolute 10% in DPG from PerfumersWorld,8024-06-4,VERIFIED,,8024-06-4,Vanilla Absolute from PerfumersWorld,Dipropylene Glycol (DPG) from PerfumersWorld,10.00%,,,
5WU15067,Agarwood Oil Siam 10% in DPG from PerfumersWorld,94350-09-1,NATURAL_MIXTURE,,94350-09-1,Agarwood Oil Siam from PerfumersWorld,Dipropylene Glycol (DPG) from PerfumersWorld,10.00%,,,
5WU21414,Z11 HD 8.5 from PerfumersWorld,57345-19-4,DATA_GAP_MANUAL_CHECK,,57345-19-4,,,,,,
5WU22696,Ambrocenide 10% in TEC from PerfumersWorld,211299-54-6,VERIFIED,,211299-54-6,Ambrocenide from PerfumersWorld,Triethyl Citrate (TEC) from PerfumersWorld,10.00%,,,
5WU22697,Ambrocenide 10% in DPG from PerfumersWorld,211299-54-6,VERIFIED,,211299-54-6,Ambrocenide from PerfumersWorld,Dipropylene Glycol (DPG) from PerfumersWorld,10.00%,,,
5WU23677,Norlimbanol Dextro 10% in DPG from PerfumersWorld,70788-30-6,VERIFIED,,70788-30-6,Norlimbanol Dextro from PerfumersWorld,Dipropylene Glycol (DPG) from PerfumersWorld,10.00%,,,
5WW09974,Cedrol 10% in DPG from PerfumersWorld,77-53-2,VERIFIED,,77-53-2,Cedrol from PerfumersWorld,Dipropylene Glycol (DPG) from PerfumersWorld,10.00%,,,
5WX12225,Sandalwood Essential Oil 10% in DPG from PerfumersWorld,8006-87-9,NATURAL_MIXTURE,,8006-87-9,Sandalwood Essential Oil from PerfumersWorld,Dipropylene Glycol (DPG) from PerfumersWorld,10.00%,,,
5XA09242,Tonalide 10% in DPG from PerfumersWorld,21145-77-7,VERIFIED,,21145-77-7,Tonalide from PerfumersWorld,Dipropylene Glycol (DPG) from PerfumersWorld,10.00%,,,
5XB07615,Cashmeran 10% in DPG from PerfumersWorld,33704-61-9,VERIFIED,,33704-61-9,Cashmeran from PerfumersWorld,Dipropylene Glycol (DPG) from PerfumersWorld,10.00%,,,
5XU07617,Ambrettolide 10% in DPG from PerfumersWorld,7779-50-2,VERIFIED,,7779-50-2,Ambrettolide from PerfumersWorld,Dipropylene Glycol (DPG) from PerfumersWorld,10.00%,,,
5XU07864,Musk Ketone 10% in DEP from PerfumersWorld,81-14-1,VERIFIED,,81-14-1,Musk Ketone from PerfumersWorld,Diethyl Phthalate (DEP) from PerfumersWorld,10.00%,,,
5XU09977,Musk Ketone 10% in DPG from PerfumersWorld,81-14-1,VERIFIED,,81-14-1,Musk Ketone from PerfumersWorld,Dipropylene Glycol (DPG) from PerfumersWorld,10.00%,,,
5XU10231,Ambrettolide 50% in DPG from PerfumersWorld,7779-50-2,VERIFIED,,7779-50-2,Ambrettolide from PerfumersWorld,Dipropylene Glycol (DPG) from PerfumersWorld,50.00%,,,
5XU12235,Ambrette Seed Absolute 10% in DPG from PerfumersWorld,8015-62-1,DATA_GAP_MANUAL_CHECK,,8015-62-1,Ambrette Seed Absolute from PerfumersWorld,Dipropylene Glycol (DPG) from PerfumersWorld,10.00%,,,
5XX07862,Exaltolide Pentadecanolide 10% in DPG from PerfumersWorld,106-02-5,VERIFIED,,106-02-5,Exaltolide Pentadecanolide from PerfumersWorld,Dipropylene Glycol (DPG) from PerfumersWorld,10.00%,,,
5XX08283,Exaltolide Pentadecanolide 50% in DPG from PerfumersWorld,106-02-5,VERIFIED,,106-02-5,Exaltolide Pentadecanolide from PerfumersWorld,Dipropylene Glycol (DPG) from PerfumersWorld,50.00%,,,
5XY10869,Celestolide 10% in DPG from PerfumersWorld,13171-00-1,VERIFIED,,13171-00-1,Celestolide 10% in DPG from PerfumersWorld,Dipropylene Glycol (DPG) from PerfumersWorld,10.00%,,,
5YE12329,Champignol 10% in DPG from PerfumersWorld,82461-14-1,VERIFIED,,82461-14-1,Champignol from PerfumersWorld,Dipropylene Glycol (DPG) from PerfumersWorld,10.00%,,,
5YG07546,Calone 10% in DPG from PerfumersWorld,28940-11-6,VERIFIED,,28940-11-6,Calone,Dipropylene Glycol (DPG) from PerfumersWorld,10.00%,,,
5YG11098,Calone 1% in DPG from PerfumersWorld,28940-11-6,VERIFIED,,28940-11-6,Calone from PerfumersWorld,Dipropylene Glycol (DPG) from PerfumersWorld,1.00%,,,
5YH07549,Oakmoss Absolute (IFRA Low Atranol) 10% in DPG from PerfumersWorld,90028-68-5,DATA_GAP_MANUAL_CHECK,,90028-68-5,Oakmoss Absolute (IFRA Low Atranol) from PerfumersWorld,Dipropylene Glycol (DPG) from PerfumersWorld,10.00%,,,
5YM23701,Scentenal 10% in DPG from PerfumersWorld,86803-90-9,VERIFIED,,86803-90-9,Scentenal from PerfumersWorld,Dipropylene Glycol (DPG) from PerfumersWorld,10.00%,,,
5YQ09979,Oakmoss Resinoid (IFRA Low Atranol) 10% in DPG from PerfumersWorld,90028-68-5,DATA_GAP_MANUAL_CHECK,,90028-68-5,Oakmoss Resinoid - IFRA Low Atranol from PerfumersWorld,Dipropylene Glycol (DPG) from PerfumersWorld,10.00%,,,
5YT08337,Treemoss Absolute 10% in DEP from PerfumersWorld,90028-67-4,DATA_GAP_MANUAL_CHECK,,90028-67-4,Treemoss Absolute from PerfumersWorld,Diethyl Phthalate (DEP) from PerfumersWorld,10.00%,,,
5YT08604,Treemoss Absolute 10% in DPG from PerfumersWorld,90028-67-4,VERIFIED,,90028-67-4,Treemoss Absolute from PerfumersWorld,Dipropylene Glycol (DPG) from PerfumersWorld,10.00%,,,
5YW13682,Geosmin 1% in DPG from PerfumersWorld,19700-21-1,DATA_GAP_MANUAL_CHECK,,19700-21-1,,,1.00%,,,
5YW18061,Geosmin 1% in TEC from PerfumersWorld,19700-21-1,VERIFIED,,19700-21-1,,,1.00%,,,
5YY07815,Evernyl 10% in DPG from PerfumersWorld,4707-47-5,VERIFIED,,4707-47-5,Evernyl from PerfumersWorld,Dipropylene Glycol (DPG) from PerfumersWorld,10.00%,,,
6AC09112,Citrus Aldehyde Fleuressence from PerfumersWorld,Mixture,DATA_GAP_MANUAL_CHECK,,Mixture,,,,,,
6AC18110,CITRUS ALDEHYDE F-TEC from PerfumersWorld,Mixture,DATA_GAP_MANUAL_CHECK,,Mixture,,,,,,
6AG09015,Green Aldehyde Fleuressence from PerfumersWorld,Mixture,DATA_GAP_MANUAL_CHECK,,Mixture,,,,,,
6AG18116,GREEN ALDEHYDE F-TEC from PerfumersWorld,Mixture,DATA_GAP_MANUAL_CHECK,,Mixture,,,,,,
6AJ12410,Powdery Fleuressence from PerfumersWorld,Mixture,DATA_GAP_MANUAL_CHECK,,Mixture,,,,,,
6AJ18111,POWDERY F-TEC from PerfumersWorld,Mixture,DATA_GAP_MANUAL_CHECK,,Mixture,,,,,,
6AN07832,A-Aldehyde Fleuressence from PerfumersWorld,Mixture,DATA_GAP_MANUAL_CHECK,,Mixture,,,,,,
6AN18003,A-ALDEHYDE F-TEC from PerfumersWorld,Mixture,DATA_GAP_MANUAL_CHECK,,Mixture,,,,,,
6AR09113,Rose Aldehyde Fleuressence from PerfumersWorld,Mixture,DATA_GAP_MANUAL_CHECK,,Mixture,,,,,,
6AR18117,ROSE ALDEHYDE F-TEC from PerfumersWorld,Mixture,DATA_GAP_MANUAL_CHECK,,Mixture,,,,,,
6BB07833,B-iceBerg Fleuressence from PerfumersWorld,Mixture,DATA_GAP_MANUAL_CHECK,,Mixture,,,,,,
6BB08505,Spearmint Fleuressence from PerfumersWorld,Mixture,DATA_GAP_MANUAL_CHECK,,Mixture,,,,,,
6BB09016,Peppermint Fleuressence from PerfumersWorld,Mixture,DATA_GAP_MANUAL_CHECK,,Mixture,,,,,,
6BB18004,B-ICEBERG F-TEC from PerfumersWorld,Mixture,DATA_GAP_MANUAL_CHECK,,Mixture,,,,,,
6BB18120,PEPPERMINT F-TEC from PerfumersWorld,Mixture,DATA_GAP_MANUAL_CHECK,,Mixture,,,,,,
6BG18119,SPEARMINT F-TEC from PerfumersWorld,Mixture,DATA_GAP_MANUAL_CHECK,,Mixture,,,,,,
6BH09017,Camphoraceous Fleuressence from PerfumersWorld,Mixture,DATA_GAP_MANUAL_CHECK,,Mixture,,,,,,
6BH18118,CAMPHOR F-TEC from PerfumersWorld,Mixture,DATA_GAP_MANUAL_CHECK,,Mixture,,,,,,
6CA07765,Eucalyptus Citriodora Natural Blend from PerfumersWorld,Mixture,DATA_GAP_MANUAL_CHECK,,Mixture,,,,,,
6CA09018,Orange Fleuressence from PerfumersWorld,Mixture,DATA_GAP_MANUAL_CHECK,,Mixture,,,,,,
6CA09060,Mandarin Fleuressence from PerfumersWorld,Mixture,DATA_GAP_MANUAL_CHECK,,Mixture,,,,,,
6CA18123,ORANGE F-TEC from PerfumersWorld,Mixture,DATA_GAP_MANUAL_CHECK,,Mixture,,,,,,
6CA18124,MANDARIN F-TEC from PerfumersWorld,Mixture,DATA_GAP_MANUAL_CHECK,,Mixture,,,,,,
6CA18126,GRAPEFRUIT F-TEC from PerfumersWorld,Mixture,DATA_GAP_MANUAL_CHECK,,Mixture,,,,,,
6CC09059,Lemon Fleuressence from PerfumersWorld,Mixture,DATA_GAP_MANUAL_CHECK,,Mixture,,,,,,
6CC18122,LEMON F-TEC from PerfumersWorld,Mixture,DATA_GAP_MANUAL_CHECK,,Mixture,,,,,,
6CG13368,Agrumen Aldehyde PW from PerfumersWorld,Mixture,DATA_GAP_MANUAL_CHECK,,Mixture,,,,,,
6CK12391,Lime Zest Tops Fleuressence from PerfumersWorld,Mixture,DATA_GAP_MANUAL_CHECK,,Mixture,,,,,,
6CK18135,LIME ZEST F-TEC from PerfumersWorld,Mixture,DATA_GAP_MANUAL_CHECK,,Mixture,,,,,,
6CL07830,C-Citrus Fleuressence from PerfumersWorld,Mixture,DATA_GAP_MANUAL_CHECK,,Mixture,,,,,,
6CL09058,Bergamot Fleuressence from PerfumersWorld,Mixture,DATA_GAP_MANUAL_CHECK,,Mixture,,,,,,
6CL10386,Male Floral Fleuressence from PerfumersWorld,Mixture,DATA_GAP_MANUAL_CHECK,,Mixture,,,,,,
6CL10405,Cologne Fleuressence from PerfumersWorld,Mixture,DATA_GAP_MANUAL_CHECK,,Mixture,,,,,,
6CL11946,Chrome Citrus Fleuressence from PerfumersWorld,Mixture,DATA_GAP_MANUAL_CHECK,,Mixture,,,,,,
6CL18060,C-CITRUS F-TEC from PerfumersWorld,Mixture,DATA_GAP_MANUAL_CHECK,,Mixture,,,,,,
6CL18121,MALE FLORAL F-TEC from PerfumersWorld,Mixture,DATA_GAP_MANUAL_CHECK,,Mixture,,,,,,
6CL18125,CHROME F-TEC from PerfumersWorld,Mixture,DATA_GAP_MANUAL_CHECK,,Mixture,,,,,,
6CL18897,COLOGNE F-TEC from PerfumersWorld,Mixture,DATA_GAP_MANUAL_CHECK,,Mixture,,,,,,
6CL18898,BERGAMOT F-TEC from PerfumersWorld,Mixture,DATA_GAP_MANUAL_CHECK,,Mixture,,,,,,
6CN09093,Neroli Fleuressence from PerfumersWorld,Mixture,DATA_GAP_MANUAL_CHECK,,Mixture,,,,,,
6CN12394,Grapefruit Fleuressence from PerfumersWorld,Mixture,DATA_GAP_MANUAL_CHECK,,Mixture,,,,,,
6CN18131,NEROLI F-TEC from PerfumersWorld,Mixture,DATA_GAP_MANUAL_CHECK,,Mixture,,,,,,
6CN23709,Pamzest from PerfumersWorld,Mixture,DATA_GAP_MANUAL_CHECK,,Mixture,,,,,,
6CN24668,Petigrain Bigarade from PerfumersWorld,8014-17-3,DATA_GAP_MANUAL_CHECK,,8014-17-3,,,,,,
6DD08390,Lactone Fleuressence from PerfumersWorld,Mixture,DATA_GAP_MANUAL_CHECK,,Mixture,,,,,,
6DD08537,D-Dairy Fleuressence from PerfumersWorld,Mixture,DATA_GAP_MANUAL_CHECK,,Mixture,,,,,,
6DD09086,Milk Fleuressence from PerfumersWorld,Mixture,DATA_GAP_MANUAL_CHECK,,Mixture,,,,,,
6DD18140,MILK F-TEC from PerfumersWorld,Mixture,DATA_GAP_MANUAL_CHECK,,Mixture,,,,,,
6DD18141,LACTONE F-TEC from PerfumersWorld,Mixture,DATA_GAP_MANUAL_CHECK,,Mixture,,,,,,
6DF18006,D-DAIRY F-TEC from PerfumersWorld,Mixture,DATA_GAP_MANUAL_CHECK,,Mixture,,,,,,
6DU12415,Animalissio Blender Fleuressence from PerfumersWorld,Mixture,DATA_GAP_MANUAL_CHECK,,Mixture,,,,,,
6DU18084,ANIMALISSIMO F-TEC from PerfumersWorld,Mixture,DATA_GAP_MANUAL_CHECK,,Mixture,,,,,,
6DV09055,Cocoa Butter Fleuressence from PerfumersWorld,Mixture,DATA_GAP_MANUAL_CHECK,,Mixture,,,,,,
6DV12422,Coconut Fleuressence from PerfumersWorld,Mixture,DATA_GAP_MANUAL_CHECK,,Mixture,,,,,,
6DV18143,COCONUT F-TEC from PerfumersWorld,Mixture,DATA_GAP_MANUAL_CHECK,,Mixture,,,,,,
6DV18549,COCOA BUTTER F-TEC from PerfumersWorld,Mixture,DATA_GAP_MANUAL_CHECK,,Mixture,,,,,,
6EG08432,E-Edible Fleuressence from PerfumersWorld,Mixture,DATA_GAP_MANUAL_CHECK,,Mixture,,,,,,
6EG12402,Green Tea Fleuressence from PerfumersWorld,Mixture,DATA_GAP_MANUAL_CHECK,,Mixture,,,,,,
6EG18010,E-EDIBLE F-TEC from PerfumersWorld,Mixture,DATA_GAP_MANUAL_CHECK,,Mixture,,,,,,
6EG18166,GREEN TEA F-TEC from PerfumersWorld,Mixture,DATA_GAP_MANUAL_CHECK,,Mixture,,,,,,
6EJ18929,FRAGRANT RICE F-TEC from PerfumersWorld,Mixture,DATA_GAP_MANUAL_CHECK,,Mixture,,,,,,
6EJ20524,Fragrant Rice Fleuressence from PerfumersWorld,Mixture,DATA_GAP_MANUAL_CHECK,,Mixture,,,,,,
6ET18954,COFFEE F-TEC from PerfumersWorld,Mixture,DATA_GAP_MANUAL_CHECK,,Mixture,,,,,,
6ET20539,Coffee Fleuressence from PerfumersWorld,Mixture,DATA_GAP_MANUAL_CHECK,,Mixture,,,,,,
6EV10628,Sweet Corn Fleuressence from PerfumersWorld,Mixture,DATA_GAP_MANUAL_CHECK,,Mixture,,,,,,
6EV12393,Saffron Fleuressence from PerfumersWorld,Mixture,DATA_GAP_MANUAL_CHECK,,Mixture,,,,,,
6EV18158,SAFFRON F-TEC from PerfumersWorld,Mixture,DATA_GAP_MANUAL_CHECK,,Mixture,,,,,,
6EV18167,SWEET CORN F-TEC from PerfumersWorld,Mixture,DATA_GAP_MANUAL_CHECK,,Mixture,,,,,,
6EW09105,Nut Fleuressence from PerfumersWorld,Mixture,DATA_GAP_MANUAL_CHECK,,Mixture,,,,,,
6EW18930,NUT F-TEC from PerfumersWorld,Mixture,DATA_GAP_MANUAL_CHECK,,Mixture,,,,,,
6EY09115,Root Fleuressence from PerfumersWorld,Mixture,DATA_GAP_MANUAL_CHECK,,Mixture,,,,,,
6FB07709,Fresh Blackcurrant Leaf from PerfumersWorld,Mixture,DATA_GAP_MANUAL_CHECK,,Mixture,,,,,,
6FB09427,Blackcurrant Fleuressence from PerfumersWorld,Mixture,DATA_GAP_MANUAL_CHECK,,Mixture,,,,,,
6FB18179,BLACKCURRANT F-TEC from PerfumersWorld,Mixture,DATA_GAP_MANUAL_CHECK,,Mixture,,,,,,
6FC08433,Pineapple Fleuressence from PerfumersWorld,Mixture,DATA_GAP_MANUAL_CHECK,,Mixture,,,,,,
6FC18181,PINEAPPLE F-TEC from PerfumersWorld,Mixture,DATA_GAP_MANUAL_CHECK,,Mixture,,,,,,
6FD07547,Prune Fleuressence from PerfumersWorld,Mixture,DATA_GAP_MANUAL_CHECK,,Mixture,,,,,,
6FD08610,Peach Fleuressence from PerfumersWorld,Mixture,DATA_GAP_MANUAL_CHECK,,Mixture,,,,,,
6FD09062,Banana Fleuressence from PerfumersWorld,Mixture,DATA_GAP_MANUAL_CHECK,,Mixture,,,,,,
6FD10042,F-Fruit Fleuressence from PerfumersWorld,Mixture,DATA_GAP_MANUAL_CHECK,,Mixture,,,,,,
6FD18011,F-FRUITY F-TEC from PerfumersWorld,Mixture,DATA_GAP_MANUAL_CHECK,,Mixture,,,,,,
6FD18170,PEACH F-TEC from PerfumersWorld,Mixture,DATA_GAP_MANUAL_CHECK,,Mixture,,,,,,
6FD18188,BANANA F-TEC from PerfumersWorld,Mixture,DATA_GAP_MANUAL_CHECK,,Mixture,,,,,,
6FD18956,PRUNE F-TEC from PerfumersWorld,Mixture,DATA_GAP_MANUAL_CHECK,,Mixture,,,,,,
6FG07793,Apple Fleuressence from PerfumersWorld,Mixture,DATA_GAP_MANUAL_CHECK,,Mixture,,,,,,
6FG08026,Apple Red from PerfumersWorld,Mixture,DATA_GAP_MANUAL_CHECK,,Mixture,,,,,,
6FG08058,Apple Green from PerfumersWorld,Mixture,DATA_GAP_MANUAL_CHECK,,Mixture,,,,,,
6FG08392,Melon Fleuressence from PerfumersWorld,Mixture,DATA_GAP_MANUAL_CHECK,,Mixture,,,,,,
6FG11947,Light and Airy Fleuressence from PerfumersWorld,Mixture,DATA_GAP_MANUAL_CHECK,,Mixture,,,,,,
6FG18210,LIGHT AND AIRY F-TEC from PerfumersWorld,Mixture,DATA_GAP_MANUAL_CHECK,,Mixture,,,,,,
6FG18856,APPLE F-TEC from PerfumersWorld,Mixture,DATA_GAP_MANUAL_CHECK,,Mixture,,,,,,
6FL09127,Dewberry Fleuressence from PerfumersWorld,Mixture,DATA_GAP_MANUAL_CHECK,,Mixture,,,,,,
6FL18169,DEWBERRY F-TEC from PerfumersWorld,Mixture,DATA_GAP_MANUAL_CHECK,,Mixture,,,,,,
6FN09071,Cherry Fleuressence from PerfumersWorld,Mixture,DATA_GAP_MANUAL_CHECK,,Mixture,,,,,,
6FN09097,Grape Fleuressence from PerfumersWorld,Mixture,DATA_GAP_MANUAL_CHECK,,Mixture,,,,,,
6FN18183,CHERRY F-TEC from PerfumersWorld,Mixture,DATA_GAP_MANUAL_CHECK,,Mixture,,,,,,
6FN18883,GRAPE F-TEC from PerfumersWorld,Mixture,DATA_GAP_MANUAL_CHECK,,Mixture,,,,,,
6FQ21068,Palm Dates Base from PerfumersWorld,Mixture,DATA_GAP_MANUAL_CHECK,,Mixture,,,,,,
6FV08343,Raspberry Fleuressence from PerfumersWorld,Mixture,DATA_GAP_MANUAL_CHECK,,Mixture,,,,,,
6FV09104,Strawberry Fleuressence from PerfumersWorld,Mixture,DATA_GAP_MANUAL_CHECK,,Mixture,,,,,,
6FV10907,Mango Fleuressence from PerfumersWorld,Mixture,DATA_GAP_MANUAL_CHECK,,Mixture,,,,,,
6FV18190,RASPBERRY F-TEC from PerfumersWorld,Mixture,DATA_GAP_MANUAL_CHECK,,Mixture,,,,,,
6FV18841,MANGO F-TEC from PerfumersWorld,Mixture,DATA_GAP_MANUAL_CHECK,,Mixture,,,,,,
6FV18953,STRAWBERRY F-TEC from PerfumersWorld,Mixture,DATA_GAP_MANUAL_CHECK,,Mixture,,,,,,
6FY08507,Cognac Wine Fleuressence from PerfumersWorld,Mixture,DATA_GAP_MANUAL_CHECK,,Mixture,,,,,,
6FY18955,COGNAC F-TEC from PerfumersWorld,Mixture,DATA_GAP_MANUAL_CHECK,,Mixture,,,,,,
6GB18224,CUCUMBER F-TEC from PerfumersWorld,Mixture,DATA_GAP_MANUAL_CHECK,,Mixture,,,,,,
6GF07657,Cucumber Fleuressence from PerfumersWorld,Mixture,DATA_GAP_MANUAL_CHECK,,Mixture,,,,,,
6GF18175,MELON F-TEC from PerfumersWorld,Mixture,DATA_GAP_MANUAL_CHECK,,Mixture,,,,,,
6GG07716,G-Green Fleuressence from PerfumersWorld,Mixture,DATA_GAP_MANUAL_CHECK,,Mixture,,,,,,
6GG10387,Naturelle Homme Fleuressence from PerfumersWorld,Mixture,DATA_GAP_MANUAL_CHECK,,Mixture,,,,,,
6GG18012,G-GREEN F-TEC from PerfumersWorld,Mixture,DATA_GAP_MANUAL_CHECK,,Mixture,,,,,,
6GK09255,Lilac Fleuressence from PerfumersWorld,Mixture,DATA_GAP_MANUAL_CHECK,,Mixture,,,,,,
6GK18228,LILAC F-TEC from PerfumersWorld,Mixture,DATA_GAP_MANUAL_CHECK,,Mixture,,,,,,
6GL10383,Naturelle Fleuressence from PerfumersWorld,Mixture,DATA_GAP_MANUAL_CHECK,,Mixture,,,,,,
6GL18214,NATURELLE F-TEC from PerfumersWorld,Mixture,DATA_GAP_MANUAL_CHECK,,Mixture,,,,,,
6GM12399,Clear Green Blender Fleuressence from PerfumersWorld,Mixture,DATA_GAP_MANUAL_CHECK,,Mixture,,,,,,
6GM18236,CLEAR GREEN F-TEC from PerfumersWorld,Mixture,DATA_GAP_MANUAL_CHECK,,Mixture,,,,,,
6GN09131,Hyacinth Fleuressence from PerfumersWorld,Mixture,FIXED_FROM_AUDIT,"Silicic acid, zirconium(4+) salt",1344-21-4,,,,,,
6GN18227,HYACINTH F-TEC from PerfumersWorld,Mixture,FIXED_FROM_AUDIT,"Silicic acid, zirconium(4+) salt",1344-21-4,,,,,,
6GN23713,Algenone from PerfumersWorld,Mixture,DATA_GAP_MANUAL_CHECK,,Mixture,,,,,,
6GQ09095,Galbanum Fleuressence from PerfumersWorld,Mixture,DATA_GAP_MANUAL_CHECK,,Mixture,,,,,,
6GQ18226,GALBANUM F-TEC from PerfumersWorld,Mixture,DATA_GAP_MANUAL_CHECK,,Mixture,,,,,,
6GW18223,NATURELLE HOMME F-TEC from PerfumersWorld,Mixture,DATA_GAP_MANUAL_CHECK,,Mixture,,,,,,
6HB09063,Rosemary Fleuressence from PerfumersWorld,Mixture,DATA_GAP_MANUAL_CHECK,,Mixture,,,,,,
6HB18237,ROSEMARY F-TEC from PerfumersWorld,Mixture,DATA_GAP_MANUAL_CHECK,,Mixture,,,,,,
6HE09224,Black Tea Base from PerfumersWorld,Mixture,DATA_GAP_MANUAL_CHECK,,Mixture,,,,,,
6HH09096,Armoise Fleuressence from PerfumersWorld,Mixture,DATA_GAP_MANUAL_CHECK,,Mixture,,,,,,
6HH18090,ARMOISE F-TEC from PerfumersWorld,Mixture,DATA_GAP_MANUAL_CHECK,,Mixture,,,,,,
6HL09061,Lavender Fleuressence from PerfumersWorld,Mixture,DATA_GAP_MANUAL_CHECK,,Mixture,,,,,,
6HL11969,H-Herb Fleuressence from PerfumersWorld,Mixture,DATA_GAP_MANUAL_CHECK,,Mixture,,,,,,
6HL18013,H-HERB F-TEC from PerfumersWorld,Mixture,DATA_GAP_MANUAL_CHECK,,Mixture,,,,,,
6HL18238,LAVENDER F-TEC from PerfumersWorld,Mixture,DATA_GAP_MANUAL_CHECK,,Mixture,,,,,,
6IA09073,Orris Fleuressence from PerfumersWorld,Mixture,DATA_GAP_MANUAL_CHECK,,Mixture,,,,,,
6IA09182,I-Iris Fleuressence from PerfumersWorld,Mixture,DATA_GAP_MANUAL_CHECK,,Mixture,,,,,,
6IA18014,I-IRIS F-TEC from PerfumersWorld,Mixture,DATA_GAP_MANUAL_CHECK,,Mixture,,,,,,
6IA18245,ORRIS F-TEC from PerfumersWorld,Mixture,DATA_GAP_MANUAL_CHECK,,Mixture,,,,,,
6IF08388,Ionone Fruity Fleuressence from PerfumersWorld,Mixture,DATA_GAP_MANUAL_CHECK,,Mixture,,,,,,
6IF18246,FRUITY IONONE F-TEC from PerfumersWorld,Mixture,DATA_GAP_MANUAL_CHECK,,Mixture,,,,,,
6IG08436,Violet Fleuressence from PerfumersWorld,Mixture,DATA_GAP_MANUAL_CHECK,,Mixture,,,,,,
6IG18244,VIOLET F-TEC from PerfumersWorld,Mixture,DATA_GAP_MANUAL_CHECK,,Mixture,,,,,,
6II13551,Ultralia from PerfumersWorld,Mixture,DATA_GAP_MANUAL_CHECK,,Mixture,,,,,,
6JF09428,Fruity Jasmine Fleuressence from PerfumersWorld,Mixture,DATA_GAP_MANUAL_CHECK,,Mixture,,,,,,
6JJ09085,Jasmine Petal Fleuressence from PerfumersWorld,Mixture,DATA_GAP_MANUAL_CHECK,,Mixture,,,,,,
6JJ18250,JASMINE PETAL F-TEC from PerfumersWorld,Mixture,DATA_GAP_MANUAL_CHECK,,Mixture,,,,,,
6JL18251,JASMIN FRUIT F-TEC from PerfumersWorld,Mixture,DATA_GAP_MANUAL_CHECK,,Mixture,,,,,,
6JN07707,Jasmine Sambac Blossoms from PerfumersWorld,Mixture,DATA_GAP_MANUAL_CHECK,,Mixture,,,,,,
6JN07720,Jasmine Absolute Fleuressence from PerfumersWorld,Mixture,VERIFIED,,Mixture,,,,,,
6JN08956,J-Jasmine Fleuressence from PerfumersWorld,Mixture,DATA_GAP_MANUAL_CHECK,,Mixture,,,,,,
6JN18016,J-JASMIN F-TEC from PerfumersWorld,Mixture,DATA_GAP_MANUAL_CHECK,,Mixture,,,,,,
6JN19189,JASMIN ABS F-TEC from PerfumersWorld,Mixture,DATA_GAP_MANUAL_CHECK,,Mixture,,,,,,
6JV10408,Flower Bouquet Fleuressence from PerfumersWorld,Mixture,DATA_GAP_MANUAL_CHECK,,Mixture,,,,,,
6JV18248,FLOWER BOUQUET F-TEC from PerfumersWorld,Mixture,DATA_GAP_MANUAL_CHECK,,Mixture,,,,,,
6KG08506,Green Pine Fleuressence from PerfumersWorld,Mixture,DATA_GAP_MANUAL_CHECK,,Mixture,,,,,,
6KG18320,GREEN PINE F-TEC from PerfumersWorld,Mixture,DATA_GAP_MANUAL_CHECK,,Mixture,,,,,,
6KH08503,Pine Needle Fleuressence from PerfumersWorld,Mixture,DATA_GAP_MANUAL_CHECK,,Mixture,,,,,,
6KH18319,PINE NEEDLE F-TEC from PerfumersWorld,Mixture,DATA_GAP_MANUAL_CHECK,,Mixture,,,,,,
6KL09075,Pine Fleuressence from PerfumersWorld,Mixture,DATA_GAP_MANUAL_CHECK,,Mixture,,,,,,
6KL11970,K-Konifer Fleuressence from PerfumersWorld,Mixture,DATA_GAP_MANUAL_CHECK,,Mixture,,,,,,
6KL18017,K-KONIFER F-TEC from PerfumersWorld,Mixture,DATA_GAP_MANUAL_CHECK,,Mixture,,,,,,
6KL18318,PINE F-TEC from PerfumersWorld,Mixture,DATA_GAP_MANUAL_CHECK,,Mixture,,,,,,
6LC07501,Freesia HDL from PerfumersWorld,Mixture,DATA_GAP_MANUAL_CHECK,,Mixture,,,,,,
6LF09041,Freesia Fleuressence from PerfumersWorld,Mixture,DATA_GAP_MANUAL_CHECK,,Mixture,,,,,,
6LF09429,Fresh Blender Fleuressence from PerfumersWorld,Mixture,DATA_GAP_MANUAL_CHECK,,Mixture,,,,,,
6LF18321,FREESIA F-TEC from PerfumersWorld,Mixture,DATA_GAP_MANUAL_CHECK,,Mixture,,,,,,
6LF18323,FRESH BLENDER F-TEC from PerfumersWorld,Mixture,DATA_GAP_MANUAL_CHECK,,Mixture,,,,,,
6LJ09076,Light Blender Fleuressence from PerfumersWorld,Mixture,DATA_GAP_MANUAL_CHECK,,Mixture,,,,,,
6LJ18322,LIGHT BLENDER F-TEC from PerfumersWorld,Mixture,DATA_GAP_MANUAL_CHECK,,Mixture,,,,,,
6LL00278,Light Crisp Floral Fleuressence from PerfumersWorld,Mixture,DATA_GAP_MANUAL_CHECK,,Mixture,,,,,,
6LL00487,L-Linalool Fleuressence from PerfumersWorld,Mixture,FIXED_FROM_AUDIT,(-)-Linalool,126-91-0,,,,,,
6LL18018,LIGHT CRISP FLORAL F-TEC from PerfumersWorld,Mixture,DATA_GAP_MANUAL_CHECK,,Mixture,,,,,,
6LW12346,Bois de Rose Fleuressence from PerfumersWorld,Mixture,DATA_GAP_MANUAL_CHECK,,Mixture,,,,,,
6LW18324,BOIS DE ROSE F-TEC from PerfumersWorld,Mixture,DATA_GAP_MANUAL_CHECK,,Mixture,,,,,,
6MA20144,Lilial Substitute IFRA from PerfumersWorld,Mixture,DATA_GAP_MANUAL_CHECK,,Mixture,,,,,,
6MA22621,Lilylal ND from PerfumersWorld,Mixture,DATA_GAP_MANUAL_CHECK,,Mixture,,,,,,
6MG08411,Syringa Fleuressence from PerfumersWorld,Mixture,DATA_GAP_MANUAL_CHECK,,Mixture,,,,,,
6MG09430,Cyclamen Fleuressence from PerfumersWorld,Mixture,DATA_GAP_MANUAL_CHECK,,Mixture,,,,,,
6MG18355,SYRINGA F-TEC from PerfumersWorld,Mixture,DATA_GAP_MANUAL_CHECK,,Mixture,,,,,,
6MG18474,Lilyreal IFRA from PerfumersWorld,Mixture,DATA_GAP_MANUAL_CHECK,,Mixture,,,,,,
6MG22777,Lilyreal ND from PerfumersWorld,Mixture,DATA_GAP_MANUAL_CHECK,,Mixture,,,,,,
6ML12398,Fleurissimo Blender Fleuressence from PerfumersWorld,Mixture,DATA_GAP_MANUAL_CHECK,,Mixture,,,,,,
6ML18412,FLEURISSIMO F-TEC from PerfumersWorld,Mixture,DATA_GAP_MANUAL_CHECK,,Mixture,,,,,,
6ML18413,CYCLAMEN F-TEC from PerfumersWorld,Mixture,DATA_GAP_MANUAL_CHECK,,Mixture,,,,,,
6MM08681,M-Muguet Fleuressence from PerfumersWorld,Mixture,DATA_GAP_MANUAL_CHECK,,Mixture,,,,,,
6MM18498,M-MUGUET F-TEC from PerfumersWorld,Mixture,DATA_GAP_MANUAL_CHECK,,Mixture,,,,,,
6NC11558,Orange Flower Fleuressence from PerfumersWorld,Mixture,DATA_GAP_MANUAL_CHECK,,Mixture,,,,,,
6NC18793,ORANGE FLOWER F-TEC from PerfumersWorld,Mixture,DATA_GAP_MANUAL_CHECK,,Mixture,,,,,,
6ND09094,Gardenia Fleuressence from PerfumersWorld,Mixture,DATA_GAP_MANUAL_CHECK,,Mixture,,,,,,
6ND09418,Tuberose Fleuressence from PerfumersWorld,Mixture,DATA_GAP_MANUAL_CHECK,,Mixture,,,,,,
6ND09663,Tuberalia Base from PerfumersWorld,Mixture,DATA_GAP_MANUAL_CHECK,,Mixture,,,,,,
6ND18755,TUBEROSE F-TEC from PerfumersWorld,Mixture,DATA_GAP_MANUAL_CHECK,,Mixture,,,,,,
6ND18759,GARDENIA F-TEC from PerfumersWorld,Mixture,DATA_GAP_MANUAL_CHECK,,Mixture,,,,,,
6NI09419,Cassie Fleuressence from PerfumersWorld,Mixture,DATA_GAP_MANUAL_CHECK,,Mixture,,,,,,
6NI18791,CASSIE F-TEC from PerfumersWorld,Mixture,DATA_GAP_MANUAL_CHECK,,Mixture,,,,,,
6NJ07696,N-Narcotic Fleuressence from PerfumersWorld,Mixture,DATA_GAP_MANUAL_CHECK,,Mixture,,,,,,
6NJ09072,Champaca Fleuressence from PerfumersWorld,Mixture,DATA_GAP_MANUAL_CHECK,,Mixture,,,,,,
6NJ09074,Ylang Ylang Fleuressence from PerfumersWorld,Mixture,DATA_GAP_MANUAL_CHECK,,Mixture,,,,,,
6NJ18033,N-NARCOTIC F-TEC from PerfumersWorld,Mixture,DATA_GAP_MANUAL_CHECK,,Mixture,,,,,,
6NJ18527,YLANG F-TEC from PerfumersWorld,Mixture,DATA_GAP_MANUAL_CHECK,,Mixture,,,,,,
6NJ18626,CHAMPACA F-TEC from PerfumersWorld,Mixture,DATA_GAP_MANUAL_CHECK,,Mixture,,,,,,
6NL08389,Acacia Fleuressence from PerfumersWorld,Mixture,DATA_GAP_MANUAL_CHECK,,Mixture,,,,,,
6NL08427,Broom Fleuressence from PerfumersWorld,Mixture,FIXED_FROM_AUDIT,Bromine,7726-95-6,,,,,,
6NL18079,ACACIA F-TEC from PerfumersWorld,Mixture,DATA_GAP_MANUAL_CHECK,,Mixture,,,,,,
6NL18792,BROOM F-TEC from PerfumersWorld,Mixture,FIXED_FROM_AUDIT,Bromine,7726-95-6,,,,,,
6NM19144,TRUE LILY F-TEC from PerfumersWorld,Mixture,DATA_GAP_MANUAL_CHECK,,Mixture,,,,,,
6NN09110,Lily Fleuressence from PerfumersWorld,Mixture,DATA_GAP_MANUAL_CHECK,,Mixture,,,,,,
6NN09420,Mimosa Fleuressence from PerfumersWorld,Mixture,DATA_GAP_MANUAL_CHECK,,Mixture,,,,,,
6NN18625,LILY F-TEC from PerfumersWorld,Mixture,DATA_GAP_MANUAL_CHECK,,Mixture,,,,,,
6NN18760,MIMOSA F-TEC from PerfumersWorld,Mixture,DATA_GAP_MANUAL_CHECK,,Mixture,,,,,,
6NP08694,Narcissus Fleuressence from PerfumersWorld,Mixture,DATA_GAP_MANUAL_CHECK,,Mixture,,,,,,
6NP18957,NARCISSUS F-TEC from PerfumersWorld,Mixture,DATA_GAP_MANUAL_CHECK,,Mixture,,,,,,
6NU23529,Indolene ND Replacer from PerfumersWorld,Mixture,DATA_GAP_MANUAL_CHECK,,Mixture,,,,,,
6ON09090,Frangipani Fleuressence from PerfumersWorld,Mixture,DATA_GAP_MANUAL_CHECK,,Mixture,,,,,,
6ON18794,FRANGIPANI F-TEC from PerfumersWorld,Mixture,DATA_GAP_MANUAL_CHECK,,Mixture,,,,,,
6OQ12406,Orchidia Blender Fleuressence from PerfumersWorld,Mixture,DATA_GAP_MANUAL_CHECK,,Mixture,,,,,,
6OQ18798,ORCHIDIA BLENDER F-TEC from PerfumersWorld,Mixture,DATA_GAP_MANUAL_CHECK,,Mixture,,,,,,
6OV09421,O-Orchid Fleuressence from PerfumersWorld,Mixture,DATA_GAP_MANUAL_CHECK,,Mixture,,,,,,
6OV18034,O-ORCHID F-TEC from PerfumersWorld,Mixture,DATA_GAP_MANUAL_CHECK,,Mixture,,,,,,
6PF08147,Honey Fleuressence from PerfumersWorld,Mixture,DATA_GAP_MANUAL_CHECK,,Mixture,,,,,,
6PF18597,HONEY F-TEC from PerfumersWorld,Mixture,DATA_GAP_MANUAL_CHECK,,Mixture,,,,,,
6PP09422,P-Phenol Fleuressence from PerfumersWorld,Mixture,DATA_GAP_MANUAL_CHECK,,Mixture,,,,,,
6PP12412,Thyme Fleuressence from PerfumersWorld,Mixture,DATA_GAP_MANUAL_CHECK,,Mixture,,,,,,
6PP18044,P-PHENOL F-TEC from PerfumersWorld,Mixture,DATA_GAP_MANUAL_CHECK,,Mixture,,,,,,
6PP18420,THYME F-TEC from PerfumersWorld,Mixture,DATA_GAP_MANUAL_CHECK,,Mixture,,,,,,
6PS12413,Basil Fleuressence from PerfumersWorld,Mixture,DATA_GAP_MANUAL_CHECK,,Mixture,,,,,,
6PS18638,BASIL F-TEC from PerfumersWorld,Mixture,DATA_GAP_MANUAL_CHECK,,Mixture,,,,,,
6QC09083,Frankincense Fleuressence from PerfumersWorld,Mixture,DATA_GAP_MANUAL_CHECK,,Mixture,,,,,,
6QK19340,FRANKINCENSE F-TEC from PerfumersWorld,Mixture,DATA_GAP_MANUAL_CHECK,,Mixture,,,,,,
6QS09084,Styrax Fleuressence from PerfumersWorld,Mixture,DATA_GAP_MANUAL_CHECK,,Mixture,,,,,,
6QS18438,STYRAX F-TEC from PerfumersWorld,Mixture,DATA_GAP_MANUAL_CHECK,,Mixture,,,,,,
6QV09111,Benzoin Fleuressence from PerfumersWorld,Mixture,FIXED_FROM_AUDIT,Benzoin,8050-35-9,,,,,,
6QV09582,Q-Queen of the Orient Fleuressence from PerfumersWorld,Mixture,DATA_GAP_MANUAL_CHECK,,Mixture,,,,,,
6QV10404,Oriental Fleuressence from PerfumersWorld,Mixture,DATA_GAP_MANUAL_CHECK,,Mixture,,,,,,
6QV18045,Q-QUEEN F-TEC from PerfumersWorld,Mixture,DATA_GAP_MANUAL_CHECK,,Mixture,,,,,,
6QV18435,BENZOIN F-TEC from PerfumersWorld,Mixture,FIXED_FROM_AUDIT,Benzoin,8050-35-9,,,,,,
6QV18436,ORIENTAL F-TEC from PerfumersWorld,Mixture,DATA_GAP_MANUAL_CHECK,,Mixture,,,,,,
6QZ21000,Thixener X 300 from PerfumersWorld,Mixture,DATA_GAP_MANUAL_CHECK,,Mixture,,,,,,
6RB00398,Rose Otto Fleuressence from PerfumersWorld,Mixture,DATA_GAP_MANUAL_CHECK,,Mixture,,,,,,
6RB07924,Geranium Fleuressence from PerfumersWorld,Mixture,FIXED_FROM_AUDIT,Rhodinol,6812-78-8,,,,,,
6RB18440,GERANIUM F-TEC from PerfumersWorld,Mixture,FIXED_FROM_AUDIT,Rhodinol,6812-78-8,,,,,,
6RB18944,ROSE OTTO F-TEC from PerfumersWorld,Mixture,DATA_GAP_MANUAL_CHECK,,Mixture,,,,,,
6RG12419,Tea Rose Fleuressence from PerfumersWorld,Mixture,DATA_GAP_MANUAL_CHECK,,Mixture,,,,,,
6RG18421,TEA ROSE F-TEC from PerfumersWorld,Mixture,DATA_GAP_MANUAL_CHECK,,Mixture,,,,,,
6RM07757,Rose Petal Fleuressence from PerfumersWorld,Mixture,DATA_GAP_MANUAL_CHECK,,Mixture,,,,,,
6RM09423,Rose de Mai Fleuressence from PerfumersWorld,Mixture,DATA_GAP_MANUAL_CHECK,,Mixture,,,,,,
6RM18941,ROSE PETAL F-TEC from PerfumersWorld,Mixture,DATA_GAP_MANUAL_CHECK,,Mixture,,,,,,
6RM18942,ROSE DE MAI F-TEC from PerfumersWorld,Mixture,DATA_GAP_MANUAL_CHECK,,Mixture,,,,,,
6RM21857,Wardia BM from PerfumersWorld,Mixture,DATA_GAP_MANUAL_CHECK,,Mixture,,,,,,
6RR07636,R-Rose Fleuressence from PerfumersWorld,Mixture,DATA_GAP_MANUAL_CHECK,,Mixture,,,,,,
6RR07706,Turkish Rose Blossoms from PerfumersWorld,Mixture,DATA_GAP_MANUAL_CHECK,,Mixture,,,,,,
6RR18074,R-ROSE F-TEC from PerfumersWorld,Mixture,DATA_GAP_MANUAL_CHECK,,Mixture,,,,,,
6SC09679,Cardamom Fleuressence from PerfumersWorld,Mixture,DATA_GAP_MANUAL_CHECK,,Mixture,,,,,,
6SC12411,Classic Spice Fleuressence from PerfumersWorld,Mixture,DATA_GAP_MANUAL_CHECK,,Mixture,,,,,,
6SC12414,Ginger Fleuressence from PerfumersWorld,Mixture,DATA_GAP_MANUAL_CHECK,,Mixture,,,,,,
6SC18557,CARDAMON F-TEC from PerfumersWorld,Mixture,DATA_GAP_MANUAL_CHECK,,Mixture,,,,,,
6SC18558,CLASSIC SPICE F-TEC from PerfumersWorld,Mixture,DATA_GAP_MANUAL_CHECK,,Mixture,,,,,,
6SC18559,GINGER F-TEC from PerfumersWorld,Mixture,DATA_GAP_MANUAL_CHECK,,Mixture,,,,,,
6SH09677,Black Pepper Fleuressence from PerfumersWorld,Mixture,DATA_GAP_MANUAL_CHECK,,Mixture,,,,,,
6SH18444,BLACK PEPPER F-TEC from PerfumersWorld,Mixture,DATA_GAP_MANUAL_CHECK,,Mixture,,,,,,
6SL09678,Nutmeg Fleuressence from PerfumersWorld,Mixture,DATA_GAP_MANUAL_CHECK,,Mixture,,,,,,
6SL18489,NUTMEG F-TEC from PerfumersWorld,Mixture,DATA_GAP_MANUAL_CHECK,,Mixture,,,,,,
6SP09088,Clove Fleuressence from PerfumersWorld,Mixture,DATA_GAP_MANUAL_CHECK,,Mixture,,,,,,
6SP09163,Carnation Fleuressence from PerfumersWorld,Mixture,DATA_GAP_MANUAL_CHECK,,Mixture,,,,,,
6SP12451,S-Spice Fleuressence from PerfumersWorld,Mixture,DATA_GAP_MANUAL_CHECK,,Mixture,,,,,,
6SP18049,S-SPICE F-TEC from PerfumersWorld,Mixture,DATA_GAP_MANUAL_CHECK,,Mixture,,,,,,
6SP18441,CARNATION F-TEC from PerfumersWorld,Mixture,DATA_GAP_MANUAL_CHECK,,Mixture,,,,,,
6SP18442,CLOVE F-TEC from PerfumersWorld,Mixture,DATA_GAP_MANUAL_CHECK,,Mixture,,,,,,
6SV08501,Cinnamon Fleuressence from PerfumersWorld,Mixture,DATA_GAP_MANUAL_CHECK,,Mixture,,,,,,
6SV18443,CINNAMON F-TEC from PerfumersWorld,Mixture,DATA_GAP_MANUAL_CHECK,,Mixture,,,,,,
6TW08328,Tobacco Fleuressence from PerfumersWorld,Mixture,DATA_GAP_MANUAL_CHECK,,Mixture,,,,,,
6TW09087,Wood Smoke Fleuressence from PerfumersWorld,Mixture,DATA_GAP_MANUAL_CHECK,,Mixture,,,,,,
6TW11971,T-Tar and Smoke Fleuressence from PerfumersWorld,Mixture,DATA_GAP_MANUAL_CHECK,,Mixture,,,,,,
6TW18050,T-TAR SMOKE F-TEC from PerfumersWorld,Mixture,DATA_GAP_MANUAL_CHECK,,Mixture,,,,,,
6TW18445,TOBACCO F-TEC from PerfumersWorld,Mixture,DATA_GAP_MANUAL_CHECK,,Mixture,,,,,,
6TW18844,WOOD SMOKE F-TEC from PerfumersWorld,Mixture,DATA_GAP_MANUAL_CHECK,,Mixture,,,,,,
6UH09680,Labdanum Fleuressence from PerfumersWorld,Mixture,DATA_GAP_MANUAL_CHECK,,Mixture,,,,,,
6UH18500,LABDANUM F-TEC from PerfumersWorld,Mixture,DATA_GAP_MANUAL_CHECK,,Mixture,,,,,,
6UN22430,Indocolore from PerfumersWorld,2206-94-2,VERIFIED,1-Phenylethenyl acetate,2206-94-2,,,,,,
6UN22737,Indofleur ND from PerfumersWorld,Mixture,DATA_GAP_MANUAL_CHECK,,Mixture,,,,,,
6UP07515,Castoreum Synthetic from PerfumersWorld,Mixture,DATA_GAP_MANUAL_CHECK,,Mixture,,,,,,
6UP11559,Castoreum Fleuressence from PerfumersWorld,Mixture,DATA_GAP_MANUAL_CHECK,,Mixture,,,,,,
6UP18499,CASTOREUM F-TEC from PerfumersWorld,Mixture,DATA_GAP_MANUAL_CHECK,,Mixture,,,,,,
6UQ09624,Amberome Base PW from PerfumersWorld,Mixture,DATA_GAP_MANUAL_CHECK,,Mixture,,,,,,
6UQ20857,AmberNoir Fleuressence from PerfumersWorld,Mixture,DATA_GAP_MANUAL_CHECK,,Mixture,,,,,,
6UQ20900,AMBERNOIR F-TEC from PerfumersWorld,Mixture,DATA_GAP_MANUAL_CHECK,,Mixture,,,,,,
6UT12424,Leather Fleuressence from PerfumersWorld,Mixture,DATA_GAP_MANUAL_CHECK,,Mixture,,,,,,
6UT18496,LEATHER F-TEC from PerfumersWorld,Mixture,DATA_GAP_MANUAL_CHECK,,Mixture,,,,,,
6UU09106,Civet Fleuressence from PerfumersWorld,Mixture,DATA_GAP_MANUAL_CHECK,,Mixture,,,,,,
6UU12452,U-Animal Fleuressence from PerfumersWorld,Mixture,DATA_GAP_MANUAL_CHECK,,Mixture,,,,,,
6UU18051,U-ANIMAL F-TEC from PerfumersWorld,Mixture,DATA_GAP_MANUAL_CHECK,,Mixture,,,,,,
6UU18497,CIVET F-TEC from PerfumersWorld,Mixture,DATA_GAP_MANUAL_CHECK,,Mixture,,,,,,
6UV16208,Ambreine Classic PW from PerfumersWorld,Mixture,DATA_GAP_MANUAL_CHECK,,Mixture,,,,,,
6UX10406,Chypre Fleuressence from PerfumersWorld,Mixture,DATA_GAP_MANUAL_CHECK,,Mixture,,,,,,
6UX18493,CHYPRE F-TEC from PerfumersWorld,Mixture,DATA_GAP_MANUAL_CHECK,,Mixture,,,,,,
6UY09424,Ambergris Fleuressence from PerfumersWorld,Mixture,DATA_GAP_MANUAL_CHECK,,Mixture,,,,,,
6UY18081,AMBERGRIS F-TEC from PerfumersWorld,Mixture,DATA_GAP_MANUAL_CHECK,,Mixture,,,,,,
6VC09625,Ambreine Fleuressence from PerfumersWorld,Mixture,DATA_GAP_MANUAL_CHECK,,Mixture,,,,,,
6VD09091,New Mown Hay Fleuressence from PerfumersWorld,Mixture,DATA_GAP_MANUAL_CHECK,,Mixture,,,,,,
6VD18542,NEW MOWN HAY F-TEC from PerfumersWorld,Mixture,DATA_GAP_MANUAL_CHECK,,Mixture,,,,,,
6VE12421,Chocolate Fleuressence from PerfumersWorld,Mixture,DATA_GAP_MANUAL_CHECK,,Mixture,,,,,,
6VE18548,CHOCOLATE F-TEC from PerfumersWorld,Mixture,DATA_GAP_MANUAL_CHECK,,Mixture,,,,,,
6VF12416,Gourmande Fleuressence from PerfumersWorld,Mixture,DATA_GAP_MANUAL_CHECK,,Mixture,,,,,,
6VF18896,GOURMANDE F-TEC from PerfumersWorld,Mixture,DATA_GAP_MANUAL_CHECK,,Mixture,,,,,,
6VN09081,Heliotrope Fleuressence from PerfumersWorld,Mixture,VERIFIED,Piperonal,Mixture,,,,,,
6VN18501,HELIOTROPE F-TEC from PerfumersWorld,Mixture,DATA_GAP_MANUAL_CHECK,,Mixture,,,,,,
6VN21659,Heliotrope Base - Heliotropin Replacement from PerfumersWorld,Mixture,DATA_GAP_MANUAL_CHECK,,Mixture,,,,,,
6VN21924,HELIOTROPAL from PerfumersWorld,Mixture,DATA_GAP_MANUAL_CHECK,,Mixture,,,,,,
6VU09627,Amber Solid from PerfumersWorld,Mixture,DATA_GAP_MANUAL_CHECK,,Mixture,,,,,,
6VV09134,Sweet Vanilla Fleuressence from PerfumersWorld,Mixture,DATA_GAP_MANUAL_CHECK,,Mixture,,,,,,
6VV18540,SWEET VANILLA F-TEC from PerfumersWorld,Mixture,DATA_GAP_MANUAL_CHECK,,Mixture,,,,,,
6VW10849,V-Vanilla Fleuressence from PerfumersWorld,Mixture,DATA_GAP_MANUAL_CHECK,,Mixture,,,,,,
6VW18054,V-VANILLA F-TEC from PerfumersWorld,Mixture,DATA_GAP_MANUAL_CHECK,,Mixture,,,,,,
6WB09123,Patchouli Fleuressence from PerfumersWorld,Mixture,DATA_GAP_MANUAL_CHECK,,Mixture,,,,,,
6WB18685,PATCHOULI F-TEC from PerfumersWorld,Mixture,DATA_GAP_MANUAL_CHECK,,Mixture,,,,,,
6WC12407,Male Woodsy Fleuressence from PerfumersWorld,Mixture,DATA_GAP_MANUAL_CHECK,,Mixture,,,,,,
6WC18598,MALE WOODSY F-TEC from PerfumersWorld,Mixture,DATA_GAP_MANUAL_CHECK,,Mixture,,,,,,
6WQ08484,Arabian Oud Fleuressence from PerfumersWorld,Mixture,DATA_GAP_MANUAL_CHECK,,Mixture,,,,,,
6WQ18085,ARABIAN OUD F-TEC from PerfumersWorld,Mixture,DATA_GAP_MANUAL_CHECK,,Mixture,,,,,,
6WU07495,Oud Base from PerfumersWorld,Mixture,DATA_GAP_MANUAL_CHECK,,Mixture,,,,,,
6WU07708,Black Agarwood Artificial from PerfumersWorld,Mixture,DATA_GAP_MANUAL_CHECK,,Mixture,,,,,,
6WU08483,Agarwood Fleuressence from PerfumersWorld,Mixture,DATA_GAP_MANUAL_CHECK,,Mixture,,,,,,
6WU18875,AGARWOOD F-TEC from PerfumersWorld,Mixture,DATA_GAP_MANUAL_CHECK,,Mixture,,,,,,
6WV12277,Amber Fleuressence from PerfumersWorld,Mixture,DATA_GAP_MANUAL_CHECK,,Mixture,,,,,,
6WV18080,AMBER F-TEC from PerfumersWorld,Mixture,DATA_GAP_MANUAL_CHECK,,Mixture,,,,,,
6WW09124,Cedarwood Fleuressence from PerfumersWorld,Mixture,DATA_GAP_MANUAL_CHECK,,Mixture,,,,,,
6WW18687,CEDARWOOD F-TEC from PerfumersWorld,Mixture,DATA_GAP_MANUAL_CHECK,,Mixture,,,,,,
6WX07911,Sandalwood Base from PerfumersWorld,Mixture,DATA_GAP_MANUAL_CHECK,,Mixture,,,,,,
6WX09344,Sandalwood Extra 208 from PerfumersWorld,Mixture,DATA_GAP_MANUAL_CHECK,,Mixture,,,,,,
6WX12457,Sandalwood Fleuressence from PerfumersWorld,Mixture,VERIFIED,,Mixture,,,,,,
6WX18686,SANDALWOOD F-TEC from PerfumersWorld,Mixture,DATA_GAP_MANUAL_CHECK,,Mixture,,,,,,
6WX24054,Sandalwood Base X3 from PerfumersWorld,Mixture,DATA_GAP_MANUAL_CHECK,,Mixture,,,,,,
6WY09425,Vetivert Fleuressence from PerfumersWorld,Mixture,DATA_GAP_MANUAL_CHECK,,Mixture,,,,,,
6WY10132,W-Wood Fleuressence from PerfumersWorld,Mixture,DATA_GAP_MANUAL_CHECK,,Mixture,,,,,,
6WY11945,White Oak Fleuressence from PerfumersWorld,Mixture,DATA_GAP_MANUAL_CHECK,,Mixture,,,,,,
6WY18078,W-WOOD F-TEC from PerfumersWorld,Mixture,DATA_GAP_MANUAL_CHECK,,Mixture,,,,,,
6WY18600,WHITE OAK F-TEC from PerfumersWorld,Mixture,DATA_GAP_MANUAL_CHECK,,Mixture,,,,,,
6WY18702,VETIVER F-TEC from PerfumersWorld,Mixture,DATA_GAP_MANUAL_CHECK,,Mixture,,,,,,
6XB09681,Cashmere Musk Fleuressence from PerfumersWorld,Mixture,DATA_GAP_MANUAL_CHECK,,Mixture,,,,,,
6XB18881,CASHMERE MUSK F-TEC from PerfumersWorld,Mixture,DATA_GAP_MANUAL_CHECK,,Mixture,,,,,,
6XD09426,Macrocyclic Fleuressence from PerfumersWorld,Mixture,DATA_GAP_MANUAL_CHECK,,Mixture,,,,,,
6XD18354,MACROCYCLIC F-TEC from PerfumersWorld,Mixture,DATA_GAP_MANUAL_CHECK,,Mixture,,,,,,
6XU09117,Nitro Musk Fleuressence from PerfumersWorld,Mixture,DATA_GAP_MANUAL_CHECK,,Mixture,,,,,,
6XU09440,X-Musk Fleuressence from PerfumersWorld,Mixture,DATA_GAP_MANUAL_CHECK,,Mixture,,,,,,
6XU17558,Musk Xylol REP from PerfumersWorld,Mixture,DATA_GAP_MANUAL_CHECK,,Mixture,,,,,,
6XU18055,X-MUSK F-TEC from PerfumersWorld,Mixture,DATA_GAP_MANUAL_CHECK,,Mixture,,,,,,
6XU18880,NITRO MUSK F-TEC from PerfumersWorld,Mixture,DATA_GAP_MANUAL_CHECK,,Mixture,,,,,,
6XU18931,AMBRETTE SEED F-TEC from PerfumersWorld,Mixture,DATA_GAP_MANUAL_CHECK,,Mixture,,,,,,
6XV09757,White Musk Fleuressence from PerfumersWorld,Mixture,DATA_GAP_MANUAL_CHECK,,Mixture,,,,,,
6XV18882,WHITE MUSK F-TEC from PerfumersWorld,Mixture,DATA_GAP_MANUAL_CHECK,,Mixture,,,,,,
6XY17557,Musk X Super from PerfumersWorld,Mixture,DATA_GAP_MANUAL_CHECK,,Mixture,,,,,,
6XZ10738,PWx Factor from PerfumersWorld,Mixture,DATA_GAP_MANUAL_CHECK,,Mixture,,,,,,
6XZ12347,PWx Oil Factor - Natural from PerfumersWorld,Mixture,NATURAL_MIXTURE,,Mixture,,,,,,
6YE09107,Mushroom Fleuressence from PerfumersWorld,Mixture,DATA_GAP_MANUAL_CHECK,,Mixture,,,,,,
6YE18885,MUSHROOM F-TEC from PerfumersWorld,Mixture,DATA_GAP_MANUAL_CHECK,,Mixture,,,,,,
6YG07910,Ozone Fleuressence from PerfumersWorld,Mixture,FIXED_FROM_AUDIT,Ozone,10028-15-6,,,,,,
6YG09070,Seaweed Fleuressence from PerfumersWorld,Mixture,DATA_GAP_MANUAL_CHECK,,Mixture,,,,,,
6YG10384,Fougere Vert Fleuressence from PerfumersWorld,Mixture,DATA_GAP_MANUAL_CHECK,,Mixture,,,,,,
6YG18317,FOUGERE VERT F-TEC from PerfumersWorld,Mixture,DATA_GAP_MANUAL_CHECK,,Mixture,,,,,,
6YG18599,OZONE F-TEC from PerfumersWorld,Mixture,FIXED_FROM_AUDIT,Ozone,10028-15-6,,,,,,
6YG18895,SEAWEED F-TEC from PerfumersWorld,Mixture,DATA_GAP_MANUAL_CHECK,,Mixture,,,,,,
6YH09092,Oakmoss Fleuressence from PerfumersWorld,Mixture,DATA_GAP_MANUAL_CHECK,,Mixture,,,,,,
6YH12453,Y-Mossy Fleuressence from PerfumersWorld,Mixture,DATA_GAP_MANUAL_CHECK,,Mixture,,,,,,
6YH18062,Y-MOSSY F-TEC from PerfumersWorld,Mixture,DATA_GAP_MANUAL_CHECK,,Mixture,,,,,,
6YH18894,OAKMOSS F-TEC from PerfumersWorld,Mixture,DATA_GAP_MANUAL_CHECK,,Mixture,,,,,,
6ZZ00449,Z-ZOLVENT F-TEC from PerfumersWorld,Mixture,DATA_GAP_MANUAL_CHECK,,Mixture,,,,,,
6ZZ00501,Z-Zolvent Fleuressence from PerfumersWorld,Mixture,DATA_GAP_MANUAL_CHECK,,Mixture,,,,,,
7BB00360,Peppermint Essential Oil from PerfumersWorld,8006-90-4,NATURAL_MIXTURE,,8006-90-4,,,,,,
7BB00414,Spearmint Essential Oil from PerfumersWorld,8008-79-5,VERIFIED,,8008-79-5,,,,,,
7BB00832,Cornmint Essential Oil China from PerfumersWorld,68917-18-0,NATURAL_MIXTURE,,68917-18-0,,,,,,
7BH00079,Camphor White Essential Oil from PerfumersWorld,8008-51-3,NATURAL_MIXTURE,,8008-51-3,,,,,,
7BH00182,Eucalyptus Globulus Essential Oil from PerfumersWorld,8000-48-4,NATURAL_MIXTURE,,8000-48-4,,,,,,
7BH00912,Cajuput Essential Oil from PerfumersWorld,8008-98-8,NATURAL_MIXTURE,,8008-98-8,,,,,,
7BH07692,Niaouli essential oil from PerfumersWorld,8014-68-4,DATA_GAP_MANUAL_CHECK,,8014-68-4,,,,,,
7CA00285,Mandarin Essential Oil from PerfumersWorld,8008-31-9,NATURAL_MIXTURE,,8008-31-9,,,,,,
7CA00339,Sweet Orange Essential Oil from PerfumersWorld,8008-57-9,NATURAL_MIXTURE,,8008-57-9,,,,,,
7CA00849,Bitter Orange Essential Oil from PerfumersWorld,8008-57-9,NATURAL_MIXTURE,,8008-57-9,,,,,,
7CA00857,Tangerine Essential Oil from PerfumersWorld,8008-31-9,NATURAL_MIXTURE,,8008-31-9,,,,,,
7CA00868,Grapefruit White Essential Oil from PerfumersWorld,8016-20-4,NATURAL_MIXTURE,,8016-20-4,,,,,,
7CA24030,Grapefruit FCF oil Sicilian from PerfumersWorld,8016-20-4,DATA_GAP_MANUAL_CHECK,,8016-20-4,,,,,,
7CA24032,Blood Orange oil Sicilian from PerfumersWorld,8008-57-9,DATA_GAP_MANUAL_CHECK,,8008-57-9,,,,,,
7CA24033,Grapefruit White oil Sicilian from PerfumersWorld,8016-20-4,DATA_GAP_MANUAL_CHECK,,8016-20-4,,,,,,
7CC00271,Lemon Essential Oil from PerfumersWorld,8008-56-8,NATURAL_MIXTURE,,8008-56-8,,,,,,
7CC00272,Lemongrass Essential Oil from PerfumersWorld,8007-02-1,NATURAL_MIXTURE,,8007-02-1,,,,,,
7CC00280,Litsea Cubeba Essential Oil from PerfumersWorld,68855-99-2,NATURAL_MIXTURE,,68855-99-2,,,,,,
7CC00914,Eucalyptus Citriodora Essential Oil from PerfumersWorld,8000-48-4,NATURAL_MIXTURE,,8000-48-4,,,,,,
7CC24027,Lemon Terpeneless oil Sicilian from PerfumersWorld,68648-39-5,DATA_GAP_MANUAL_CHECK,,68648-39-5,,,,,,
7CC24028,Cedrat FCF oil Sicilian from PerfumersWorld,8008-56-8,DATA_GAP_MANUAL_CHECK,,8008-56-8,,,,,,
7CC24029,Lemon FCF oil Sicilian from PerfumersWorld,68648-39-5,DATA_GAP_MANUAL_CHECK,,68648-39-5,,,,,,
7CC24031,Lemon Verdello oil Sicilian from PerfumersWorld,8008-56-8,DATA_GAP_MANUAL_CHECK,,8008-56-8,,,,,,
7CH17055,Verbena Oil from PerfumersWorld,8024-12-2,NATURAL_MIXTURE,,8024-12-2,,,,,,
7CK00274,Lime Distilled Essential Oil from PerfumersWorld,8008-26-2,NATURAL_MIXTURE,,8008-26-2,,,,,,
7CK01077,Citrus Hystrix Lime Leaf Essential Oil from PerfumersWorld,91771-50-5,NATURAL_MIXTURE,,91771-50-5,,,,,,
7CK01152,Citrus Hystrix Lime Essential Oil from PerfumersWorld,91771-50-5,NATURAL_MIXTURE,,91771-50-5,,,,,,
7CK24631,Key Lime Oil Egypt from PerfumersWorld,8008-26-2,NATURAL_MIXTURE,,8008-26-2,,,,,,
7CL00061,Bergamot Essential Oil from PerfumersWorld,8007-75-8,NATURAL_MIXTURE,,8007-75-8,,,,,,
7CL24020,Bergamot FCF oil Sicilian from PerfumersWorld,68648-33-9,DATA_GAP_MANUAL_CHECK,,68648-33-9,,,,,,
7CN00210,Grapefruit Pink Essential Oil from PerfumersWorld,8016-20-4,NATURAL_MIXTURE,,8016-20-4,,,,,,
7CN00318,Neroli Essential Oil from PerfumersWorld,8016-38-4,VERIFIED,,8016-38-4,,,,,,
7CN00364,Petitgrain Essential Oil Paraguay from PerfumersWorld,8014-17-3,NATURAL_MIXTURE,,8014-17-3,,,,,,
7CN23708,Pomelo Essential Oil from PerfumersWorld,90045-43-5,NATURAL_MIXTURE,,90045-43-5,,,,,,
7CR00114,Citronella Essential Oil from PerfumersWorld,8000-29-1,NATURAL_MIXTURE,,8000-29-1,,,,,,
7ES01835,Saffron Oil Light from PerfumersWorld,8022-19-3,NATURAL_MIXTURE,,8022-19-3,,,,,,
7ET08078,Coffee Oil Roasted from PerfumersWorld,8001-67-0,VERIFIED,,8001-67-0,,,,,,
7GQ00200,Galbanum Essential Oil from PerfumersWorld,8023-91-4,NATURAL_MIXTURE,,8023-91-4,,,,,,
7GQ10557,Galbanum Essential Oil 10% in DPG from PerfumersWorld,8023-91-4,VERIFIED,,8023-91-4,Galbanum Essential Oil from PerfumersWorld,Dipropylene Glycol (DPG) from PerfumersWorld,10.00%,,,
7HB00265,Lavandin Essential Oil from PerfumersWorld,8022-15-9,NATURAL_MIXTURE,,8022-15-9,,,,,,
7HB00269,Lavender Spike Essential Oil from PerfumersWorld,8016-78-2,NATURAL_MIXTURE,,8016-78-2,,,,,,
7HB00400,Rosemary Essential Oil from PerfumersWorld,8000-25-7,NATURAL_MIXTURE,,8000-25-7,,,,,,
7HB00404,Spanish Sage Essential Oil from PerfumersWorld,8016-65-7,NATURAL_MIXTURE,,8016-65-7,,,,,,
7HB07675,Lavandin Grosso Essential Oil from PerfumersWorld,8022-15-9,NATURAL_MIXTURE,,8022-15-9,,,,,,
7HB08129,Lavandin Super from PerfumersWorld,8022-15-9,DATA_GAP_MANUAL_CHECK,,8022-15-9,,,,,,
7HF00102,Blue Chamomile Essential Oil from PerfumersWorld,8002-66-2,VERIFIED,,8002-66-2,,,,,,
7HH00104,Roman Chamomile Essential Oil from PerfumersWorld,8015-92-7,VERIFIED,,8015-92-7,,,,,,
7HH00121,Clary Sage Essential Oil from PerfumersWorld,8016-63-5,NATURAL_MIXTURE,,8016-63-5,,,,,,
7HH00895,Davana Essential Oil from PerfumersWorld,8016-03-3,VERIFIED,,8016-03-3,,,,,,
7HH00896,Armoise Essential Oil from PerfumersWorld,8008-93-3,NATURAL_MIXTURE,,8008-93-3,,,,,,
7HH07671,Dill Essential Oil from PerfumersWorld,8006-75-5,NATURAL_MIXTURE,,8006-75-5,,,,,,
7HK00427,Tea Tree Oil from PerfumersWorld,68647-73-4,NATURAL_MIXTURE,,68647-73-4,,,,,,
7HL00267,Lavender Essential Oil from PerfumersWorld,8000-28-0,NATURAL_MIXTURE,,8000-28-0,,,,,,
7HL10443,Organic Lavender Essential Oil from PerfumersWorld,8000-28-0,NATURAL_MIXTURE,,8000-28-0,,,,,,
7HP00403,Sage Dalmation Essential Oil from PerfumersWorld,8016-65-7,NATURAL_MIXTURE,,8016-65-7,,,,,,
7HP07679,Manuka Essential Oil from PerfumersWorld,2222-23-3,NATURAL_MIXTURE,,2222-23-3,,,,,,
7HS00288,Sweet Marjoram Essential Oil from PerfumersWorld,8015-01-8,NATURAL_MIXTURE,,8015-01-8,,,,,,
7HS00870,Hyssop Essential Oil from PerfumersWorld,8006-83-5,NATURAL_MIXTURE,,8006-83-5,,,,,,
7HS07556,Plai Essential Oil Siam from PerfumersWorld,91771-69-6,NATURAL_MIXTURE,,91771-69-6,,,,,,
7HS08359,Holy Basil Essential Oil from PerfumersWorld,91845-35-1,NATURAL_MIXTURE,,91845-35-1,,,,,,
7IS00086,Carrot Seed Essential Oil from PerfumersWorld,8015-88-1,VERIFIED,,8015-88-1,,,,,,
7KB00833,Cypress Essential Oil from PerfumersWorld,8013-86-3,NATURAL_MIXTURE,,8013-86-3,,,,,,
7KG07758,Fir Essential Oil from PerfumersWorld,8021-28-1,NATURAL_MIXTURE,,8021-28-1,,,,,,
7KH00262,Juniper Berry Essential Oil from PerfumersWorld,8002-68-4,VERIFIED,,8002-68-4,,,,,,
7KH00888,Spruce Essential Oil from PerfumersWorld,8008-80-8,NATURAL_MIXTURE,,8008-80-8,,,,,,
7KH08741,Pine Needle Essential Oil from PerfumersWorld,8021-29-2,NATURAL_MIXTURE,,8021-29-2,,,,,,
7KQ00453,Turpentine Oil from PerfumersWorld,8006-64-2,NATURAL_MIXTURE,,8006-64-2,,,,,,
7KQ07511,Pine Essential Oil from PerfumersWorld,8021-29-2,NATURAL_MIXTURE,,8021-29-2,,,,,,
7LB07762,Ho Essential Oil from PerfumersWorld,8022-91-1,NATURAL_MIXTURE,,8022-91-1,,,,,,
7LN08199,Champaca Leaf Essential Oil from PerfumersWorld,92457-18-6,NATURAL_MIXTURE,,92457-18-6,,,,,,
7LW00401,Rosewood Leaf Essential Oil from PerfumersWorld,8015-77-8,NATURAL_MIXTURE,,8015-77-8,,,,,,
7LW00863,Cabreuva Essential Oil from PerfumersWorld,68188-03-4,NATURAL_MIXTURE,,68188-03-4,,,,,,
7NH00426,Tagetes Essential Oil from PerfumersWorld,8016-84-0,VERIFIED,,8016-84-0,,,,,,
7NJ00081,Cananga Essential Oil from PerfumersWorld,68606-83-7,NATURAL_MIXTURE,,68606-83-7,,,,,,
7NJ00472,Ylang Ylang Essential Oil from PerfumersWorld,8006-81-3,NATURAL_MIXTURE,,8006-81-3,,,,,,
7NJ07496,Ylang Ylang Essential Oil Extra from PerfumersWorld,8006-81-3,NATURAL_MIXTURE,,8006-81-3,,,,,,
7NJ07740,Champaca Flower Essential Oil from PerfumersWorld,8006-76-6,VERIFIED,,8006-76-6,,,,,,
7NJ17821,Ylang Comoros III essential oil F3295 (BIOLANDES) from PerfumersWorld,8006-81-3,DATA_GAP_MANUAL_CHECK,,8006-81-3,,,,,,
7NJ23635,Ylang Madagascar Complete ORGANIC Ess. oil N1450 (BIOLANDES) from PerfumersWorld,8006-81-3,DATA_GAP_MANUAL_CHECK,,8006-81-3,,,,,,
7NJ23636,Ylang Comoros Complete Essential Oil F3255 (BIOLANDES) from PerfumersWorld,8006-81-3,NATURAL_MIXTURE,,8006-81-3,,,,,,
7NJ23637,Ylang Comoros II essential oil F3315 (BIOLANDES) from PerfumersWorld,8006-81-3,DATA_GAP_MANUAL_CHECK,,8006-81-3,,,,,,
7NJ23638,Ylang Comoros I essential oil F3330 (BIOLANDES) from PerfumersWorld,8006-81-3,DATA_GAP_MANUAL_CHECK,,8006-81-3,,,,,,
7NJ23639,Ylang Comoros Extra Essential Oil F3350 (BIOLANDES) from PerfumersWorld,8006-81-3,NATURAL_MIXTURE,,8006-81-3,,,,,,
7OP00947,Wintergreen Essential Oil from PerfumersWorld,68917-75-9,NATURAL_MIXTURE,,68917-75-9,,,,,,
7PH00170,Estragon Oil from PerfumersWorld,8016-88-4,NATURAL_MIXTURE,,8016-88-4,,,,,,
7PL24627,Basil Linalool Oil Egypt from PerfumersWorld,8015-73-4,NATURAL_MIXTURE,,8015-73-4,,,,,,
7PS00047,Sweet Basil Essential Oil from PerfumersWorld,8015-73-4,NATURAL_MIXTURE,,8015-73-4,,,,,,
7PS00342,Oregano Essential Oil from PerfumersWorld,8007-11-2,VERIFIED,,8007-11-2,,,,,,
7PS00441,White Thyme Essential Oil from PerfumersWorld,8007-46-3,VERIFIED,,8007-46-3,,,,,,
7QC00314,Myrrh Essential Oil from PerfumersWorld,8016-37-3,NATURAL_MIXTURE,,8016-37-3,,,,,,
7QC00336,Opoponax Essential Oil from PerfumersWorld,8021-36-1,VERIFIED,,8021-36-1,,,,,,
7QC00561,Opoponax Absolute from PerfumersWorld,9000-78-6,DATA_GAP_MANUAL_CHECK,,9000-78-6,,,,,,
7QC00902,Elemi Essential Oil from PerfumersWorld,8023-89-0,NATURAL_MIXTURE,,8023-89-0,,,,,,
7QK00333,Olibanum Essential Oil from PerfumersWorld,8016-36-2,VERIFIED,,8016-36-2,,,,,,
7RB00205,Geranium Essential Oil from PerfumersWorld,8000-46-2,NATURAL_MIXTURE,,8000-46-2,,,,,,
7RB00837,Geranium Oil Egypt from PerfumersWorld,90082-51-2,NATURAL_MIXTURE,,90082-51-2,,,,,,
7RB00900,Rose Otto Bulgarian from PerfumersWorld,8007-01-0,VERIFIED,,8007-01-0,,,,,,
7RB00930,Geranium Bourbon Essential Oil from PerfumersWorld,8000-46-2,NATURAL_MIXTURE,,8000-46-2,,,,,,
7RB23711,Rhodinol Ex-Naturel from PerfumersWorld,141-25-3,VERIFIED_MATCH,"3,7-Dimethyl-7-octen-1-ol",141-25-3,,,,,,
7RL00353,Palmarosa Essential Oil from PerfumersWorld,8014-19-5,NATURAL_MIXTURE,,8014-19-5,,,,,,
7RW00214,Guaiacwood Essential Oil from PerfumersWorld,8016-23-7,VERIFIED,,8016-23-7,,,,,,
7SB00041,Anise Essential Oil China from PerfumersWorld,8007-70-3,NATURAL_MIXTURE,,8007-70-3,,,,,,
7SB00189,Fennel Sweet Essential Oil from PerfumersWorld,8006-84-6,NATURAL_MIXTURE,,8006-84-6,,,,,,
7SC00084,Cardamom Essential Oil from PerfumersWorld,8000-66-6,VERIFIED,,8000-66-6,,,,,,
7SC00209,Ginger Essential Oil from PerfumersWorld,8007-08-7,NATURAL_MIXTURE,,8007-08-7,,,,,,
7SC00327,Nutmeg Essential Oil from PerfumersWorld,8008-45-5,NATURAL_MIXTURE,,8008-45-5,,,,,,
7SC00941,Pink Pepper Essential Oil from PerfumersWorld,68917-52-2,NATURAL_MIXTURE,,68917-52-2,,,,,,
7SE00083,Caraway Seed Essential Oil from PerfumersWorld,8000-42-8,VERIFIED,,8000-42-8,,,,,,
7SH00100,Celery Seed Essential Oil from PerfumersWorld,8015-90-5,VERIFIED,,8015-90-5,,,,,,
7SH00198,Galanga Root Essential Oil from PerfumersWorld,8024-06-4,NATURAL_MIXTURE,,8024-06-4,,,,,,
7SL00125,Coriander Essential Oil from PerfumersWorld,8008-52-4,VERIFIED,,8008-52-4,,,,,,
7SL24626,Jungle Pepper Oil from PerfumersWorld,97404-53-0,NATURAL_MIXTURE,,97404-53-0,,,,,,
7SP00048,Bay West Indies Essential Oil from PerfumersWorld,8006-78-8,VERIFIED,,8006-78-8,,,,,,
7SP00122,Clove Bud Essential Oil from PerfumersWorld,8000-34-8,NATURAL_MIXTURE,,8000-34-8,,,,,,
7SP00123,Clove Leaf Essential Oil from PerfumersWorld,8015-97-2,NATURAL_MIXTURE,,8015-97-2,,,,,,
7SQ00359,Black Pepper Essential Oil from PerfumersWorld,8006-82-4,NATURAL_MIXTURE,,8006-82-4,,,,,,
7SU00130,Cumin Seed Essential Oil from PerfumersWorld,8014-13-9,VERIFIED,,8014-13-9,,,,,,
7SV00091,Cassia Essential Oil from PerfumersWorld,8007-80-5,VERIFIED,,8007-80-5,,,,,,
7SV00107,Cinnamon Bark Essential Oil from PerfumersWorld,8015-91-6,VERIFIED,,8015-91-6,,,,,,
7SV00108,Cinnamon Leaf Essential Oil from PerfumersWorld,8015-91-6,NATURAL_MIXTURE,,8015-91-6,,,,,,
7SW00970,Parsley Seed Essential Oil from PerfumersWorld,8000-68-8,NATURAL_MIXTURE,,8000-68-8,,,,,,
7SW08751,Turmeric Essential Oil from PerfumersWorld,8024-37-1,VERIFIED_MATCH,Curcumin,8024-37-1,,,,,,
7SY07764,Lesser Galangal Essential Oil from PerfumersWorld,8024-06-4,NATURAL_MIXTURE,,8024-06-4,,,,,,
7TP00822,Birch Tar Oil Rectified from PerfumersWorld,8001-88-5,VERIFIED,,8001-88-5,,,,,,
7TW00076,Cade Oil Rectified from PerfumersWorld,8013-10-3,VERIFIED,,8013-10-3,,,,,,
7UQ08239,Cistus Essential Oil from PerfumersWorld,8016-26-0,VERIFIED,,8016-26-0,,,,,,
7WB00357,Patchouli Essential Oil from PerfumersWorld,8014-09-3,NATURAL_MIXTURE,,8014-09-3,,,,,,
7WB13670,Patchouli Light Essential Oil from PerfumersWorld,8014-09-3,NATURAL_MIXTURE,,8014-09-3,,,,,,
7WP00844,Cedarwood Chinese Essential Oil from PerfumersWorld,85085-29-6,NATURAL_MIXTURE,,85085-29-6,,,,,,
7WS13096,Guava Leaf Essential Oil from PerfumersWorld,8000-30-4,NATURAL_MIXTURE,,8000-30-4,,,,,,
7WU09815,Nagarmotha Oil from PerfumersWorld,68916-60-9,NATURAL_MIXTURE,,68916-60-9,,,,,,
7WU09890,Agarwood Oil Siam from PerfumersWorld,94350-09-1,VERIFIED,,94350-09-1,,,,,,
7WU13382,Spikenard Essential Oil from PerfumersWorld,8022-22-8,NATURAL_MIXTURE,,8022-22-8,,,,,,
7WW00095,Cedarwood Virginian Essential Oil from PerfumersWorld,8000-27-9,NATURAL_MIXTURE,,8000-27-9,,,,,,
7WW00915,Atlas Cedarwood Essential Oil from PerfumersWorld,8023-85-6,NATURAL_MIXTURE,,8023-85-6,,,,,,
7WX00406,Sandalwood Essential Oil from PerfumersWorld,8006-87-9,VERIFIED,,8006-87-9,,,,,,
7WX00917,Amyris Essential Oil from PerfumersWorld,8015-65-4,NATURAL_MIXTURE,,8015-65-4,,,,,,
7WX21054,Sandalwood Oil S.album from PerfumersWorld,8006-87-9,NATURAL_MIXTURE,,8006-87-9,,,,,,
7WX21055,Sandalwood Oil S.spicatum from PerfumersWorld,8024-35-9,NATURAL_MIXTURE,,8024-35-9,,,,,,
7WY00466,Vetiver Essential Oil from PerfumersWorld,8016-96-4,NATURAL_MIXTURE,,8016-96-4,,,,,,
7WY09904,Sugandha Kokila Essential Oil from PerfumersWorld,91770-15-9,NATURAL_MIXTURE,,91770-15-9,,,,,,
7WY10413,Anthopogen Essential Oil from PerfumersWorld,8006-76-6,NATURAL_MIXTURE,,8006-76-6,,,,,,
8CS23654,Nepal Pepper Co2 Extract from PerfumersWorld,97404-53-0,DATA_GAP_MANUAL_CHECK,,97404-53-0,,,,,,
8ET23923,Coffee CO2 Extract Organic from PerfumersWorld,84650-00-0,VERIFIED_MATCH,"Furan;1-methylpyridin-1-ium-3-carboxylate;pyridine-3-carboxylic acid;1,3,7-trimethyl-4,5-dihydropurine-2,6-dione",84650-00-0,,,,,,
8FB00063,Blackcurrant Absolute from PerfumersWorld,68606-81-5,VERIFIED,,68606-81-5,,,,,,
8FY24655,Caribbean Rum Extract from PerfumersWorld,91770-72-8,DATA_GAP_MANUAL_CHECK,,91770-72-8,,,,,,
8GE14861,Tomato Leaf Natural from PerfumersWorld,Mixture,VERIFIED,,Mixture,,,,,,
8HE00557,Mate Absolute from PerfumersWorld,68916-96-1,VERIFIED,,68916-96-1,,,,,,
8HY00554,Lavandin Absolute from PerfumersWorld,91722-69-9,DATA_GAP_MANUAL_CHECK,,91722-69-9,,,,,,
8HY09000,Lavender Green Absolute from PerfumersWorld,8000-28-0,DATA_GAP_MANUAL_CHECK,,8000-28-0,,,,,,
8IA00344,Orris Concrete Orris Butter from PerfumersWorld,8002-73-1,VERIFIED,,8002-73-1,,,,,,
8IG00469,Violet Leaf Absolute from PerfumersWorld,8024-08-6,VERIFIED,,8024-08-6,,,,,,
8II00243,Alpha Irone from PerfumersWorld,79-69-6,VERIFIED,,79-69-6,,,,,,
8IQ24653,Orris Liquid from PerfumersWorld,8002-73-1,DATA_GAP_MANUAL_CHECK,,8002-73-1,,,,,,
8JN00254,Jasmine Absolute from PerfumersWorld,8022-96-6,VERIFIED,,8022-96-6,,,,,,
8JN00256,Jasmine Sambac Absolute from PerfumersWorld,91770-14-8,VERIFIED,,91770-14-8,,,,,,
8KB00542,Cypress Absolute from PerfumersWorld,8013-86-3,VERIFIED_MATCH,Cypress oil,8013-86-3,,,,,,
8KG23405,Green pine absolute from PerfumersWorld,8021-29-2,VERIFIED,,8021-29-2,,,,,,
8NC00338,Orange Flower Absolute from PerfumersWorld,8030-28-2,VERIFIED,,8030-28-2,,,,,,
8ND00346,Osmanthus Absolute from PerfumersWorld,68917-05-5,VERIFIED,,68917-05-5,,,,,,
8ND00451,Tuberose Absolute from PerfumersWorld,8024-05-3,VERIFIED,,8024-05-3,,,,,,
8NG00307,Mimosa Absolute from PerfumersWorld,8031-03-6,VERIFIED,,8031-03-6,,,,,,
8NN07699,Lotus Absolute from PerfumersWorld,85085-51-4,VERIFIED,,85085-51-4,,,,,,
8NY00523,Hay Absolute from PerfumersWorld,8031-00-3,VERIFIED,,8031-00-3,,,,,,
8NY23449,Immortelle Absolute from PerfumersWorld,8023-95-8,VERIFIED,,8023-95-8,,,,,,
8ON00534,Frangipani Absolute from PerfumersWorld,92457-20-0,VERIFIED,,92457-20-0,,,,,,
8QV18357,Tolu Balsam Absolute (Solid) from PerfumersWorld,9000-64-0,DATA_GAP_MANUAL_CHECK,,9000-64-0,,,,,,
8RM00395,Rose de Mai Absolute from PerfumersWorld,84604-12-6,VERIFIED,,84604-12-6,,,,,,
8RR00397,Rose Otto Anatolian from PerfumersWorld,8007-01-0,VERIFIED,,8007-01-0,,,,,,
8SW08238,Lovage Roots Oil from PerfumersWorld,8016-31-7,NATURAL_MIXTURE,,8016-31-7,,,,,,
8TE23450,Coffee absolute grasse from PerfumersWorld,8001-67-0,VERIFIED,,8001-67-0,,,,,,
8TH08212,Tobacco Absolute from PerfumersWorld,8037-19-2,VERIFIED,,8037-19-2,,,,,,
8UQ00540,Cistus Absolute F0779 (BIOLANDES) from PerfumersWorld,8016-26-0,DATA_GAP_MANUAL_CHECK,,8016-26-0,,,,,,
8UQ08219,Labdanum Absolute from PerfumersWorld,8016-26-0,VERIFIED,,8016-26-0,,,,,,
8UQ08229,Cistus Absolute SIS F0785 (BIOLANDES) from PerfumersWorld,8016-26-0,DATA_GAP_MANUAL_CHECK,,8016-26-0,,,,,,
8VQ00445,Tonka Bean Absolute from PerfumersWorld,8024-04-2,VERIFIED,,8024-04-2,,,,,,
8VT00635,Cocoa Absolute from PerfumersWorld,8002-31-1,VERIFIED,,8002-31-1,,,,,,
8VT23451,Cocoa absolute grasse from PerfumersWorld,8002-31-1,VERIFIED,,8002-31-1,,,,,,
8VW08619,Vanilla Absolute from PerfumersWorld,8024-06-4,VERIFIED,,8024-06-4,,,,,,
8WU13317,Agarwood Siam 10% in Nagarmotha Oil from PerfumersWorld,94350-09-1,NATURAL_MIXTURE,,94350-09-1,Agarwood Oil Siam from PerfumersWorld,Nagarmotha Oil from PerfumersWorld,10.00%,,,
8XU00529,Ambrette Seed Absolute from PerfumersWorld,8015-62-1,VERIFIED,,8015-62-1,,,,,,
8YH00328,Oakmoss Absolute (IFRA Low Atranol) from PerfumersWorld,90028-68-5,VERIFIED,,90028-68-5,,,,,,
8YT00576,Treemoss Absolute from PerfumersWorld,90028-67-4,VERIFIED,,90028-67-4,,,,,,
9DV00144,Diacetyl from PerfumersWorld,431-03-8,VERIFIED,,431-03-8,,,,,,
9FC01313,Ethyl Acetate from PerfumersWorld,141-78-6,VERIFIED,,141-78-6,,,,,,
9FD00245,Isoamyl Acetate from PerfumersWorld,123-92-2,VERIFIED_MATCH,Isoamyl Acetate,123-92-2,,,,,,
9IF02656,Alpha Damascone from PerfumersWorld,24720-09-0,VERIFIED,,24720-09-0,,,,,,
9IF07120,Damascenone from PerfumersWorld,23696-85-7,VERIFIED_MATCH,Damascenone,23696-85-7,,,,,,
9IR00141,Beta Damascone from PerfumersWorld,23726-91-2,VERIFIED,,23726-91-2,,,,,,
9PP00348,para-Cresol from PerfumersWorld,106-44-5,VERIFIED,,106-44-5,,,,,,
9PP01951,para-Cresyl Acetate from PerfumersWorld,140-39-6,VERIFIED,,140-39-6,,,,,,
9PT00213,Guaiacol from PerfumersWorld,90-05-1,VERIFIED,,90-05-1,,,,,,
9SP02300,Methyl Isoeugenol from PerfumersWorld,93-16-3,VERIFIED_MATCH,Methyl isoeugenol,93-16-3,,,,,,
9SW00298,Methyl Eugenol from PerfumersWorld,93-15-2,VERIFIED_MATCH,Methyleugenol,93-15-2,,,,,,
9UN00235,Indole from PerfumersWorld,120-72-9,VERIFIED,,120-72-9,,,,,,
9UP00247,Isobutyl Quinoline from PerfumersWorld,65442-31-1,VERIFIED,,65442-31-1,,,,,,
9UU00413,Skatole from PerfumersWorld,83-34-1,VERIFIED,,83-34-1,,,,,,
9UY19188,Pyralone from PerfumersWorld,6790-58-5,VERIFIED,,6790-58-5,,,,,,
,,,VERIFIED,,,,,,,,
,Deionized Water from PerfumersWorld,7732-18-5,VERIFIED_MATCH,Water,7732-18-5,,,,,,
,Ethanol 99.9% from PerfumersWorld,64-17-5,VERIFIED_MATCH,Ethanol,64-17-5,,,,,,
,DPG,25265-71-8,VERIFIED_MATCH,Dipropylene Glycol,25265-71-8,,,,,,
,IPM,110-27-0,VERIFIED_MATCH,Isopropyl Myristate,110-27-0,,,,,,
,TEC,77-93-0,VERIFIED_MATCH,Triethyl Citrate,77-93-0,,,,,,
,BB,120-51-4,VERIFIED_MATCH,Benzyl Benzoate,120-51-4,,,,,,
,,,VERIFIED,,,,,,,,
8F3094001657,2-Acetyl Pyrazine (Powder) from SimpleScentsDIY,22047-25-2,VERIFIED,,22047-25-2,,,,,,
8F3094001642,2-Acetyl Pyrazine 1% in DPG from SimpleScentsDIY,,VERIFIED,,,2-Acetyl Pyrazine (Powder) from SimpleScentsDIY,ไดโพรไพลีน ไกลคอล / Dipropylene Glycol / DPG from SimpleScentsDIY,1.00%,,,
8F3094001770,Aldehyde C-10 from SimpleScentsDIY,112-31-2,VERIFIED_MATCH,Decanal,112-31-2,,,,,,
8F3094001771,Aldehyde C-11 from SimpleScentsDIY,112-45-8,FIXED_FROM_AUDIT,Undecanal,112-44-7,,,,,,
8F3094001656,Aldehyde C-12 from SimpleScentsDIY,112-54-9,FIXED_FROM_AUDIT,2-Methylundecanal,110-41-8,,,,,,
8F3094005317,Aldehyde C-12 MNA from SimpleScentsDIY,110-41-8,VERIFIED,,110-41-8,,,,,,
8F3094001800,Aldehyde C-14 Pure from SimpleScentsDIY,104-67-6,VERIFIED_MATCH,Gamma-undecalactone,104-67-6,,,,,,
8F3094001431,Aldehyde C-16 from SimpleScentsDIY,77-83-8,VERIFIED_MATCH,Ethyl 3-methyl-3-phenylglycidate,77-83-8,,,,,,
8F3094001801,Aldehyde C-18 Pure from SimpleScentsDIY,104-67-6,VERIFIED_MATCH,Gamma-undecalactone,104-67-6,,,,,,
8F3094001768,Aldehyde C-8 from SimpleScentsDIY,124-13-0,VERIFIED_MATCH,Octanal,124-13-0,,,,,,
8F3094001769,Aldehyde C-9 from SimpleScentsDIY,124-19-6,VERIFIED_MATCH,Nonanal,124-19-6,,,,,,
8F3094001826,Allyl Caproate C6 from SimpleScentsDIY,123-68-2,VERIFIED_MATCH,Allyl caproate,123-68-2,,,,,,
8F3094001704,Allyl Heptylate from SimpleScentsDIY,142-19-8,VERIFIED_MATCH,Allyl Heptanoate,142-19-8,,,,,,
8F3094001290,Alpha Ionone from SimpleScentsDIY,127-41-3,VERIFIED,,127-41-3,,,,,,
8F3094005333,Alpha-Pinene from SimpleScentsDIY,80-56-8,VERIFIED_MATCH,(+-)-alpha-Pinene,80-56-8,,,,,,
8F3094001701,Amber Core from SimpleScentsDIY,139504-68-0,VERIFIED,,139504-68-0,,,,,,
8F3094001890,Ambermax 50% Dowanol TPM from SimpleScentsDIY,929625-08-1,VERIFIED,,929625-08-1,,,,,,
8F3094001647,Ambermor DL (Cetalox) 10% in DPG from SimpleScentsDIY,,VERIFIED_MATCH,Cetalox,,,,,,,
8F3094001658,Ambermor DL (Semi Solid) from SimpleScentsDIY,3738-00-9,VERIFIED,,3738-00-9,,,,,,
8F3094004205,Amberwood F from SimpleScentsDIY,58567-11-6,VERIFIED_MATCH,Formaldehyde cyclododecyl ethyl acetal,58567-11-6,,,,,,
8F3094001556,Ambrettolide from SimpleScentsDIY,28645-51-4,VERIFIED,,28645-51-4,,,,,,
8F3094004161,Ambrinol from SimpleScentsDIY,41199-19-3,VERIFIED_MATCH,"1,2,3,4,4a,5,6,7-Octahydro-2,5,5-trimethyl-2-naphthalenol",41199-19-3,,,,,,
8F3094001659,Ambrocenide (Powder) from SimpleScentsDIY,211299-54-6,VERIFIED,,211299-54-6,,,,,,
8F3094001654,Ambrocenide 10% in DPG from SimpleScentsDIY,,VERIFIED,,,Ambrocenide (Powder) from SimpleScentsDIY,ไดโพรไพลีน ไกลคอล / Dipropylene Glycol / DPG from SimpleScentsDIY,10.00%,,,
8F3094001561,Ambroxan (Powder) from SimpleScentsDIY,6790-58-5,VERIFIED,,6790-58-5,,,,,,
8F3094001558,Ambroxan 10% in DPG from SimpleScentsDIY,,VERIFIED,,,Ambroxan (Powder) from SimpleScentsDIY,ไดโพรไพลีน ไกลคอล / Dipropylene Glycol / DPG from SimpleScentsDIY,10.00%,,,
8F3094005337,Anethol from SimpleScentsDIY,4180-23-8,VERIFIED_MATCH,Anethole,4180-23-8,,,,,,
8F3094004198,Anisaldehyde from SimpleScentsDIY,0123-11-5,FORMATTING_FIX,,123-11-5,,,,,,
8F3094004207,Aphermate from SimpleScentsDIY,25225-08-05,VERIFIED,,25225-08-05,,,,,,
8F3094001772,Azarbre from SimpleScentsDIY,68845-36-3,VERIFIED,,68845-36-3,,,,,,
8F3094001773,Bacdanol from SimpleScentsDIY,28219-61-6,VERIFIED,,28219-61-6,,,,,,
8F3094001640,Benzaldehyde from SimpleScentsDIY,100-52-7,VERIFIED,,100-52-7,,,,,,
8F3094001432,Benzyl Acetate from SimpleScentsDIY,0140-11-4,FORMATTING_FIX,,140-11-4,,,,,,
8F3094001690,Benzyl Benzoate from SimpleScentsDIY,120-51-4,VERIFIED,,120-51-4,,,,,,
8F3094001300,Benzyl Salicylate from SimpleScentsDIY,118-58-1,VERIFIED,,118-58-1,,,,,,
8F3094001645,Beta Caryophyllene from SimpleScentsDIY,87-44-5,VERIFIED,,87-44-5,,,,,,
8F3094005318,Bourgeonal from SimpleScentsDIY,18127-01-0,VERIFIED,,18127-01-0,,,,,,
8F3094001559,Calone (Powder) from SimpleScentsDIY,28940-11-6,VERIFIED,,28940-11-6,,,,,,
8F3094001562,Calone 10% in DPG from SimpleScentsDIY,,VERIFIED,,,Calone (Powder) from SimpleScentsDIY,ไดโพรไพลีน ไกลคอล / Dipropylene Glycol / DPG from SimpleScentsDIY,10.00%,,,
8F3094004157,Canthoxal from SimpleScentsDIY,5462-06-06,FIXED_FROM_AUDIT,2-Methyl-3-(p-methoxyphenyl)propanal,5462-06-6,,,,,,
8F3094004215,Carbinol Muguet from SimpleScentsDIY,0103-05-09,DATA_GAP_MANUAL_CHECK,,103-05-09,,,,,,
8F3094001698,Cashmeran 10% in DPG from SimpleScentsDIY,33704-61-9,VERIFIED,,33704-61-9,,,,,,
8F3094001551,Cedramber from SimpleScentsDIY,19870-74-7,VERIFIED,,19870-74-7,,,,,,
8F3094005312,Cedroxyde from SimpleScentsDIY,71735-79-0,VERIFIED,,71735-79-0,,,,,,
8F3094001833,Cinnamic Aldehyde from SimpleScentsDIY,104-55-2,VERIFIED_MATCH,Cinnamaldehyde,104-55-2,,,,,,
8F3094001834,Cinnamyl Acetate from SimpleScentsDIY,103-54-8,VERIFIED,,103-54-8,,,,,,
8F3094001819,Cinnamyl Alcohol 50% in DPG from SimpleScentsDIY,104-54-1,VERIFIED,,104-54-1,,,,,,
8F3094001560,CIS Jasmone from SimpleScentsDIY,0488-10-8,DATA_GAP_MANUAL_CHECK,,488-10-8,,,,,,
8F3094005324,Cis-3-Hexenol from SimpleScentsDIY,928-96-1,VERIFIED_MATCH,3-Hexenol,928-96-1,,,,,,
8F3094001830,Cis-3-hexenyl Isobutyrate from SimpleScentsDIY,41519-23-7,VERIFIED_MATCH,"Hexenyl isobutanoate, (3Z)-",41519-23-7,,,,,,
8F3094001284,Citral Nat from SimpleScentsDIY,5392-40-5,VERIFIED_MATCH,Citral,5392-40-5,,,,,,
8F3094004197,Citronellal from SimpleScentsDIY,106-23-0,VERIFIED_MATCH,Citronellal,106-23-0,,,,,,
8F3094001297,Citronello 70 from SimpleScentsDIY,106-22-9,VERIFIED_MATCH,Citronellol,106-22-9,,,,,,
8F3094004206,Coranol from SimpleScentsDIY,83926-73-2,VERIFIED_MATCH,4-Cyclohexyl-2-methyl-2-butanol,83926-73-2,,,,,,
8F3094001563,Coumarin (Powder) from SimpleScentsDIY,91-64-5,VERIFIED,,91-64-5,,,,,,
8F3094001480,Coumarin 10% in DPG from SimpleScentsDIY,,VERIFIED,,,Coumarin (Powder) from SimpleScentsDIY,ไดโพรไพลีน ไกลคอล / Dipropylene Glycol / DPG from SimpleScentsDIY,10.00%,,,
8F3094001644,Cyclamen Aldehyde from SimpleScentsDIY,103-95-7,VERIFIED,,103-95-7,,,,,,
8F3094004158,Cyclogalbanate from SimpleScentsDIY,68901-15-5,VERIFIED_MATCH,Allyl cyclohexyloxyacetate,68901-15-5,,,,,,
8F3094001728,Damascenone from SimpleScentsDIY,23696-85-7,VERIFIED,,23696-85-7,,,,,,
8F3094001729,Damascone Alpha from SimpleScentsDIY,24720-09-0,VERIFIED_MATCH,"(E)-1-(2,6,6-trimethylcyclohex-2-en-1-yl)but-2-en-1-one",24720-09-0,,,,,,
8F3094001730,Damascone Beta from SimpleScentsDIY,23726-91-2,VERIFIED_MATCH,beta-DAMASCONE,23726-91-2,,,,,,
8F3094001820,Damascone Delta from SimpleScentsDIY,57378-68-4,VERIFIED_MATCH,Delta-Damascone,57378-68-4,,,,,,
8F3094001825,Delta Decalactone from SimpleScentsDIY,705-86-2,VERIFIED,,705-86-2,,,,,,
8F3094001550,Diethyl Malonate from SimpleScentsDIY,105-53-3,VERIFIED,,105-53-3,,,,,,
8F3094001822,Dihydro Jasmone from SimpleScentsDIY,1128-08-01,VERIFIED,,1128-08-01,,,,,,
8F3094001289,Dihydromyrcenol from SimpleScentsDIY,18479-58-8,VERIFIED_MATCH,Dihydromyrcenol,18479-58-8,,,,,,
8F3094001775,Dimetol from SimpleScentsDIY,13254-34-7,VERIFIED,,13254-34-7,,,,,,
8F3094004204,Diphenyl Oxide from SimpleScentsDIY,101-84-8,VERIFIED,,101-84-8,,,,,,
8F3094001794,D-Limonene from SimpleScentsDIY,5989-27-5,VERIFIED,,5989-27-5,,,,,,
8F3094005316,DMBC Acetate from SimpleScentsDIY,0151-05-03,DATA_GAP_MANUAL_CHECK,,151-05-03,,,,,,
8F3094001904,Dynascone from SimpleScentsDIY,56973-85-4,VERIFIED,,56973-85-4,,,,,,
8F3094004194,Ebanol from SimpleScentsDIY,67801-20-1,VERIFIED,,67801-20-1,,,,,,
8F3094001483,Ethyl 2-methyl butyrate from SimpleScentsDIY,7452-79-1,VERIFIED_MATCH,Ethyl 2-methylbutyrate,7452-79-1,,,,,,
8F3094001641,Ethyl Acetate from SimpleScentsDIY,141-78-6,VERIFIED,,141-78-6,,,,,,
8F3094001434,Ethyl Butyrate from SimpleScentsDIY,105-54-4,VERIFIED,,105-54-4,,,,,,
8F3094005311,Ethyl Linalool from SimpleScentsDIY,10339-55-6,VERIFIED,,10339-55-6,,,,,,
8F3094001695,Ethyl Maltol (Powder) from SimpleScentsDIY,4940-11-8,VERIFIED,,4940-11-8,,,,,,
8F3094001696,Ethyl Maltol 10% in DPG from SimpleScentsDIY,,VERIFIED,,,Ethyl Maltol (Powder) from SimpleScentsDIY,ไดโพรไพลีน ไกลคอล / Dipropylene Glycol / DPG from SimpleScentsDIY,10.00%,,,
8F3094001646,Ethyl Safranate from SimpleScentsDIY,35044-59-8,VERIFIED,,35044-59-8,,,,,,
8F3094001699,Ethyl Vanillin (Powder) from SimpleScentsDIY,121-32-4,VERIFIED,,121-32-4,,,,,,
8F3094001700,Ethyl Vanillin 10% in DPG from SimpleScentsDIY,,VERIFIED,,,Ethyl Vanillin (Powder) from SimpleScentsDIY,ไดโพรไพลีน ไกลคอล / Dipropylene Glycol / DPG from SimpleScentsDIY,10.00%,,,
8F3094001886,Ethylene Brassylate (Musk T) from SimpleScentsDIY,105-95-3,VERIFIED,,105-95-3,,,,,,
8F3094001864,Eugenol Nat from SimpleScentsDIY,97-53-0,VERIFIED_MATCH,Eugenol,97-53-0,,,,,,
8F3094001435,Evernyl (Moss) 10% in DPG from SimpleScentsDIY,,VERIFIED,,,Evernyl (Powder) from SimpleScentsDIY,ไดโพรไพลีน ไกลคอล / Dipropylene Glycol / DPG from SimpleScentsDIY,10.00%,,,
8F3094001564,Evernyl (Powder) from SimpleScentsDIY,4707-47-5,VERIFIED,,4707-47-5,,,,,,
8F3094001821,Farnesol from SimpleScentsDIY,4602-84-0,VERIFIED,,4602-84-0,,,,,,
8F3094001789,Fixamber from SimpleScentsDIY,144020-22-4,VERIFIED,,144020-22-4,,,,,,
8F3094001554,Floralozone from SimpleScentsDIY,67634-14-4,VERIFIED,,67634-14-4,,,,,,
8F3094005319,Florhydral from SimpleScentsDIY,125109-85-5,VERIFIED_MATCH,Florhydral,125109-85-5,,,,,,
8F3094001285,Florol from SimpleScentsDIY,63500-71-0,VERIFIED,,63500-71-0,,,,,,
8F3094001776,Floropal from SimpleScentsDIY,5182-36-5,VERIFIED_MATCH,"1,3-Dioxane, 2,4,6-trimethyl-4-phenyl-",5182-36-5,,,,,,
8F3094001481,Fragolane / Fructone B from SimpleScentsDIY,6413.-10-1,DATA_GAP_MANUAL_CHECK,,6413.-10-1,,,,,,
8F3094004212,Fruitate from SimpleScentsDIY,80657-64-3,VERIFIED_MATCH,"4,7-Methano-3aH-indene-3a-carboxylic acid, octahydro-, ethyl ester, (3aalpha,4alpha,7alpha,7aalpha)-",80657-64-3,,,,,,
8F3094001828,Furaneol 10% In DPG from SimpleScentsDIY,3658-77-3,VERIFIED,,3658-77-3,,,,,,
8F3094001703,Galaxolide 100% (Pure) from SimpleScentsDIY,1222-05-05,FIXED_FROM_AUDIT,Galaxolide,1222-05-5,,,,,,
8F3094001731,Gamma Decalactone from SimpleScentsDIY,706-14-9,VERIFIED,,706-14-9,,,,,,
8F3094005320,Gamma-Heptalactone from SimpleScentsDIY,105-21-5,VERIFIED_MATCH,gamma-Heptalactone,105-21-5,,,,,,
8F3094001903,Gamma-Octalactone from SimpleScentsDIY,104-50-7,VERIFIED_MATCH,gamma-Octalactone,104-50-7,,,,,,
8F3094001291,Geraniol from SimpleScentsDIY,106-24-1,VERIFIED,,106-24-1,,,,,,
8F3094001298,Geranyl Acetate from SimpleScentsDIY,105-87-3,VERIFIED,,105-87-3,,,,,,
8F3094004193,Globanone 50 % in DPG from SimpleScentsDIY,3100-36-5,VERIFIED_MATCH,Cyclohexadec-8-en-1-one,3100-36-5,,,,,,
8F3094001653,Guaiacol from SimpleScentsDIY,90-05-1,VERIFIED,,90-05-1,,,,,,
8F3094001832,Habanolide from SimpleScentsDIY,111879-80-2,VERIFIED,,111879-80-2,,,,,,
8F3094001479,Hedione from SimpleScentsDIY,24851-98-7,VERIFIED,,24851-98-7,,,,,,
8F3094001878,Hedione HC from SimpleScentsDIY,24851-98-7,VERIFIED_MATCH,"Methyl dihydrojasmonate, trans-(-)-",24851-98-7,,,,,,
8F3094001802,Helional from SimpleScentsDIY,1205-17-0,VERIFIED,,1205-17-0,,,,,,
8F3094001643,Heliotrope Base from SimpleScentsDIY,120-57-0,VERIFIED,,120-57-0,,,,,,
8F3094001831,Helvetolide from SimpleScentsDIY,141773-73-1,VERIFIED,,141773-73-1,,,,,,
8F3094004195,Hexyl Acetate from SimpleScentsDIY,142-92-7,VERIFIED,,142-92-7,,,,,,
8F3094004201,Hexyl Salicylate from SimpleScentsDIY,6259-76-3,VERIFIED,,6259-76-3,,,,,,
8F3094004211,Hivernal Neo from SimpleScentsDIY,300371-33-9,DATA_GAP_MANUAL_CHECK,,300371-33-9,,,,,,
8F3094001861,Hydroxycitronellal from SimpleScentsDIY,107-75-5,VERIFIED,,107-75-5,,,,,,
8F3094004218,Indole (Powder) from SimpleScentsDIY,,VERIFIED,,,,,,,,
8F3094001860,Indole 10% in DPG from SimpleScentsDIY,120-72-9,VERIFIED,,120-72-9,Indole (Powder) from SimpleScentsDIY,ไดโพรไพลีน ไกลคอล / Dipropylene Glycol / DPG from SimpleScentsDIY,10.00%,,,
8F3094001265,Iso E Super from SimpleScentsDIY,54464-57-2,VERIFIED,,54464-57-2,,,,,,
8F3094001694,Isoamyl Acetate from SimpleScentsDIY,123-92-2,VERIFIED,,123-92-2,,,,,,
8F3094001553,Isoamyl Butyrate from SimpleScentsDIY,106-27-4,VERIFIED,,106-27-4,,,,,,
8F3094001862,Isoamyl Phenyl Acetate from SimpleScentsDIY,102-19-2,VERIFIED_MATCH,Isoamyl phenylacetate,102-19-2,,,,,,
8F3094001691,Isoamyl Salicylate from SimpleScentsDIY,87-20-7,VERIFIED_MATCH,Isoamyl salicylate,87-20-7,,,,,,
8F3094001655,Isobutavan from SimpleScentsDIY,20665-85-4,VERIFIED,,20665-85-4,,,,,,
8F3094001865,IsoButyl Quinoline from SimpleScentsDIY,1333-58-0,VERIFIED_MATCH,(Isobutyl)quinoline,1333-58-0,,,,,,
8F3094001692,Isobutyl Salicylate from SimpleScentsDIY,87-19-4,VERIFIED_MATCH,Isobutyl salicylate,87-19-4,,,,,,
8F3094001777,Isocyclocitral from SimpleScentsDIY,1335-66-6,VERIFIED,,1335-66-6,,,,,,
8F3094004214,Isolongifolanone from SimpleScentsDIY,23787-90-8,VERIFIED,,23787-90-8,,,,,,
8F3094001732,Jasmolactone from SimpleScentsDIY,32764-98-0,VERIFIED_MATCH,8-Decen-5-olide,32764-98-0,,,,,,
8F3094001693,Jasmonal H (HCA) from SimpleScentsDIY,101-86-0,VERIFIED_MATCH,alpha-Hexylcinnamaldehyde,101-86-0,,,,,,
8F3094004199,Javanol from SimpleScentsDIY,198404-98-7,VERIFIED,,198404-98-7,,,,,,
8F3094001887,Jessemal from SimpleScentsDIY,38285-49-3,VERIFIED,5-Methyl-3-butyltetrahydropyran-4-yl acetate,38285-49-3,,,,,,
8F3094001905,Kephalis from SimpleScentsDIY,36306-87-3,VERIFIED,,36306-87-3,,,,,,
8F3094001778,Koavone from SimpleScentsDIY,81786-75-6,VERIFIED,,81786-75-6,,,,,,
8F3094005334,Kohinool from SimpleScentsDIY,87118-95-4,FIXED_FROM_AUDIT,"3,5,6,6-Tetramethyl-4-methyleneheptan-2-ol",81787-06-6,,,,,,
8E3094000973,Labdanum Resinoid 10% in DPG from SimpleScentsDIY,89997-74-0,VERIFIED,,89997-74-0,,,,,,
8F3094001795,Lemonile from SimpleScentsDIY,61792-11-8,VERIFIED,,61792-11-8,,,,,,
8F3094004159,Liffarome from SimpleScentsDIY,67633-96-9,VERIFIED,,67633-96-9,,,,,,
8F3094004370,Lily Flore (Powder) from SimpleScentsDIY,285977-85-7,VERIFIED_MATCH,"(2,5-Dimethyl-2,3-dihydro-1H-inden-2-yl)methanol",285977-85-7,,,,,,
8F3094001912,Lily Flore 10 % In DPG from SimpleScentsDIY,285977-85-7,VERIFIED_MATCH,"(2,5-Dimethyl-2,3-dihydro-1H-inden-2-yl)methanol",285977-85-7,Lily Flore (Powder) from SimpleScentsDIY,ไดโพรไพลีน ไกลคอล / Dipropylene Glycol / DPG from SimpleScentsDIY,10.00%,,,
8F3094001295,Linalool from SimpleScentsDIY,78-70-6,VERIFIED_MATCH,Linalool,78-70-6,,,,,,
8F3094001299,Linalyl Acetate from SimpleScentsDIY,115-95-7,VERIFIED,,115-95-7,,,,,,
8F3094001705,Magnolan from SimpleScentsDIY,27606-09-03,VERIFIED,,27606-09-03,,,,,,
8F3094004208,Majantol from SimpleScentsDIY,103694-68-4,VERIFIED_MATCH,Majantol,103694-68-4,,,,,,
8F3094001433,Manzanate from SimpleScentsDIY,39255-32-8,VERIFIED,,39255-32-8,,,,,,
8F3094004209,Maple Lactone (Powder) from SimpleScentsDIY,80-71-7,VERIFIED,,80-71-7,,,,,,
8F3094004210,Maple Lactone 10 % in DPG from SimpleScentsDIY,80-71-7,VERIFIED_MATCH,2-Hydroxy-3-methyl-2-cyclopenten-1-one,80-71-7,Maple Lactone (Powder) from SimpleScentsDIY,ไดโพรไพลีน ไกลคอล / Dipropylene Glycol / DPG from SimpleScentsDIY,10.00%,,,
8F3094001779,Mayol from SimpleScentsDIY,13828-37-0,VERIFIED,,13828-37-0,,,,,,
8F3094001286,Melonal  50% in DPG from SimpleScentsDIY,106-72-9,VERIFIED,,106-72-9,,,,,,
8F3094001296,Methyl Anthranilate from SimpleScentsDIY,134-20-3,VERIFIED,,134-20-3,,,,,,
8F3094001774,Methyl Benzoate from SimpleScentsDIY,93-58-3,VERIFIED,,93-58-3,,,,,,
8F3094001823,Methyl Ionone Pure from SimpleScentsDIY,127-51-5,VERIFIED_MATCH,"3-Methyl-4-(2,6,6-trimethyl-2-cyclohexen-1-yl)-3-buten-2-one",127-51-5,,,,,,
8F3094001829,Methyl Octine Carbonate from SimpleScentsDIY,111-80-8,VERIFIED,,111-80-8,,,,,,
8F3094001757,"Methyl Pamplemousse, Amarocite from SimpleScentsDIY",67674-46-8,VERIFIED_MATCH,"6,6-Dimethoxy-2,5,5-trimethylhex-2-ene",67674-46-8,,,,,,
8F3094005313,Muscenone from SimpleScentsDIY,82356-51-2,VERIFIED_MATCH,Methylcyclopentadecenone,82356-51-2,,,,,,
8F3094001708,Muscone from SimpleScentsDIY,541-91-3,VERIFIED,,541-91-3,,,,,,
8F3094001552,Natural B-Pinene from SimpleScentsDIY,127-91-3,VERIFIED_MATCH,Beta-Pinene,127-91-3,,,,,,
8F3094001294,Nerol from SimpleScentsDIY,106-25-2,VERIFIED,,106-25-2,,,,,,
8F3094005322,Nerolidol from SimpleScentsDIY,7212-44-4,VERIFIED,,7212-44-4,,,,,,
8F3094001780,Neroline Bromelia (Powder) from SimpleScentsDIY,93-18-5,DATA_GAP_MANUAL_CHECK,,93-18-5,,,,,,
8F3094001781,Neroline Bromelia 10% in DPG from SimpleScentsDIY,,VERIFIED,,,Neroline Bromelia (Powder) from SimpleScentsDIY,ไดโพรไพลีน ไกลคอล / Dipropylene Glycol / DPG from SimpleScentsDIY,10.00%,,,
8F3094001767,Neryl Acetate from SimpleScentsDIY,0141-12-8,FORMATTING_FIX,,141-12-8,,,,,,
8F3094004164,Oakmoss IFRA 10% in DPG from SimpleScentsDIY,90028-68-5,DATA_GAP_MANUAL_CHECK,,90028-68-5,,,,,,
8F3094005321,Ocimene from SimpleScentsDIY,13877-91-3,VERIFIED,,13877-91-3,,,,,,
8F3094005338,Octahydrocoumarin from SimpleScentsDIY,4430-31-3,VERIFIED_MATCH,Octahydrocoumarin,4430-31-3,,,,,,
8F3094004202,Oranger Crystals (Powder) from SimpleScentsDIY,93-08-3,VERIFIED,,93-08-3,,,,,,
8F3094004203,Oranger Crystals 10 % in DPG from SimpleScentsDIY,93-08-3,VERIFIED_MATCH,2-Acetylnaphthalene,93-08-3,Oranger Crystals (Powder) from SimpleScentsDIY,ไดโพรไพลีน ไกลคอล / Dipropylene Glycol / DPG from SimpleScentsDIY,10.00%,,,
8F3094001836,Orivone from SimpleScentsDIY,16587-71-6,VERIFIED,,16587-71-6,,,,,,
8F3094001783,Para-Cresol from SimpleScentsDIY,106-44-5,VERIFIED_MATCH,P-Cresol,106-44-5,,,,,,
8F3094001782,Patchone (Powder) from SimpleScentsDIY,98-52-2,DATA_GAP_MANUAL_CHECK,,98-52-2,,,,,,
8F3094001784,Patchone 10% in DPG from SimpleScentsDIY,,VERIFIED,,,Patchone (Powder) from SimpleScentsDIY,ไดโพรไพลีน ไกลคอล / Dipropylene Glycol / DPG from SimpleScentsDIY,10.00%,,,
8F3094001707,Peonile from SimpleScentsDIY,10461-98-0,VERIFIED,,10461-98-0,,,,,,
8F3094001824,Peranat from SimpleScentsDIY,90397-38-9,VERIFIED_MATCH,"Pentanoic acid, 2-methyl-, 2-methylpentyl ester",90397-38-9,,,,,,
8F3094004213,Phenyl Ethyl Acetate from SimpleScentsDIY,103-45-7,VERIFIED,,103-45-7,,,,,,
8F3094001283,Phenyl Ethyl Alcohol from SimpleScentsDIY,60-12-8,VERIFIED,,60-12-8,,,,,,
8F3094001565,Raspberry Ketone (Powder) from SimpleScentsDIY,5471-51-2,VERIFIED,,5471-51-2,,,,,,
8F3094001557,Raspberry Ketone 20% in DPG from SimpleScentsDIY,,VERIFIED,,,Raspberry Ketone (Powder) from SimpleScentsDIY,ไดโพรไพลีน ไกลคอล / Dipropylene Glycol / DPG from SimpleScentsDIY,10.00%,,,
8F3094001785,Rhubafuran from SimpleScentsDIY,82461-14-1,VERIFIED_MATCH,Rhubafuran,82461-14-1,,,,,,
8F3094001888,Rhubofix from SimpleScentsDIY,41816-03-09,VERIFIED,,41816-03-09,,,,,,
8F3094001902,Romandolide from SimpleScentsDIY,236391-76-7,VERIFIED,,236391-76-7,,,,,,
8F3094001786,Rosafix (Powder) from SimpleScentsDIY,90-17-5,DATA_GAP_MANUAL_CHECK,,90-17-5,,,,,,
8F3094001787,Rosafix 10% in DPG from SimpleScentsDIY,,VERIFIED,,,,,,,,
8F3094001549,Rose Oxide from SimpleScentsDIY,16409-43-1,VERIFIED,,16409-43-1,,,,,,
8F3094001649,Safranal from SimpleScentsDIY,116-26-7,VERIFIED,,116-26-7,,,,,,
8F3094001548,Sandalore from SimpleScentsDIY,65113-99-7,VERIFIED,,65113-99-7,,,,,,
8F3094001756,Sandela 85 from SimpleScentsDIY,3407-42-9,VERIFIED,,3407-42-9,,,,,,
8F3094001889,Scentenal from SimpleScentsDIY,86803-90-9,VERIFIED,,86803-90-9,,,,,,
8E3094000986,Siam Benzoin Resinoid 50 % In DPG from SimpleScentsDIY,84012-39-5,DATA_GAP_MANUAL_CHECK,,84012-39-5,,,,,,
8F3094005314,Silvanone Supra from SimpleScentsDIY,109-29-5,VERIFIED_MATCH,Hexadecanolide,109-29-5,,,,,,
8F3094001706,Stemone from SimpleScentsDIY,22457-23-4,VERIFIED,,22457-23-4,,,,,,
8F3094004196,Styralyl Acetate from SimpleScentsDIY,93-92-5,VERIFIED,,93-92-5,,,,,,
8F3094001652,Suederal LT from SimpleScentsDIY,,DATA_GAP_MANUAL_CHECK,,,,,,,,
8F3094001827,Sulfurol (Milky) from SimpleScentsDIY,137-00-8,VERIFIED,,137-00-8,,,,,,
8F3094005315,Terpineol from SimpleScentsDIY,8000-41-7,VERIFIED,,8000-41-7,,,,,,
8F3094001702,Timberol from SimpleScentsDIY,70788-30-6,VERIFIED,,70788-30-6,,,,,,
8F3094001788,Trifernal from SimpleScentsDIY,16251-77-7,VERIFIED_MATCH,3-Phenylbutanal,16251-77-7,,,,,,
8F3094001650,Triplal from SimpleScentsDIY,68039-49-6,VERIFIED,,68039-49-6,,,,,,
8F3094005336,Ultravanil 80% In DPG from SimpleScentsDIY,2563-07-07,FIXED_FROM_AUDIT,"Phenol, 2-ethoxy-4-methyl-",2563-07-7,,,,,,
8F3094001651,Undecavertol from SimpleScentsDIY,81782-77-6,VERIFIED,,81782-77-6,,,,,,
8F3094004217,Vanillin (Powder) from SimpleScentsDIY,121-33-5,VERIFIED,,121-33-5,,,,,,
8F3094001885,Vanillin 10 % in DPG from SimpleScentsDIY,,DATA_GAP_MANUAL_CHECK,,,Vanillin (Powder) from SimpleScentsDIY,ไดโพรไพลีน ไกลคอล / Dipropylene Glycol / DPG from SimpleScentsDIY,10.00%,,,
8F3094001790,Veloutone from SimpleScentsDIY,65443-14-3,VERIFIED,,65443-14-3,,,,,,
8F3094001482,Verdox from SimpleScentsDIY,88-41-5,VERIFIED,,88-41-5,,,,,,
8F3094001837,Vertenex from SimpleScentsDIY,32210-23-4,VERIFIED,,32210-23-4,,,,,,
8F3094001835,Vertofix from SimpleScentsDIY,32388-55-9,VERIFIED_MATCH,Acetylcedrene,32388-55-9,,,,,,
8F3094004192,Vetikon from SimpleScentsDIY,7403-42-1,VERIFIED_MATCH,Vetikon,7403-42-1,,,,,,
8F3094001648,Vetival from SimpleScentsDIY,4927-39-3,VERIFIED,,4927-39-3,,,,,,
8F3094005335,Violiff from SimpleScentsDIY,87731-18-8,VERIFIED_MATCH,"Carbonic acid, 4-cycloocten-1-yl methyl ester",87731-18-8,,,,,,
8F3094001555,Viridine (PADMA) from SimpleScentsDIY,101-48-4,VERIFIED_MATCH,Phenyl acetaldehyde dimethyl acetal,101-48-4,,,,,,
8B23094000943,ไดโพรไพลีน ไกลคอล / Dipropylene Glycol / DPG from SimpleScentsDIY,25265-71-8,VERIFIED,,25265-71-8,,,,,,
8B3094000972,MMB (3-methoxy-3-methyl-1-butanol) 1 kg  from SimpleScentsDIY,56539-66-3,VERIFIED_MATCH,Methoxymethylbutanol,56539-66-3,,,,,,
8B23094000189-1,โพรไพลีน ไกลคอล (Propylene Glycol) from SimpleScentsDIY,57-55-6,VERIFIED,,57-55-6,,,,,,
